Timestamp,Source_City,Destination_City,Cargo,Cargo_Mass_kg,Speed_kmh,Speed_Limit_kmh,RPM,Gear,Throttle,Brake,Steering,Accel_X,Accel_Y,Accel_Z,Engine_Wear_%,Tire_Wear_%,Chassis_Wear_%,Fuel_%,Driving_Status
46:57.2,Tekirdağ,Καβάλα,None,0,0,0,550,0,0,0,0,0.002,0,0,1.91,16.19,12.12,54.4,Normal
46:58.2,Tekirdağ,Καβάλα,None,0,0,0,550,4,0,0,0,0,-0.001,0,1.91,16.19,12.12,54.4,Normal
46:59.2,Tekirdağ,Καβάλα,None,0,0,0,550,4,0,0,0,0.002,0,0,1.91,16.19,12.12,54.4,Normal
47:00.2,Tekirdağ,Καβάλα,None,0,0,0,550,4,0,0,0,0,-0.001,0,1.91,16.19,12.12,54.4,Normal
47:01.2,Tekirdağ,Καβάλα,None,0,1.2,0,859.1,4,0.42,0,1,-0.01,-0.009,-1.106,1.91,16.19,12.12,54.4,Normal
47:02.2,Tekirdağ,Καβάλα,None,0,11.7,0,1181.8,4,0.69,0,1,-0.12,-0.103,-4.904,1.91,16.19,12.12,54.4,Normal
47:03.2,Tekirdağ,Καβάλα,None,0,18.6,0,922.4,7,0.19,0,1,-0.02,0.05,-0.263,1.91,16.19,12.12,54.4,Normal
47:04.2,Tekirdağ,Καβάλα,None,0,17.9,0,866.7,7,0,0,1,-0.269,0.015,0.391,1.91,16.19,12.12,54.4,Normal
47:05.2,Tekirdağ,Καβάλα,None,0,17.4,0,1375.5,5,0.12,0,1,-0.217,-0.013,0.061,1.91,16.19,12.12,54.4,Normal
47:06.2,Tekirdağ,Καβάλα,None,0,15.9,0,1236.2,5,0,0,1,-0.093,0.01,0.606,1.91,16.19,12.12,54.4,Normal
47:07.2,Tekirdağ,Καβάλα,None,0,13.7,0,1064.3,5,0,0,1,-0.043,0.007,0.611,1.91,16.19,12.12,54.4,Normal
47:08.2,Tekirdağ,Καβάλα,None,0,11.6,0,902.4,5,0,0,1,0.159,-0.004,0.537,1.91,16.19,12.12,54.4,Normal
47:09.2,Tekirdağ,Καβάλα,None,0,7.5,0,694.3,5,0,0.15,1,0.284,-0.015,1.409,1.91,16.19,12.12,54.4,Normal
47:10.2,Tekirdağ,Καβάλα,None,0,4.7,0,507.6,4,0,0.12,1,-0.06,-0.045,-0.269,1.91,16.19,12.12,54.4,Normal
47:11.2,Tekirdağ,Καβάλα,None,0,4.3,0,549.8,4,0,0.36,1,0.221,0.007,0.987,1.91,16.19,12.12,54.4,Normal
47:12.2,Tekirdağ,Καβάλα,None,0,0,0,550,4,0,0,1,0.008,-0.084,0.003,1.91,16.19,12.12,54.4,Normal
47:13.2,Tekirdağ,Καβάλα,None,0,0,0,550.2,-1,0.03,0,1,-0.004,0,-0.002,1.91,16.19,12.12,54.4,Normal
47:14.2,Tekirdağ,Καβάλα,None,0,-2.9,0,696.2,-1,0.27,0,1,0.448,0.054,1.666,1.91,16.19,12.12,54.4,Normal
47:15.2,Tekirdağ,Καβάλα,None,0,-2.9,0,659.2,-1,0.04,0,-1,-0.15,-0.013,-0.288,1.91,16.19,12.12,54.4,Normal
47:16.2,Tekirdağ,Καβάλα,None,0,-3.7,0,860.1,-1,0.08,0,-1,-0.046,-0.033,0.359,1.91,16.19,12.12,54.4,Normal
47:17.2,Tekirdağ,Καβάλα,None,0,-4.7,0,1090.9,-1,0.15,0,-1,-0.103,-0.014,0.413,1.91,16.19,12.12,54.4,Normal
47:18.2,Tekirdağ,Καβάλα,None,0,-6.3,0,1459,-1,0.15,0,-1,-0.149,-0.005,0.389,1.91,16.19,12.12,54.4,Normal
47:19.2,Tekirdağ,Καβάλα,None,0,-5.8,0,1028.6,-2,0.19,0,1,0.078,0.017,-0.27,1.91,16.19,12.12,54.4,Normal
47:20.2,Tekirdağ,Καβάλα,None,0,-7,0,1245.1,-2,0.21,0,1,0.053,-0.013,0.778,1.91,16.19,12.12,54.4,Normal
47:21.2,Tekirdağ,Καβάλα,None,0,-10.1,0,1801.6,-2,0.27,0,1,0.017,-0.013,0.816,1.91,16.19,12.12,54.4,Normal
47:22.2,Tekirdağ,Καβάλα,None,0,-11.5,0,1904.3,-2,0,0,-1,-0.02,-0.027,-0.224,1.91,16.19,12.12,54.4,Normal
47:23.2,Tekirdağ,Καβάλα,None,0,-11,0,562.2,-3,0,0,-1,-0.097,0.022,-0.169,1.91,16.19,12.12,54.4,Normal
47:24.2,Tekirdağ,Καβάλα,None,0,-10.7,0,1889.1,-2,0,0,0,0.005,-0.008,0.216,1.91,16.19,12.12,54.4,Normal
47:25.2,Tekirdağ,Καβάλα,None,0,-8.9,0,1576.2,-2,0,0,1,0.036,0.004,-0.572,1.91,16.19,12.12,54.4,Normal
47:26.2,Tekirdağ,Καβάλα,None,0,-6.9,0,1212.5,-2,0,0,1,0.056,-0.001,-0.552,1.91,16.19,12.12,54.4,Normal
47:27.2,Tekirdağ,Καβάλα,None,0,-5.4,0,955.2,-2,0.15,0,1,0.026,-0.023,-0.043,1.91,16.19,12.12,54.4,Normal
47:28.2,Tekirdağ,Καβάλα,None,0,-5.4,0,954.3,-2,0.08,0,1,0.006,-0.022,-0.443,1.91,16.19,12.12,54.4,Normal
47:29.2,Tekirdağ,Καβάλα,None,0,-5.3,0,929.3,-2,0.11,0,0,-0.026,-0.026,-0.49,1.91,16.19,12.12,54.4,Normal
47:30.2,Tekirdağ,Καβάλα,None,0,-3.9,0,699.1,-2,0.17,0,0,-0.009,-0.004,-0.463,1.91,16.19,12.12,54.4,Normal
47:31.2,Tekirdağ,Καβάλα,None,0,-4.1,0,715.4,-2,0,0,1,0,-0.013,-0.3,1.91,16.19,12.12,54.4,Normal
47:32.2,Tekirdağ,Καβάλα,None,0,-3,0,599.3,-2,0,0,1,0.014,0.014,-0.028,1.91,16.19,12.12,54.4,Normal
47:33.2,Tekirdağ,Καβάλα,None,0,-2.8,0,633.9,-1,0,0,1,-0.008,0.023,-0.374,1.91,16.19,12.12,54.4,Normal
47:34.2,Tekirdağ,Καβάλα,None,0,-2.4,0,550,-1,0,0,-1,0.002,-0.008,-0.001,1.91,16.19,12.12,54.4,Normal
47:35.2,Tekirdağ,Καβάλα,None,0,-2.2,0,531.5,-1,0,0.3,0,0.007,-0.006,-0.056,1.91,16.19,12.12,54.4,Normal
47:36.2,Tekirdağ,Καβάλα,None,0,-2.2,0,533.4,-1,0,0.32,0,-0.003,0.006,-0.085,1.91,16.19,12.12,54.4,Normal
47:37.2,Tekirdağ,Καβάλα,None,0,0,0,550,-1,0.08,0,0,-0.002,0.075,-0.032,1.91,16.19,12.12,54.4,Normal
47:38.2,Tekirdağ,Καβάλα,None,0,-1.9,0,547.3,-1,0,0,0,0.019,-0.023,0.312,1.91,16.19,12.12,54.4,Normal
47:39.2,Tekirdağ,Καβάλα,None,0,-0.1,0,525,-1,0,0.26,0,0.012,-0.073,0.15,1.91,16.19,12.12,54.4,Normal
47:40.2,Tekirdağ,Καβάλα,None,0,0,0,550,0,0,0,-1,-0.016,0.02,0.007,1.91,16.19,12.12,54.4,Normal
47:41.2,Tekirdağ,Καβάλα,None,0,0,0,550,0,0,0,0,0.001,-0.001,-0.004,1.91,16.19,12.12,54.4,Normal
47:42.2,Tekirdağ,Καβάλα,None,0,0,0,550,0,0,0,0,0,-0.001,0,1.91,16.19,12.12,54.4,Normal
47:43.2,Tekirdağ,Καβάλα,None,0,0,0,550,0,0,0,0,0.001,-0.001,0,1.91,16.19,12.12,54.4,Normal
47:44.2,Tekirdağ,Καβάλα,None,0,0,0,550,0,0,0,0,-0.004,0.001,-0.007,1.91,16.19,12.12,54.4,Normal
47:45.2,Tekirdağ,Καβάλα,None,0,0,0,550,0,0,0,0,0,0,0,1.91,16.19,12.12,54.4,Normal
47:46.2,Tekirdağ,Καβάλα,None,0,0,0,550,0,0,0,0,0,-0.001,0,1.91,16.19,12.12,54.4,Normal
47:47.2,Tekirdağ,Καβάλα,None,0,0,0,550,0,0,0,0,-0.002,0.001,0.004,1.91,16.19,12.12,54.4,Normal
47:48.2,Tekirdağ,Καβάλα,None,0,0,0,550,0,0,0,0,0,-0.001,0,1.91,16.19,12.12,54.4,Normal
47:49.2,Tekirdağ,Καβάλα,None,0,0,0,550,0,0,0,0,0.002,0,-0.002,1.91,16.19,12.12,54.4,Normal
47:50.2,Tekirdağ,Καβάλα,None,0,0,0,550,0,0,0,0,0,0,-0.002,1.91,16.19,12.12,54.4,Normal
47:51.2,Tekirdağ,Καβάλα,None,0,0,0,550,0,0,0,0,0,0.001,0,1.91,16.19,12.12,54.4,Normal
47:52.2,Tekirdağ,Καβάλα,None,0,0,0,550,0,0,0,0,0,-0.002,0.002,1.91,16.19,12.12,54.4,Normal
47:53.2,Tekirdağ,Καβάλα,None,0,0,0,550,0,0,0,0,0.002,-0.007,0.002,1.91,16.19,12.12,54.4,Normal
47:54.2,Tekirdağ,Καβάλα,None,0,0,0,550,1,0,0,0,0,0.001,0,1.91,16.19,12.12,54.4,Normal
47:55.2,Tekirdağ,Καβάλα,None,0,0,0,550,1,0,0,0,0,0,0,1.91,16.19,12.12,54.4,Normal
47:56.2,Tekirdağ,Καβάλα,None,0,0,0,550,1,0,0,0,0.005,0.001,0.003,1.91,16.19,12.12,54.4,Normal
47:57.2,Tekirdağ,Καβάλα,None,0,0,0,550,1,0,0,1,0,0.001,0,1.91,16.19,12.12,54.4,Normal
47:58.2,Tekirdağ,Καβάλα,None,0,0,0,833.6,1,0.47,0,1,-0.002,0.002,-0.011,1.91,16.19,12.12,54.4,Normal
47:59.2,Tekirdağ,Καβάλα,None,0,5.9,0,1292,1,0.37,0,1,-0.052,-0.103,-1.965,1.91,16.19,12.12,54.4,Normal
48:00.2,Tekirdağ,Καβάλα,None,0,7.9,0,1069.6,3,0.4,0,1,-0.069,0.015,-0.018,1.91,16.19,12.12,54.4,Normal
48:01.2,Tekirdağ,Καβάλα,None,0,9.5,0,1231.1,3,0.38,0,1,-0.16,-0.057,-1.181,1.91,16.19,12.12,54.4,Normal
48:02.2,Tekirdağ,Καβάλα,None,0,12.4,0,1320,3,0.36,0,1,-0.151,0.082,-0.153,1.91,16.19,12.12,54.4,Normal
48:03.2,Tekirdağ,Καβάλα,None,0,12.6,0,1012.2,5,0.37,0,1,-0.193,-0.014,-0.423,1.91,16.19,12.12,54.4,Normal
48:04.2,Tekirdağ,Καβάλα,None,0,15.7,0,1263.4,5,0.37,0,1,-0.168,-0.002,-0.949,1.91,16.19,12.12,54.4,Normal
48:05.2,Tekirdağ,Καβάλα,None,0,18.4,0,1410.9,5,0.33,0,1,0.105,-0.023,-0.378,1.91,16.19,12.12,54.4,Normal
48:06.2,Tekirdağ,Καβάλα,None,0,18.3,0,868.6,7,0.4,0,0,0.161,0.01,0.089,1.91,16.19,12.12,54.4,Normal
48:07.2,Tekirdağ,Καβάλα,None,0,20,0,966.2,7,0.54,0,-1,0.108,-0.024,-0.824,1.91,16.19,12.12,54.4,Normal
48:08.2,Tekirdağ,Καβάλα,None,0,23.1,0,1106.6,7,0.38,0,-1,0.321,0.013,-0.753,1.91,16.19,12.12,54.4,Normal
48:09.2,Tekirdağ,Καβάλα,None,0,24.7,0,1172.2,7,0.1,0,-1,0.406,0.018,-0.205,1.91,16.2,12.12,54.4,Normal
48:10.2,Tekirdağ,Καβάλα,None,0,24.5,0,1158.3,7,0,0,-1,0.269,0.024,0.199,1.91,16.2,12.12,54.4,Normal
48:11.2,Tekirdağ,Καβάλα,None,0,23.8,0,1126.7,7,0,0,-1,-0.081,-0.047,0.138,1.91,16.2,12.12,54.4,Normal
48:12.2,Tekirdağ,Καβάλα,None,0,22.8,0,1074.2,7,0,0,-1,0.392,-0.867,0.097,1.91,16.2,12.12,54.4,Normal
48:13.2,Tekirdağ,Καβάλα,None,0,21.4,0,1011.1,7,0,0,-1,0.061,0.484,0.54,1.91,16.2,12.12,54.4,Normal
48:14.2,Tekirdağ,Καβάλα,None,0,20,0,949.7,7,0.28,0,-1,-0.075,-0.217,0.19,1.91,16.2,12.12,54.4,Normal
48:15.2,Tekirdağ,Καβάλα,None,0,19.9,0,947.2,7,0.21,0,-1,-0.121,-0.252,-0.012,1.91,16.2,12.12,54.4,Normal
48:16.2,Tekirdağ,Καβάλα,None,0,20.3,0,971.2,7,0.32,0,1,-0.334,0.241,-0.292,1.91,16.2,12.12,54.4,Normal
48:17.2,Tekirdağ,Καβάλα,None,0,21.4,0,1018.4,7,0.35,0,1,0.043,-0.368,-0.355,1.91,16.2,12.12,54.4,Normal
48:18.2,Tekirdağ,Καβάλα,None,0,22.6,0,1076.1,7,0.35,0,1,0.315,-0.406,-0.313,1.91,16.2,12.12,54.4,Normal
48:19.2,Tekirdağ,Καβάλα,None,0,23.7,0,1122.6,7,0,0,1,-0.223,0.124,-0.189,1.91,16.2,12.12,54.4,Normal
48:20.2,Tekirdağ,Καβάλα,None,0,22.8,80,1078.1,7,0.06,0,1,0.069,-0.182,0.44,1.91,16.2,12.12,54.4,Normal
48:21.2,Tekirdağ,Καβάλα,None,0,21.9,80,1033.6,7,0,0,1,-0.06,-0.329,0.17,1.91,16.2,12.12,54.4,Normal
48:22.2,Tekirdağ,Καβάλα,None,0,21,80,998.6,7,0.16,0,1,-0.314,-0.167,0.015,1.91,16.2,12.12,54.4,Normal
48:23.2,Tekirdağ,Καβάλα,None,0,20.3,80,956.9,7,0,0,1,-0.02,0.072,0.48,1.91,16.2,12.12,54.4,Normal
48:24.2,Tekirdağ,Καβάλα,None,0,18.8,80,886.2,7,0,0,1,-0.151,0.419,0.451,1.91,16.2,12.12,54.4,Normal
48:25.2,Tekirdağ,Καβάλα,None,0,17.5,80,1279,7,0,0,1,0.218,-0.104,0.333,1.91,16.2,12.12,54.4,Normal
48:26.2,Tekirdağ,Καβάλα,None,0,16.6,80,1310.4,5,0.2,0,1,-0.229,0.819,0.065,1.91,16.2,12.12,54.4,Normal
48:27.2,Tekirdağ,Καβάλα,None,0,17.9,80,1437.6,5,0.45,0,1,-0.051,-0.423,-0.805,1.91,16.2,12.12,54.4,Normal
48:28.2,Tekirdağ,Καβάλα,None,0,18.4,80,873.5,7,0,0,1,-0.088,0.164,0.202,1.91,16.2,12.12,54.4,Normal
48:29.2,Tekirdağ,Καβάλα,None,0,17.5,80,1306.7,5,0.36,0,1,0.06,0.307,0.388,1.91,16.2,12.12,54.3,Normal
48:30.2,Tekirdağ,Καβάλα,None,0,17.6,80,1411.3,5,0.54,0,1,0.18,0.272,-0.654,1.91,16.2,12.12,54.3,Normal
48:31.2,Tekirdağ,Καβάλα,None,0,18.1,0,1104,6,0.56,0,1,0.091,0.026,0.378,1.91,16.2,12.12,54.3,Normal
48:32.2,Tekirdağ,Καβάλα,None,0,18.3,0,1135.3,6,0.68,0,1,-0.018,-0.15,-0.72,1.91,16.2,12.12,54.3,Normal
48:33.2,Tekirdağ,Καβάλα,None,0,21.6,0,1342.8,6,0.6,0,0,0.132,0.4,-0.896,1.91,16.2,12.12,54.3,Normal
48:34.2,Tekirdağ,Καβάλα,None,0,22,0,1334.5,6,0,0,0,0.26,-0.346,0.638,1.91,16.2,12.12,54.3,Normal
48:35.2,Tekirdağ,Καβάλα,None,0,19.3,0,1182.5,6,0.31,0,-1,0.161,-0.121,0.448,1.91,16.2,12.12,54.3,Normal
48:36.2,Tekirdağ,Καβάλα,None,0,19.2,0,1180.4,6,0.45,0,-1,0.156,0.193,-0.166,1.91,16.2,12.12,54.3,Normal
48:37.2,Tekirdağ,Καβάλα,None,0,20.4,0,1248.8,6,0.38,0,-1,0.146,-0.781,-0.353,1.91,16.2,12.12,54.3,Normal
48:38.2,Tekirdağ,Καβάλα,None,0,20.6,0,1263.8,6,0.21,0,-1,-0.111,-0.055,0.029,1.91,16.2,12.12,54.2,Normal
48:39.2,Tekirdağ,Καβάλα,None,0,19.5,0,1191.8,6,0.39,0,-1,-0.055,-0.336,0.394,1.91,16.2,12.12,54.2,Normal
48:40.2,Tekirdağ,Καβάλα,None,0,19.5,0,1188.7,6,0.19,0,-1,-0.108,-0.244,0.082,1.91,16.2,12.12,54.2,Normal
48:41.2,Tekirdağ,Καβάλα,None,0,19.4,0,1193.3,6,0.34,0,-1,0.096,-0.468,-0.179,1.91,16.2,12.12,54.2,Normal
48:42.2,Tekirdağ,Καβάλα,None,0,20.1,0,1229.8,6,0.32,0,-1,0.033,-0.477,-0.182,1.91,16.2,12.12,54.2,Normal
48:43.2,Tekirdağ,Καβάλα,None,0,20.5,0,1249,6,0,0,-1,0.02,-0.09,0.054,1.91,16.2,12.12,54.2,Normal
48:44.2,Tekirdağ,Καβάλα,None,0,18.3,0,1113.4,6,0,0,-1,0.007,0.18,0.638,1.91,16.2,12.12,54.2,Normal
48:45.2,Tekirdağ,Καβάλα,None,0,15.6,0,949.2,6,0.25,0,-1,0.192,-0.645,0.571,1.91,16.2,12.12,54.2,Normal
48:46.2,Tekirdağ,Καβάλα,None,0,15.6,0,965.7,6,0.61,0,-1,-0.106,0.122,-0.309,1.91,16.2,12.12,54.2,Normal
48:47.2,Tekirdağ,Καβάλα,None,0,18.5,0,1147.6,6,0.49,0,-1,0.282,-0.314,-0.777,1.91,16.2,12.12,54.2,Normal
48:48.2,Tekirdağ,Καβάλα,None,0,21.4,0,1324.4,6,0.49,0,-1,0.27,-0.391,-0.859,1.91,16.2,12.12,54.1,Normal
48:49.2,Tekirdağ,Καβάλα,None,0,22.1,0,1355.6,6,0.35,0,0,0.011,0.232,-0.028,1.91,16.2,12.12,54.1,Normal
48:50.2,Tekirdağ,Καβάλα,None,0,22.5,0,1373.4,6,0.08,0,1,-0.129,0.258,0.179,1.91,16.2,12.12,54.1,Normal
48:51.2,Tekirdağ,Καβάλα,None,0,21.8,0,1335.7,6,0.39,0,1,-0.142,-0.054,0.129,1.91,16.2,12.12,54.1,Normal
48:52.2,Tekirdağ,Καβάλα,None,0,22,0,1341.6,6,0.08,0,1,0.057,-0.145,0.235,1.91,16.21,12.12,54.1,Normal
48:53.2,Tekirdağ,Καβάλα,None,0,22.2,80,1351.8,6,0,0,1,0.346,0.482,0.069,1.91,16.21,12.12,54.1,Normal
48:54.2,Tekirdağ,Καβάλα,None,0,21.2,80,1292.9,6,0,0,-1,0.062,-0.069,0.282,1.91,16.21,12.12,54.1,Normal
48:55.2,Tekirdağ,Καβάλα,None,0,19.9,80,1209.5,6,0,0.03,0,0.014,-0.071,0.437,1.91,16.21,12.12,54.1,Normal
48:56.2,Tekirdağ,Καβάλα,None,0,14.9,80,893.2,6,0,0.25,1,-0.011,-0.038,2.401,1.91,16.21,12.12,54.1,Normal
48:57.2,Tekirdağ,Καβάλα,None,0,8.7,80,1086,3,0,0,1,-0.01,-0.038,0.658,1.91,16.21,12.12,54.1,Normal
48:58.3,Tekirdağ,Καβάλα,None,0,7.6,80,955.5,3,0,0,1,-0.036,-0.02,0.273,1.91,16.21,12.12,54.1,Normal
48:59.2,Tekirdağ,Καβάλα,None,0,6.5,80,806,3,0,0,1,-0.001,0,0.34,1.91,16.21,12.12,54.1,Normal
49:00.3,Tekirdağ,Καβάλα,None,0,5.4,80,1088.1,3,0.29,0,1,-0.001,-0.002,0.149,1.91,16.21,12.12,54.1,Normal
49:01.2,Tekirdağ,Καβάλα,None,0,7,80,1513.7,1,0.59,0,1,-0.049,-0.07,-1.539,1.91,16.21,12.12,54.1,Normal
49:02.2,Tekirdağ,Καβάλα,None,0,8.2,80,1027,3,0.58,0,1,-0.003,0.002,0.083,1.91,16.21,12.12,54.1,Normal
49:03.2,Tekirdağ,Καβάλα,None,0,11.8,80,1517.8,3,0.55,0,1,-0.06,-0.078,-1.772,1.91,16.21,12.12,54.1,Normal
49:04.2,Tekirdağ,Καβάλα,None,0,13,80,1024.4,5,0.51,0,1,0.024,0.025,0.023,1.91,16.21,12.12,54.1,Normal
49:05.2,Tekirdağ,Καβάλα,None,0,15.7,80,1260.9,5,0.54,0,1,-0.211,-0.023,-1.306,1.91,16.21,12.12,54.1,Normal
49:06.2,Tekirdağ,Καβάλα,None,0,19.1,80,1296.4,5,0.23,0,1,-0.297,0.083,-0.244,1.91,16.21,12.12,54.1,Normal
49:07.2,Tekirdağ,Καβάλα,None,0,19,80,894.6,7,0,0,1,-0.178,0.004,0.182,1.91,16.21,12.12,54.1,Normal
49:08.3,Tekirdağ,Καβάλα,None,0,18.1,80,885.9,7,0,0,1,-0.165,-0.007,0.273,1.91,16.21,12.12,54.1,Normal
49:09.2,Tekirdağ,Καβάλα,None,0,17.6,80,1394.5,5,0.45,0,1,0.131,0.014,0.06,1.91,16.21,12.12,54.1,Normal
49:10.3,Tekirdağ,Καβάλα,None,0,18.4,80,1185.7,5,0.4,0,-1,0.232,0.027,0.054,1.91,16.21,12.12,54.1,Normal
49:11.2,Tekirdağ,Καβάλα,None,0,18.6,85,1146.5,6,0.35,0,-1,0.384,-0.056,-0.415,1.91,16.21,12.12,54.1,Normal
49:12.2,Tekirdağ,Καβάλα,None,0,20.7,85,1275.3,6,0.35,0,-1,0.258,-0.006,-0.629,1.91,16.21,12.12,54,Normal
49:13.2,Tekirdağ,Καβάλα,None,0,23.1,85,1420.5,6,0.36,0,0,-0.026,0.001,-0.678,1.91,16.21,12.12,54,Normal
49:14.3,Tekirdağ,Καβάλα,None,0,23.9,85,1129.3,7,0.44,0,0,-0.023,0.015,0.031,1.91,16.21,12.12,54,Normal
49:15.2,Tekirdağ,Καβάλα,None,0,24.9,85,1184.1,7,0.42,0,0,-0.02,-0.025,-0.599,1.91,16.21,12.12,54,Normal
49:16.3,Tekirdağ,Καβάλα,None,0,27.4,85,1307.3,7,0.44,0,1,-0.042,0.001,-0.775,1.91,16.21,12.12,54,Normal
49:17.2,Tekirdağ,Καβάλα,None,0,30,85,1424.2,7,0.4,0,0,-0.004,0.001,-0.624,1.91,16.21,12.12,54,Normal
49:18.2,Tekirdağ,Καβάλα,None,0,30.4,85,1113.8,8,0.48,0,1,-0.025,0.019,0.041,1.91,16.21,12.12,54,Normal
49:19.3,Tekirdağ,Καβάλα,None,0,31.6,85,1165.7,8,0.49,0,1,-0.023,-0.021,-0.597,1.91,16.21,12.12,54,Normal
49:20.3,Tekirdağ,Καβάλα,None,0,33.9,85,1249,8,0.47,0,0,0.002,-0.005,-0.646,1.91,16.21,12.12,53.9,Normal
49:21.2,Tekirdağ,Καβάλα,None,0,36.1,85,1333,8,0.53,0,1,-0.011,-0.003,-0.685,1.91,16.21,12.12,53.9,Normal
49:22.2,Tekirdağ,Καβάλα,None,0,38.5,85,1377.2,8,0.45,0,1,-0.003,-0.005,-0.425,1.91,16.22,12.12,53.9,Normal
49:23.2,Tekirdağ,Καβάλα,None,0,38.7,85,1107.6,9,0.39,0,0,-0.005,0.014,0.038,1.91,16.22,12.12,53.9,Normal
49:24.2,Tekirdağ,Καβάλα,None,0,39.8,85,1144.1,9,0.69,0,1,-0.007,-0.007,-0.563,1.91,16.22,12.12,53.9,Normal
49:25.2,Tekirdağ,Καβάλα,None,0,40.7,85,1165.6,9,0,0,1,-0.01,0.054,0.067,1.91,16.22,12.12,53.9,Normal
49:26.2,Tekirdağ,Καβάλα,None,0,40.2,85,1149.7,9,0,0,1,-0.012,0.006,0.168,1.91,16.22,12.12,53.9,Normal
49:27.2,Tekirdağ,Καβάλα,None,0,39.4,85,1126.3,9,0,0,1,-0.017,-0.003,0.239,1.91,16.22,12.12,53.9,Normal
49:28.2,Tekirdağ,Καβάλα,None,0,38.5,85,1101.5,9,0,0,1,-0.027,0.04,0.239,1.91,16.22,12.12,53.9,Normal
49:29.2,Tekirdağ,Καβάλα,None,0,37.7,85,1077.5,9,0,0,0,0.032,0.003,0.237,1.91,16.22,12.12,53.9,Normal
49:30.2,Tekirdağ,Καβάλα,None,0,36.7,50,1050.5,9,0,0,-1,0.009,0.196,0.375,1.91,16.22,12.12,53.9,Normal
49:31.2,Tekirdağ,Καβάλα,None,0,35.9,50,1027.7,9,0,0,0,-0.013,-0.04,0.234,1.91,16.22,12.12,53.9,Normal
49:32.3,Tekirdağ,Καβάλα,None,0,35.1,50,1002.8,9,0,0,0,0.003,-0.022,0.229,1.91,16.23,12.12,53.9,Normal
49:33.2,Tekirdağ,Καβάλα,None,0,34.3,50,980.1,9,0,0,0,-0.024,-0.008,0.225,1.91,16.23,12.12,53.9,Normal
49:34.3,Tekirdağ,Καβάλα,None,0,33.5,50,957,9,0,0,0,0.037,0.016,0.223,1.91,16.23,12.12,53.9,Normal
49:35.3,Tekirdağ,Καβάλα,None,0,32.7,50,933.8,9,0,0,0,-0.017,0.025,0.222,1.91,16.23,12.12,53.9,Normal
49:36.3,Tekirdağ,Καβάλα,None,0,31.9,50,962.5,9,0,0,-1,-0.01,0.007,0.206,1.91,16.23,12.12,53.9,Normal
49:37.3,Tekirdağ,Καβάλα,None,0,31.4,50,1150.4,8,0,0,-1,0.015,-0.02,0.155,1.91,16.23,12.12,53.9,Normal
49:38.3,Tekirdağ,Καβάλα,None,0,30.6,50,1120,8,0,0,-1,0.128,0,0.247,1.91,16.23,12.12,53.9,Normal
49:39.3,Tekirdağ,Καβάλα,None,0,29.7,50,1086.8,8,0,0,-1,0.069,-0.001,0.243,1.91,16.23,12.12,53.9,Normal
49:40.2,Tekirdağ,Καβάλα,None,0,28.8,50,1054.6,8,0,0,-1,0.048,0.007,0.247,1.91,16.23,12.12,53.9,Normal
49:41.3,Tekirdağ,Καβάλα,None,0,27.9,50,1020.7,8,0,0,-1,0.124,0.046,0.252,1.91,16.23,12.12,53.9,Normal
49:42.3,Tekirdağ,Καβάλα,None,0,25.4,50,922,8,0,0.25,1,-0.44,0.099,1.717,1.91,16.23,12.12,53.9,Normal
49:43.3,Tekirdağ,Καβάλα,None,0,20.8,50,1268.6,6,0,0,1,-0.312,-0.018,0.405,1.91,16.23,12.12,53.9,Normal
49:44.3,Tekirdağ,Καβάλα,None,0,19.8,50,1201.5,6,0,0,1,-0.262,-0.008,0.315,1.91,16.23,12.12,53.9,Normal
49:45.2,Tekirdağ,Καβάλα,None,0,18.7,50,1132.6,6,0,0,1,-0.169,0.021,0.315,1.91,16.23,12.12,53.9,Normal
49:46.3,Tekirdağ,Καβάλα,None,0,17.5,50,1059.2,6,0,0,1,-0.114,-0.059,0.339,1.91,16.23,12.12,53.9,Normal
49:47.2,Tekirdağ,Καβάλα,None,0,16.3,50,988.3,6,0,0,1,0.16,0.007,0.328,1.91,16.23,12.12,53.9,Normal
49:48.3,Tekirdağ,Καβάλα,None,0,15.1,50,914.1,6,0,0,-1,0.294,-0.006,0.356,1.91,16.23,12.12,53.9,Normal
49:49.3,Tekirdağ,Καβάλα,None,0,12.1,50,769.7,6,0,0,-1,0.351,0.13,1.933,1.91,16.23,12.12,53.9,Normal
49:50.3,Tekirdağ,Καβάλα,None,0,10.1,50,978.9,4,0,0,-1,0.194,-0.017,0.228,1.91,16.23,12.12,53.9,Normal
49:51.3,Tekirdağ,Καβάλα,None,0,8.8,50,853.6,4,0,0,-1,0.108,-0.001,0.371,1.91,16.23,12.12,53.9,Normal
49:52.3,Tekirdağ,Καβάλα,None,0,7.5,50,959.5,4,0,0,-1,0.082,0.009,0.277,1.91,16.23,12.12,53.9,Normal
49:53.2,Tekirdağ,Καβάλα,None,0,6.8,50,1084.6,2,0,0,1,-0.197,-0.008,0.285,1.91,16.23,12.12,53.9,Normal
49:54.3,Tekirdağ,Καβάλα,None,0,6.3,50,1040.9,2,0.35,0,1,-0.081,0.012,-0.5,1.91,16.23,12.12,53.9,Normal
49:55.3,Tekirdağ,Καβάλα,None,0,9.5,50,1466.6,2,0.29,0,1,-0.222,-0.033,-0.337,1.91,16.23,12.12,53.9,Normal
49:56.3,Tekirdağ,Καβάλα,None,0,9.6,50,938,4,0.26,0,0,0,0.019,-0.033,1.91,16.23,12.12,53.9,Normal
49:57.3,Tekirdağ,Καβάλα,None,0,11.7,50,1154.9,4,0.28,0,-1,0.013,-0.011,-0.771,1.91,16.23,12.12,53.9,Normal
49:58.3,Tekirdağ,Καβάλα,None,0,14.6,50,1440.3,4,0.48,0,0,0,0.007,-0.855,1.91,16.23,12.12,53.8,Normal
49:59.3,Tekirdağ,Καβάλα,None,0,15.6,50,955.1,6,0.54,0,0,-0.008,0.011,0.036,1.91,16.23,12.12,53.8,Normal
50:00.3,Tekirdağ,Καβάλα,None,0,17.4,50,1078.7,6,0.67,0,-1,0.004,-0.041,-1.068,1.91,16.24,12.12,53.8,Normal
50:01.2,Tekirdağ,Καβάλα,None,0,22.2,85,1375.2,6,0.65,0,-1,0.032,-0.001,-1.418,1.91,16.24,12.12,53.8,Normal
50:02.3,Tekirdağ,Καβάλα,None,0,24.7,85,931.3,8,0.87,0,0,-0.004,0.049,-0.097,1.91,16.24,12.12,53.8,Normal
50:03.3,Tekirdağ,Καβάλα,None,0,26,85,965.6,8,0.93,0,1,-0.053,-0.076,-0.879,1.91,16.24,12.12,53.8,Normal
50:04.2,Tekirdağ,Καβάλα,None,0,30,85,1111.8,8,0.91,0,-1,-0.013,-0.008,-1.191,1.91,16.24,12.12,53.8,Normal
50:05.3,Tekirdağ,Καβάλα,None,0,34.4,85,1273.4,8,0.89,0,0,0.008,-0.02,-1.187,1.91,16.24,12.12,53.7,Normal
50:06.3,Tekirdağ,Καβάλα,None,0,38.5,85,1423.9,8,0.91,0,1,0,0.018,-1.157,1.91,16.24,12.12,53.7,Normal
50:07.3,Tekirdağ,Καβάλα,None,0,41.2,85,1265,8,0.85,0,0,0.018,0.075,-0.157,1.91,16.24,12.12,53.7,Normal
50:08.3,Tekirdağ,Καβάλα,None,0,41.7,85,1199.3,9,0.9,0,0,0.012,-0.066,-0.476,1.91,16.24,12.12,53.7,Normal
50:09.3,Tekirdağ,Καβάλα,None,0,44.6,85,1283.8,9,0.86,0,1,-0.057,0.008,-0.875,1.91,16.24,12.12,53.7,Normal
50:10.3,Tekirdağ,Καβάλα,None,0,47.7,85,1372.1,9,0.86,0,1,-0.033,-0.003,-0.865,1.91,16.24,12.12,53.6,Normal
50:11.3,Tekirdağ,Καβάλα,None,0,50.7,85,1459.3,9,0.9,0,1,-0.017,-0.045,-0.823,1.91,16.24,12.12,53.6,Normal
50:12.3,Tekirdağ,Καβάλα,None,0,51.8,85,1148.1,10,0.95,0,0,0.034,0.006,0.052,1.91,16.24,12.12,53.6,Normal
50:13.3,Tekirdağ,Καβάλα,None,0,52.2,85,1164.1,10,0.91,0,1,0.011,-0.078,-0.455,1.91,16.24,12.12,53.6,Normal
50:14.3,Tekirdağ,Καβάλα,None,0,54.1,85,1206.7,10,0.91,0,1,0,0.043,-0.564,1.91,16.24,12.12,53.5,Normal
50:15.3,Tekirdağ,Καβάλα,None,0,56.2,85,1251.8,10,0.91,0,1,-0.005,-0.006,-0.556,1.91,16.25,12.12,53.5,Normal
50:16.3,Tekirdağ,Καβάλα,None,0,58.1,85,1293.7,10,0.9,0,1,-0.037,0.039,-0.514,1.91,16.25,12.12,53.5,Normal
50:17.3,Tekirdağ,Καβάλα,None,0,59.7,85,1330.7,10,0.9,0,0,0.003,0.016,-0.465,1.91,16.25,12.12,53.5,Normal
50:18.3,Tekirdağ,Καβάλα,None,0,61.4,85,1366.6,10,0.89,0,0,0.048,-0.048,-0.442,1.91,16.25,12.12,53.4,Normal
50:19.3,Tekirdağ,Καβάλα,None,0,62.8,85,1398.1,10,0.89,0,0,0.016,-0.027,-0.404,1.91,16.25,12.12,53.4,Normal
50:20.3,Tekirdağ,Καβάλα,None,0,64.1,85,1426.2,10,0.66,0,0,0.01,0.045,-0.343,1.91,16.25,12.12,53.4,Normal
50:21.3,Tekirdağ,Καβάλα,None,0,64.9,85,1442.9,10,0.68,0,0,0.01,0.076,-0.17,1.91,16.26,12.12,53.3,Normal
50:22.3,Tekirdağ,Καβάλα,None,0,65.4,85,1453.4,10,0.63,0,0,-0.046,0.072,-0.092,1.91,16.26,12.12,53.3,Normal
50:23.3,Tekirdağ,Καβάλα,None,0,65.8,85,1463.1,10,0.73,0,1,-0.037,-0.012,-0.144,1.91,16.26,12.12,53.3,Normal
50:24.3,Tekirdağ,Καβάλα,None,0,66.3,85,1474.8,10,0.73,0,0,0.019,0.075,-0.132,1.91,16.26,12.12,53.3,Normal
50:25.3,Tekirdağ,Καβάλα,None,0,66.7,85,1482.8,10,0.71,0,0,-0.047,0.085,-0.105,1.91,16.26,12.12,53.2,Normal
50:26.3,Tekirdağ,Καβάλα,None,0,67.1,85,1492,10,0.73,0,-1,0.05,-0.101,-0.123,1.91,16.26,12.12,53.2,Normal
50:27.3,Tekirdağ,Καβάλα,None,0,67.3,85,1495.3,10,0.57,0,0,0,0.143,0.011,1.91,16.26,12.12,53.2,Normal
50:28.3,Tekirdağ,Καβάλα,None,0,67.1,85,1489.8,10,0.54,0,0,0.001,0.006,0.109,1.91,16.26,12.12,53.2,Normal
50:29.3,Tekirdağ,Καβάλα,None,0,66.7,85,1481.4,10,0.56,0,-1,0.054,0.003,0.09,1.91,16.26,12.12,53.1,Normal
50:30.3,Tekirdağ,Καβάλα,None,0,66.3,85,1474.2,10,0.56,0,-1,0.041,-0.043,0.094,1.91,16.27,12.12,53.1,Normal
50:31.3,Tekirdağ,Καβάλα,None,0,66.1,85,1468.5,10,0.56,0,0,0.034,0.029,0.058,1.91,16.27,12.12,53.1,Normal
50:32.3,Tekirdağ,Καβάλα,None,0,65.8,85,1461.5,10,0.49,0,-1,0.048,0.064,0.108,1.91,16.27,12.12,53.1,Normal
50:33.3,Tekirdağ,Καβάλα,None,0,65.4,85,1453.8,10,0.61,0,0,-0.012,0.023,0.076,1.91,16.27,12.12,53,Normal
50:34.3,Tekirdağ,Καβάλα,None,0,65.6,85,1459.5,10,0.85,0,0,-0.017,-0.082,-0.152,1.91,16.27,12.12,53,Normal
50:35.3,Tekirdağ,Καβάλα,None,0,66.3,85,1475.5,10,0.9,0,-1,0.007,-0.036,-0.22,1.91,16.27,12.12,53,Normal
50:36.3,Tekirdağ,Καβάλα,None,0,66.8,85,1368.1,10,0.73,0,-1,-0.002,0.153,0.171,1.91,16.27,12.12,53,Normal
50:37.3,Tekirdağ,Καβάλα,None,0,65.5,85,1201.3,11,1,0,0,-0.027,-0.009,0.431,1.91,16.27,12.12,53,Normal
50:38.3,Tekirdağ,Καβάλα,None,0,64,85,1422.3,10,1,0,0,0.005,0.005,0.314,1.91,16.28,12.12,53,Normal
50:39.3,Tekirdağ,Καβάλα,None,0,64.8,85,1442.3,10,0.89,0,0,0.005,-0.022,-0.379,1.91,16.28,12.12,52.9,Normal
50:40.3,Tekirdağ,Καβάλα,None,0,65.9,85,1344.5,10,0.84,0,-1,0.009,0.128,0.014,1.91,16.28,12.12,52.9,Normal
50:41.3,Tekirdağ,Καβάλα,None,0,65.1,85,1168.2,11,0.77,0,-1,0.064,-0.052,0.158,1.92,16.28,12.12,52.9,Normal
50:42.3,Tekirdağ,Καβάλα,None,0,65.6,85,1178.4,11,0.71,0,-1,0.068,0.037,-0.25,1.92,16.28,12.12,52.9,Normal
50:43.3,Tekirdağ,Καβάλα,None,0,66.6,85,1196.6,11,0.68,0,-1,0.047,0.047,-0.326,1.92,16.28,12.12,52.8,Normal
50:44.3,Tekirdağ,Καβάλα,None,0,67.9,85,1219.8,11,0.77,0,0,-0.021,0.025,-0.371,1.92,16.29,12.12,52.8,Normal
50:45.3,Tekirdağ,Καβάλα,None,0,69.4,85,1246.9,11,0.69,0,0,0.005,0.03,-0.45,1.92,16.29,12.12,52.8,Normal
50:46.3,Tekirdağ,Καβάλα,None,0,71,85,1275.4,11,0.7,0,-1,-0.014,0.092,-0.427,1.92,16.29,12.12,52.8,Normal
50:47.3,Tekirdağ,Καβάλα,None,0,72.6,85,1303.6,11,0.71,0,-1,-0.004,0.103,-0.455,1.92,16.29,12.12,52.8,Normal
50:48.3,Tekirdağ,Καβάλα,None,0,74.2,85,1333.4,11,0.8,0,0,-0.023,-0.032,-0.466,1.92,16.29,12.12,52.7,Normal
50:49.3,Tekirdağ,Καβάλα,None,0,76,85,1364.3,11,0.78,0,0,-0.039,-0.022,-0.482,1.92,16.29,12.12,52.7,Normal
50:50.3,Tekirdağ,Καβάλα,None,0,77.5,85,1392.5,11,0.76,0,0,-0.009,-0.019,-0.41,1.92,16.29,12.12,52.7,Normal
50:51.3,Tekirdağ,Καβάλα,None,0,77.6,85,1077,12,0.76,0,-1,0.025,0.024,0.173,1.92,16.29,12.12,52.7,Normal
50:52.3,Tekirdağ,Καβάλα,None,0,77.5,85,1078.6,12,0.86,0,0,-0.029,-0.069,-0.108,1.92,16.3,12.12,52.7,Normal
50:53.3,Tekirdağ,Καβάλα,None,0,77.2,85,1381.2,11,0.95,0,-1,-0.004,0.017,0.24,1.92,16.3,12.12,52.6,Normal
50:54.3,Tekirdağ,Καβάλα,None,0,76.9,85,1381.4,11,0.92,0,-1,0.051,-0.038,-0.193,1.92,16.3,12.12,52.6,Normal
50:55.3,Tekirdağ,Καβάλα,None,0,78.1,85,1402.5,11,0.97,0,0,0.021,0.013,-0.36,1.92,16.3,12.12,52.6,Normal
50:56.3,Tekirdağ,Καβάλα,None,0,79.4,85,1426.6,11,0.98,0,1,0.011,-0.076,-0.384,1.92,16.3,12.12,52.6,Normal
50:57.3,Tekirdağ,Καβάλα,None,0,80.9,85,1448.9,11,0.9,0,-1,0.021,0.003,-0.418,1.92,16.3,12.12,52.5,Normal
50:58.3,Tekirdağ,Καβάλα,None,0,80.9,85,1122.6,12,0.79,0,0,0.011,0.004,0.097,1.92,16.3,12.12,52.5,Normal
50:59.3,Tekirdağ,Καβάλα,None,0,81.2,85,1126.6,12,0,0,0,-0.016,-0.004,-0.13,1.92,16.31,12.12,52.5,Normal
51:00.3,Tekirdağ,Καβάλα,None,0,80.5,85,1115.8,12,0,0,-1,0.013,0.019,0.269,1.92,16.31,12.12,52.5,Normal
51:01.3,Tekirdağ,Καβάλα,None,0,79.4,85,1100.5,12,0,0,0,-0.043,0.025,0.296,1.92,16.31,12.12,52.5,Normal
51:02.3,Tekirdağ,Καβάλα,None,0,78.3,85,1085.7,12,0,0,0,0.006,0.062,0.295,1.92,16.31,12.12,52.5,Normal
51:03.3,Tekirdağ,Καβάλα,None,0,76.9,85,1065.9,12,0,0.1,0,-0.055,0.027,0.655,1.92,16.31,12.12,52.5,Normal
51:04.3,Tekirdağ,Καβάλα,None,0,70.7,90,977.2,12,0,0.43,0,0.019,0.058,2.928,1.92,16.32,12.12,52.5,Normal
51:05.3,Tekirdağ,Καβάλα,None,0,59.9,90,1070.3,11,0,0,-1,0.038,-0.091,1.764,1.92,16.32,12.12,52.5,Normal
51:06.3,Tekirdağ,Καβάλα,None,0,57.8,90,1033.4,11,0,0,-1,0.036,0.052,0.249,1.92,16.32,12.12,52.5,Normal
51:07.3,Tekirdağ,Καβάλα,None,0,57.2,90,1023.1,11,0,0,-1,0.078,-0.02,0.09,1.92,16.32,12.12,52.5,Normal
51:08.3,Tekirdağ,Καβάλα,None,0,57.3,90,1025.4,11,0,0,-1,-0.014,0.043,-0.111,1.92,16.32,12.12,52.5,Normal
51:09.3,Tekirdağ,Καβάλα,None,0,58,90,1037.9,11,0,0,-1,-0.006,-0.004,-0.211,1.92,16.32,12.12,52.5,Normal
51:10.3,Tekirdağ,Καβάλα,None,0,59,90,1056.6,11,0,0,-1,0,0.095,-0.334,1.92,16.32,12.12,52.5,Normal
51:11.3,Tekirdağ,Καβάλα,None,0,60.3,90,1079.3,11,0,0,-1,-0.03,-0.01,-0.482,1.92,16.32,12.12,52.5,Normal
51:12.3,Tekirdağ,Καβάλα,None,0,62.2,90,1115,11,0,0,-1,0.073,0.007,-0.55,1.92,16.32,12.12,52.5,Normal
51:13.3,Tekirdağ,Καβάλα,None,0,64.7,90,1164,11,0.79,0,1,-0.095,0.005,-0.918,1.92,16.32,12.12,52.5,Normal
51:14.3,Tekirdağ,Καβάλα,None,0,68.2,90,1225.8,11,0.66,0,0,-0.034,0.032,-0.895,1.92,16.32,12.12,52.5,Normal
51:15.3,Tekirdağ,Καβάλα,None,0,70.8,90,1270.9,11,0.6,0,-1,-0.012,-0.009,-0.593,1.92,16.32,12.12,52.5,Normal
51:16.3,Tekirdağ,Καβάλα,None,0,72.7,90,1305.6,11,0.61,0,0,-0.01,0.036,-0.536,1.92,16.32,12.12,52.5,Normal
51:17.3,Tekirdağ,Καβάλα,None,0,74.8,90,1343.7,11,1,0,0,-0.05,-0.058,-0.607,1.92,16.32,12.12,52.5,Normal
51:18.3,Tekirdağ,Καβάλα,None,0,77.1,90,1385.9,11,0.82,0,0,0.022,-0.03,-0.688,1.92,16.32,12.12,52.5,Normal
51:19.3,Tekirdağ,Καβάλα,None,0,78.6,90,1095.1,12,0.73,0,-1,0.038,0.107,-0.176,1.92,16.32,12.12,52.5,Normal
51:20.3,Tekirdağ,Καβάλα,None,0,79.4,90,1105.9,12,0.7,0,-1,0.01,-0.056,-0.396,1.92,16.32,12.12,52.5,Normal
51:21.3,Tekirdağ,Καβάλα,None,0,81.2,90,1131,12,0.67,0,-1,0.004,0.017,-0.536,1.92,16.32,12.12,52.5,Normal
51:22.3,Tekirdağ,Καβάλα,None,0,83.2,90,1158.5,12,0.67,0,-1,0,0.027,-0.556,1.92,16.32,12.12,52.5,Normal
51:23.3,Tekirdağ,Καβάλα,None,0,85.1,90,1184.8,12,0.66,0,-1,0.011,0.018,-0.51,1.92,16.32,12.12,52.5,Normal
51:24.3,Tekirdağ,Καβάλα,None,0,86.8,90,1207.4,12,0.66,0,-1,0.032,0.056,-0.389,1.92,16.32,12.12,52.5,Normal
51:25.3,Tekirdağ,Καβάλα,None,0,87.8,90,1222.2,12,0.73,0,0,-0.054,-0.099,-0.261,1.92,16.32,12.12,52.5,Normal
51:26.3,Tekirdağ,Καβάλα,None,0,88.8,90,1235.4,12,0.69,0,1,-0.079,0.027,-0.264,1.92,16.32,12.12,52.5,Normal
51:27.3,Tekirdağ,Καβάλα,None,0,89.8,90,1248.8,12,0.7,0,0,0.004,0.049,-0.262,1.92,16.32,12.12,52.5,Normal
51:28.3,Tekirdağ,Καβάλα,None,0,90,90,1248.2,12,0,0,0,0.007,0.103,0.107,1.92,16.32,12.12,52.5,Normal
51:29.3,Tekirdağ,Καβάλα,None,0,89.4,90,1239,12,0,0,-1,-0.04,-0.058,0.239,1.92,16.32,12.12,52.5,Normal
51:30.3,Tekirdağ,Καβάλα,None,0,88.2,90,1222.9,12,0,0,1,-0.05,0.035,0.322,1.92,16.32,12.12,52.5,Normal
51:31.3,Tekirdağ,Καβάλα,None,0,87,90,1205.5,12,0,0,1,-0.057,-0.103,0.414,1.92,16.32,12.12,52.5,Normal
51:32.3,Tekirdağ,Καβάλα,None,0,85.2,90,1180.2,12,0,0,1,-0.061,-0.041,0.574,1.92,16.32,12.12,52.5,Normal
51:33.3,Tekirdağ,Καβάλα,None,0,82.8,90,1146.9,12,0,0,1,0.049,0.087,0.683,1.92,16.32,12.12,52.5,Normal
51:34.3,Tekirdağ,Καβάλα,None,0,80.5,90,1115.1,12,0,0,1,0.024,-0.03,0.611,1.92,16.32,12.12,52.5,Normal
51:35.3,Tekirdağ,Καβάλα,None,0,78.4,90,1086.3,12,0,0,0,0.043,-0.011,0.611,1.92,16.32,12.12,52.5,Normal
51:36.3,Tekirdağ,Καβάλα,None,0,76.1,90,1054.5,12,0,0,1,-0.026,0.017,0.612,1.92,16.32,12.12,52.5,Normal
51:37.3,Tekirdağ,Καβάλα,None,0,74.2,90,1028.1,12,0,0,-1,0.011,-0.052,0.45,1.92,16.32,12.12,52.5,Normal
51:38.3,Tekirdağ,Καβάλα,None,0,72.7,90,1009.1,12,0.44,0,0,-0.004,0.009,0.394,1.92,16.32,12.12,52.5,Normal
51:39.3,Tekirdağ,Καβάλα,None,0,72.1,90,1003.2,12,0.7,0,-1,0.021,-0.013,0.038,1.92,16.32,12.12,52.5,Normal
51:40.3,Tekirdağ,Καβάλα,None,0,71.5,90,991.5,12,0,0,-1,-0.017,0.038,0.339,1.92,16.32,12.12,52.5,Normal
51:41.3,Tekirdağ,Καβάλα,None,0,70.1,90,1217.3,12,0,0,1,-0.354,-0.024,0.447,1.92,16.32,12.12,52.5,Normal
51:42.3,Tekirdağ,Καβάλα,None,0,68.4,90,1223.1,11,0,0,0,-0.025,-0.054,0.529,1.92,16.32,12.12,52.5,Normal
51:43.3,Tekirdağ,Καβάλα,None,0,66.5,90,1189.9,11,0,0,0,-0.011,-0.024,0.528,1.92,16.33,12.12,52.5,Normal
51:44.3,Tekirdağ,Καβάλα,None,0,64.8,90,1159.9,11,0.03,0,0,-0.011,-0.029,0.418,1.92,16.33,12.12,52.5,Normal
51:45.3,Tekirdağ,Καβάλα,None,0,63.6,90,1139.9,11,0.23,0,1,-0.003,-0.003,0.254,1.92,16.33,12.12,52.4,Normal
51:46.3,Tekirdağ,Καβάλα,None,0,62.9,90,1126.9,11,0.18,0,1,-0.018,-0.024,0.189,1.92,16.33,12.12,52.4,Normal
51:47.3,Tekirdağ,Καβάλα,None,0,61.9,90,1106.8,11,0,0,0,0.018,0.054,0.398,1.92,16.33,12.12,52.4,Normal
51:48.3,Tekirdağ,Καβάλα,None,0,60.5,90,1081.6,11,0,0,1,-0.137,-0.023,0.4,1.92,16.33,12.12,52.4,Normal
51:49.3,Tekirdağ,Καβάλα,None,0,59,90,1055.5,11,0,0,1,-0.087,0.044,0.418,1.92,16.33,12.12,52.4,Normal
51:50.3,Tekirdağ,Καβάλα,None,0,57.5,90,1028.6,11,0,0,1,0.051,-0.05,0.401,1.92,16.33,12.12,52.4,Normal
51:51.3,Tekirdağ,Καβάλα,None,0,56.2,90,1005.2,11,0,0,1,0.002,0.02,0.342,1.92,16.33,12.12,52.4,Normal
51:52.3,Tekirdağ,Καβάλα,None,0,55.1,90,985.7,11,0,0,1,0.034,0.013,0.294,1.92,16.33,12.12,52.4,Normal
51:53.3,Tekirdağ,Καβάλα,None,0,54.2,90,964.4,11,0,0,1,0,-0.016,0.25,1.92,16.33,12.12,52.4,Normal
51:54.3,Tekirdağ,Καβάλα,None,0,53.6,90,1187.1,10,0,0,0,0.08,0.016,0.154,1.92,16.33,12.12,52.4,Normal
51:55.3,Tekirdağ,Καβάλα,None,0,53.4,90,1186.4,10,0.3,0,1,-0.029,0.001,-0.118,1.92,16.33,12.12,52.4,Normal
51:56.3,Tekirdağ,Καβάλα,None,0,54.3,90,1206.8,10,0.32,0,0,0.045,-0.007,-0.299,1.92,16.33,12.12,52.4,Normal
51:57.3,Tekirdağ,Καβάλα,None,0,55.4,90,1231.8,10,0.31,0,1,-0.005,0.015,-0.304,1.92,16.33,12.12,52.4,Normal
51:58.3,Tekirdağ,Καβάλα,None,0,56.7,90,1261.4,10,0.36,0,1,0.004,-0.121,-0.401,1.92,16.33,12.12,52.4,Normal
51:59.3,Tekirdağ,Καβάλα,None,0,58.1,90,1292,10,0.38,0,0,0.063,0.019,-0.411,1.92,16.33,12.12,52.4,Normal
52:00.3,Tekirdağ,Καβάλα,None,0,59,90,1308,10,0,0,1,-0.003,-0.006,-0.09,1.92,16.33,12.12,52.4,Normal
52:01.3,Tekirdağ,Καβάλα,None,0,59.2,90,1313.8,10,0,0,1,0.003,-0.011,-0.065,1.92,16.33,12.12,52.4,Normal
52:02.3,Tekirdağ,Καβάλα,None,0,59.5,90,1319,10,0,0,1,0.021,0.063,-0.075,1.92,16.33,12.12,52.4,Normal
52:03.3,Tekirdağ,Καβάλα,None,0,59.7,90,1324.6,10,0,0,0,0.02,0.011,-0.077,1.92,16.33,12.12,52.4,Normal
52:04.3,Tekirdağ,Καβάλα,None,0,60,90,1331.1,10,0,0,-1,-0.098,-0.029,-0.079,1.92,16.33,12.12,52.4,Normal
52:05.3,Tekirdağ,Καβάλα,None,0,60.1,90,1331.2,10,0,0,-1,-0.008,0.079,0.088,1.92,16.33,12.12,52.4,Normal
52:06.3,Tekirdağ,Καβάλα,None,0,59.5,90,1317.6,10,0,0,0,-0.021,0.013,0.192,1.92,16.33,12.12,52.4,Normal
52:07.3,Tekirdağ,Καβάλα,None,0,56.8,90,1255,10,0,0.27,0,0.001,-0.046,1.893,1.92,16.33,12.12,52.4,Normal
52:08.3,Tekirdağ,Καβάλα,None,0,52.4,90,1160.6,10,0,0,0,-0.018,0.006,0.383,1.92,16.33,12.12,52.4,Normal
52:09.3,Tekirdağ,Καβάλα,None,0,51.6,50,1144.1,10,0,0,0,-0.021,-0.025,0.151,1.92,16.33,12.12,52.4,Normal
52:10.3,Tekirdağ,Καβάλα,None,0,51.5,50,1143.3,10,0,0,0,-0.016,0.018,-0.059,1.92,16.33,12.12,52.4,Normal
52:11.3,Tekirdağ,Καβάλα,None,0,51.8,50,1149.6,10,0,0,1,-0.013,-0.005,-0.08,1.92,16.33,12.12,52.4,Normal
52:12.3,Tekirdağ,Καβάλα,None,0,52.1,50,1156.2,10,0,0,0,0.012,-0.002,-0.074,1.92,16.33,12.12,52.4,Normal
52:13.3,Tekirdağ,Καβάλα,None,0,52.4,50,1163.1,10,0,0,0,0.001,-0.003,-0.087,1.92,16.33,12.12,52.4,Normal
52:14.3,Tekirdağ,Καβάλα,None,0,52.8,50,1169.9,10,0,0,0,0.005,0.009,-0.086,1.92,16.33,12.12,52.4,Normal
52:15.3,Tekirdağ,Καβάλα,None,0,53.1,90,1178.2,10,0.13,0,0,0.021,0.036,-0.144,1.92,16.33,12.12,52.4,Normal
52:16.3,Tekirdağ,Καβάλα,None,0,53.9,90,1194.7,10,0,0,-1,0.007,-0.002,-0.18,1.92,16.33,12.12,52.4,Normal
52:17.3,Tekirdağ,Καβάλα,None,0,54.2,90,1202.6,10,0,0,0,-0.026,0.012,-0.09,1.92,16.33,12.12,52.4,Normal
52:18.3,Tekirdağ,Καβάλα,None,0,54.5,90,1209.4,10,0,0,0,-0.006,0.024,-0.084,1.92,16.33,12.12,52.4,Normal
52:19.3,Tekirdağ,Καβάλα,None,0,54.8,90,1215.7,10,0,0,1,-0.017,-0.009,-0.074,1.92,16.33,12.12,52.4,Normal
52:20.3,Tekirdağ,Καβάλα,None,0,55.1,90,1221.8,10,0,0,0,0.014,-0.03,-0.042,1.92,16.33,12.12,52.4,Normal
52:21.3,Tekirdağ,Καβάλα,None,0,54.7,90,1213.3,10,0,0,1,0,0.024,0.133,1.92,16.33,12.12,52.4,Normal
52:22.3,Tekirdağ,Καβάλα,None,0,54.3,90,1202.2,10,0,0,1,-0.057,0.055,0.101,1.92,16.33,12.12,52.4,Normal
52:23.3,Tekirdağ,Καβάλα,None,0,54.4,90,1207.7,10,0.46,0,1,-0.007,0.032,-0.154,1.92,16.33,12.12,52.4,Normal
52:24.3,Tekirdağ,Καβάλα,None,0,56.2,90,1252.2,10,0.65,0,1,0.021,-0.022,-0.703,1.92,16.33,12.12,52.4,Normal
52:25.3,Tekirdağ,Καβάλα,None,0,58.9,90,1311.2,10,0.58,0,1,-0.044,-0.027,-0.718,1.92,16.33,12.12,52.4,Normal
52:26.3,Tekirdağ,Καβάλα,None,0,61.4,90,1367.6,10,0.67,0,1,0.049,-0.071,-0.729,1.92,16.34,12.12,52.4,Normal
52:27.3,Tekirdağ,Καβάλα,None,0,63.2,90,1132.9,10,0.68,0,1,-0.085,0.025,-0.183,1.92,16.34,12.12,52.4,Normal
52:28.3,Tekirdağ,Καβάλα,None,0,63.9,90,1147.7,11,0.7,0,1,0.036,-0.23,-0.366,1.92,16.34,12.12,52.4,Normal
52:29.3,Tekirdağ,Καβάλα,None,0,65.4,90,1175.8,11,0.73,0,1,0.003,0.009,-0.453,1.92,16.34,12.12,52.4,Normal
52:30.3,Tekirdağ,Καβάλα,None,0,66.9,90,1201.9,11,0.79,0,0,0.083,0.054,-0.345,1.92,16.34,12.12,52.4,Normal
52:31.3,Tekirdağ,Καβάλα,None,0,68,90,1220.8,11,0.66,0,-1,0.109,0.04,-0.287,1.92,16.34,12.12,52.4,Normal
52:32.3,Tekirdağ,Καβάλα,None,0,68.9,90,1237,11,0.7,0,0,-0.03,0.047,-0.244,1.92,16.34,12.12,52.4,Normal
52:33.3,Tekirdağ,Καβάλα,None,0,69.7,90,1250.8,11,0.58,0,0,0.035,-0.001,-0.207,1.92,16.34,12.12,52.4,Normal
52:34.3,Tekirdağ,Καβάλα,None,0,70.4,90,1263.8,11,0.65,0,1,-0.077,-0.034,-0.199,1.92,16.34,12.12,52.4,Normal
52:35.3,Tekirdağ,Καβάλα,None,0,71.2,90,1278.1,11,0.63,0,0,0.021,-0.073,-0.234,1.92,16.34,12.12,52.4,Normal
52:36.3,Tekirdağ,Καβάλα,None,0,72,90,1292.3,11,0.63,0,1,-0.01,-0.021,-0.222,1.92,16.34,12.12,52.4,Normal
52:37.3,Tekirdağ,Καβάλα,None,0,72.8,90,1306,11,0.63,0,1,-0.024,-0.009,-0.195,1.92,16.34,12.12,52.4,Normal
52:38.3,Tekirdağ,Καβάλα,None,0,73.5,90,1320.6,11,0.69,0,1,-0.023,-0.017,-0.241,1.92,16.34,12.12,52.4,Normal
52:39.3,Tekirdağ,Καβάλα,None,0,74.4,90,1336.1,11,0.62,0,0,0.056,-0.02,-0.236,1.92,16.34,12.12,52.4,Normal
52:40.3,Tekirdağ,Καβάλα,None,0,75.3,90,1352.6,11,0.62,0,1,0.013,-0.044,-0.291,1.92,16.34,12.12,52.4,Normal
52:41.3,Tekirdağ,Καβάλα,None,0,76.3,90,1307.6,11,0.59,0,1,-0.064,0.077,-0.134,1.92,16.34,12.12,52.4,Normal
52:42.3,Tekirdağ,Καβάλα,None,0,76.2,90,1058.4,12,0.56,0,0,0.069,-0.005,0.08,1.92,16.34,12.12,52.4,Normal
52:43.3,Tekirdağ,Καβάλα,None,0,76.7,90,1066.6,12,0.59,0,0,0.023,-0.075,-0.22,1.92,16.34,12.12,52.4,Normal
52:44.3,Tekirdağ,Καβάλα,None,0,77.5,90,1078.4,12,0.66,0,1,0.04,0.028,-0.257,1.92,16.34,12.12,52.4,Normal
52:45.3,Tekirdağ,Καβάλα,None,0,78.6,90,1093.9,12,0.74,0,1,-0.025,-0.016,-0.352,1.92,16.34,12.12,52.4,Normal
52:46.3,Tekirdağ,Καβάλα,None,0,80,90,1113.5,12,0.72,0,0,0.059,0.03,-0.413,1.92,16.34,12.12,52.4,Normal
52:47.3,Tekirdağ,Καβάλα,None,0,81.6,90,1136.6,12,0.71,0,0,0.025,0.043,-0.458,1.92,16.34,12.12,52.4,Normal
52:48.3,Tekirdağ,Καβάλα,None,0,83.3,90,1159.8,12,0.72,0,1,0.002,0.027,-0.459,1.92,16.34,12.12,52.4,Normal
52:49.3,Tekirdağ,Καβάλα,None,0,85,90,1183,12,0.73,0,1,0.077,0.006,-0.434,1.92,16.34,12.12,52.4,Normal
52:50.3,Tekirdağ,Καβάλα,None,0,85.9,90,1191.6,12,0,0,0,0.01,0.025,-0.062,1.92,16.34,12.12,52.4,Normal
52:51.3,Tekirdağ,Καβάλα,None,0,85.9,90,1190.8,12,0,0,0,0.008,0.025,0.065,1.92,16.34,12.12,52.4,Normal
52:52.3,Tekirdağ,Καβάλα,None,0,80.4,90,1114.6,12,0,0,1,-0.112,-0.179,1.304,1.92,16.34,12.12,52.4,Normal
52:53.3,Tekirdağ,Καβάλα,None,0,76.6,70,1061.4,12,0,0,0,0.015,-0.008,0.506,1.92,16.34,12.12,52.4,Speeding
52:54.3,Tekirdağ,Καβάλα,None,0,75.1,70,1040.5,12,0,0,0,0.012,0.048,0.407,1.92,16.34,12.12,52.4,Speeding
52:55.3,Tekirdağ,Καβάλα,None,0,74,70,1025.7,12,0,0,1,-0.078,-0.074,0.218,1.92,16.34,12.12,52.4,Normal
52:56.3,Tekirdağ,Καβάλα,None,0,73.3,70,1019.2,12,0,0,0,0.102,0.053,0.137,1.92,16.34,12.12,52.4,Normal
52:57.3,Tekirdağ,Καβάλα,None,0,73.7,70,1025.1,12,0,0,0,0.033,0.029,-0.158,1.92,16.34,12.12,52.3,Normal
52:58.3,Tekirdağ,Καβάλα,None,0,73.8,70,1024.6,12,0,0,1,-0.037,0.008,0.076,1.92,16.34,12.12,52.3,Normal
52:59.3,Tekirdağ,Καβάλα,None,0,73.4,70,1018.5,12,0,0,0,0.035,-0.044,0.131,1.92,16.34,12.12,52.3,Normal
53:00.3,Tekirdağ,Καβάλα,None,0,72.6,70,1006.4,12,0,0,1,-0.002,0.003,0.25,1.92,16.34,12.12,52.3,Normal
53:01.3,Tekirdağ,Καβάλα,None,0,71.8,70,995,12,0,0,1,-0.093,0.018,0.203,1.92,16.34,12.12,52.3,Normal
53:02.3,Tekirdağ,Καβάλα,None,0,71.2,70,986.8,12,0,0,-1,0.053,0.033,0.164,1.92,16.34,12.12,52.3,Normal
53:03.3,Tekirdağ,Καβάλα,None,0,70.7,70,1264.9,11,0,0,-1,0,-0.027,0.104,1.92,16.34,12.12,52.3,Normal
53:04.3,Tekirdağ,Καβάλα,None,0,70.3,70,1257.8,11,0,0,0,-0.015,0.016,0.139,1.92,16.34,12.12,52.3,Normal
53:05.3,Tekirdağ,Καβάλα,None,0,69.8,70,1249.2,11,0,0,0,-0.031,-0.015,0.129,1.92,16.34,12.12,52.3,Normal
53:06.3,Tekirdağ,Καβάλα,None,0,69.8,70,1251.7,11,0,0,1,-0.037,0.055,-0.115,1.92,16.34,12.12,52.3,Normal
53:07.3,Tekirdağ,Καβάλα,None,0,70,70,1252.6,11,0,0,0,0.001,0.062,-0.004,1.92,16.34,12.12,52.3,Normal
53:08.3,Tekirdağ,Καβάλα,None,0,69.9,70,1252.1,11,0,0,0,-0.013,0.042,0.032,1.92,16.34,12.12,52.3,Normal
53:09.3,Tekirdağ,Καβάλα,None,0,69.9,70,1252.5,11,0,0,0,0.01,-0.009,-0.002,1.92,16.34,12.12,52.3,Normal
53:10.3,Tekirdağ,Καβάλα,None,0,69.9,70,1251.9,11,0,0,1,-0.06,-0.048,-0.01,1.92,16.34,12.12,52.3,Normal
53:11.3,Tekirdağ,Καβάλα,None,0,69.9,70,1252.8,11,0,0,0,0.014,-0.035,0,1.92,16.34,12.12,52.3,Normal
53:12.3,Tekirdağ,Καβάλα,None,0,69.9,70,1252.4,11,0,0,-1,0.019,-0.046,0.007,1.92,16.35,12.12,52.3,Normal
53:13.3,Tekirdağ,Καβάλα,None,0,69.9,70,1252.6,11,0,0,-1,0.056,0.014,-0.004,1.92,16.35,12.12,52.3,Normal
53:14.3,Tekirdağ,Καβάλα,None,0,69.9,90,1252.5,11,0,0,-1,0.039,0.033,-0.004,1.92,16.35,12.12,52.3,Normal
53:15.3,Tekirdağ,Καβάλα,None,0,69.9,90,1252,11,0,0,-1,0.05,-0.037,0.02,1.92,16.35,12.12,52.3,Normal
53:16.3,Tekirdağ,Καβάλα,None,0,69.9,90,1251.9,11,0,0,-1,-0.066,0.011,-0.004,1.92,16.35,12.12,52.3,Normal
53:17.3,Tekirdağ,Καβάλα,None,0,69.9,90,1251.7,11,0,0,-1,-0.016,0.004,0.004,1.92,16.35,12.12,52.3,Normal
53:18.3,Tekirdağ,Καβάλα,None,0,69.9,90,1252.1,11,0,0,-1,-0.002,0.044,-0.008,1.92,16.35,12.12,52.3,Normal
53:19.3,Tekirdağ,Καβάλα,None,0,69.9,90,1255.3,11,0.76,0,-1,0.056,-0.003,-0.041,1.92,16.35,12.12,52.3,Normal
53:20.3,Tekirdağ,Καβάλα,None,0,70.7,90,1270.2,11,0.63,0,-1,-0.045,-0.01,-0.239,1.92,16.35,12.12,52.3,Normal
53:21.3,Tekirdağ,Καβάλα,None,0,71.7,90,1288.3,11,0.73,0,-1,-0.024,-0.009,-0.299,1.92,16.36,12.12,52.2,Normal
53:22.3,Tekirdağ,Καβάλα,None,0,72.9,90,1309.1,11,0.73,0,-1,-0.009,-0.008,-0.342,1.92,16.36,12.12,52.2,Normal
53:23.3,Tekirdağ,Καβάλα,None,0,74.1,90,1330,11,0.62,0,0,-0.065,0.016,-0.323,1.92,16.36,12.12,52.2,Normal
53:24.3,Tekirdağ,Καβάλα,None,0,75,90,1346.2,11,0.55,0,-1,0.003,0.001,-0.245,1.92,16.36,12.12,52.2,Normal
53:25.3,Tekirdağ,Καβάλα,None,0,76,90,1363.4,11,0.56,0,0,-0.024,0.008,-0.271,1.92,16.36,12.12,52.1,Normal
53:26.3,Tekirdağ,Καβάλα,None,0,76.2,90,1056.7,12,0.57,0,0,-0.027,0.015,0.083,1.92,16.37,12.13,52.1,Normal
53:27.3,Tekirdağ,Καβάλα,None,0,76.2,90,1059.9,12,0.42,0,0,-0.042,-0.05,-0.144,1.92,16.37,12.13,52.1,Normal
53:28.3,Tekirdağ,Καβάλα,None,0,77,90,1070.6,12,0.43,0,0,0.003,-0.074,-0.245,1.93,16.37,12.13,52.1,Normal
53:29.3,Tekirdağ,Καβάλα,None,0,77.8,90,1081.5,12,0.33,0,1,-0.023,0.026,-0.199,1.93,16.37,12.13,52.1,Normal
53:30.3,Tekirdağ,Καβάλα,None,0,78.5,90,1091,12,0.35,0,0,-0.007,0.075,-0.18,1.93,16.37,12.13,52.1,Normal
53:31.4,Tekirdağ,Καβάλα,None,0,79,90,1098.1,12,0.35,0,0,0.005,0.012,-0.104,1.93,16.37,12.13,52.1,Normal
53:32.4,Tekirdağ,Καβάλα,None,0,79.5,90,1105.7,12,0.5,0,-1,0.013,-0.132,-0.186,1.93,16.37,12.13,52.1,Normal
53:33.4,Tekirdağ,Καβάλα,None,0,80.2,90,1114.5,12,0.46,0,0,-0.002,-0.06,-0.165,1.93,16.38,12.13,52,Normal
53:34.3,Tekirdağ,Καβάλα,None,0,80.8,90,1122.5,12,0.42,0,0,-0.009,-0.101,-0.15,1.93,16.38,12.13,52,Normal
53:35.4,Tekirdağ,Καβάλα,None,0,81.3,90,1130.4,12,0.37,0,-1,0.096,-0.038,-0.145,1.93,16.38,12.13,52,Normal
53:36.3,Tekirdağ,Καβάλα,None,0,81.7,90,1135.3,12,0.35,0,0,0.004,-0.007,-0.09,1.93,16.38,12.13,52,Normal
53:37.3,Tekirdağ,Καβάλα,None,0,81.8,90,1134.1,12,0,0,0,-0.007,0.049,0.087,1.93,16.38,12.13,52,Normal
53:38.3,Tekirdağ,Καβάλα,None,0,81.3,90,1127.1,12,0.02,0,0,0.02,-0.023,0.154,1.93,16.38,12.13,52,Normal
53:39.3,Tekirdağ,Καβάλα,None,0,81,90,1125.4,12,0.28,0,0,-0.004,-0.036,-0.027,1.93,16.38,12.13,52,Normal
53:40.4,Tekirdağ,Καβάλα,None,0,81.2,90,1127.9,12,0.32,0,0,0.008,0.015,-0.05,1.93,16.39,12.13,52,Normal
53:41.3,Tekirdağ,Καβάλα,None,0,81.4,90,1129.3,12,0.16,0,-1,0.021,-0.044,0.001,1.93,16.39,12.13,52,Normal
53:42.3,Tekirdağ,Καβάλα,None,0,81.3,90,1129.8,12,0.23,0,-1,0.057,0.045,-0.015,1.93,16.39,12.13,52,Normal
53:43.3,Tekirdağ,Καβάλα,None,0,80.7,90,1121.1,12,0.21,0,-1,0.009,0.096,0.285,1.93,16.39,12.13,52,Normal
53:44.4,Tekirdağ,Καβάλα,None,0,79.2,90,1098.9,12,0.22,0,-1,0.051,0.064,0.499,1.93,16.39,12.13,51.9,Normal
53:45.3,Tekirdağ,Καβάλα,None,0,77.2,90,1069.6,12,0,0,-1,0.028,-0.027,0.679,1.93,16.4,12.13,51.9,Normal
53:46.4,Tekirdağ,Καβάλα,None,0,74.5,90,1032,12,0,0,-1,0.06,0.033,0.737,1.93,16.4,12.13,51.9,Normal
53:47.3,Tekirdağ,Καβάλα,None,0,72,90,997.2,12,0,0,-1,-0.005,-0.031,0.648,1.93,16.4,12.13,51.9,Normal
53:48.3,Tekirdağ,Καβάλα,None,0,70.2,90,1171.1,12,0,0,-1,-0.04,-0.072,0.419,1.93,16.4,12.13,51.9,Normal
53:49.3,Tekirdağ,Καβάλα,None,0,69,90,1234.4,11,0,0,1,-0.189,-0.026,0.328,1.93,16.4,12.13,51.9,Normal
53:50.3,Tekirdağ,Καβάλα,None,0,67.9,90,1216.6,11,0.32,0,1,0.015,-0.056,0.226,1.93,16.4,12.13,51.9,Normal
53:51.3,Tekirdağ,Καβάλα,None,0,67.5,90,1210.2,11,0.22,0,1,-0.05,0.024,0.074,1.93,16.4,12.13,51.9,Normal
53:52.4,Tekirdağ,Καβάλα,None,0,67.2,90,1206.7,11,0.62,0,-1,0.012,0.038,0.016,1.93,16.4,12.13,51.9,Normal
53:53.4,Tekirdağ,Καβάλα,None,0,67.7,90,1215.1,11,0.36,0,-1,0.145,0.031,-0.145,1.93,16.41,12.13,51.9,Normal
53:54.4,Tekirdağ,Καβάλα,None,0,67.8,90,1215.6,11,0.31,0,-1,0.02,-0.051,0.034,1.93,16.41,12.13,51.9,Normal
53:55.3,Tekirdağ,Καβάλα,None,0,67.8,90,1215.8,11,0.48,0,0,-0.044,-0.06,-0.053,1.93,16.41,12.13,51.9,Normal
53:56.4,Tekirdağ,Καβάλα,None,0,68,90,1218.7,11,0.41,0,1,-0.056,0.027,-0.03,1.93,16.41,12.13,51.9,Normal
53:57.3,Tekirdağ,Καβάλα,None,0,68.1,90,1220.4,11,0.35,0,0,-0.02,0.105,0.01,1.93,16.41,12.13,51.8,Normal
53:58.4,Tekirdağ,Καβάλα,None,0,68.1,90,1220.9,11,0.39,0,1,-0.008,-0.073,-0.007,1.93,16.41,12.13,51.8,Normal
53:59.3,Tekirdağ,Καβάλα,None,0,68.1,90,1221.2,11,0.3,0,0,-0.011,0.002,0.001,1.93,16.41,12.13,51.8,Normal
54:00.3,Tekirdağ,Καβάλα,None,0,67.9,90,1216.2,11,0.32,0,0,0.013,0.206,0.11,1.93,16.41,12.13,51.8,Normal
54:01.4,Tekirdağ,Καβάλα,None,0,67.7,90,1213.2,11,0.23,0,-1,0.105,0.063,0.064,1.93,16.42,12.13,51.8,Normal
54:02.3,Tekirdağ,Καβάλα,None,0,67.5,90,1211.5,11,0.63,0,1,-0.089,-0.055,0.007,1.93,16.42,12.13,51.8,Normal
54:03.4,Tekirdağ,Καβάλα,None,0,68,90,1221.2,11,0.59,0,1,-0.009,-0.017,-0.184,1.93,16.42,12.13,51.8,Normal
54:04.3,Tekirdağ,Καβάλα,None,0,68.6,90,1229.9,11,0.47,0,-1,0.025,-0.019,-0.104,1.93,16.42,12.13,51.7,Normal
54:05.4,Tekirdağ,Καβάλα,None,0,68.9,90,1236.4,11,0.49,0,0,-0.014,0.011,-0.105,1.93,16.42,12.13,51.7,Normal
54:06.3,Tekirdağ,Καβάλα,None,0,69.3,90,1244.4,11,0.59,0,-1,0.054,0.006,-0.152,1.93,16.42,12.13,51.7,Normal
54:07.3,Tekirdağ,Καβάλα,None,0,69.9,90,1254.7,11,0.56,0,-1,0.075,0.013,-0.155,1.93,16.43,12.13,51.7,Normal
54:08.3,Tekirdağ,Καβάλα,None,0,70.4,90,1263.2,11,0.55,0,-1,0.084,-0.061,-0.107,1.93,16.43,12.13,51.7,Normal
54:09.4,Tekirdağ,Καβάλα,None,0,70.6,90,1268.1,11,0.59,0,-1,-0.117,-0.025,-0.072,1.93,16.43,12.13,51.6,Normal
54:10.3,Tekirdağ,Καβάλα,None,0,70.9,90,1272.3,11,0.57,0,-1,0.001,0.027,-0.066,1.93,16.43,12.13,51.6,Normal
54:11.3,Tekirdağ,Καβάλα,None,0,71.2,90,1277.8,11,0.58,0,-1,0.038,-0.017,-0.093,1.93,16.43,12.13,51.6,Normal
54:12.3,Tekirdağ,Καβάλα,None,0,71.6,90,1284.9,11,0.66,0,-1,-0.049,-0.013,-0.138,1.93,16.43,12.13,51.6,Normal
54:13.3,Tekirdağ,Καβάλα,None,0,72.3,90,1297.9,11,0.67,0,-1,-0.019,0.051,-0.225,1.93,16.43,12.13,51.6,Normal
54:14.4,Tekirdağ,Καβάλα,None,0,73.2,90,1314.6,11,0.65,0,-1,0.012,-0.051,-0.289,1.93,16.43,12.13,51.5,Normal
54:15.3,Tekirdağ,Καβάλα,None,0,74.3,90,1334.7,11,0.65,0,-1,0.176,-0.086,-0.357,1.93,16.44,12.13,51.5,Normal
54:16.4,Tekirdağ,Καβάλα,None,0,75.8,90,1360.9,11,0.68,0,1,-0.057,-0.036,-0.465,1.93,16.44,12.13,51.5,Normal
54:17.3,Tekirdağ,Καβάλα,None,0,77.2,90,1190.1,11,0.76,0,1,-0.024,0.14,-0.173,1.93,16.44,12.13,51.5,Normal
54:18.3,Tekirdağ,Καβάλα,None,0,77.6,90,1080,12,0.7,0,-1,0.02,-0.038,-0.243,1.93,16.44,12.13,51.5,Normal
54:19.3,Tekirdağ,Καβάλα,None,0,78.9,90,1096.9,12,0.32,0,0,-0.005,0.026,-0.342,1.93,16.44,12.13,51.4,Normal
54:20.4,Tekirdağ,Καβάλα,None,0,80,90,1111.8,12,0.46,0,0,-0.017,0.063,-0.267,1.93,16.44,12.13,51.4,Normal
54:21.4,Tekirdağ,Καβάλα,None,0,81,90,1126.4,12,0.49,0,0,-0.026,0.05,-0.299,1.93,16.44,12.13,51.4,Normal
54:22.4,Tekirdağ,Καβάλα,None,0,82.2,90,1143.7,12,0.52,0,0,0.021,0.003,-0.355,1.93,16.45,12.13,51.4,Normal
54:23.4,Tekirdağ,Καβάλα,None,0,83.5,90,1160.7,12,0.51,0,0,0.001,0.031,-0.342,1.93,16.45,12.13,51.4,Normal
54:24.4,Tekirdağ,Καβάλα,None,0,84.7,90,1177.8,12,0.51,0,0,0.019,-0.022,-0.348,1.93,16.45,12.13,51.4,Normal
54:25.4,Tekirdağ,Καβάλα,None,0,85.9,90,1195.2,12,0.5,0,1,-0.054,-0.043,-0.369,1.93,16.45,12.13,51.3,Normal
54:26.4,Tekirdağ,Καβάλα,None,0,87.3,90,1213.7,12,0.49,0,1,-0.032,-0.074,-0.384,1.93,16.45,12.13,51.3,Normal
54:27.3,Tekirdağ,Καβάλα,None,0,88.6,90,1229.2,12,0,0,1,-0.024,0.084,-0.28,1.93,16.46,12.13,51.3,Normal
54:28.4,Tekirdağ,Καβάλα,None,0,88.9,90,1233.3,12,0,0,1,0.014,-0.128,-0.032,1.93,16.46,12.13,51.3,Normal
54:29.4,Tekirdağ,Καβάλα,None,0,88.9,90,1233.4,12,0,0,1,-0.05,-0.074,0.001,1.94,16.46,12.13,51.3,Normal
54:30.4,Tekirdağ,Καβάλα,None,0,89,90,1233.8,12,0,0,1,0.035,0.023,-0.007,1.94,16.46,12.13,51.3,Normal
54:31.3,Tekirdağ,Καβάλα,None,0,88.9,90,1233.1,12,0,0,1,-0.101,0.012,0.028,1.94,16.46,12.13,51.3,Normal
54:32.4,Tekirdağ,Καβάλα,None,0,88.7,90,1230,12,0,0,1,0.054,0.027,0.079,1.94,16.46,12.13,51.3,Normal
54:33.3,Tekirdağ,Καβάλα,None,0,88.1,90,1222.1,12,0,0,1,-0.007,0.035,0.183,1.94,16.47,12.13,51.3,Normal
54:34.4,Tekirdağ,Καβάλα,None,0,87.5,90,1213.1,12,0,0,-1,0.294,-0.093,0.196,1.94,16.47,12.13,51.3,Normal
54:35.3,Tekirdağ,Καβάλα,None,0,86.8,90,1204.4,12,0,0,0,-0.05,0.04,0.177,1.94,16.47,12.13,51.3,Normal
54:36.4,Tekirdağ,Καβάλα,None,0,86.2,90,1195.1,12,0,0,0,-0.02,-0.07,0.185,1.94,16.47,12.13,51.3,Normal
54:37.4,Tekirdağ,Καβάλα,None,0,85.6,90,1186.5,12,0,0,0,0.052,-0.047,0.181,1.94,16.47,12.13,51.3,Normal
54:38.4,Tekirdağ,Καβάλα,None,0,85.9,90,1194.9,12,0,0,0,-0.001,-0.001,-0.274,1.94,16.47,12.13,51.3,Normal
54:39.4,Tekirdağ,Καβάλα,None,0,86.3,90,1196.5,12,0,0,-1,0.018,0.148,0.057,1.94,16.47,12.13,51.3,Normal
54:40.4,Tekirdağ,Καβάλα,None,0,85.8,90,1190.8,12,0,0,-1,0.112,-0.019,0.118,1.94,16.48,12.13,51.3,Normal
54:41.3,Tekirdağ,Καβάλα,None,0,85.6,90,1189,12,0,0,-1,0.041,0.06,0.013,1.94,16.48,12.13,51.3,Normal
54:42.4,Tekirdağ,Καβάλα,None,0,85.6,90,1188.2,12,0,0,-1,-0.049,-0.018,0.021,1.94,16.48,12.13,51.3,Normal
54:43.3,Tekirdağ,Καβάλα,None,0,85.6,90,1188,12,0,0,-1,0.023,-0.122,0.018,1.94,16.48,12.13,51.3,Normal
54:44.4,Tekirdağ,Καβάλα,None,0,85.5,70,1188,12,0,0,-1,-0.042,-0.065,-0.006,1.94,16.49,12.13,51.3,Speeding
54:45.4,Tekirdağ,Καβάλα,None,0,85.5,70,1187.6,12,0,0,-1,-0.032,-0.059,0.008,1.94,16.49,12.13,51.2,Speeding
54:46.4,Tekirdağ,Καβάλα,None,0,82.7,70,1143.2,12,0,0.42,-1,-0.013,0.133,2.322,1.94,16.49,12.13,51.2,Speeding
54:47.4,Tekirdağ,Καβάλα,None,0,70.9,70,979.7,12,0,0.41,-1,-0.016,-0.07,3.494,1.94,16.49,12.13,51.2,Normal
54:48.4,Tekirdağ,Καβάλα,None,0,59.2,70,1057.8,11,0,0,1,-0.073,-0.075,2.999,1.94,16.49,12.13,51.2,Normal
54:49.4,Tekirdağ,Καβάλα,None,0,56.3,70,1009.9,11,0.69,0,1,-0.1,-0.014,0.114,1.94,16.49,12.13,51.2,Normal
54:50.4,Tekirdağ,Καβάλα,None,0,57.4,70,1032.7,11,0.82,0,0,0.042,0.025,-0.463,1.94,16.49,12.13,51.2,Normal
54:51.4,Tekirdağ,Καβάλα,None,0,59.2,70,1064.6,11,0.86,0,1,0.005,-0.007,-0.528,1.94,16.49,12.13,51.2,Normal
54:52.4,Tekirdağ,Καβάλα,None,0,61.1,70,1098.1,11,0.88,0,1,0.026,0.025,-0.519,1.94,16.5,12.13,51.2,Normal
54:53.4,Tekirdağ,Καβάλα,None,0,63,90,1132.5,11,0.95,0,1,0.032,0.049,-0.528,1.94,16.5,12.13,51.1,Normal
54:54.4,Tekirdağ,Καβάλα,None,0,65,90,1169.1,11,0.97,0,0,0.029,-0.074,-0.581,1.94,16.5,12.13,51.1,Normal
54:55.4,Tekirdağ,Καβάλα,None,0,67,90,1204.9,11,1,0,-1,0.035,-0.016,-0.582,1.94,16.5,12.13,51.1,Normal
54:56.4,Tekirdağ,Καβάλα,None,0,69,90,1241.5,11,1,0,-1,0.018,0.022,-0.554,1.94,16.5,12.13,51.1,Normal
54:57.4,Tekirdağ,Καβάλα,None,0,71.1,90,1277.6,11,0.97,0,-1,0.018,-0.129,-0.573,1.94,16.5,12.13,51,Normal
54:58.4,Tekirdağ,Καβάλα,None,0,73,90,1311.5,11,0.76,0,0,-0.071,-0.033,-0.577,1.94,16.5,12.13,51,Normal
54:59.4,Tekirdağ,Καβάλα,None,0,75.3,90,1352.3,11,0.83,0,0,-0.024,-0.035,-0.675,1.94,16.5,12.13,51,Normal
55:00.4,Tekirdağ,Καβάλα,None,0,78.3,90,1407.7,11,0.95,0,0,-0.019,0.068,-0.931,1.94,16.5,12.13,50.9,Normal
55:01.4,Tekirdağ,Καβάλα,None,0,80.9,90,1181,11,0.39,0,-1,0.197,0.109,-0.417,1.94,16.51,12.13,50.9,Normal
55:02.4,Tekirdağ,Καβάλα,None,0,82.1,90,1141,12,0.46,0,0,-0.038,-0.005,-0.342,1.94,16.51,12.13,50.9,Normal
55:03.4,Tekirdağ,Καβάλα,None,0,83.9,90,1168.5,12,0.9,0,0,-0.047,-0.059,-0.611,1.94,16.51,12.13,50.9,Normal
55:04.4,Tekirdağ,Καβάλα,None,0,86.1,90,1199.6,12,0.9,0,-1,0.061,-0.108,-0.626,1.94,16.51,12.13,50.9,Normal
55:05.4,Tekirdağ,Καβάλα,None,0,87.9,90,1219.5,12,0,0,0,0.012,0.115,-0.245,1.94,16.52,12.13,50.9,Normal
55:06.4,Tekirdağ,Καβάλα,None,0,88.3,90,1224.7,12,0,0,0,0.003,0.085,-0.08,1.94,16.52,12.13,50.9,Normal
55:07.4,Tekirdağ,Καβάλα,None,0,89,90,1236.9,12,0.44,0,0,0.101,-0.196,-0.333,1.94,16.52,12.13,50.8,Normal
55:08.4,Tekirdağ,Καβάλα,None,0,90.2,90,1251.6,12,0,0,0,-0.032,0.082,-0.226,1.94,16.52,12.13,50.8,Normal
55:09.4,Tekirdağ,Καβάλα,None,0,90.6,90,1256.3,12,0,0,1,-0.096,-0.039,-0.064,1.94,16.52,12.13,50.8,Normal
55:10.4,Tekirdağ,Καβάλα,None,0,90.8,90,1259.2,12,0,0,1,0.011,0.029,-0.067,1.94,16.52,12.13,50.8,Normal
55:11.4,Tekirdağ,Καβάλα,None,0,91,90,1262.6,12,0,0,1,-0.004,-0.014,-0.07,1.94,16.53,12.13,50.8,Normal
55:12.4,Tekirdağ,Καβάλα,None,0,91.3,90,1266.5,12,0,0,1,-0.005,0.07,-0.083,1.94,16.53,12.13,50.8,Normal
55:13.4,Tekirdağ,Καβάλα,None,0,91.6,90,1270.9,12,0,0,1,-0.084,0.07,-0.112,1.94,16.53,12.13,50.8,Normal
55:14.4,Tekirdağ,Καβάλα,None,0,92,90,1276,12,0,0,1,0.008,-0.022,-0.115,1.94,16.53,12.13,50.8,Normal
55:15.4,Tekirdağ,Καβάλα,None,0,92.4,90,1282.1,12,0,0,1,-0.005,0,-0.125,1.94,16.53,12.13,50.8,Normal
55:16.4,Tekirdağ,Καβάλα,None,0,92.9,90,1288,12,0,0,1,-0.012,-0.019,-0.126,1.94,16.53,12.13,50.8,Normal
55:17.4,Tekirdağ,Καβάλα,None,0,93.3,90,1294.2,12,0,0,1,0.007,0.126,-0.134,1.94,16.53,12.13,50.8,Normal
55:18.4,Tekirdağ,Καβάλα,None,0,93.7,90,1299.8,12,0,0,1,0.002,0.129,-0.135,1.94,16.54,12.13,50.8,Normal
55:19.4,Tekirdağ,Καβάλα,None,0,94.2,90,1306.2,12,0,0,1,-0.02,-0.06,-0.132,1.94,16.54,12.13,50.8,Normal
55:20.4,Tekirdağ,Καβάλα,None,0,94.7,90,1314.2,12,0,0,1,-0.007,-0.006,-0.168,1.94,16.54,12.13,50.8,Normal
55:21.4,Tekirdağ,Καβάλα,None,0,95.1,90,1318,12,0,0,0,0.056,-0.024,0.04,1.94,16.54,12.13,50.8,Speeding
55:22.4,Tekirdağ,Καβάλα,None,0,92.7,90,1282.7,12,0,0,1,-0.064,-0.032,1.014,1.94,16.55,12.13,50.8,Normal
55:23.4,Tekirdağ,Καβάλα,None,0,89.1,90,1231.8,12,0,0,1,-0.099,-0.068,0.977,1.94,16.55,12.13,50.8,Normal
55:24.4,Tekirdağ,Καβάλα,None,0,86.3,90,1192.9,12,0,0,0,0.114,-0.102,0.812,1.95,16.55,12.13,50.8,Normal
55:25.4,Tekirdağ,Καβάλα,None,0,80.9,90,1118.2,12,0,0.16,0,0.069,0.052,1.87,1.95,16.55,12.13,50.8,Normal
55:26.4,Tekirdağ,Καβάλα,None,0,74.5,70,1029.9,12,0,0.08,1,-0.219,-0.058,1.214,1.95,16.55,12.13,50.8,Normal
55:27.4,Tekirdağ,Καβάλα,None,0,70.6,70,961.5,12,0,0,1,0.071,-0.079,1.016,1.95,16.55,12.13,50.8,Normal
55:28.4,Tekirdağ,Καβάλα,None,0,67.5,70,1204.6,11,0,0,0,0.113,-0.237,0.931,1.95,16.55,12.13,50.8,Normal
55:29.4,Tekirdağ,Καβάλα,None,0,63.9,70,1140.5,11,0,0,-1,0.354,-0.042,0.827,1.95,16.56,12.13,50.8,Normal
55:30.4,Tekirdağ,Καβάλα,None,0,62.2,70,1112.2,11,0,0,-1,0.022,-0.08,0.237,1.95,16.56,12.13,50.8,Normal
55:31.4,Tekirdağ,Καβάλα,None,0,61.5,70,1101.3,11,0,0,1,-0.066,-0.025,0.16,1.95,16.56,12.13,50.8,Normal
55:32.4,Tekirdağ,Καβάλα,None,0,61,70,1091.1,11,0.09,0,1,-0.263,0.032,0.16,1.95,16.56,12.13,50.8,Normal
55:33.4,Tekirdağ,Καβάλα,None,0,61.2,70,1086,11,0,0,0,0.078,-0.089,-0.097,1.95,16.56,12.13,50.8,Normal
55:34.4,Tekirdağ,Καβάλα,None,0,61,70,1354.5,10,0.39,0,-1,0.064,0.054,0.076,1.95,16.56,12.13,50.8,Normal
55:35.4,Tekirdağ,Καβάλα,None,0,61.6,70,1368.1,10,0.45,0,0,0.049,-0.011,-0.253,1.95,16.57,12.14,50.8,Normal
55:36.4,Tekirdağ,Καβάλα,None,0,62.2,70,1177,10,0.58,0,1,-0.065,0.085,-0.002,1.95,16.57,12.14,50.8,Normal
55:37.4,Tekirdağ,Καβάλα,None,0,62.2,70,1117.8,11,0.73,0,1,0.026,-0.045,-0.167,1.95,16.57,12.14,50.8,Normal
55:38.4,Tekirdağ,Καβάλα,None,0,63.7,70,1144.1,11,0.81,0,-1,0.061,-0.026,-0.473,1.95,16.57,12.14,50.8,Normal
55:39.4,Tekirdağ,Καβάλα,None,0,65.4,70,1174.8,11,0.82,0,-1,0.022,0,-0.498,1.95,16.57,12.14,50.7,Normal
55:40.4,Tekirdağ,Καβάλα,None,0,67.1,70,1206.9,11,0.85,0,-1,-0.009,0.016,-0.502,1.95,16.57,12.14,50.7,Normal
55:41.4,Tekirdağ,Καβάλα,None,0,69,70,1239.8,11,0.93,0,-1,-0.004,-0.032,-0.537,1.95,16.57,12.14,50.7,Normal
55:42.4,Tekirdağ,Καβάλα,None,0,70.9,90,1274.5,11,0.95,0,-1,0.095,-0.02,-0.502,1.95,16.57,12.14,50.7,Normal
55:43.4,Tekirdağ,Καβάλα,None,0,72.2,90,1297.7,11,0.95,0,-1,-0.082,-0.013,-0.277,1.95,16.57,12.14,50.6,Normal
55:44.4,Tekirdağ,Καβάλα,None,0,72.9,90,1310.5,11,0.94,0,-1,-0.034,0.019,-0.15,1.95,16.58,12.14,50.6,Normal
55:45.4,Tekirdağ,Καβάλα,None,0,73.3,90,1317.6,11,0.94,0,-1,0.011,0.141,-0.089,1.95,16.58,12.14,50.6,Normal
55:46.4,Tekirdağ,Καβάλα,None,0,73.7,90,1324.3,11,1,0,0,-0.089,0.087,-0.112,1.95,16.58,12.14,50.5,Normal
55:47.4,Tekirdağ,Καβάλα,None,0,74,90,1329.9,11,1,0,-1,0,0.035,-0.032,1.95,16.58,12.14,50.5,Normal
55:48.4,Tekirdağ,Καβάλα,None,0,73.8,90,1325.2,11,1,0,-1,-0.025,-0.012,0.123,1.95,16.58,12.14,50.5,Normal
55:49.4,Tekirdağ,Καβάλα,None,0,73.2,90,1314.2,11,1,0,-1,0.013,0.006,0.186,1.95,16.58,12.14,50.4,Normal
55:50.4,Tekirdağ,Καβάλα,None,0,72.4,90,1300.7,11,1,0,-1,-0.023,0.019,0.226,1.95,16.58,12.14,50.4,Normal
55:51.4,Tekirdağ,Καβάλα,None,0,71.7,90,1287.7,11,1,0,-1,-0.016,0.022,0.165,1.95,16.59,12.14,50.4,Normal
55:52.4,Tekirdağ,Καβάλα,None,0,71.3,90,1280.4,11,1,0,-1,0.008,0.028,0.087,1.95,16.59,12.14,50.3,Normal
55:53.4,Tekirdağ,Καβάλα,None,0,71.2,90,1279.7,11,1,0,-1,0.069,-0.106,-0.006,1.95,16.59,12.14,50.3,Normal
55:54.4,Tekirdağ,Καβάλα,None,0,71.1,90,1277.5,11,1,0,0,-0.098,-0.015,0.021,1.95,16.59,12.14,50.3,Normal
55:55.4,Tekirdağ,Καβάλα,None,0,71,90,1274.9,11,1,0,-1,-0.072,0.097,0.058,1.95,16.59,12.14,50.2,Normal
55:56.4,Tekirdağ,Καβάλα,None,0,71.1,90,1276.7,11,1,0,-1,-0.022,-0.011,-0.045,1.95,16.59,12.14,50.2,Normal
55:57.4,Tekirdağ,Καβάλα,None,0,71.5,90,1284.3,11,1,0,0,-0.03,-0.057,-0.161,1.95,16.6,12.14,50.2,Normal
55:58.4,Tekirdağ,Καβάλα,None,0,72.4,90,1300.5,11,1,0,0,-0.011,-0.044,-0.332,1.95,16.6,12.14,50.2,Normal
55:59.4,Tekirdağ,Καβάλα,None,0,73.9,90,1329,11,1,0,-1,-0.017,-0.059,-0.501,1.95,16.6,12.14,50.1,Normal
56:00.4,Tekirdağ,Καβάλα,None,0,75.7,90,1359.9,11,1,0,0,-0.029,0.04,-0.472,1.95,16.6,12.14,50.1,Normal
56:01.4,Tekirdağ,Καβάλα,None,0,77.5,90,1392,11,1,0,0,-0.028,0.004,-0.488,1.95,16.6,12.14,50.1,Normal
56:02.4,Tekirdağ,Καβάλα,None,0,78.9,90,1303.7,11,0,0,0,-0.008,0.068,-0.106,1.95,16.6,12.14,50,Normal
56:03.4,Tekirdağ,Καβάλα,None,0,78.5,90,1088.4,12,0,0,0,-0.008,-0.017,0.138,1.95,16.6,12.14,50,Normal
56:04.4,Tekirdağ,Καβάλα,None,0,78.3,90,1085.3,12,0,0,0,-0.026,0.014,-0.029,1.95,16.61,12.14,50,Normal
56:05.4,Tekirdağ,Καβάλα,None,0,78.9,90,1094.4,12,0,0,0,0.004,0.038,-0.204,1.95,16.61,12.14,50,Normal
56:06.4,Tekirdağ,Καβάλα,None,0,79.1,90,1097.3,12,0,0,0,0.01,0.112,-0.036,1.95,16.61,12.14,50,Normal
56:07.4,Tekirdağ,Καβάλα,None,0,79,90,1096.3,12,0,0,0,-0.048,-0.653,-0.091,1.95,16.61,12.14,50,Normal
56:08.4,Tekirdağ,Καβάλα,None,0,79,90,1095.8,12,0,0,-1,0.025,-0.036,0.008,1.95,16.61,12.14,50,Normal
56:09.4,Tekirdağ,Καβάλα,None,0,78.9,90,1094.6,12,0,0,0,-0.018,0.049,0.043,1.95,16.61,12.14,50,Normal
56:10.4,Tekirdağ,Καβάλα,None,0,78.6,90,1090.3,12,0,0,1,-0.004,0.039,0.118,1.95,16.61,12.14,50,Normal
56:11.4,Tekirdağ,Καβάλα,None,0,77.5,70,1070.3,12,0,0.51,1,-0.07,0.035,1.126,1.95,16.62,12.14,50,Speeding
56:12.4,Tekirdağ,Καβάλα,None,0,68.9,70,1077.6,12,0,0,0,0.038,-0.255,0.992,1.95,16.62,12.14,50,Normal
56:13.4,Tekirdağ,Καβάλα,None,0,67.8,70,1213.5,11,0,0,0,0.009,-0.044,0.168,1.95,16.62,12.14,50,Normal
56:14.4,Tekirdağ,Καβάλα,None,0,67.3,70,1204.1,11,0,0,0,0.008,-0.048,0.189,1.95,16.62,12.14,50,Normal
56:15.4,Tekirdağ,Καβάλα,None,0,66.5,70,1188.9,11,0,0,0,0.009,0.004,0.273,1.95,16.62,12.14,50,Normal
56:16.4,Tekirdağ,Καβάλα,None,0,65.3,70,1167.8,11,0,0,0,0.018,-0.101,0.387,1.95,16.62,12.14,50,Normal
56:17.4,Tekirdağ,Καβάλα,None,0,63.8,70,1141.6,11,0,0,-1,0.022,-0.012,0.416,1.95,16.63,12.14,50,Normal
56:18.4,Tekirdağ,Καβάλα,None,0,62.2,70,1113.2,11,0,0,-1,0.048,0.069,0.417,1.95,16.63,12.14,50,Normal
56:19.4,Tekirdağ,Καβάλα,None,0,60.6,70,1084,11,0,0,-1,-0.025,0.027,0.412,1.95,16.63,12.14,50,Normal
56:20.4,Tekirdağ,Καβάλα,None,0,59.1,70,1057.1,11,0,0,0,-0.024,-0.06,0.433,1.95,16.63,12.14,50,Normal
56:21.4,Tekirdağ,Καβάλα,None,0,57.7,70,1031.3,11,0,0,0,-0.029,0.024,0.4,1.95,16.63,12.14,50,Normal
56:22.4,Tekirdağ,Καβάλα,None,0,55.9,50,999.8,11,0,0.06,-1,0.005,-0.001,0.569,1.95,16.63,12.14,50,Speeding
56:23.4,Tekirdağ,Καβάλα,None,0,52.6,50,1062.8,11,0,0.23,-1,0.019,-0.035,1.129,1.95,16.63,12.14,50,Normal
56:24.4,Tekirdağ,Καβάλα,None,0,45,50,991.9,10,0,0.42,-1,0.081,-0.008,2.727,1.95,16.63,12.14,50,Normal
56:25.4,Tekirdağ,Καβάλα,None,0,33.6,50,959.6,9,0,0.18,-1,-0.017,-0.014,2.767,1.95,16.63,12.14,50,Normal
56:26.4,Tekirdağ,Καβάλα,None,0,29.5,50,1308.7,9,0,0,0,-0.042,-0.016,0.404,1.95,16.63,12.14,50,Normal
56:27.4,Tekirdağ,Καβάλα,None,0,28.4,50,1343.6,7,0,0,0,-0.029,-0.002,0.333,1.95,16.63,12.14,50,Normal
56:28.4,Tekirdağ,Καβάλα,None,0,27.2,50,1284.2,7,0,0,-1,0.04,-0.018,0.348,1.95,16.63,12.14,50,Normal
56:29.4,Tekirdağ,Καβάλα,None,0,26.5,50,1257.4,7,0.22,0,-1,-0.025,-0.03,-0.121,1.96,16.64,12.14,50,Normal
56:30.4,Tekirdağ,Καβάλα,None,0,26.6,50,1259.2,7,0.02,0,-1,0.059,0.004,0.122,1.96,16.64,12.14,50,Normal
56:31.4,Tekirdağ,Καβάλα,None,0,26,50,1229,7,0.04,0,-1,0.186,-0.006,0.188,1.96,16.64,12.14,50,Normal
56:32.4,Tekirdağ,Καβάλα,None,0,25.5,50,1207.3,7,0.02,0,0,-0.105,-0.005,0.124,1.96,16.64,12.14,50,Normal
56:33.4,Tekirdağ,Καβάλα,None,0,24.5,50,1159.7,7,0,0,1,-0.305,0.014,0.331,1.96,16.64,12.14,50,Normal
56:34.4,Tekirdağ,Καβάλα,None,0,23.9,50,1127.8,7,0,0,1,-0.305,-0.003,0.177,1.96,16.64,12.14,50,Normal
56:35.4,Tekirdağ,Καβάλα,None,0,23.4,50,1111.1,7,0.19,0,1,-0.082,-0.039,-0.099,1.96,16.64,12.14,50,Normal
56:36.4,Tekirdağ,Καβάλα,None,0,24.2,50,1152,7,0.19,0,0,0.154,0.005,-0.252,1.96,16.64,12.14,50,Normal
56:37.4,Tekirdağ,Καβάλα,None,0,25,50,1189,7,0.19,0,1,-0.001,-0.005,-0.213,1.96,16.64,12.14,50,Normal
56:38.4,Tekirdağ,Καβάλα,None,0,25.7,50,1220.7,7,0.19,0,1,0.017,0.002,-0.181,1.96,16.64,12.14,50,Normal
56:39.4,Tekirdağ,Καβάλα,None,0,26.4,50,1253.7,7,0.19,0,0,0.127,-0.001,-0.187,1.96,16.64,12.14,50,Normal
56:40.4,Tekirdağ,Καβάλα,None,0,27,50,1281,7,0.19,0,-1,0.205,0.003,-0.16,1.96,16.64,12.14,50,Normal
56:41.4,Tekirdağ,Καβάλα,None,0,27.6,50,1308.6,7,0.19,0,-1,0.447,-0.001,-0.162,1.96,16.64,12.14,50,Normal
56:42.4,Tekirdağ,Καβάλα,None,0,28.2,50,1339.1,7,0.19,0,0,-0.162,0.012,-0.196,1.96,16.64,12.14,50,Normal
56:43.4,Tekirdağ,Καβάλα,None,0,29.2,50,1387.6,7,0.39,0,1,-0.169,-0.014,-0.402,1.96,16.64,12.14,49.9,Normal
56:44.4,Tekirdağ,Καβάλα,None,0,30.2,50,1182,7,0.47,0,1,-0.066,0.038,-0.016,1.96,16.64,12.14,49.9,Normal
56:45.4,Tekirdağ,Καβάλα,None,0,30.5,70,1125.5,8,0.54,0,1,-0.081,-0.043,-0.394,1.96,16.64,12.14,49.9,Normal
56:46.4,Tekirdağ,Καβάλα,None,0,32.9,70,1215,8,0.48,0,0,-0.007,-0.013,-0.719,1.96,16.64,12.14,49.9,Normal
56:47.4,Tekirdağ,Καβάλα,None,0,35.4,70,1303.8,8,0.53,0,-1,0.015,0.019,-0.681,1.96,16.64,12.14,49.9,Normal
56:48.4,Tekirdağ,Καβάλα,None,0,37.8,70,1394.4,8,0.49,0,-1,0.031,-0.027,-0.692,1.96,16.64,12.14,49.9,Normal
56:49.4,Tekirdağ,Καβάλα,None,0,38.7,70,1108.2,9,0.5,0,-1,0.005,-0.001,0.004,1.96,16.65,12.14,49.9,Normal
56:50.4,Tekirdağ,Καβάλα,None,0,39.3,70,1129.9,9,0.47,0,-1,-0.007,-0.037,-0.433,1.96,16.65,12.14,49.9,Normal
56:51.4,Tekirdağ,Καβάλα,None,0,41,70,1179.2,9,0.5,0,-1,-0.006,-0.006,-0.503,1.96,16.65,12.14,49.8,Normal
56:52.4,Tekirdağ,Καβάλα,None,0,42.9,70,1231.7,9,0.51,0,-1,0.017,0.029,-0.526,1.96,16.65,12.14,49.8,Normal
56:53.4,Tekirdağ,Καβάλα,None,0,44.7,70,1283.7,9,0.51,0,0,-0.013,-0.049,-0.544,1.96,16.65,12.14,49.8,Normal
56:54.4,Tekirdağ,Καβάλα,None,0,46.6,70,1337.1,9,0.5,0,1,-0.029,0.022,-0.506,1.96,16.65,12.14,49.8,Normal
56:55.4,Tekirdağ,Καβάλα,None,0,48.6,90,1393.9,9,0.61,0,0,-0.011,-0.043,-0.641,1.96,16.65,12.14,49.8,Normal
56:56.4,Tekirdağ,Καβάλα,None,0,49.4,90,1096.4,10,0.56,0,0,-0.01,-0.007,-0.098,1.96,16.65,12.14,49.8,Normal
56:57.4,Tekirdağ,Καβάλα,None,0,50.9,90,1134.3,10,0.56,0,1,-0.062,-0.016,-0.666,1.96,16.65,12.14,49.8,Normal
56:58.4,Tekirdağ,Καβάλα,None,0,53.7,90,1196.3,10,0.56,0,1,-0.009,0.059,-0.797,1.96,16.66,12.14,49.7,Normal
56:59.4,Tekirdağ,Καβάλα,None,0,56.6,90,1260.8,10,0.53,0,-1,0.028,0.021,-0.824,1.96,16.66,12.14,49.7,Normal
57:00.4,Tekirdağ,Καβάλα,None,0,59.5,90,1325.7,10,0.59,0,0,-0.011,0.039,-0.785,1.96,16.66,12.14,49.7,Normal
57:01.4,Tekirdağ,Καβάλα,None,0,62.2,90,1380.7,10,0.55,0,1,-0.021,0.008,-0.731,1.96,16.66,12.14,49.7,Normal
57:02.4,Tekirdağ,Καβάλα,None,0,63.5,90,1137.9,11,0.56,0,1,-0.043,0.029,-0.263,1.96,16.66,12.14,49.7,Normal
57:03.4,Tekirdağ,Καβάλα,None,0,65.2,90,1172,11,0.55,0,1,-0.044,-0.065,-0.642,1.96,16.66,12.14,49.7,Normal
57:04.4,Tekirdağ,Καβάλα,None,0,67.7,90,1215.7,11,0.55,0,1,-0.019,-0.04,-0.648,1.96,16.66,12.14,49.6,Normal
57:05.4,Tekirdağ,Καβάλα,None,0,69.8,90,1254.1,11,0.53,0,1,0.012,-0.02,-0.549,1.96,16.66,12.14,49.6,Normal
57:06.4,Tekirdağ,Καβάλα,None,0,71.6,90,1286,11,0.53,0,1,0.001,-0.002,-0.47,1.96,16.66,12.14,49.6,Normal
57:07.4,Tekirdağ,Καβάλα,None,0,73.1,90,1313.3,11,0.57,0,1,-0.003,0.056,-0.409,1.96,16.67,12.14,49.6,Normal
57:08.4,Tekirdağ,Καβάλα,None,0,74.6,90,1340.2,11,0.59,0,1,0.051,-0.013,-0.406,1.96,16.67,12.14,49.6,Normal
57:09.4,Tekirdağ,Καβάλα,None,0,75.9,90,1363,11,0.54,0,1,0.013,0.045,-0.354,1.96,16.67,12.14,49.5,Normal
57:10.4,Tekirdağ,Καβάλα,None,0,76.2,90,1057.8,12,0.67,0,1,0.01,-0.041,0.066,1.96,16.67,12.14,49.5,Normal
57:11.4,Tekirdağ,Καβάλα,None,0,76.5,90,1065.3,12,0.65,0,-1,0.075,-0.105,-0.234,1.96,16.67,12.14,49.5,Normal
57:12.4,Tekirdağ,Καβάλα,None,0,77.3,90,1076.8,12,0.74,0,0,0.01,-0.038,-0.198,1.96,16.67,12.14,49.5,Normal
57:13.4,Tekirdağ,Καβάλα,None,0,77.8,90,1083.3,12,0.72,0,1,-0.001,0.05,-0.096,1.96,16.67,12.14,49.5,Normal
57:14.4,Tekirdağ,Καβάλα,None,0,76,90,1051.5,12,0,0,0,0.012,0.261,1.483,1.96,16.68,12.14,49.5,Normal
57:15.4,Tekirdağ,Καβάλα,None,0,72.2,70,999.8,12,0,0,-1,0.069,0.01,0.844,1.96,16.68,12.14,49.5,Normal
57:16.4,Tekirdağ,Καβάλα,None,0,69.3,70,1203.2,12,0.32,0,-1,0.027,-0.14,0.695,1.96,16.68,12.14,49.5,Normal
57:17.4,Tekirdağ,Καβάλα,None,0,67.7,70,1213.1,11,0.35,0,-1,0.021,-0.056,0.305,1.96,16.68,12.14,49.5,Normal
57:18.4,Tekirdağ,Καβάλα,None,0,67.1,70,1202.4,11,0.41,0,-1,-0.091,-0.033,0.125,1.96,16.68,12.14,49.4,Normal
57:19.4,Tekirdağ,Καβάλα,None,0,64.6,70,1153.4,11,0,0.06,-1,0.069,0.139,1.549,1.96,16.68,12.14,49.4,Normal
57:20.4,Tekirdağ,Καβάλα,None,0,60,70,1070.9,11,0,0,0,-0.105,0.116,1.358,1.96,16.69,12.14,49.4,Normal
57:21.4,Tekirdağ,Καβάλα,None,0,56.7,50,1012,11,0,0,1,-0.056,0.031,0.968,1.96,16.69,12.14,49.4,Speeding
57:22.4,Tekirdağ,Καβάλα,None,0,53.2,50,1021.8,11,0,0,0,-0.015,0,0.911,1.96,16.69,12.14,49.4,Normal
57:23.4,Tekirdağ,Καβάλα,None,0,51.2,50,1134.2,10,0,0,-1,-0.014,-0.018,0.373,1.96,16.69,12.14,49.4,Normal
57:24.4,Tekirdağ,Καβάλα,None,0,50,50,1106.9,10,0,0,-1,0.048,-0.021,0.336,1.96,16.69,12.14,49.4,Normal
57:25.4,Tekirdağ,Καβάλα,None,0,49.2,50,1097,10,0,0,0,0.012,-0.086,-0.175,1.96,16.69,12.14,49.4,Normal
57:26.4,Tekirdağ,Καβάλα,None,0,50.1,50,1112.1,10,0.16,0,-1,0.108,0.049,-0.014,1.96,16.69,12.14,49.4,Normal
57:27.4,Tekirdağ,Καβάλα,None,0,50.1,50,1113.3,10,0.44,0,0,-0.014,0.007,-0.087,1.96,16.69,12.14,49.4,Normal
57:28.4,Tekirdağ,Καβάλα,None,0,51,90,1134.3,10,0.58,0,1,0.029,-0.055,-0.353,1.96,16.69,12.14,49.4,Normal
57:29.4,Tekirdağ,Καβάλα,None,0,52.2,90,1161.6,10,0.69,0,1,-0.045,0.01,-0.352,1.96,16.69,12.14,49.4,Normal
57:30.4,Tekirdağ,Καβάλα,None,0,53.5,90,1192.7,10,0.73,0,0,0.047,0.019,-0.414,1.96,16.69,12.14,49.3,Normal
57:31.4,Tekirdağ,Καβάλα,None,0,55,90,1224.9,10,0.72,0,-1,0.124,-0.03,-0.411,1.96,16.7,12.14,49.3,Normal
57:32.4,Tekirdağ,Καβάλα,None,0,56.5,90,1257.3,10,0.79,0,0,-0.028,0.004,-0.409,1.96,16.7,12.14,49.3,Normal
57:33.4,Tekirdağ,Καβάλα,None,0,58.1,90,1293.7,10,0.87,0,0,-0.015,-0.019,-0.488,1.96,16.7,12.14,49.3,Normal
57:34.4,Tekirdağ,Καβάλα,None,0,59.9,90,1334.1,10,0.93,0,-1,0,-0.039,-0.508,1.96,16.7,12.14,49.2,Normal
57:35.4,Tekirdağ,Καβάλα,None,0,61.7,90,1373.1,10,0.86,0,-1,0.049,0.037,-0.497,1.96,16.7,12.14,49.2,Normal
57:36.4,Tekirdağ,Καβάλα,None,0,63.4,90,1411.5,10,0.86,0,0,-0.016,0.036,-0.487,1.96,16.7,12.14,49.2,Normal
57:37.4,Tekirdağ,Καβάλα,None,0,63.7,90,1139.5,11,0.81,0,0,-0.03,0.013,0.187,1.96,16.7,12.14,49.2,Normal
57:38.4,Tekirdağ,Καβάλα,None,0,63.5,90,1141.4,11,0.9,0,0,-0.001,-0.035,-0.212,1.96,16.7,12.14,49.2,Normal
57:39.4,Tekirdağ,Καβάλα,None,0,64.8,90,1164.6,11,0.86,0,1,-0.022,0.009,-0.397,1.96,16.7,12.14,49.1,Normal
57:40.4,Tekirdağ,Καβάλα,None,0,66.3,90,1191.8,11,0.86,0,1,-0.008,0.034,-0.422,1.96,16.71,12.14,49.1,Normal
57:41.4,Tekirdağ,Καβάλα,None,0,67.8,90,1219.1,11,0.86,0,1,-0.031,-0.005,-0.432,1.96,16.71,12.14,49.1,Normal
57:42.4,Tekirdağ,Καβάλα,None,0,69.4,90,1247.4,11,0.83,0,1,-0.074,-0.109,-0.471,1.96,16.71,12.14,49.1,Normal
57:43.4,Tekirdağ,Καβάλα,None,0,71,90,1276.2,11,0.85,0,1,-0.009,0.109,-0.453,1.96,16.71,12.14,49,Normal
57:44.4,Tekirdağ,Καβάλα,None,0,72.9,90,1309.3,11,0.93,0,1,-0.002,0.067,-0.504,1.96,16.71,12.14,49,Normal
57:45.4,Tekirdağ,Καβάλα,None,0,74.7,90,1342.4,11,0.9,0,1,0.005,-0.017,-0.504,1.96,16.72,12.14,49,Normal
57:46.4,Tekirdağ,Καβάλα,None,0,76.6,90,1375.5,11,0.86,0,1,-0.006,-0.068,-0.515,1.96,16.72,12.14,48.9,Normal
57:47.4,Tekirdağ,Καβάλα,None,0,78.2,90,1405.4,11,0.82,0,1,-0.014,0.043,-0.47,1.96,16.72,12.14,48.9,Normal
57:48.4,Tekirdağ,Καβάλα,None,0,79.7,90,1342.2,11,0.81,0,1,0.008,0.121,-0.173,1.96,16.72,12.14,48.9,Normal
57:49.4,Tekirdağ,Καβάλα,None,0,79.5,90,1105.9,12,0.83,0,1,-0.039,-0.009,0.06,1.96,16.72,12.14,48.9,Normal
57:50.4,Tekirdağ,Καβάλα,None,0,80.3,90,1117.7,12,0.83,0,1,0.021,-0.028,-0.29,1.96,16.72,12.14,48.9,Normal
57:51.4,Tekirdağ,Καβάλα,None,0,81.4,90,1133.2,12,0.83,0,1,-0.057,-0.048,-0.309,1.96,16.72,12.14,48.8,Normal
57:52.4,Tekirdağ,Καβάλα,None,0,82.5,90,1148.9,12,0.83,0,1,-0.064,-0.002,-0.301,1.96,16.72,12.14,48.8,Normal
57:53.4,Tekirdağ,Καβάλα,None,0,83.6,90,1164.5,12,0.82,0,1,0.028,0.004,-0.314,1.97,16.73,12.14,48.8,Normal
57:54.4,Tekirdağ,Καβάλα,None,0,84.8,90,1180.2,12,0.8,0,0,0.064,-0.017,-0.33,1.97,16.73,12.14,48.8,Normal
57:55.4,Tekirdağ,Καβάλα,None,0,85.4,90,1185.1,12,0,0,0,0.029,0.087,0.011,1.97,16.73,12.14,48.7,Normal
57:56.4,Tekirdağ,Καβάλα,None,0,84.9,90,1177.8,12,0,0,-1,0.03,0.06,0.19,1.97,16.73,12.14,48.7,Normal
57:57.4,Tekirdağ,Καβάλα,None,0,84.1,90,1166,12,0,0,-1,0.071,0.061,0.243,1.97,16.73,12.14,48.7,Normal
57:58.4,Tekirdağ,Καβάλα,None,0,83.4,90,1159.6,12,0.65,0,1,-0.073,-0.088,0.06,1.97,16.73,12.14,48.7,Normal
57:59.4,Tekirdağ,Καβάλα,None,0,83.6,90,1164.4,12,1,0,0,0.032,0.068,-0.126,1.97,16.74,12.14,48.7,Normal
58:00.4,Tekirdağ,Καβάλα,None,0,83.9,90,1164,12,0,0,0,0.008,0.054,0.153,1.97,16.74,12.14,48.7,Normal
58:01.4,Tekirdağ,Καβάλα,None,0,82.9,90,1149.3,12,0,0,0,0.01,0.014,0.329,1.97,16.74,12.14,48.7,Normal
58:02.4,Tekirdağ,Καβάλα,None,0,81.4,90,1127.9,12,0,0.01,0,0.02,-0.029,0.585,1.97,16.74,12.14,48.7,Normal
58:03.4,Tekirdağ,Καβάλα,None,0,78.5,90,1087.2,12,0,0.06,0,-0.001,0.011,1.019,1.97,16.74,12.14,48.7,Normal
58:04.4,Tekirdağ,Καβάλα,None,0,74.9,70,1037.5,12,0,0,-1,0.061,0.004,0.797,1.97,16.75,12.14,48.7,Normal
58:05.4,Tekirdağ,Καβάλα,None,0,70.5,70,973,12,0,0.4,-1,0.176,0.096,2.679,1.97,16.75,12.14,48.7,Normal
58:06.4,Tekirdağ,Καβάλα,None,0,63.5,70,1136,11,0,0,0,-0.132,-0.009,0.779,1.97,16.75,12.14,48.7,Normal
58:07.4,Tekirdağ,Καβάλα,None,0,61.8,70,1104,11,0,0.06,-1,-0.053,0.005,0.489,1.97,16.75,12.14,48.7,Normal
58:08.4,Tekirdağ,Καβάλα,None,0,59.8,70,1067.9,11,0,0,0,-0.101,-0.005,0.526,1.97,16.75,12.14,48.7,Normal
58:09.4,Tekirdağ,Καβάλα,None,0,57.9,70,1033.7,11,0,0.08,1,-0.169,0.032,0.51,1.97,16.75,12.14,48.7,Normal
58:10.5,Tekirdağ,Καβάλα,None,0,54.1,70,966,11,0,0,0,0.009,-0.072,0.659,1.97,16.75,12.14,48.7,Normal
58:11.4,Tekirdağ,Καβάλα,None,0,53,70,1175.2,10,0,0,1,-0.021,-0.014,0.16,1.97,16.75,12.14,48.7,Normal
58:12.4,Tekirdağ,Καβάλα,None,0,52.7,50,1170.1,10,0.32,0,0,-0.005,0.055,-0.048,1.97,16.75,12.14,48.7,Normal
58:13.4,Tekirdağ,Καβάλα,None,0,53.4,50,1186.8,10,0.45,0,0,-0.011,-0.021,-0.284,1.97,16.75,12.14,48.7,Normal
58:14.5,Tekirdağ,Καβάλα,None,0,54.5,50,1212.3,10,0.44,0,0,0.009,0.033,-0.311,1.97,16.76,12.14,48.7,Normal
58:15.4,Tekirdağ,Καβάλα,None,0,55.7,50,1238.7,10,0.51,0,0,-0.02,0.028,-0.353,1.97,16.76,12.14,48.6,Speeding
58:16.4,Tekirdağ,Καβάλα,None,0,57,50,1269,10,0.6,0,0,0.009,-0.004,-0.404,1.97,16.76,12.14,48.6,Speeding
58:17.4,Tekirdağ,Καβάλα,None,0,58.7,90,1307.1,10,0.6,0,0,0.027,-0.113,-0.533,1.97,16.76,12.14,48.6,Normal
58:18.4,Tekirdağ,Καβάλα,None,0,60.9,90,1356.1,10,0.66,0,1,-0.031,-0.096,-0.672,1.97,16.76,12.14,48.6,Normal
58:19.4,Tekirdağ,Καβάλα,None,0,63.1,90,1226.6,10,0.62,0,0,0.091,0.082,-0.347,1.97,16.76,12.14,48.6,Normal
58:20.5,Tekirdağ,Καβάλα,None,0,64.2,90,1153.1,11,0.61,0,0,0.005,0.013,-0.458,1.97,16.76,12.15,48.6,Normal
58:21.4,Tekirdağ,Καβάλα,None,0,66.7,90,1198.9,11,0.62,0,-1,0.02,-0.017,-0.78,1.97,16.76,12.15,48.5,Normal
58:22.5,Tekirdağ,Καβάλα,None,0,69.7,90,1251.7,11,0.6,0,-1,0.038,-0.017,-0.85,1.97,16.76,12.15,48.5,Normal
58:23.4,Tekirdağ,Καβάλα,None,0,72.7,90,1307.1,11,0.65,0,0,0.023,-0.041,-0.88,1.97,16.77,12.15,48.5,Normal
58:24.4,Tekirdağ,Καβάλα,None,0,76,90,1366.2,11,0.68,0,1,-0.085,0.004,-0.945,1.97,16.77,12.15,48.5,Normal
58:25.4,Tekirdağ,Καβάλα,None,0,78.5,90,1089.8,12,0.69,0,1,-0.035,0.008,-0.368,1.97,16.77,12.15,48.5,Normal
58:26.4,Tekirdağ,Καβάλα,None,0,80.4,90,1119,12,0.66,0,-1,0.053,-0.083,-0.62,1.97,16.77,12.15,48.5,Normal
58:27.5,Tekirdağ,Καβάλα,None,0,82.4,90,1147.1,12,0.72,0,0,0.032,-0.047,-0.522,1.97,16.77,12.15,48.4,Normal
58:28.4,Tekirdağ,Καβάλα,None,0,83.9,90,1163.7,12,0,0,0,0.009,0.057,-0.277,1.97,16.78,12.15,48.4,Normal
58:29.4,Tekirdağ,Καβάλα,None,0,83.5,90,1157.8,12,0,0,-1,0.158,0.107,0.229,1.97,16.78,12.15,48.4,Normal
58:30.4,Tekirdağ,Καβάλα,None,0,82.4,90,1142.6,12,0,0,-1,0,0.085,0.259,1.97,16.78,12.15,48.4,Normal
58:31.4,Tekirdağ,Καβάλα,None,0,81.9,90,1139.2,12,0.47,0,-1,-0.102,-0.106,-0.053,1.97,16.78,12.15,48.4,Normal
58:32.4,Tekirdağ,Καβάλα,None,0,82.6,90,1148,12,0.47,0,-1,0.016,0.065,-0.193,1.97,16.78,12.15,48.4,Normal
58:33.4,Tekirdağ,Καβάλα,None,0,83.2,90,1157.3,12,0.51,0,-1,-0.06,-0.027,-0.157,1.97,16.78,12.15,48.4,Normal
58:34.4,Tekirdağ,Καβάλα,None,0,83.8,90,1165.5,12,0.49,0,-1,0.131,0.041,-0.157,1.97,16.78,12.15,48.4,Normal
58:35.4,Tekirdağ,Καβάλα,None,0,84.2,90,1167.4,12,0,0,-1,-0.048,0.116,0.049,1.97,16.79,12.15,48.3,Normal
58:36.4,Tekirdağ,Καβάλα,None,0,83.6,90,1159.6,12,0,0,-1,-0.047,-0.009,0.176,1.97,16.79,12.15,48.3,Normal
58:37.4,Tekirdağ,Καβάλα,None,0,83,90,1150.4,12,0,0,-1,0.065,-0.022,0.183,1.97,16.79,12.15,48.3,Normal
58:38.4,Tekirdağ,Καβάλα,None,0,82.3,90,1141.1,12,0,0,-1,0.079,-0.062,0.195,1.97,16.79,12.15,48.3,Normal
58:39.5,Tekirdağ,Καβάλα,None,0,81.6,90,1131.7,12,0,0,-1,-0.048,-0.025,0.19,1.97,16.79,12.15,48.3,Normal
58:40.4,Tekirdağ,Καβάλα,None,0,81,90,1123.4,12,0,0,0,-0.091,-0.015,0.177,1.97,16.79,12.15,48.3,Normal
58:41.5,Tekirdağ,Καβάλα,None,0,80.4,90,1114.3,12,0,0,-1,-0.021,-0.032,0.176,1.97,16.79,12.15,48.3,Normal
58:42.4,Tekirdağ,Καβάλα,None,0,79.8,90,1106.2,12,0,0,1,-0.026,0.05,0.159,1.97,16.8,12.15,48.3,Normal
58:43.5,Tekirdağ,Καβάλα,None,0,79.1,90,1097.4,12,0,0,1,-0.148,-0.006,0.17,1.97,16.8,12.15,48.3,Normal
58:44.5,Tekirdağ,Καβάλα,None,0,78.5,90,1089.1,12,0,0,-1,0.098,0.022,0.162,1.97,16.8,12.15,48.3,Normal
58:45.5,Tekirdağ,Καβάλα,None,0,77.9,90,1080.8,12,0,0,-1,0.141,-0.019,0.173,1.97,16.8,12.15,48.3,Normal
58:46.4,Tekirdağ,Καβάλα,None,0,61.5,90,1753.3,9,0,1,0,-0.08,-0.054,6.467,1.97,16.8,12.15,48.3,Hard Braking
58:47.4,Tekirdağ,Καβάλα,None,0,40.7,90,1569.3,9,0,1,-1,0.089,-0.126,5.761,1.97,16.81,12.15,48.3,Hard Braking
58:48.4,Tekirdağ,Καβάλα,None,0,25,90,1178.4,7,0.12,0,0,-0.047,-0.122,1.682,1.97,16.81,12.15,48.3,Normal
58:49.4,Tekirdağ,Καβάλα,None,0,24,90,1140.2,7,0.25,0,1,-0.047,-0.01,-0.203,1.97,16.81,12.15,48.3,Normal
58:50.5,Tekirdağ,Καβάλα,None,0,25.4,90,1205.2,7,0.29,0,1,-0.063,0,-0.413,1.97,16.81,12.15,48.3,Normal
58:51.5,Tekirdağ,Καβάλα,None,0,26.9,90,1278.7,7,0.29,0,1,-0.012,0.008,-0.424,1.97,16.81,12.15,48.3,Normal
58:52.5,Tekirdağ,Καβάλα,None,0,28.4,50,1348.9,7,0.28,0,1,0.002,0.002,-0.408,1.97,16.81,12.15,48.3,Normal
58:53.5,Tekirdağ,Καβάλα,None,0,29.8,50,1413.3,7,0.25,0,0,0.021,-0.002,-0.365,1.97,16.81,12.15,48.3,Normal
58:54.4,Tekirdağ,Καβάλα,None,0,30.1,50,1103.5,8,0.25,0,0,0.012,0.01,0.05,1.97,16.81,12.15,48.3,Normal
58:55.4,Tekirdağ,Καβάλα,None,0,30.4,50,1120.6,8,0.34,0,1,-0.005,-0.016,-0.298,1.97,16.81,12.15,48.3,Normal
58:56.4,Tekirdağ,Καβάλα,None,0,31.8,50,1171.4,8,0.26,0,0,0.011,-0.003,-0.41,1.97,16.81,12.15,48.3,Normal
58:57.5,Tekirdağ,Καβάλα,None,0,32.8,50,1207,8,0.22,0,0,-0.026,0.011,-0.203,1.97,16.81,12.15,48.3,Normal
58:58.4,Tekirdağ,Καβάλα,None,0,33.6,50,1233.7,8,0.21,0,1,-0.044,0.003,-0.205,1.97,16.81,12.15,48.2,Normal
58:59.5,Tekirdağ,Καβάλα,None,0,34.3,50,1262.8,8,0.22,0,1,-0.01,-0.001,-0.209,1.98,16.81,12.15,48.2,Normal
59:00.4,Tekirdağ,Καβάλα,None,0,35,90,1287.7,8,0.21,0,0,0.01,-0.007,-0.187,1.98,16.81,12.15,48.2,Normal
59:01.4,Tekirdağ,Καβάλα,None,0,35.7,90,1311.2,8,0.22,0,1,0.001,-0.02,-0.176,1.98,16.81,12.15,48.2,Normal
59:02.5,Tekirdağ,Καβάλα,None,0,36.4,90,1337.8,8,0.21,0,1,-0.029,0.023,-0.184,1.98,16.81,12.15,48.2,Normal
59:03.5,Tekirdağ,Καβάλα,None,0,36.9,90,1356.5,8,0.14,0,0,-0.012,-0.026,-0.095,1.98,16.81,12.15,48.2,Normal
59:04.5,Tekirdağ,Καβάλα,None,0,37.1,90,1362.2,8,0.36,0,1,0.003,-0.013,-0.056,1.98,16.82,12.15,48.2,Normal
59:05.5,Tekirdağ,Καβάλα,None,0,38.3,90,1405.8,8,0.38,0,0,0.008,0.014,-0.452,1.98,16.82,12.15,48.2,Normal
59:06.4,Tekirdağ,Καβάλα,None,0,38.4,90,1099.7,9,0.27,0,-1,0.053,0.01,0.05,1.98,16.82,12.15,48.2,Normal
59:07.4,Tekirdağ,Καβάλα,None,0,39,90,1121.6,9,0.4,0,-1,-0.01,-0.069,-0.382,1.98,16.82,12.15,48.2,Normal
59:08.5,Tekirdağ,Καβάλα,None,0,40.5,90,1164.4,9,0.39,0,-1,0.08,-0.036,-0.407,1.98,16.82,12.15,48.2,Normal
59:09.5,Tekirdağ,Καβάλα,None,0,41.9,90,1203.2,9,0.35,0,0,-0.019,-0.008,-0.368,1.98,16.82,12.15,48.1,Normal
59:10.5,Tekirdağ,Καβάλα,None,0,43.1,90,1238,9,0.34,0,-1,0.013,-0.019,-0.336,1.98,16.82,12.15,48.1,Normal
59:11.5,Tekirdağ,Καβάλα,None,0,44.3,90,1272.2,9,0.41,0,0,-0.018,0.011,-0.336,1.98,16.82,12.15,48.1,Normal
59:12.5,Tekirdağ,Καβάλα,None,0,45.6,90,1309.6,9,0.35,0,-1,-0.004,0.009,-0.35,1.98,16.82,12.15,48.1,Normal
59:13.5,Tekirdağ,Καβάλα,None,0,46.2,90,1320.5,9,0,0,0,0.006,0.039,0.087,1.98,16.83,12.15,48.1,Normal
59:14.5,Tekirdağ,Καβάλα,None,0,45.6,90,1305,9,0.08,0,0,0.003,0,0.131,1.98,16.83,12.15,48.1,Normal
59:15.5,Tekirdağ,Καβάλα,None,0,45.5,90,1304.3,9,0.33,0,0,-0.021,-0.033,-0.13,1.98,16.83,12.15,48.1,Normal
59:16.5,Tekirdağ,Καβάλα,None,0,46.2,90,1323.3,9,0.14,0,0,-0.001,0.059,-0.115,1.98,16.83,12.15,48.1,Normal
59:17.5,Tekirdağ,Καβάλα,None,0,46.1,90,1320.1,9,0,0,0,-0.027,-0.011,0.118,1.98,16.83,12.15,48.1,Normal
59:18.5,Tekirdağ,Καβάλα,None,0,45.5,90,1302.6,9,0,0,0,-0.003,-0.048,0.183,1.98,16.83,12.15,48.1,Normal
59:19.5,Tekirdağ,Καβάλα,None,0,45.1,90,1292,9,0.17,0,0,-0.018,-0.033,0.004,1.98,16.83,12.15,48.1,Normal
59:20.5,Tekirdağ,Καβάλα,None,0,45.4,90,1299.5,9,0,0,1,-0.004,0.003,-0.112,1.98,16.83,12.15,48.1,Normal
59:21.5,Tekirdağ,Καβάλα,None,0,45.1,90,1288.8,9,0,0,0,0.012,-0.024,0.182,1.98,16.83,12.15,48.1,Normal
59:22.5,Tekirdağ,Καβάλα,None,0,44.2,90,1264.1,9,0,0,0,0.012,-0.011,0.257,1.98,16.83,12.15,48.1,Normal
59:23.5,Tekirdağ,Καβάλα,None,0,43.3,90,1237.5,9,0,0,0,-0.021,0.026,0.258,1.98,16.83,12.15,48.1,Normal
59:24.5,Tekirdağ,Καβάλα,None,0,42.4,90,1212,9,0,0,0,-0.001,0.003,0.259,1.98,16.83,12.15,48.1,Normal
59:25.5,Tekirdağ,Καβάλα,None,0,41.5,90,1185.1,9,0,0,-1,0.044,0.02,0.246,1.98,16.83,12.15,48.1,Normal
59:26.5,Tekirdağ,Καβάλα,None,0,40.6,50,1160.6,9,0,0,0,0.003,-0.007,0.249,1.98,16.84,12.15,48.1,Normal
59:27.5,Tekirdağ,Καβάλα,None,0,39.7,50,1135.7,9,0,0,0,0.007,-0.033,0.233,1.98,16.84,12.15,48.1,Normal
59:28.5,Tekirdağ,Καβάλα,None,0,38.8,0,1109.8,9,0,0,0,-0.022,0.017,0.24,1.98,16.84,12.15,48.1,Normal
59:29.5,Tekirdağ,Καβάλα,None,0,38,0,1085.5,9,0,0,-1,0.015,0.003,0.239,1.98,16.84,12.15,48.1,Normal
59:30.5,Tekirdağ,Καβάλα,None,0,36.3,0,1036.6,9,0,0.01,-1,0.096,-0.012,0.404,1.98,16.84,12.15,48.1,Normal
59:31.5,Tekirdağ,Καβάλα,None,0,33.4,0,953.2,9,0,0.09,-1,0.031,0.008,1.005,1.98,16.84,12.15,48.1,Normal
59:32.5,Tekirdağ,Καβάλα,None,0,30.6,0,1098,9,0,0,-1,0.017,-0.024,0.416,1.98,16.84,12.15,48.1,Normal
59:33.5,Tekirdağ,Καβάλα,None,0,29.7,0,1089.9,8,0,0,-1,0.012,0.009,0.231,1.98,16.84,12.15,48.1,Normal
59:34.5,Tekirdağ,Καβάλα,None,0,28.9,0,1057.6,8,0,0,0,-0.046,-0.005,0.247,1.98,16.84,12.15,48.1,Normal
59:35.5,Tekirdağ,Καβάλα,None,0,28,0,1024.6,8,0,0,0,-0.048,0.007,0.247,1.98,16.84,12.15,48.1,Normal
59:36.5,Tekirdağ,Καβάλα,None,0,27.1,0,993.6,8,0,0,1,-0.088,-0.003,0.241,1.98,16.84,12.15,48.1,Normal
59:37.5,Tekirdağ,Καβάλα,None,0,26.3,0,962.1,8,0,0,1,-0.046,-0.009,0.238,1.98,16.84,12.15,48.1,Normal
59:38.5,Tekirdağ,Καβάλα,None,0,25.4,0,931.2,8,0,0,0,0.013,0.001,0.225,1.98,16.84,12.15,48.1,Normal
59:39.5,Tekirdağ,Καβάλα,None,0,24.1,0,881.6,8,0,0.1,0,0.009,0.017,0.686,1.98,16.84,12.15,48.1,Normal
59:40.5,Tekirdağ,Καβάλα,None,0,20.4,0,960.8,7,0,0.13,0,0,-0.004,1.152,1.98,16.84,12.15,48.1,Normal
59:41.5,Tekirdağ,Καβάλα,None,0,15.1,0,1045.7,7,0,0.19,0,0.002,-0.018,1.639,1.98,16.84,12.15,48.1,Normal
59:42.5,Tekirdağ,Καβάλα,None,0,8.6,0,747,5,0,0.2,0,0.002,0.003,1.873,1.98,16.84,12.15,48.1,Normal
59:43.5,Tekirdağ,Καβάλα,None,0,3.1,0,530.6,2,0,0,0,0.003,0.054,0.78,1.98,16.84,12.15,48.1,Normal
59:44.5,Tekirdağ,Καβάλα,None,0,2.2,0,550.2,2,0,0.37,0,0.003,-0.026,1.448,1.98,16.84,12.15,48.1,Normal
59:45.5,Tekirdağ,Καβάλα,None,0,0.9,0,761.3,1,0.42,0,0,0,-0.001,-0.182,1.98,16.84,12.15,48.1,Normal
59:46.5,Tekirdağ,Καβάλα,None,0,2,0,545.3,1,0,1,0,-0.003,0.005,0.126,1.98,16.84,12.15,48.1,Normal
59:47.5,Tekirdağ,Καβάλα,None,0,0,0,550,1,0,0,0,-0.003,-0.001,-0.004,1.98,16.84,12.15,48.1,Normal
59:48.5,Tekirdağ,Καβάλα,None,0,0,0,550,1,0,0,0,-0.001,0,-0.001,1.98,16.84,12.15,48.1,Normal
59:49.5,Tekirdağ,Καβάλα,None,0,0.3,0,554.6,1,0,0,0,0,-0.049,-0.19,1.98,16.84,12.15,48.1,Normal
59:50.5,Tekirdağ,Καβάλα,None,0,3.4,0,725.2,1,0,0.77,0,-0.004,-0.192,-0.158,1.98,16.84,12.15,48.1,Normal
59:51.5,Tekirdağ,Καβάλα,None,0,0,0,550,1,0,0,0,0,-0.001,0.001,1.98,16.84,12.15,48.1,Normal
59:52.5,Tekirdağ,Καβάλα,None,0,0,0,550,1,0,0,0,0,-0.001,0,1.98,16.84,12.15,48.1,Normal
59:53.5,Tekirdağ,Καβάλα,None,0,0,0,550,1,0,0,0,0,0.001,0,1.98,16.84,12.15,48.1,Normal
59:54.5,Tekirdağ,Καβάλα,None,0,0,0,550,1,0,0,0,0,0,0,1.98,16.84,12.15,48.1,Normal
59:55.5,Tekirdağ,Καβάλα,None,0,0,0,550,1,0,0,0,0,0.007,0.001,1.98,16.84,12.15,48.1,Normal
59:56.5,Tekirdağ,Καβάλα,None,0,0,0,550,1,0,0,0,0,0,0,1.98,16.84,12.15,48.1,Normal
59:57.5,Tekirdağ,Καβάλα,None,0,5.2,0,1212.7,1,0.75,0,0,0.016,-0.018,-3.34,1.98,16.84,12.15,48.1,Normal
59:58.5,Tekirdağ,Καβάλα,None,0,9.6,0,1205.5,3,0.76,0,0,0.009,0,-0.124,1.98,16.84,12.15,48.1,Normal
59:59.5,Tekirdağ,Καβάλα,None,0,13.2,0,1607,3,0.9,0,1,-0.037,-0.243,-1.432,1.98,16.84,12.15,48,Normal
00:00.5,Tekirdağ,Καβάλα,None,0,14.1,0,1111.9,5,0.74,0,1,0.003,0.019,-0.006,1.98,16.84,12.15,48,Normal
00:01.5,Tekirdağ,Καβάλα,None,0,18.8,0,1496.4,5,0.74,0,0,-0.003,-0.051,-1.774,1.98,16.84,12.15,48,Normal
00:02.5,Tekirdağ,Καβάλα,None,0,20.1,0,953.2,7,0.7,0,-1,0.08,0.022,-0.009,1.98,16.84,12.15,48,Normal
00:03.5,Tekirdağ,Καβάλα,None,0,22.5,0,1079.1,7,0.73,0,-1,0.2,-0.039,-1.129,1.98,16.84,12.15,48,Normal
00:04.5,Tekirdağ,Καβάλα,None,0,27.3,0,1310.1,7,0.83,0,-1,0.197,-0.015,-1.401,1.98,16.84,12.15,48,Normal
00:05.5,Tekirdağ,Καβάλα,None,0,31.9,0,1469.2,7,0.85,0,-1,-0.034,-0.002,-0.881,1.98,16.84,12.15,48,Normal
00:06.5,Tekirdağ,Καβάλα,None,0,32.4,0,1192.4,8,0.7,0,-1,-0.115,0.01,0.022,1.98,16.84,12.15,48,Normal
00:07.5,Tekirdağ,Καβάλα,None,0,34.7,0,1285.6,8,0.82,0,0,-0.096,-0.01,-0.933,1.98,16.84,12.15,47.9,Normal
00:08.5,Tekirdağ,Καβάλα,None,0,38.6,0,1427.2,8,0.81,0,0,-0.023,-0.012,-1.066,1.98,16.84,12.15,47.9,Normal
00:09.5,Tekirdağ,Καβάλα,None,0,40.7,0,1207,8,0.81,0,1,-0.126,0.097,-0.091,1.98,16.85,12.15,47.9,Normal
00:10.5,Tekirdağ,Καβάλα,None,0,41.3,0,1190.3,9,0.8,0,0,0.052,-0.07,-0.579,1.98,16.85,12.15,47.9,Normal
00:11.5,Tekirdağ,Καβάλα,None,0,42.6,0,1217.8,9,0,0,1,-0.064,0.058,0.048,1.98,16.85,12.15,47.9,Normal
00:12.5,Tekirdağ,Καβάλα,None,0,42.5,0,1219,9,0.42,0,1,-0.063,0.041,-0.154,1.98,16.85,12.15,47.9,Normal
00:13.5,Tekirdağ,Καβάλα,None,0,43.7,0,1256.8,9,0.46,0,1,-0.057,0.005,-0.426,1.98,16.85,12.15,47.8,Normal
00:14.5,Tekirdağ,Καβάλα,None,0,45.4,0,1303.8,9,0.32,0,1,-0.183,-0.033,-0.434,1.98,16.85,12.15,47.8,Normal
00:15.5,Tekirdağ,Καβάλα,None,0,47.2,0,1359.3,9,0.66,0,1,-0.097,0.012,-0.622,1.98,16.85,12.15,47.8,Normal
00:16.5,Tekirdağ,Καβάλα,None,0,49,0,1267.7,9,0.58,0,-1,0.285,0.092,-0.146,1.98,16.85,12.15,47.8,Normal
00:17.5,Tekirdağ,Καβάλα,None,0,48.8,0,1083.2,10,0,0,0,0.105,0.034,-0.018,1.98,16.86,12.15,47.8,Normal
00:18.5,Tekirdağ,Καβάλα,None,0,48.4,0,1072.7,10,0,0,0,0.06,0.01,0.156,1.98,16.86,12.15,47.8,Normal
00:19.5,Tekirdağ,Καβάλα,None,0,47.8,0,1059.7,10,0,0,0,0.032,0.018,0.159,1.98,16.86,12.15,47.8,Normal
00:20.5,Tekirdağ,Καβάλα,None,0,47.2,0,1047.2,10,0,0,0,0.016,0.018,0.156,1.98,16.86,12.15,47.8,Normal
00:21.5,Tekirdağ,Καβάλα,None,0,46.7,0,1034.9,10,0,0,0,0,-0.032,0.154,1.98,16.86,12.15,47.8,Normal
00:22.5,Tekirdağ,Καβάλα,None,0,46.1,0,1022.7,10,0,0,1,-0.023,-0.036,0.161,1.98,16.86,12.15,47.8,Normal
00:23.5,Tekirdağ,Καβάλα,None,0,45.4,0,1006.4,10,0,0.03,0,-0.045,0.003,0.325,1.98,16.86,12.15,47.8,Normal
00:24.5,Tekirdağ,Καβάλα,None,0,43.7,0,968.1,10,0,0.08,1,0.026,-0.038,0.564,1.98,16.86,12.15,47.8,Normal
00:25.5,Tekirdağ,Καβάλα,None,0,41.1,0,1106,10,0,0.11,0,0.01,-0.043,0.804,1.98,16.86,12.15,47.8,Normal
00:26.5,Tekirdağ,Καβάλα,None,0,36.8,0,1047.6,9,0,0.25,0,0.009,0.027,1.743,1.98,16.86,12.15,47.8,Normal
00:27.5,Tekirdağ,Καβάλα,None,0,30.1,0,929.8,9,0,0.1,1,-0.019,0.004,1.463,1.98,16.86,12.15,47.8,Normal
00:28.5,Tekirdağ,Καβάλα,None,0,26.8,0,981.9,8,0,0.07,-1,0.027,-0.003,0.845,1.98,16.86,12.15,47.8,Normal
00:29.5,Tekirdağ,Καβάλα,None,0,25.2,0,923.6,8,0,0,-1,0.019,0.001,0.242,1.98,16.86,12.15,47.8,Normal
00:30.5,Tekirdağ,Καβάλα,None,0,24,0,877.9,8,0,0.08,1,0.004,0.011,0.566,1.98,16.86,12.15,47.8,Normal
00:31.5,Tekirdağ,Καβάλα,None,0,19.8,0,932.4,7,0,0.23,0,-0.002,-0.006,1.536,1.98,16.86,12.15,47.8,Normal
00:32.5,Tekirdağ,Καβάλα,None,0,7.6,0,635.1,5,0,0.5,0,0.005,-0.018,4.39,1.98,16.86,12.15,47.8,Normal
00:33.5,Tekirdağ,Καβάλα,None,0,0.7,0,1018.9,1,0.83,0,0,0.002,0.063,-1.11,1.98,16.86,12.15,47.8,Normal
00:34.5,Tekirdağ,Καβάλα,None,0,4.3,0,883.1,1,0,0.03,0,0.01,0.035,0.276,1.98,16.86,12.15,47.8,Normal
00:35.5,Tekirdağ,Καβάλα,None,0,0,0,550,1,0,0.57,0,0.003,-0.017,-0.042,1.98,16.86,12.15,47.8,Normal
00:36.5,Tekirdağ,Καβάλα,None,0,0,0,550,1,0,0,0,0.003,0,0.003,1.98,16.86,12.15,47.8,Normal
00:37.5,Tekirdağ,Καβάλα,None,0,0,0,752.8,1,0.22,0,0,0.008,0.016,-0.065,1.98,16.86,12.15,47.8,Normal
00:38.5,Tekirdağ,Καβάλα,None,0,3.8,0,848.4,1,0.27,0,0,0.003,0.013,-1.705,1.98,16.86,12.15,47.8,Normal
00:39.5,Tekirdağ,Καβάλα,None,0,7.4,0,1497.1,1,0.33,0,0,0.002,-0.04,-0.298,1.98,16.86,12.15,47.8,Normal
00:40.5,Tekirdağ,Καβάλα,None,0,7.4,0,941.7,3,0.36,0,1,-0.017,0.01,-0.053,1.98,16.86,12.15,47.8,Normal
00:41.5,Tekirdağ,Καβάλα,None,0,10.8,0,1379.2,3,0.28,0,0,-0.005,-0.014,-1.152,1.98,16.86,12.15,47.8,Normal
00:42.5,Tekirdağ,Καβάλα,None,0,12.2,0,978.6,5,0.53,0,1,0.005,0.001,-0.007,1.98,16.86,12.15,47.8,Normal
00:43.5,Tekirdağ,Καβάλα,None,0,13.8,0,1110,5,0.52,0,1,-0.005,-0.047,-1.178,1.98,16.86,12.15,47.7,Normal
00:44.5,Tekirdağ,Καβάλα,None,0,18.7,0,1478.2,5,0.56,0,0,-0.017,-0.055,-1.297,1.98,16.86,12.15,47.7,Normal
00:45.5,Tekirdağ,Καβάλα,None,0,19.5,0,925.1,7,0.53,0,0,0,0.022,0,1.98,16.86,12.15,47.7,Normal
00:46.5,Tekirdağ,Καβάλα,None,0,21.5,0,1025.1,7,0.54,0,-1,0.127,-0.023,-0.83,1.98,16.86,12.15,47.7,Normal
00:47.5,Tekirdağ,Καβάλα,None,0,24.7,0,1179.9,7,0.45,0,-1,-0.012,0.006,-0.88,1.98,16.86,12.15,47.7,Normal
00:48.5,Tekirdağ,Καβάλα,None,0,27.9,0,1328.3,7,0.5,0,0,-0.004,0.009,-0.867,1.98,16.86,12.15,47.7,Normal
00:49.5,Tekirdağ,Καβάλα,None,0,30.5,0,1324.7,7,0.51,0,-1,-0.001,0.07,-0.308,1.98,16.86,12.15,47.7,Normal
00:50.5,Tekirdağ,Καβάλα,None,0,30.6,0,1128.7,8,0.54,0,0,-0.01,0.017,-0.129,1.98,16.86,12.15,47.7,Normal
00:51.5,Tekirdağ,Καβάλα,None,0,32.6,0,1202.6,8,0.46,0,1,-0.013,0.016,-0.637,1.98,16.86,12.15,47.6,Normal
00:52.5,Tekirdağ,Καβάλα,None,0,34.8,0,1282.6,8,0.43,0,1,-0.008,-0.005,-0.59,1.98,16.86,12.15,47.6,Normal
00:53.5,Tekirdağ,Καβάλα,None,0,36.8,0,1356.8,8,0.43,0,0,-0.007,-0.031,-0.558,1.98,16.87,12.15,47.6,Normal
00:54.5,Tekirdağ,Καβάλα,None,0,38.6,0,1294.5,8,0.42,0,0,-0.008,0.07,-0.168,1.98,16.87,12.15,47.6,Normal
00:55.5,Tekirdağ,Καβάλα,None,0,38.6,0,1106.5,9,0.45,0,1,-0.116,0.001,-0.059,1.98,16.87,12.15,47.6,Normal
00:56.5,Tekirdağ,Καβάλα,None,0,39.8,0,1142.4,9,0.41,0,1,-0.075,-0.028,-0.41,1.98,16.87,12.15,47.6,Normal
00:57.5,Tekirdağ,Καβάλα,None,0,41,0,1175,9,0.24,0,1,-0.031,0.003,-0.262,1.98,16.87,12.15,47.6,Normal
00:58.5,Tekirdağ,Καβάλα,None,0,41.8,0,1199.6,9,0.31,0,1,-0.021,0.016,-0.261,1.98,16.87,12.15,47.6,Normal
00:59.5,Tekirdağ,Καβάλα,None,0,42.7,0,1226.6,9,0.31,0,1,-0.015,0.002,-0.262,1.98,16.87,12.15,47.5,Normal
01:00.5,Tekirdağ,Καβάλα,None,0,43.7,0,1253.8,9,0.3,0,1,-0.012,-0.022,-0.256,1.98,16.87,12.15,47.5,Normal
01:01.5,Tekirdağ,Καβάλα,None,0,44.6,0,1277.1,9,0.05,0,1,-0.002,0.005,-0.23,1.98,16.87,12.15,47.5,Normal
01:02.5,Tekirdağ,Καβάλα,None,0,44.6,0,1277.9,9,0.26,0,1,-0.003,-0.044,-0.082,1.98,16.87,12.15,47.5,Normal
01:03.5,Tekirdağ,Καβάλα,None,0,44.6,0,1274.8,9,0,0,0,0.079,0.03,0.138,1.98,16.87,12.15,47.5,Normal
01:04.5,Tekirdağ,Καβάλα,None,0,43.9,0,1256,9,0,0.03,0,0.048,-0.014,0.197,1.98,16.87,12.15,47.5,Normal
01:05.5,Tekirdağ,Καβάλα,None,0,42.4,0,1212.7,9,0,0.03,1,0.021,-0.152,0.392,1.98,16.87,12.15,47.5,Normal
01:06.5,Tekirdağ,Καβάλα,None,0,40.5,0,1158.2,9,0,0.04,1,-0.041,0.011,0.514,1.98,16.87,12.15,47.5,Normal
01:07.5,Tekirdağ,Καβάλα,None,0,38.6,0,1103.9,9,0,0.03,1,0.037,-0.19,0.458,1.98,16.87,12.15,47.5,Normal
01:08.5,Tekirdağ,Καβάλα,None,0,37,0,1056.1,9,0,0.05,1,-0.007,0.002,0.486,1.98,16.87,12.15,47.5,Normal
01:09.5,Tekirdağ,Καβάλα,None,0,34.6,0,988.6,9,0,0.1,1,-0.052,0.003,0.83,1.98,16.87,12.15,47.5,Normal
01:10.5,Tekirdağ,Καβάλα,None,0,31,0,934,9,0,0.19,-1,0.425,-0.018,1.112,1.98,16.87,12.15,47.5,Harsh Cornering
01:11.5,Tekirdağ,Καβάλα,None,0,25.4,0,928.2,8,0,0,-1,0.205,0.037,1.612,1.98,16.87,12.15,47.5,Normal
01:12.5,Tekirdağ,Καβάλα,None,0,23.5,0,1090,8,0,0,-1,0.076,-0.018,0.188,1.98,16.87,12.15,47.5,Normal
01:13.5,Tekirdağ,Καβάλα,None,0,22.9,0,1082.6,7,0,0,-1,0.084,0.028,0.224,1.98,16.87,12.15,47.5,Normal
01:14.5,Tekirdağ,Καβάλα,None,0,22,0,1039.9,7,0,0,0,-0.184,0.023,0.271,1.98,16.87,12.15,47.5,Normal
01:15.5,Tekirdağ,Καβάλα,None,0,21,0,993.4,7,0,0.01,1,-0.195,-0.009,0.288,1.98,16.87,12.15,47.5,Normal
01:16.5,Tekirdağ,Καβάλα,None,0,17.2,0,804.2,7,0,0.32,1,-0.496,0.065,2.484,1.98,16.87,12.15,47.5,Normal
01:17.5,Tekirdağ,Καβάλα,None,0,12.9,0,1012.5,5,0.35,0,1,-0.203,-0.012,0.299,1.98,16.87,12.15,47.5,Normal
01:18.5,Tekirdağ,Καβάλα,None,0,14.6,0,1170.2,5,0.29,0,0,0.006,-0.015,-0.846,1.98,16.87,12.15,47.5,Normal
01:19.5,Tekirdağ,Καβάλα,None,0,16.8,0,1334.6,5,0.19,0,-1,0.219,-0.002,-0.503,1.98,16.87,12.15,47.5,Normal
01:20.5,Tekirdağ,Καβάλα,None,0,18,0,1420.1,5,0.19,0,-1,0.102,-0.011,-0.258,1.98,16.87,12.15,47.5,Normal
01:21.5,Tekirdağ,Καβάλα,None,0,18.3,0,1196.5,5,0.36,0,-1,0.188,0.012,0.047,1.98,16.87,12.15,47.5,Normal
01:22.5,Tekirdağ,Καβάλα,None,0,18.9,0,1166.1,6,0.54,0,0,-0.016,-0.054,-0.692,1.98,16.87,12.15,47.5,Normal
01:23.5,Tekirdağ,Καβάλα,None,0,22.6,0,1392.7,6,0.47,0,-1,0.065,-0.008,-1.035,1.98,16.88,12.15,47.5,Normal
01:24.5,Tekirdağ,Καβάλα,None,0,24.2,0,1144.4,7,0.46,0,-1,0.005,0.003,-0.049,1.98,16.88,12.15,47.5,Normal
01:25.5,Tekirdağ,Καβάλα,None,0,24.9,0,1186.2,7,0.38,0,0,-0.047,-0.022,-0.521,1.98,16.88,12.15,47.5,Normal
01:26.5,Tekirdağ,Καβάλα,None,0,27,0,1284.3,7,0.41,0,0,-0.008,0.009,-0.557,1.98,16.88,12.15,47.5,Normal
01:27.5,Tekirdağ,Καβάλα,None,0,29.7,0,1412.3,7,0.45,0,1,-0.07,-0.003,-0.782,1.98,16.88,12.15,47.5,Normal
01:28.5,Tekirdağ,Καβάλα,None,0,30.5,0,1118.5,8,0.44,0,1,-0.04,-0.022,0.01,1.98,16.88,12.15,47.5,Normal
01:29.5,Tekirdağ,Καβάλα,None,0,31.1,0,1147.2,8,0.48,0,0,0.003,-0.041,-0.455,1.98,16.88,12.15,47.5,Normal
01:30.5,Tekirdağ,Καβάλα,None,0,33.4,0,1231.6,8,0.49,0,0,0.007,-0.031,-0.648,1.98,16.88,12.15,47.5,Normal
01:31.5,Tekirdağ,Καβάλα,None,0,35.7,0,1316.9,8,0.47,0,-1,0.039,-0.007,-0.642,1.98,16.88,12.15,47.4,Normal
01:32.5,Tekirdağ,Καβάλα,None,0,37.4,0,1371,8,0,0.09,-1,0.063,0.08,-0.032,1.98,16.88,12.15,47.4,Normal
01:33.5,Tekirdağ,Καβάλα,None,0,32.3,0,1184.2,8,0,0,0,-0.067,-0.002,1.035,1.98,16.88,12.15,47.4,Normal
01:34.5,Tekirdağ,Καβάλα,None,0,32.9,0,1210,8,0,0,-1,0.018,-0.073,-0.543,1.98,16.88,12.15,47.4,Normal
01:35.5,Tekirdağ,Καβάλα,None,0,32.6,30,1194.8,8,0,0,1,-0.156,-0.001,0.22,1.98,16.88,12.15,47.4,Normal
01:36.5,Tekirdağ,Καβάλα,None,0,32.5,30,1194.1,8,0,0,0,-0.011,-0.009,-0.051,1.98,16.88,12.15,47.4,Normal
01:37.5,Tekirdağ,Καβάλα,None,0,32.3,30,1187.3,8,0,0,0,0.012,-0.012,0.057,1.98,16.88,12.15,47.4,Normal
01:38.5,Tekirdağ,Καβάλα,None,0,32.3,30,1187,8,0,0,0,0.003,-0.001,0.006,1.98,16.88,12.15,47.4,Normal
01:39.5,Tekirdağ,Καβάλα,None,0,32.3,30,1184.7,8,0,0,1,-0.019,-0.002,0.008,1.98,16.88,12.15,47.4,Normal
01:40.5,Tekirdağ,Καβάλα,None,0,32.7,30,1203.6,8,0.21,0,0,-0.003,0.002,-0.259,1.98,16.88,12.15,47.4,Normal
01:41.5,Tekirdağ,Καβάλα,None,0,34.4,70,1268.3,8,0.63,0,0,0.013,0.024,-0.714,1.98,16.89,12.15,47.4,Normal
01:42.5,Tekirdağ,Καβάλα,None,0,38,70,1403.5,8,0.58,0,0,0.012,0.031,-1.029,1.98,16.89,12.15,47.4,Normal
01:43.5,Tekirdağ,Καβάλα,None,0,39.1,70,1120.1,9,0.56,0,0,0.006,0.035,-0.028,1.98,16.89,12.15,47.4,Normal
01:44.5,Tekirdağ,Καβάλα,None,0,40,70,1148.2,9,0.48,0,0,0.002,-0.037,-0.459,1.98,16.89,12.15,47.4,Normal
01:45.5,Tekirdağ,Καβάλα,None,0,41.6,70,1196.1,9,0.46,0,0,0.016,-0.005,-0.482,1.98,16.89,12.15,47.3,Normal
01:46.5,Tekirdağ,Καβάλα,None,0,43.4,70,1246.2,9,0.47,0,0,0.001,-0.012,-0.486,1.98,16.89,12.15,47.3,Normal
01:47.5,Tekirdağ,Καβάλα,None,0,45.1,70,1296.2,9,0.49,0,0,0.002,-0.021,-0.49,1.98,16.89,12.15,47.3,Normal
01:48.5,Tekirdağ,Καβάλα,None,0,46.8,70,1344.8,9,0.46,0,0,0.008,0.006,-0.466,1.98,16.89,12.15,47.3,Normal
01:49.5,Tekirdağ,Καβάλα,None,0,48.3,70,1385.6,9,0.37,0,0,0.022,0.012,-0.319,1.98,16.89,12.15,47.3,Normal
01:50.5,Tekirdağ,Καβάλα,None,0,48.7,70,1079.6,10,0.3,0,0,0.011,0.027,0.048,1.98,16.89,12.15,47.3,Normal
01:51.5,Tekirdağ,Καβάλα,None,0,48.8,70,1084.5,10,0.49,0,0,-0.027,-0.074,-0.184,1.98,16.89,12.15,47.3,Normal
01:52.5,Tekirdağ,Καβάλα,None,0,50,70,1112.4,10,0.53,0,0,0.012,0.005,-0.39,1.98,16.89,12.15,47.2,Normal
01:53.5,Tekirdağ,Καβάλα,None,0,51.5,70,1144.8,10,0.52,0,0,0.009,0.093,-0.393,1.98,16.89,12.15,47.2,Normal
01:54.5,Tekirdağ,Καβάλα,None,0,51.2,70,1131.9,10,0,0,0,0.005,0.071,0.637,1.98,16.9,12.15,47.2,Normal
01:55.5,Tekirdağ,Καβάλα,None,0,48.4,70,1071.7,10,0.07,0,0,0.007,-0.064,0.532,1.98,16.9,12.15,47.2,Normal
01:56.5,Tekirdağ,Καβάλα,None,0,47.7,70,1058.1,10,0.05,0,0,0.003,0.021,0.109,1.98,16.9,12.15,47.2,Normal
01:57.5,Tekirdağ,Καβάλα,None,0,47.4,70,1050.5,10,0.08,0,0,-0.003,-0.02,0.096,1.98,16.9,12.15,47.2,Normal
01:58.5,Tekirdağ,Καβάλα,None,0,46.4,70,1026.9,10,0.04,0,0,-0.002,0.118,0.623,1.98,16.9,12.15,47.2,Normal
01:59.5,Tekirdağ,Καβάλα,None,0,45.7,70,1016.3,10,0.36,0,0,-0.002,-0.053,-0.13,1.98,16.9,12.15,47.2,Normal
02:00.5,Tekirdağ,Καβάλα,None,0,46.5,70,1034.9,10,0.36,0,0,-0.002,0.005,-0.262,1.98,16.9,12.15,47.2,Normal
02:01.5,Tekirdağ,Καβάλα,None,0,45.6,70,1009.1,10,0,0,0,-0.009,0.053,0.695,1.98,16.9,12.15,47.2,Normal
02:02.5,Tekirdağ,Καβάλα,None,0,43.4,70,961.9,10,0,0,1,-0.242,-0.016,0.43,1.99,16.9,12.15,47.2,Normal
02:03.5,Tekirdağ,Καβάλα,None,0,42.4,70,980.8,10,0.73,0,1,0.01,-0.007,0.259,1.99,16.9,12.15,47.2,Normal
02:04.5,Tekirdağ,Καβάλα,None,0,41.6,70,1195.3,9,0.85,0,1,-0.012,0.027,0.138,1.99,16.9,12.15,47.2,Normal
02:05.5,Tekirdağ,Καβάλα,None,0,42.6,70,1219.1,9,0.43,0,1,0.01,0.091,0.034,1.99,16.9,12.15,47.2,Normal
02:06.5,Tekirdağ,Καβάλα,None,0,43.6,70,1255.3,9,0.88,0,0,0.026,-0.03,-0.585,1.99,16.91,12.15,47.1,Normal
02:07.5,Tekirdağ,Καβάλα,None,0,46,70,1323.8,9,0.93,0,1,0.005,-0.011,-0.674,1.99,16.91,12.15,47.1,Normal
02:08.5,Tekirdağ,Καβάλα,None,0,48.3,70,1389.8,9,0.76,0,1,-0.089,0.015,-0.604,1.99,16.91,12.15,47.1,Normal
02:09.5,Tekirdağ,Καβάλα,None,0,50.1,70,1442.6,9,0.9,0,1,0.012,0.032,-0.486,1.99,16.91,12.15,47.1,Normal
02:10.5,Tekirdağ,Καβάλα,None,0,51.8,70,1488.4,9,0.8,0,-1,0.165,-0.014,-0.425,1.99,16.91,12.15,47,Normal
02:11.5,Tekirdağ,Καβάλα,None,0,52.2,70,1491.4,9,0,0,1,-0.027,0.076,0.367,1.99,16.91,12.15,47,Normal
02:12.5,Tekirdağ,Καβάλα,None,0,50.3,70,1439.1,9,0,0,1,-0.114,-0.029,0.555,1.99,16.91,12.15,47,Normal
02:13.5,Tekirdağ,Καβάλα,None,0,48.3,70,1380.4,9,0,0,1,-0.04,0.024,0.56,1.99,16.91,12.15,47,Normal
02:14.5,Tekirdağ,Καβάλα,None,0,46.4,30,1325,9,0,0,1,0.006,-0.036,0.556,1.99,16.92,12.15,47,Speeding
02:15.5,Tekirdağ,Καβάλα,None,0,44.4,30,1267.4,9,0,0,1,0.003,0.017,0.539,1.99,16.92,12.15,47,Speeding
02:16.5,Tekirdağ,Καβάλα,None,0,38.8,30,1101.7,9,0,0.4,0,0.053,0.001,2.685,1.99,16.92,12.15,47,Speeding
02:17.5,Tekirdağ,Καβάλα,None,0,23.9,30,953.8,9,0,0.41,1,0.036,-0.046,4.615,1.99,16.92,12.15,47,Normal
02:18.5,Tekirdağ,Καβάλα,None,0,14.3,0,940.8,7,0.43,0,-1,0.055,-0.041,0.934,1.99,16.92,12.15,47,Normal
02:19.5,Tekirdağ,Καβάλα,None,0,13,0,1276.6,4,0.41,0,-1,0.035,0.043,-0.12,1.99,16.92,12.15,47,Normal
02:20.5,Tekirdağ,Καβάλα,None,0,15.4,0,1387.6,4,0.53,0,0,-0.005,0.031,-0.206,1.99,16.92,12.15,47,Normal
02:21.5,Tekirdağ,Καβάλα,None,0,14.6,0,891.2,6,0,0,0,0.017,0.024,0.178,1.99,16.92,12.15,47,Normal
02:22.5,Tekirdağ,Καβάλα,None,0,11.9,0,929.9,6,0,0.17,1,-0.026,0.007,1.422,1.99,16.92,12.15,47,Normal
02:23.5,Tekirdağ,Καβάλα,None,0,8.4,0,827.1,4,0.39,0,1,-0.008,0.015,-0.032,1.99,16.92,12.15,47,Normal
02:24.5,Tekirdağ,Καβάλα,None,0,11.3,0,1129.5,4,0.49,0,1,-0.01,-0.007,-1.071,1.99,16.92,12.15,47,Normal
02:25.5,Tekirdağ,Καβάλα,None,0,15.5,0,1439,4,0.49,0,1,0.03,0.093,-0.611,1.99,16.92,12.15,47,Normal
02:26.5,Tekirdağ,Καβάλα,None,0,15.2,0,932.9,6,0.41,0,0,-0.04,0.293,0.084,1.99,16.92,12.15,47,Normal
02:27.5,Tekirdağ,Καβάλα,None,0,17.2,0,1066.1,6,0.41,0,0,0.027,0.634,-0.795,1.99,16.92,12.15,46.9,Normal
02:28.5,Tekirdağ,Καβάλα,None,0,19.9,0,1224.3,6,0.39,0,0,0.003,0.12,-0.678,1.99,16.92,12.15,46.9,Normal
02:29.5,Tekirdağ,Καβάλα,None,0,22.1,0,1359,6,0.33,0,0,0.012,-0.563,-0.422,1.99,16.92,12.15,46.9,Normal
02:30.5,Tekirdağ,Καβάλα,None,0,21.2,0,1281.3,6,0,0,-1,0.032,-0.986,0.664,1.99,16.92,12.15,46.9,Normal
02:31.5,Tekirdağ,Καβάλα,None,0,18.8,0,1147.2,6,0.05,0,-1,0.13,-0.334,0.656,1.99,16.92,12.15,46.9,Normal
02:32.5,Tekirdağ,Καβάλα,None,0,17.1,0,1045.9,6,0.21,0,-1,0.048,-0.069,0.238,1.99,16.92,12.15,46.9,Normal
02:33.5,Tekirdağ,Καβάλα,None,0,18,0,1107.1,6,0.39,0,-1,0.03,-0.032,-0.48,1.99,16.92,12.15,46.9,Normal
02:34.5,Tekirdağ,Καβάλα,None,0,19.8,0,1217.4,6,0.35,0,0,-0.022,0.01,-0.488,1.99,16.92,12.15,46.9,Normal
02:35.5,Tekirdağ,Καβάλα,None,0,21.4,0,1317,6,0.36,0,1,-0.105,0.01,-0.456,1.99,16.92,12.15,46.9,Normal
02:36.5,Tekirdağ,Καβάλα,None,0,22.7,0,1388.1,6,0,0,1,-0.128,0.003,-0.041,1.99,16.92,12.15,46.9,Normal
02:37.5,Tekirdağ,Καβάλα,None,0,21,0,1281.8,6,0,0,1,-0.02,-1.015,0.724,1.99,16.92,12.15,46.9,Normal
02:38.5,Tekirdağ,Καβάλα,None,0,17.7,0,1070.1,6,0,0,1,-0.017,-0.015,1.001,1.99,16.92,12.15,46.9,Normal
02:39.5,Tekirdağ,Καβάλα,None,0,14.5,0,871.5,6,0,0,-1,0.1,0.391,0.892,1.99,16.92,12.15,46.9,Normal
02:40.6,Tekirdağ,Καβάλα,None,0,12.2,0,1322.9,3,0.25,0,1,0.017,-0.007,0.567,1.99,16.92,12.15,46.9,Normal
02:41.5,Tekirdağ,Καβάλα,None,0,11.4,0,1448,3,0.29,0,0,0.006,-0.007,-0.164,1.99,16.92,12.15,46.8,Normal
02:42.5,Tekirdağ,Καβάλα,None,0,8.8,0,715.9,5,0,0.22,0,0.041,0.051,2.087,1.99,16.92,12.15,46.8,Normal
02:43.5,Tekirdağ,Καβάλα,None,0,0.2,0,550,1,0,0,0,0.032,0.055,2.693,1.99,16.92,12.15,46.8,Normal
02:44.5,Tekirdağ,Καβάλα,None,0,0.7,0,766.4,2,0.41,0,0,-0.003,0.027,-0.709,1.99,16.92,12.15,46.8,Normal
02:45.5,Tekirdağ,Καβάλα,None,0,7.3,0,1237.5,2,0.51,0,0,-0.024,-0.11,-2.376,1.99,16.92,12.15,46.8,Normal
02:46.6,Tekirdağ,Καβάλα,None,0,10.2,0,1074,4,0.5,0,-1,0.011,0.046,-0.002,1.99,16.92,12.15,46.8,Normal
02:47.5,Tekirdağ,Καβάλα,None,0,11.6,0,1153,4,0.5,0,-1,0.008,-0.065,-1.144,1.99,16.93,12.15,46.8,Normal
02:48.6,Tekirdağ,Καβάλα,None,0,15.7,0,1379.9,4,0.5,0,-1,0.002,0.084,-0.354,1.99,16.93,12.15,46.8,Normal
02:49.5,Tekirdağ,Καβάλα,None,0,15.7,0,966.9,6,0.49,0,-1,-0.005,0.016,-0.141,1.99,16.93,12.15,46.8,Normal
02:50.5,Tekirdağ,Καβάλα,None,0,18.4,0,1137,6,0.52,0,0,0.002,0.061,-0.928,1.99,16.93,12.15,46.8,Normal
02:51.5,Tekirdağ,Καβάλα,None,0,21.5,0,1319.3,6,0.45,0,0,-0.001,0.005,-0.779,1.99,16.93,12.15,46.8,Normal
02:52.5,Tekirdağ,Καβάλα,None,0,22.8,0,1389.9,6,0,0,1,-0.033,0.085,0.272,1.99,16.93,12.15,46.8,Normal
02:53.5,Tekirdağ,Καβάλα,None,0,21,0,1277.5,6,0,0,1,-0.01,-0.022,0.555,1.99,16.93,12.15,46.8,Normal
02:54.5,Tekirdağ,Καβάλα,None,0,18.9,0,1151.6,6,0,0,0,-0.013,0.019,0.56,1.99,16.93,12.15,46.8,Normal
02:55.5,Tekirdağ,Καβάλα,None,0,14.5,0,873.6,6,0,0.21,0,0.019,0.029,2.19,1.99,16.93,12.15,46.8,Normal
02:56.5,Tekirdağ,Καβάλα,None,0,9.1,0,1139.2,3,0.24,0,0,0.011,0.094,0.704,1.99,16.93,12.15,46.8,Normal
02:57.5,Tekirdağ,Καβάλα,None,0,8.1,0,1012.2,3,0,0,-1,0.003,-0.063,0.373,1.99,16.93,12.15,46.8,Normal
02:58.6,Tekirdağ,Καβάλα,None,0,6.8,0,848.3,3,0,0,0,0.005,-0.01,0.349,1.99,16.93,12.15,46.8,Normal
02:59.6,Tekirdağ,Καβάλα,None,0,5.4,0,780.6,3,0,0,0,0.006,0.007,0.314,1.99,16.93,12.15,46.8,Normal
03:00.5,Tekirdağ,Καβάλα,None,0,1.6,0,550,1,0,0,0,-0.003,-0.047,1.332,1.99,16.93,12.15,46.8,Normal
03:01.6,Tekirdağ,Καβάλα,None,0,-0.1,0,559.6,2,0.06,0,0,-0.004,-0.015,0.094,1.99,16.93,12.15,46.8,Normal
03:02.5,Tekirdağ,Καβάλα,None,0,0,0,715.3,2,0.15,0,0,0.002,-0.028,-0.118,1.99,16.93,12.15,46.8,Normal
03:03.5,Tekirdağ,Καβάλα,None,0,2.1,0,720.2,2,0.06,0,0,-0.007,-0.001,-0.939,1.99,16.93,12.15,46.8,Normal
03:04.5,Tekirdağ,Καβάλα,None,0,0,0,550,1,0,0.57,0,-0.004,-0.118,-0.004,1.99,16.93,12.15,46.8,Normal
03:05.6,Tekirdağ,Καβάλα,None,0,0,0,550,1,0,0,0,0,-0.005,-0.003,1.99,16.93,12.15,46.8,Normal
03:06.5,Tekirdağ,Καβάλα,None,0,0,0,550,1,0,0,0,0,0.008,0,1.99,16.93,12.15,46.8,Normal
03:07.5,Tekirdağ,Καβάλα,None,0,0,0,550,1,0,0,0,0,-0.002,0.001,1.99,16.93,12.15,46.8,Normal
03:08.5,Tekirdağ,Καβάλα,None,0,0,0,550,1,0,0,0,0,0.006,0,1.99,16.93,12.15,46.8,Normal
03:09.5,Tekirdağ,Καβάλα,None,0,0.1,0,792.7,2,0.44,0,0,-0.002,0.03,-0.271,1.99,16.93,12.15,46.8,Normal
03:10.5,Tekirdağ,Καβάλα,None,0,6.3,0,1088.7,2,0.5,0,0,0.011,-0.069,-2.605,1.99,16.93,12.15,46.7,Normal
03:11.5,Tekirdağ,Καβάλα,None,0,10.3,0,1333.6,2,0.39,0,-1,0.007,0.047,-0.114,1.99,16.93,12.15,46.7,Normal
03:12.5,Tekirdağ,Καβάλα,None,0,11.8,0,1179.9,4,0.74,0,0,0.001,-0.058,-1.389,1.99,16.93,12.15,46.7,Normal
03:13.5,Tekirdağ,Καβάλα,None,0,16.2,0,1274,4,1,0,0,-0.015,0.065,-0.285,1.99,16.93,12.15,46.7,Normal
03:14.5,Tekirdağ,Καβάλα,None,0,18.4,0,1479.4,5,1,0,0,0.001,-0.131,-1.75,1.99,16.93,12.15,46.7,Normal
03:15.5,Tekirdağ,Καβάλα,None,0,20.9,0,992.1,7,1,0,0,-0.007,0.033,-0.064,1.99,16.93,12.15,46.7,Normal
03:16.6,Tekirdağ,Καβάλα,None,0,23.5,0,1126,7,1,0,0,0.002,-0.086,-1.382,1.99,16.93,12.15,46.7,Normal
03:17.5,Tekirdağ,Καβάλα,None,0,29,0,1387.6,7,0.97,0,1,-0.014,-0.004,-1.572,1.99,16.93,12.15,46.7,Normal
03:18.6,Tekirdağ,Καβάλα,None,0,32.4,0,1239.1,7,0.54,0,1,-0.032,0.08,-0.18,1.99,16.93,12.15,46.7,Normal
03:19.5,Tekirdağ,Καβάλα,None,0,33.2,0,1223,8,0.35,0,1,0.003,-0.079,-0.615,1.99,16.93,12.15,46.7,Normal
03:20.5,Tekirdağ,Καβάλα,None,0,33.6,0,1233.2,8,0.21,0,1,0.011,0.014,0.067,1.99,16.93,12.15,46.7,Normal
03:21.6,Tekirdağ,Καβάλα,None,0,33.2,0,1216.7,8,0,0,1,-0.307,0.023,0.184,1.99,16.93,12.15,46.7,Normal
03:22.6,Tekirdağ,Καβάλα,None,0,32.5,0,1189.6,8,0,0,1,-0.163,-0.07,0.198,1.99,16.93,12.15,46.7,Normal
03:23.5,Tekirdağ,Καβάλα,None,0,31.8,0,1163.4,8,0,0,-1,0.162,0.024,0.21,1.99,16.93,12.15,46.7,Normal
03:24.5,Tekirdağ,Καβάλα,None,0,31,0,1134.4,8,0,0,-1,0.499,0.02,0.237,1.99,16.93,12.15,46.7,Harsh Cornering
03:25.6,Tekirdağ,Καβάλα,None,0,30.5,0,1122.2,8,0.23,0,0,-0.129,-0.016,-0.06,1.99,16.93,12.15,46.7,Normal
03:26.6,Tekirdağ,Καβάλα,None,0,31.6,0,1164.8,8,0.39,0,1,-0.266,-0.008,-0.449,1.99,16.93,12.15,46.7,Normal
03:27.5,Tekirdağ,Καβάλα,None,0,33.2,0,1224.9,8,0.38,0,1,-0.077,0.007,-0.481,1.99,16.93,12.15,46.6,Normal
03:28.5,Tekirdağ,Καβάλα,None,0,35.2,0,1298.2,8,0.57,0,0,-0.005,0.017,-0.606,1.99,16.93,12.15,46.6,Normal
03:29.6,Tekirdağ,Καβάλα,None,0,36.6,0,1340.7,8,0,0,0,0.006,0.053,0.049,1.99,16.93,12.15,46.6,Normal
03:30.6,Tekirdağ,Καβάλα,None,0,36.5,0,1342.5,8,0.32,0,0,-0.011,0.001,-0.159,1.99,16.94,12.15,46.6,Normal
03:31.5,Tekirdağ,Καβάλα,None,0,37.5,0,1376.9,8,0,0,-1,0.006,-0.037,-0.256,1.99,16.94,12.15,46.6,Normal
03:32.5,Tekirdağ,Καβάλα,None,0,37.2,0,1363.6,8,0,0,-1,0.007,0.005,0.181,1.99,16.94,12.15,46.6,Normal
03:33.6,Tekirdağ,Καβάλα,None,0,36.5,0,1338.5,8,0,0,-1,0,-0.005,0.195,1.99,16.94,12.15,46.6,Normal
03:34.6,Tekirdağ,Καβάλα,None,0,35.9,0,1319,8,0.1,0,-1,0.021,-0.04,0.073,1.99,16.94,12.15,46.6,Normal
03:35.6,Tekirdağ,Καβάλα,None,0,36.1,0,1326.1,8,0.25,0,-1,0.034,-0.026,-0.166,1.99,16.94,12.15,46.6,Normal
03:36.5,Tekirdağ,Καβάλα,None,0,36.9,0,1358.6,8,0.32,0,0,-0.023,0.017,-0.276,1.99,16.94,12.15,46.6,Normal
03:37.6,Tekirdağ,Καβάλα,None,0,37.3,0,1366.5,8,0,0,0,-0.014,-0.008,0.146,1.99,16.94,12.15,46.6,Normal
03:38.6,Tekirdağ,Καβάλα,None,0,36.7,0,1345.2,8,0.09,0,-1,0.008,0.039,0.101,1.99,16.94,12.15,46.6,Normal
03:39.6,Tekirdağ,Καβάλα,None,0,36.5,0,1338.7,8,0.1,0,-1,0.001,-0.039,0.043,1.99,16.94,12.15,46.6,Normal
03:40.6,Tekirdağ,Καβάλα,None,0,31.2,0,1134.8,8,0,0,0,-0.019,0.149,3.473,1.99,16.94,12.15,46.6,Normal
03:41.5,Tekirdağ,Καβάλα,None,0,27.9,0,1024.9,8,0.29,0,1,0,-0.039,-0.046,1.99,16.94,12.15,46.6,Normal
03:42.5,Tekirdağ,Καβάλα,None,0,29.3,0,1083.3,8,0.56,0,1,-0.009,-0.013,-0.618,1.99,16.94,12.15,46.6,Normal
03:43.5,Tekirdağ,Καβάλα,None,0,31.6,0,1163,8,0.31,0,-1,0.015,0.022,-0.474,1.99,16.94,12.15,46.6,Normal
03:44.6,Tekirdağ,Καβάλα,None,0,33.1,0,1218.7,8,0.34,0,0,0.002,-0.02,-0.411,1.99,16.94,12.15,46.5,Normal
03:45.6,Tekirdağ,Καβάλα,None,0,34.6,0,1274.2,8,0.29,0,-1,0.08,-0.013,-0.419,1.99,16.94,12.15,46.5,Normal
03:46.6,Tekirdağ,Καβάλα,None,0,35.6,0,1308.8,8,0.12,0,-1,-0.005,0.024,-0.184,1.99,16.95,12.15,46.5,Normal
03:47.6,Tekirdağ,Καβάλα,None,0,35.5,0,1301.1,8,0,0,0,0.007,0.016,0.165,1.99,16.95,12.15,46.5,Normal
03:48.6,Tekirdağ,Καβάλα,None,0,33.7,0,1231.2,8,0,0.22,0,-0.01,-0.012,1.178,1.99,16.95,12.15,46.5,Normal
03:49.6,Tekirdağ,Καβάλα,None,0,27.4,0,1005,8,0,0,0,-0.004,-0.1,0.792,1.99,16.95,12.15,46.5,Normal
03:50.6,Tekirdağ,Καβάλα,None,0,26.3,0,963.5,8,0.03,0,1,-0.011,0.01,0.201,1.99,16.95,12.15,46.5,Normal
03:51.6,Tekirdağ,Καβάλα,None,0,26.3,0,967.7,8,0.32,0,1,-0.011,0.002,-0.172,1.99,16.95,12.15,46.5,Normal
03:52.6,Tekirdağ,Καβάλα,None,0,27.7,0,1022.4,8,0.43,0,0,0.006,-0.002,-0.511,1.99,16.95,12.15,46.5,Normal
03:53.6,Tekirdağ,Καβάλα,None,0,29.6,0,1093,8,0.46,0,0,0.021,-0.019,-0.561,1.99,16.95,12.15,46.5,Normal
03:54.6,Tekirdağ,Καβάλα,None,0,32,0,1182.8,8,0.58,0,-1,0.089,-0.019,-0.74,1.99,16.95,12.15,46.5,Normal
03:55.6,Tekirdağ,Καβάλα,None,0,34.9,80,1288.2,8,0.62,0,0,-0.015,-0.043,-0.81,1.99,16.95,12.15,46.5,Normal
03:56.6,Tekirdağ,Καβάλα,None,0,37.9,80,1398,8,0.63,0,0,0.02,0.022,-0.829,1.99,16.95,12.15,46.4,Normal
03:57.6,Tekirdağ,Καβάλα,None,0,39,80,1115,9,0.62,0,0,-0.011,-0.032,0.01,1.99,16.95,12.15,46.4,Normal
03:58.6,Tekirdağ,Καβάλα,None,0,39.8,80,1145.4,9,0.57,0,1,-0.06,-0.025,-0.563,1.99,16.95,12.15,46.4,Normal
03:59.6,Tekirdağ,Καβάλα,None,0,41.8,80,1203.5,9,0.77,0,0,0.007,0.052,-0.57,1.99,16.95,12.15,46.4,Normal
04:00.6,Tekirdağ,Καβάλα,None,0,44.5,80,1281.1,9,0.71,0,0,-0.003,-0.026,-0.779,1.99,16.95,12.15,46.4,Normal
04:01.6,Tekirdağ,Καβάλα,None,0,46.8,80,1345.7,9,0.58,0,0,-0.027,0.033,-0.578,1.99,16.95,12.15,46.4,Normal
04:02.6,Tekirdağ,Καβάλα,None,0,48.7,80,1390.4,9,0.61,0,0,0.021,-0.027,-0.45,1.99,16.96,12.15,46.3,Normal
04:03.6,Tekirdağ,Καβάλα,None,0,48.6,80,1078.9,10,0.71,0,0,-0.008,0.028,0.153,1.99,16.96,12.15,46.3,Normal
04:04.6,Tekirdağ,Καβάλα,None,0,49.4,80,1099.3,10,0.68,0,1,-0.008,-0.048,-0.387,1.99,16.96,12.15,46.3,Normal
04:05.6,Tekirdağ,Καβάλα,None,0,50.8,80,1131.4,10,0.72,0,0,0.019,0.002,-0.416,1.99,16.96,12.15,46.3,Normal
04:06.6,Tekirdağ,Καβάλα,None,0,52.4,80,1167.7,10,0.92,0,0,-0.006,-0.006,-0.51,1.99,16.96,12.15,46.3,Normal
04:07.6,Tekirdağ,Καβάλα,None,0,54.2,80,1208,10,0.89,0,0,0.009,0.016,-0.47,1.99,16.96,12.15,46.2,Normal
04:08.6,Tekirdağ,Καβάλα,None,0,55.8,80,1242.2,10,0.87,0,0,-0.003,-0.013,-0.443,1.99,16.96,12.15,46.2,Normal
04:09.6,Tekirdağ,Καβάλα,None,0,57.3,80,1277,10,0.87,0,0,0.015,0.016,-0.422,1.99,16.96,12.15,46.2,Normal
04:10.6,Tekirdağ,Καβάλα,None,0,58.9,80,1311,10,0.86,0,0,0.002,0.004,-0.41,1.99,16.96,12.16,46.2,Normal
04:11.6,Tekirdağ,Καβάλα,None,0,60.3,80,1341.9,10,0.79,0,1,-0.064,-0.036,-0.387,1.99,16.96,12.16,46.1,Normal
04:12.6,Tekirdağ,Καβάλα,None,0,61.6,80,1372,10,0.83,0,1,-0.034,0.001,-0.378,1.99,16.96,12.16,46.1,Normal
04:13.6,Tekirdağ,Καβάλα,None,0,63,80,1403,10,0.84,0,1,-0.016,0.018,-0.385,1.99,16.97,12.16,46.1,Normal
04:14.6,Tekirdağ,Καβάλα,None,0,64.4,80,1434.1,10,0.9,0,1,0.009,-0.02,-0.397,1.99,16.97,12.16,46,Normal
04:15.6,Tekirdağ,Καβάλα,None,0,65.8,80,1459.8,10,0.89,0,1,-0.011,0.022,-0.364,1.99,16.97,12.16,46,Normal
04:16.6,Tekirdağ,Καβάλα,None,0,65.2,80,1166.3,11,0.9,0,1,0.08,0.023,0.316,1.99,16.97,12.16,46,Normal
04:17.6,Tekirdağ,Καβάλα,None,0,65.2,80,1171,11,0.9,0,1,-0.017,0.01,-0.201,1.99,16.97,12.16,46,Normal
04:18.6,Tekirdağ,Καβάλα,None,0,66.2,80,1189.8,11,0.96,0,1,0.021,0.017,-0.305,1.99,16.97,12.16,46,Normal
04:19.6,Tekirdağ,Καβάλα,None,0,67.3,80,1208.9,11,0.95,0,1,0.01,0.018,-0.301,1.99,16.98,12.16,45.9,Normal
04:20.6,Tekirdağ,Καβάλα,None,0,68.3,80,1226.5,11,0.85,0,1,-0.057,0.003,-0.271,1.99,16.98,12.16,45.9,Normal
04:21.6,Tekirdağ,Καβάλα,None,0,69.2,80,1242.8,11,0.83,0,1,-0.006,-0.011,-0.236,1.99,16.98,12.16,45.9,Normal
04:22.6,Tekirdağ,Καβάλα,None,0,70,80,1258.4,11,0.86,0,1,0,0.012,-0.251,1.99,16.98,12.16,45.8,Normal
04:23.6,Tekirdağ,Καβάλα,None,0,70.9,80,1273.5,11,0.76,0,-1,0.176,0.051,-0.213,1.99,16.98,12.16,45.8,Normal
04:24.6,Tekirdağ,Καβάλα,None,0,71.6,80,1286.9,11,0.82,0,0,-0.02,0.017,-0.207,1.99,16.98,12.16,45.8,Normal
04:25.6,Tekirdağ,Καβάλα,None,0,72.4,80,1300.7,11,0.78,0,0,-0.02,0.005,-0.209,1.99,16.98,12.16,45.8,Normal
04:26.6,Tekirdağ,Καβάλα,None,0,73.2,80,1314.4,11,0.74,0,1,-0.047,0.012,-0.216,1.99,16.98,12.16,45.7,Normal
04:27.6,Tekirdağ,Καβάλα,None,0,73.7,80,1322.1,11,0.57,0,1,-0.015,0.039,-0.11,1.99,16.99,12.16,45.7,Normal
04:28.6,Tekirdağ,Καβάλα,None,0,74,80,1328.7,11,0.69,0,0,0.043,-0.005,-0.104,1.99,16.99,12.16,45.7,Normal
04:29.6,Tekirdağ,Καβάλα,None,0,74.6,80,1340.7,11,0.75,0,0,-0.037,-0.094,-0.223,2,16.99,12.16,45.7,Normal
04:30.6,Tekirdağ,Καβάλα,None,0,75.4,80,1353.9,11,0.86,0,1,-0.058,-0.084,-0.223,2,16.99,12.16,45.6,Normal
04:31.6,Tekirdağ,Καβάλα,None,0,76.2,80,1369.2,11,0.85,0,1,0.018,-0.006,-0.223,2,16.99,12.16,45.6,Normal
04:32.6,Tekirdağ,Καβάλα,None,0,77.1,80,1385,11,0.86,0,1,-0.094,0.034,-0.234,2,16.99,12.16,45.6,Normal
04:33.6,Tekirdağ,Καβάλα,None,0,77.9,80,1397.9,11,0.73,0,-1,0.057,0.045,-0.192,2,16.99,12.16,45.5,Normal
04:34.6,Tekirdağ,Καβάλα,None,0,78.5,80,1408.3,11,0.74,0,0,0.017,0.005,-0.147,2,17,12.16,45.5,Normal
04:35.6,Tekirdağ,Καβάλα,None,0,79,80,1414.1,11,0,0,1,-0.103,-0.008,-0.098,2,17,12.16,45.5,Normal
04:36.6,Tekirdağ,Καβάλα,None,0,78.6,80,1409.6,11,0.58,0,1,-0.123,-0.04,-0.021,2,17,12.16,45.5,Normal
04:37.6,Tekirdağ,Καβάλα,None,0,78.6,80,1199.8,11,0.07,0,1,-0.064,-0.073,0.145,2,17,12.16,45.5,Normal
04:38.6,Tekirdağ,Καβάλα,None,0,78,80,1084.6,12,0.62,0,1,0.053,-0.068,0.101,2,17,12.16,45.5,Normal
04:39.6,Tekirdağ,Καβάλα,None,0,78.4,80,1091,12,0.52,0,1,-0.037,-0.017,-0.166,2,17.01,12.16,45.4,Normal
04:40.6,Tekirdağ,Καβάλα,None,0,79.1,80,1096.6,12,0,0,1,0.073,0.079,-0.055,2,17.01,12.16,45.4,Normal
04:41.6,Tekirdağ,Καβάλα,None,0,79,80,1095.3,12,0,0,0,0.079,0.09,0.015,2,17.01,12.16,45.4,Normal
04:42.6,Tekirdağ,Καβάλα,None,0,79,80,1095.8,12,0,0,1,-0.059,0.034,-0.042,2,17.01,12.16,45.4,Normal
04:43.6,Tekirdağ,Καβάλα,None,0,79.6,80,1104,12,0,0,-1,0.134,-0.032,-0.225,2,17.01,12.16,45.4,Normal
04:44.6,Tekirdağ,Καβάλα,None,0,80,80,1109.3,12,0,0,1,-0.058,-0.016,-0.086,2,17.01,12.16,45.4,Normal
04:45.6,Tekirdağ,Καβάλα,None,0,77.5,80,1072.3,12,0,0.23,1,-0.07,-0.062,1.283,2,17.01,12.16,45.4,Normal
04:46.6,Tekirdağ,Καβάλα,None,0,72.2,80,999.9,12,0,0,1,-0.1,-0.096,1.406,2,17.02,12.16,45.4,Normal
04:47.6,Tekirdağ,Καβάλα,None,0,71.1,80,988.7,12,0.4,0,1,-0.054,-0.068,-0.157,2,17.02,12.16,45.4,Normal
04:48.6,Tekirdağ,Καβάλα,None,0,72.2,80,1005,12,0.51,0,1,0.072,0.034,-0.375,2,17.02,12.16,45.4,Normal
04:49.6,Tekirdağ,Καβάλα,None,0,73.7,80,1025.3,12,0.46,0,-1,0.12,0.047,-0.422,2,17.02,12.16,45.4,Normal
04:50.6,Tekirdağ,Καβάλα,None,0,75.2,80,1046.5,12,0.53,0,0,-0.002,0.081,-0.441,2,17.02,12.16,45.4,Normal
04:51.6,Tekirdağ,Καβάλα,None,0,76.8,80,1069.1,12,0.57,0,1,-0.038,-0.01,-0.446,2,17.02,12.16,45.4,Normal
04:52.6,Tekirdağ,Καβάλα,None,0,78.4,80,1090.2,12,0.33,0,-1,-0.002,0.122,-0.408,2,17.02,12.16,45.4,Normal
04:53.6,Tekirdağ,Καβάλα,None,0,79.6,80,1104.7,12,0,0,-1,0.023,0.04,-0.223,2,17.02,12.16,45.3,Normal
04:54.6,Tekirdağ,Καβάλα,None,0,80.1,80,1110.5,12,0,0,-1,0.022,0.062,-0.099,2,17.03,12.16,45.3,Normal
04:55.6,Tekirdağ,Καβάλα,None,0,80.4,80,1115.2,12,0,0,-1,0,-0.068,-0.081,2,17.03,12.16,45.3,Normal
04:56.6,Tekirdağ,Καβάλα,None,0,80.8,80,1120.4,12,0,0,-1,-0.008,-0.069,-0.082,2,17.03,12.16,45.3,Normal
04:57.6,Tekirdağ,Καβάλα,None,0,81,80,1123.8,12,0,0,-1,-0.005,0.068,-0.076,2,17.03,12.16,45.3,Normal
04:58.6,Tekirdağ,Καβάλα,None,0,81.2,80,1126.2,12,0,0,-1,0.041,0.113,-0.03,2,17.03,12.16,45.3,Normal
04:59.6,Tekirdağ,Καβάλα,None,0,80.7,80,1118,12,0,0,-1,0.003,0.036,0.305,2,17.04,12.16,45.3,Normal
05:00.6,Tekirdağ,Καβάλα,None,0,79.4,80,1100.2,12,0,0,-1,0.007,0.052,0.361,2,17.04,12.16,45.3,Normal
05:01.6,Tekirdağ,Καβάλα,None,0,77.9,80,1079.7,12,0,0,-1,0.078,-0.008,0.41,2,17.04,12.16,45.3,Normal
05:02.6,Tekirdağ,Καβάλα,None,0,76.3,80,1057.5,12,0,0,-1,-0.027,-0.078,0.47,2,17.04,12.16,45.3,Normal
05:03.6,Tekirdağ,Καβάλα,None,0,74.7,80,1035.2,12,0,0,-1,-0.03,-0.077,0.48,2,17.04,12.16,45.3,Normal
05:04.6,Tekirdağ,Καβάλα,None,0,72.9,80,1010.1,12,0,0,-1,-0.02,-0.03,0.509,2,17.04,12.16,45.3,Normal
05:05.6,Tekirdağ,Καβάλα,None,0,71,80,983.8,12,0,0,-1,0.109,0.052,0.516,2,17.04,12.16,45.3,Normal
05:06.6,Tekirdağ,Καβάλα,None,0,69.2,80,1237.7,11,0,0,-1,0.023,-0.032,0.506,2,17.05,12.16,45.3,Normal
05:07.6,Tekirdağ,Καβάλα,None,0,67.2,80,1200.2,11,0,0.01,-1,-0.015,-0.004,0.661,2,17.05,12.16,45.3,Normal
05:08.6,Tekirdağ,Καβάλα,None,0,64.9,80,1159.5,11,0,0,0,-0.04,0.035,0.57,2,17.05,12.16,45.3,Normal
05:09.6,Tekirdağ,Καβάλα,None,0,62.9,80,1124.7,11,0,0,0,-0.078,0.019,0.528,2,17.05,12.16,45.3,Normal
05:10.6,Tekirdağ,Καβάλα,None,0,61,60,1091,11,0,0,1,-0.039,0.022,0.527,2,17.05,12.16,45.3,Normal
05:11.6,Tekirdağ,Καβάλα,None,0,59,60,1055.2,11,0,0,0,0.002,0.037,0.546,2,17.05,12.16,45.3,Normal
05:12.6,Tekirdağ,Καβάλα,None,0,56.9,60,1016.9,11,0,0.13,-1,0.028,-0.06,0.727,2,17.06,12.16,45.3,Normal
05:13.6,Tekirdağ,Καβάλα,None,0,52.1,40,1045.7,11,0,0.12,-1,0.09,-0.001,1.418,2,17.06,12.16,45.3,Speeding
05:14.6,Tekirdağ,Καβάλα,None,0,46.4,40,1024.7,10,0,0.19,0,-0.062,0.013,1.944,2,17.06,12.16,45.3,Speeding
05:15.6,Tekirdağ,Καβάλα,None,0,38.7,40,1016.7,10,0,0.2,1,-0.085,0.026,2.142,2,17.06,12.16,45.3,Normal
05:16.6,Tekirdağ,Καβάλα,None,0,35,40,998.9,9,0,0,1,-0.046,0.027,0.492,2,17.06,12.16,45.3,Normal
05:17.6,Tekirdağ,Καβάλα,None,0,33.6,40,961.4,9,0,0,0,0.026,-0.029,0.333,2,17.06,12.16,45.3,Normal
05:18.6,Tekirdağ,Καβάλα,None,0,32.5,40,928.2,9,0,0,1,-0.024,-0.019,0.324,2,17.06,12.16,45.3,Normal
05:19.6,Tekirdağ,Καβάλα,None,0,31.4,20,1152.3,9,0,0.02,1,0.008,-0.005,0.257,2,17.06,12.16,45.3,Speeding
05:20.6,Tekirdağ,Καβάλα,None,0,28.9,20,1058.7,8,0,0.05,1,-0.003,0.001,0.802,2,17.06,12.16,45.3,Speeding
05:21.6,Tekirdağ,Καβάλα,None,0,26.8,20,982,8,0.14,0,1,-0.014,0.029,0.396,2,17.06,12.16,45.3,Speeding
05:22.6,Tekirdağ,Καβάλα,None,0,25,80,913.7,8,0,0,1,0.001,0.074,1.168,2,17.06,12.16,45.3,Normal
05:23.6,Tekirdağ,Καβάλα,None,0,23.4,80,1349.4,6,0.75,0,0,0.026,-0.007,0.267,2,17.06,12.16,45.3,Normal
05:24.6,Tekirdağ,Καβάλα,None,0,24.6,80,1515.3,6,1,0,0,0.007,-0.102,-1.259,2,17.06,12.16,45.3,Normal
05:25.6,Tekirdağ,Καβάλα,None,0,25.4,80,930.4,8,0.86,0,-1,0.016,0.028,0.167,2,17.06,12.16,45.3,Normal
05:26.6,Tekirdağ,Καβάλα,None,0,26.8,80,994.5,8,0.86,0,-1,0.016,-0.022,-0.857,2,17.06,12.16,45.3,Normal
05:27.6,Tekirdağ,Καβάλα,None,0,30.1,80,1115.9,8,0.83,0,-1,0.072,-0.007,-0.942,2,17.06,12.16,45.3,Normal
05:28.6,Tekirdağ,Καβάλα,None,0,33.6,80,1243.9,8,0.82,0,-1,0.036,-0.014,-0.938,2,17.06,12.16,45.2,Normal
05:29.6,Tekirdağ,Καβάλα,None,0,36.8,80,1362.3,8,0.83,0,0,-0.028,-0.024,-0.916,2,17.07,12.16,45.2,Normal
05:30.6,Tekirdağ,Καβάλα,None,0,39.9,80,1410.4,8,0.83,0,1,-0.03,0.016,-0.466,2,17.07,12.16,45.2,Normal
05:31.6,Tekirdağ,Καβάλα,None,0,39.6,80,1137.6,9,0.86,0,1,-0.038,0.024,0.16,2,17.07,12.16,45.2,Normal
05:32.6,Tekirdağ,Καβάλα,None,0,41.2,80,1187.6,9,0.87,0,0,0.001,-0.053,-0.683,2,17.07,12.16,45.2,Normal
05:33.6,Tekirdağ,Καβάλα,None,0,43.8,80,1262,9,0.85,0,0,0.01,-0.011,-0.708,2,17.07,12.16,45.1,Normal
05:34.6,Tekirdağ,Καβάλα,None,0,46.5,80,1336.8,9,0.84,0,0,0.005,0.003,-0.694,2,17.07,12.16,45.1,Normal
05:35.6,Tekirdağ,Καβάλα,None,0,48.9,80,1405.8,9,0.87,0,1,-0.075,0.017,-0.689,2,17.07,12.16,45.1,Normal
05:36.6,Tekirdağ,Καβάλα,None,0,51.3,80,1472.1,9,0.85,0,0,0.024,-0.003,-0.654,2,17.07,12.16,45,Normal
05:37.6,Tekirdağ,Καβάλα,None,0,51.3,80,1137.9,10,0.71,0,0,0.012,0.042,0.208,2,17.07,12.16,45,Normal
05:38.6,Tekirdağ,Καβάλα,None,0,51.6,80,1148.8,10,0.66,0,-1,0.017,-0.035,-0.292,2,17.07,12.16,45,Normal
05:39.6,Tekirdağ,Καβάλα,None,0,52.8,80,1176.4,10,0.66,0,-1,0.023,-0.014,-0.353,2,17.07,12.16,45,Normal
05:40.6,Tekirdağ,Καβάλα,None,0,54.2,80,1207,10,0.87,0,1,-0.058,0.005,-0.424,2,17.07,12.16,45,Normal
05:41.6,Tekirdağ,Καβάλα,None,0,55.9,80,1244.6,10,0.81,0,0,0.006,0.024,-0.448,2,17.08,12.16,45,Normal
05:42.6,Tekirdağ,Καβάλα,None,0,57.5,80,1281,10,0.84,0,0,0.022,0.024,-0.417,2,17.08,12.16,44.9,Normal
05:43.6,Tekirdağ,Καβάλα,None,0,59.1,80,1317,10,0.84,0,0,0.014,-0.004,-0.465,2,17.08,12.16,44.9,Normal
05:44.6,Tekirdağ,Καβάλα,None,0,60.8,80,1352.7,10,0.74,0,0,0.004,-0.004,-0.437,2.01,17.08,12.16,44.9,Normal
05:45.6,Tekirdağ,Καβάλα,None,0,62.2,80,1384.8,10,0.75,0,0,0.021,-0.012,-0.406,2.01,17.08,12.16,44.8,Normal
05:46.6,Tekirdağ,Καβάλα,None,0,63.7,80,1416.6,10,0.78,0,1,-0.041,0.041,-0.431,2.01,17.08,12.16,44.8,Normal
05:47.6,Tekirdağ,Καβάλα,None,0,63.5,80,1136.9,11,0.68,0,0,-0.02,-0.035,0.227,2.01,17.08,12.16,44.8,Normal
05:48.6,Tekirdağ,Καβάλα,None,0,63.6,80,1144,11,0.94,0,0,0.003,-0.086,-0.265,2.01,17.09,12.16,44.8,Normal
05:49.6,Tekirdağ,Καβάλα,None,0,64.5,80,1291.6,11,0.94,0,-1,-0.046,0.011,0.061,2.01,17.09,12.16,44.8,Normal
05:50.6,Tekirdağ,Καβάλα,None,0,63.9,80,1422.3,10,0.98,0,1,-0.108,-0.044,-0.037,2.01,17.09,12.16,44.8,Normal
05:51.6,Tekirdağ,Καβάλα,None,0,65.3,80,1454.9,10,0.95,0,0,-0.01,-0.03,-0.482,2.01,17.09,12.16,44.7,Normal
05:52.6,Tekirdağ,Καβάλα,None,0,65.7,80,1177.1,11,0.92,0,0,0.017,0.119,0.181,2.01,17.09,12.16,44.7,Normal
05:53.6,Tekirdağ,Καβάλα,None,0,65.6,80,1179.1,11,0.97,0,1,-0.043,-0.119,-0.24,2.01,17.09,12.16,44.7,Normal
05:54.6,Tekirdağ,Καβάλα,None,0,66.9,80,1201.9,11,0.94,0,1,-0.017,0.016,-0.379,2.01,17.09,12.16,44.7,Normal
05:55.6,Tekirdağ,Καβάλα,None,0,68.2,80,1225.8,11,0.9,0,1,-0.02,-0.033,-0.376,2.01,17.09,12.16,44.7,Normal
05:56.6,Tekirdağ,Καβάλα,None,0,69.5,80,1248.2,11,0.83,0,-1,0.063,0.007,-0.325,2.01,17.1,12.16,44.6,Normal
05:57.6,Tekirdağ,Καβάλα,None,0,70.6,80,1268.8,11,0.86,0,1,-0.005,0.009,-0.305,2.01,17.1,12.16,44.6,Normal
05:58.6,Tekirdağ,Καβάλα,None,0,71.8,80,1288.9,11,0.75,0,0,0,-0.037,-0.313,2.01,17.1,12.16,44.6,Normal
05:59.6,Tekirdağ,Καβάλα,None,0,72.7,80,1306.7,11,0.68,0,-1,0.03,-0.03,-0.29,2.01,17.1,12.16,44.5,Normal
06:00.6,Tekirdağ,Καβάλα,None,0,73.6,80,1321.4,11,0.67,0,-1,-0.006,-0.087,-0.208,2.01,17.1,12.16,44.5,Normal
06:01.6,Tekirdağ,Καβάλα,None,0,74.3,80,1334.2,11,0.67,0,-1,0.007,-0.03,-0.19,2.01,17.1,12.16,44.5,Normal
06:02.6,Tekirdağ,Καβάλα,None,0,74.8,80,1343,11,0.62,0,-1,0.023,-0.036,-0.161,2.01,17.1,12.16,44.5,Normal
06:03.6,Tekirdağ,Καβάλα,None,0,75.4,80,1354.9,11,0.81,0,0,-0.06,0.046,-0.196,2.01,17.1,12.16,44.5,Normal
06:04.6,Tekirdağ,Καβάλα,None,0,76.4,80,1371.6,11,0.87,0,0,-0.031,0.023,-0.284,2.01,17.11,12.16,44.4,Normal
06:05.6,Tekirdağ,Καβάλα,None,0,77.3,80,1388.5,11,0.8,0,-1,0.044,0.017,-0.245,2.01,17.11,12.16,44.4,Normal
06:06.6,Tekirdağ,Καβάλα,None,0,78.2,80,1404.8,11,0.81,0,-1,-0.006,0.04,-0.265,2.01,17.11,12.16,44.4,Normal
06:07.6,Tekirdağ,Καβάλα,None,0,79,80,1331.1,11,0.71,0,-1,0.001,0.195,0.005,2.01,17.11,12.16,44.3,Normal
06:08.6,Tekirdağ,Καβάλα,None,0,78.3,80,1088.8,12,0.75,0,0,-0.025,-0.001,0.167,2.01,17.11,12.16,44.3,Normal
06:09.6,Tekirdağ,Καβάλα,None,0,78.7,80,1095.3,12,0.76,0,-1,0.034,-0.02,-0.213,2.01,17.12,12.16,44.3,Normal
06:10.6,Tekirdağ,Καβάλα,None,0,79.5,80,1102.3,12,0,0,0,0.062,0.027,-0.074,2.01,17.12,12.16,44.3,Normal
06:11.6,Tekirdağ,Καβάλα,None,0,79.3,80,1101.4,12,0.41,0,0,-0.006,-0.002,-0.011,2.01,17.12,12.16,44.3,Normal
06:12.6,Tekirdağ,Καβάλα,None,0,79.7,80,1108,12,0.49,0,0,-0.014,0.047,-0.165,2.01,17.12,12.16,44.3,Normal
06:13.6,Tekirdağ,Καβάλα,None,0,80.4,80,1117.3,12,0,0,-1,0.061,-0.008,-0.25,2.01,17.12,12.16,44.3,Normal
06:14.6,Tekirdağ,Καβάλα,None,0,80.5,80,1116.3,12,0,0,-1,0.081,0.043,0.115,2.01,17.12,12.16,44.3,Normal
06:15.6,Tekirdağ,Καβάλα,None,0,80,80,1110.7,12,0,0,-1,0.015,-0.029,0.102,2.01,17.12,12.16,44.3,Normal
06:16.6,Tekirdağ,Καβάλα,None,0,79.8,80,1108.3,12,0.28,0,-1,-0.025,-0.009,0.035,2.01,17.13,12.16,44.2,Normal
06:17.6,Tekirdağ,Καβάλα,None,0,79.7,80,1107.6,12,0.35,0,-1,-0.026,-0.022,0.018,2.01,17.13,12.16,44.2,Normal
06:18.6,Tekirdağ,Καβάλα,None,0,79.6,80,1107.1,12,0,0,-1,-0.01,-0.102,0.019,2.01,17.13,12.16,44.2,Normal
06:19.6,Tekirdağ,Καβάλα,None,0,79.6,80,1107.4,12,0,0,-1,-0.101,-0.087,0.002,2.01,17.13,12.16,44.2,Normal
06:20.6,Tekirdağ,Καβάλα,None,0,79.6,80,1107.5,12,0,0,-1,-0.055,-0.045,-0.013,2.01,17.13,12.16,44.2,Normal
06:21.6,Tekirdağ,Καβάλα,None,0,79.6,80,1108.1,12,0,0,1,-0.117,-0.014,-0.012,2.01,17.13,12.16,44.2,Normal
06:22.6,Tekirdağ,Καβάλα,None,0,79.6,80,1108.1,12,0,0,-1,0.154,0.023,0.005,2.01,17.13,12.16,44.1,Normal
06:23.6,Tekirdağ,Καβάλα,None,0,79.5,80,1107.8,12,0,0,0,-0.103,0.004,0.019,2.01,17.14,12.16,44.1,Normal
06:24.6,Tekirdağ,Καβάλα,None,0,79.6,80,1108,12,0,0,0,-0.058,-0.154,-0.026,2.01,17.14,12.16,44.1,Normal
06:25.6,Tekirdağ,Καβάλα,None,0,79.5,80,1107.9,12,0,0,-1,-0.007,-0.079,0.003,2.01,17.14,12.16,44.1,Normal
06:26.6,Tekirdağ,Καβάλα,None,0,79.5,80,1107.9,12,0,0,-1,0.006,0.004,0.01,2.01,17.14,12.16,44,Normal
06:27.6,Tekirdağ,Καβάλα,None,0,79.5,80,1106.9,12,0,0,-1,-0.108,-0.015,0.057,2.01,17.14,12.16,44,Normal
06:28.6,Tekirdağ,Καβάλα,None,0,79.3,80,1104,12,0,0,-1,-0.034,-0.095,0.085,2.01,17.15,12.16,44,Normal
06:29.6,Tekirdağ,Καβάλα,None,0,79,80,1099.5,12,0,0,1,-0.128,0.043,0.086,2.01,17.15,12.16,44,Normal
06:30.6,Tekirdağ,Καβάλα,None,0,78.7,80,1095.2,12,0,0,1,-0.088,-0.045,0.083,2.01,17.15,12.16,43.9,Normal
06:31.6,Tekirdağ,Καβάλα,None,0,78.3,80,1090.5,12,0,0,0,0.008,0.05,0.101,2.01,17.15,12.16,43.9,Normal
06:32.6,Tekirdağ,Καβάλα,None,0,78,80,1085.7,12,0,0,0,0.008,0.068,0.114,2.01,17.15,12.16,43.9,Normal
06:33.6,Tekirdağ,Καβάλα,None,0,77.6,80,1080.8,12,0,0,0,0.021,-0.027,0.094,2.01,17.15,12.16,43.8,Normal
06:34.6,Tekirdağ,Καβάλα,None,0,77.2,80,1075.5,12,0,0,-1,0.02,-0.006,0.099,2.01,17.15,12.16,43.8,Normal
06:35.6,Tekirdağ,Καβάλα,None,0,76.9,80,1070.9,12,0,0,1,-0.018,0.027,0.101,2.01,17.16,12.16,43.8,Normal
06:36.6,Tekirdağ,Καβάλα,None,0,76.6,80,1066,12,0,0,1,-0.038,0.008,0.098,2.01,17.16,12.16,43.8,Normal
06:37.6,Tekirdağ,Καβάλα,None,0,76.3,80,1063,12,0.16,0,1,-0.111,-0.12,0.041,2.01,17.16,12.16,43.7,Normal
06:38.6,Tekirdağ,Καβάλα,None,0,76,80,1058.4,12,0.68,0,1,-0.035,-0.093,0.104,2.01,17.16,12.16,43.7,Normal
06:39.6,Tekirdağ,Καβάλα,None,0,75.6,80,1052.7,12,0.73,0,1,-0.002,0.059,0.122,2.01,17.16,12.16,43.7,Normal
06:40.6,Tekirdağ,Καβάλα,None,0,75.2,80,1046.7,12,0.73,0,0,0.09,0.011,0.1,2.01,17.16,12.17,43.7,Normal
06:41.6,Tekirdağ,Καβάλα,None,0,74.5,80,1037.1,12,0.71,0,1,-0.096,0.011,0.2,2.01,17.16,12.17,43.6,Normal
06:42.6,Tekirdağ,Καβάλα,None,0,73.8,80,1026.4,12,0.66,0,1,0.05,-0.006,0.223,2.01,17.16,12.17,43.6,Normal
06:43.6,Tekirdağ,Καβάλα,None,0,73.1,80,1016.4,12,0.66,0,0,0.044,-0.024,0.16,2.01,17.17,12.17,43.6,Normal
06:44.6,Tekirdağ,Καβάλα,None,0,72.3,70,1002.4,12,0,0,-1,0.038,-0.106,0.407,2.01,17.17,12.17,43.6,Normal
06:45.6,Tekirdağ,Καβάλα,None,0,70.3,70,1052.9,12,0,0,-1,0.022,0.086,0.575,2.02,17.17,12.17,43.6,Normal
06:46.6,Tekirdağ,Καβάλα,None,0,67.5,70,1205.1,11,0,0,-1,0.078,0.072,0.914,2.02,17.17,12.17,43.6,Normal
06:47.6,Tekirdağ,Καβάλα,None,0,64.1,70,1146.6,11,0.19,0,-1,0.047,0.015,0.838,2.02,17.17,12.17,43.6,Normal
06:48.6,Tekirdağ,Καβάλα,None,0,62.3,70,1117.9,11,0.5,0,-1,-0.05,-0.05,0.317,2.02,17.18,12.17,43.6,Normal
06:49.6,Tekirdağ,Καβάλα,None,0,61.3,70,1101.5,11,0.69,0,-1,0.069,0.007,0.25,2.02,17.18,12.17,43.6,Normal
06:50.6,Tekirdağ,Καβάλα,None,0,60,70,1332.2,10,1,0,-1,0.011,0.067,0.563,2.02,17.18,12.17,43.6,Normal
06:51.6,Tekirdağ,Καβάλα,None,0,58.6,70,1304.5,10,1,0,1,-0.164,-0.21,0.052,2.02,17.18,12.17,43.5,Normal
06:52.6,Tekirdağ,Καβάλα,None,0,59.2,70,1318.1,10,1,0,1,-0.177,-0.006,-0.238,2.02,17.18,12.17,43.5,Normal
06:53.6,Tekirdağ,Καβάλα,None,0,59.9,70,1334.9,10,1,0,0,0.054,-0.076,-0.203,2.02,17.18,12.17,43.5,Normal
06:54.6,Tekirdağ,Καβάλα,None,0,60.6,70,1348.6,10,1,0,1,-0.011,-0.029,-0.176,2.02,17.18,12.17,43.4,Normal
06:55.6,Tekirdağ,Καβάλα,None,0,61.2,70,1361.5,10,1,0,-1,0.024,0.041,-0.166,2.02,17.18,12.17,43.4,Normal
06:56.6,Tekirdağ,Καβάλα,None,0,61.8,70,1375,10,0.93,0,1,-0.095,0.056,-0.162,2.02,17.18,12.17,43.4,Normal
06:57.6,Tekirdağ,Καβάλα,None,0,62.4,70,1389.9,10,1,0,1,-0.114,0.064,-0.2,2.02,17.18,12.17,43.3,Normal
06:58.6,Tekirdağ,Καβάλα,None,0,63.3,70,1409.2,10,1,0,1,-0.249,0.04,-0.179,2.02,17.19,12.17,43.3,Normal
06:59.6,Tekirdağ,Καβάλα,None,0,64,70,1424.8,10,0.97,0,1,-0.08,0.097,-0.174,2.02,17.19,12.17,43.3,Normal
07:00.6,Tekirdağ,Καβάλα,None,0,64.6,70,1439.9,10,1,0,1,0.02,-0.014,-0.208,2.02,17.19,12.17,43.2,Normal
07:01.6,Tekirdağ,Καβάλα,None,0,65.2,70,1452.6,10,0.99,0,1,0.041,0.008,-0.141,2.02,17.19,12.17,43.2,Normal
07:02.6,Tekirdağ,Καβάλα,None,0,65.8,70,1464.9,10,0.96,0,1,-0.002,0.023,-0.128,2.02,17.19,12.17,43.2,Normal
07:03.6,Tekirdağ,Καβάλα,None,0,66.3,70,1475.9,10,0.93,0,1,-0.018,0.015,-0.143,2.02,17.19,12.17,43.1,Normal
07:04.6,Tekirdağ,Καβάλα,None,0,66.8,70,1487.1,10,0.95,0,1,-0.009,0.013,-0.135,2.02,17.19,12.17,43.1,Normal
07:05.6,Tekirdağ,Καβάλα,None,0,67.3,70,1499.6,10,0.94,0,1,-0.013,-0.029,-0.164,2.02,17.19,12.17,43.1,Normal
07:06.6,Tekirdağ,Καβάλα,None,0,67.9,70,1511.2,10,0.94,0,1,-0.002,0.034,-0.118,2.02,17.2,12.17,43,Normal
07:07.6,Tekirdağ,Καβάλα,None,0,68.3,70,1520.3,10,0.94,0,1,0.01,0.021,-0.12,2.02,17.2,12.17,43,Normal
07:08.6,Tekirdağ,Καβάλα,None,0,68.6,70,1527.7,10,0.93,0,1,0.033,0.043,-0.089,2.02,17.2,12.17,43,Normal
07:09.7,Tekirdağ,Καβάλα,None,0,68.9,70,1529.3,10,0,0,1,-0.017,-0.026,-0.02,2.02,17.2,12.17,42.9,Normal
07:10.6,Tekirdağ,Καβάλα,None,0,67,70,1484.9,10,0,0,1,-0.025,0.039,0.666,2.02,17.2,12.17,42.9,Normal
07:11.6,Tekirdağ,Καβάλα,None,0,64.6,70,1430.1,10,0,0,1,0.038,0,0.661,2.02,17.2,12.17,42.9,Normal
07:12.6,Tekirdağ,Καβάλα,None,0,62.5,70,1385.1,10,0.23,0,-1,0.152,-0.039,0.524,2.02,17.21,12.17,42.9,Normal
07:13.6,Tekirdağ,Καβάλα,None,0,61,70,1354.8,10,0.25,0,-1,0.273,0.023,0.335,2.02,17.21,12.17,42.9,Normal
07:14.6,Tekirdağ,Καβάλα,None,0,60,70,1332.7,10,0.33,0,-1,-0.024,-0.009,0.258,2.02,17.21,12.17,42.9,Normal
07:15.6,Tekirdağ,Καβάλα,None,0,58.9,70,1307.9,10,0.32,0,-1,0.165,-0.013,0.351,2.02,17.21,12.17,42.9,Normal
07:16.6,Tekirdağ,Καβάλα,None,0,57.7,70,1283.1,10,0.78,0,-1,-0.042,-0.015,0.268,2.02,17.21,12.17,42.9,Normal
07:17.6,Tekirdağ,Καβάλα,None,0,57.5,70,1281.5,10,0.87,0,-1,0.005,-0.034,-0.046,2.02,17.21,12.17,42.9,Normal
07:18.7,Tekirdağ,Καβάλα,None,0,57.8,70,1288.1,10,0.89,0,-1,-0.032,0.02,-0.098,2.02,17.21,12.17,42.8,Normal
07:19.6,Tekirdağ,Καβάλα,None,0,58.2,70,1298.2,10,1,0,-1,0.023,0.002,-0.125,2.02,17.21,12.17,42.8,Normal
07:20.6,Tekirdağ,Καβάλα,None,0,58.8,70,1310.5,10,1,0,-1,0.004,-0.014,-0.174,2.02,17.21,12.17,42.8,Normal
07:21.6,Tekirdağ,Καβάλα,None,0,59.4,70,1324.9,10,0.91,0,-1,0.024,-0.007,-0.178,2.02,17.22,12.17,42.7,Normal
07:22.6,Tekirdağ,Καβάλα,None,0,60,70,1337.5,10,0.92,0,-1,0.032,-0.005,-0.171,2.02,17.22,12.17,42.7,Normal
07:23.6,Tekirdağ,Καβάλα,None,0,60.6,70,1350.9,10,0.91,0,-1,0.083,0.01,-0.163,2.02,17.22,12.17,42.7,Normal
07:24.7,Tekirdağ,Καβάλα,None,0,61.1,70,1362.4,10,0.9,0,-1,-0.057,0.059,-0.127,2.02,17.22,12.17,42.6,Normal
07:25.6,Tekirdağ,Καβάλα,None,0,61.7,70,1374.4,10,0.9,0,-1,-0.006,-0.03,-0.158,2.02,17.22,12.17,42.6,Normal
07:26.6,Tekirdağ,Καβάλα,None,0,62.2,70,1385.8,10,0.93,0,-1,0.004,0.013,-0.134,2.02,17.22,12.17,42.6,Normal
07:27.6,Tekirdağ,Καβάλα,None,0,62.8,70,1398.8,10,0.94,0,-1,-0.055,0.043,-0.167,2.02,17.22,12.17,42.6,Normal
07:28.6,Tekirdağ,Καβάλα,None,0,63.6,70,1415,10,1,0,1,-0.095,0.067,-0.234,2.02,17.22,12.17,42.5,Normal
07:29.6,Tekirdağ,Καβάλα,None,0,64.5,70,1435.1,10,1,0,1,-0.075,-0.028,-0.282,2.02,17.22,12.17,42.5,Normal
07:30.6,Tekirdağ,Καβάλα,None,0,65.5,70,1457.2,10,1,0,0,0.066,0.05,-0.247,2.02,17.22,12.17,42.5,Normal
07:31.7,Tekirdağ,Καβάλα,None,0,66.6,70,1481.4,10,1,0,-1,0.064,0.033,-0.312,2.02,17.23,12.17,42.4,Normal
07:32.7,Tekirdağ,Καβάλα,None,0,67.7,70,1506.5,10,1,0,1,-0.053,-0.001,-0.324,2.02,17.23,12.17,42.4,Normal
07:33.6,Tekirdağ,Καβάλα,None,0,68.9,70,1532.7,10,0.88,0,0,0.054,0.022,-0.344,2.02,17.23,12.17,42.3,Normal
07:34.6,Tekirdağ,Καβάλα,None,0,68.8,70,1229,11,0.78,0,1,0.014,-0.009,0.294,2.02,17.23,12.17,42.3,Normal
07:35.6,Tekirdağ,Καβάλα,None,0,68.2,70,1225.2,11,0.84,0,0,-0.008,-0.072,-0.092,2.02,17.23,12.17,42.3,Normal
07:36.6,Tekirdağ,Καβάλα,None,0,69,70,1239.9,11,0.84,0,0,0.045,0.083,-0.31,2.02,17.24,12.17,42.3,Normal
07:37.6,Tekirdağ,Καβάλα,None,0,69.1,70,1240.8,11,1,0,0,0.023,-0.011,0.048,2.02,17.24,12.17,42.3,Normal
07:38.6,Tekirdağ,Καβάλα,None,0,70.1,70,1256.8,11,0,0,0,-0.008,0.001,-0.371,2.02,17.24,12.17,42.3,Normal
07:39.6,Tekirdağ,Καβάλα,None,0,70,70,1253.7,11,0,0,1,-0.023,0.036,0.107,2.02,17.24,12.17,42.3,Normal
07:40.6,Tekirdağ,Καβάλα,None,0,70,70,1255.2,11,0,0,1,-0.112,0.078,-0.074,2.02,17.24,12.17,42.2,Normal
07:41.6,Tekirdağ,Καβάλα,None,0,70.1,70,1256.1,11,0,0,1,-0.087,-0.022,0.026,2.02,17.24,12.17,42.2,Normal
07:42.7,Tekirdağ,Καβάλα,None,0,70,70,1255.1,11,0,0,1,-0.018,-0.053,0.014,2.02,17.24,12.17,42.2,Normal
07:43.6,Tekirdağ,Καβάλα,None,0,70,70,1255.7,11,0,0,1,0.028,0.03,-0.006,2.02,17.24,12.17,42.2,Normal
07:44.7,Tekirdağ,Καβάλα,None,0,70,70,1255.9,11,0,0,0,0.057,0.012,0,2.02,17.25,12.17,42.2,Normal
07:45.6,Tekirdağ,Καβάλα,None,0,70,70,1255.6,11,0,0,1,-0.12,0.016,0.006,2.02,17.25,12.17,42.2,Normal
07:46.7,Tekirdağ,Καβάλα,None,0,70,70,1256.2,11,0,0,1,-0.003,-0.008,-0.005,2.02,17.25,12.17,42.2,Normal
07:47.7,Tekirdağ,Καβάλα,None,0,70,70,1256.2,11,0,0,1,-0.025,0.013,0.01,2.02,17.25,12.17,42.2,Normal
07:48.6,Tekirdağ,Καβάλα,None,0,70,70,1256.6,11,0,0,1,-0.014,-0.061,-0.012,2.02,17.25,12.17,42.1,Normal
07:49.7,Tekirdağ,Καβάλα,None,0,70,70,1256.9,11,0,0,1,-0.008,-0.031,0.007,2.02,17.25,12.17,42.1,Normal
07:50.6,Tekirdağ,Καβάλα,None,0,70,70,1256.8,11,0,0,1,-0.008,0.075,0.006,2.02,17.25,12.17,42.1,Normal
07:51.6,Tekirdağ,Καβάλα,None,0,70,70,1257.3,11,0,0,1,0,0.009,0.004,2.02,17.25,12.17,42.1,Normal
07:52.6,Tekirdağ,Καβάλα,None,0,70,70,1257,11,0,0,-1,0.15,0.008,-0.002,2.03,17.26,12.17,42,Normal
07:53.6,Tekirdağ,Καβάλα,None,0,70,70,1256.6,11,0,0,-1,0.05,0.021,-0.008,2.03,17.26,12.17,42,Normal
07:54.7,Tekirdağ,Καβάλα,None,0,70,70,1258.2,11,0,0,-1,0.063,0.021,-0.024,2.03,17.26,12.17,42,Normal
07:55.6,Tekirdağ,Καβάλα,None,0,70.1,70,1259,11,0,0,-1,0.017,0.046,-0.01,2.03,17.26,12.17,42,Normal
07:56.7,Tekirdağ,Καβάλα,None,0,70.1,70,1258.9,11,0,0,0,-0.026,0.055,0.006,2.03,17.26,12.17,41.9,Normal
07:57.6,Tekirdağ,Καβάλα,None,0,68.9,70,1231.4,11,0,0,1,-0.072,0.046,0.591,2.03,17.26,12.17,41.9,Normal
07:58.7,Tekirdağ,Καβάλα,None,0,66.4,70,1188.1,11,0,0,1,-0.081,0.038,0.657,2.03,17.27,12.17,41.9,Normal
07:59.6,Tekirdağ,Καβάλα,None,0,64.2,70,1149,11,0.19,0,1,-0.126,-0.031,0.633,2.03,17.27,12.17,41.9,Normal
08:00.6,Tekirdağ,Καβάλα,None,0,62.4,70,1118.8,11,0.29,0,1,0.113,-0.014,0.427,2.03,17.27,12.17,41.9,Normal
08:01.6,Tekirdağ,Καβάλα,None,0,60.6,70,1082.9,11,0,0,1,0.007,0.027,0.633,2.03,17.27,12.17,41.9,Normal
08:02.6,Tekirdağ,Καβάλα,None,0,58.2,70,1040.8,11,0.26,0,1,0.015,-0.073,0.657,2.03,17.27,12.17,41.9,Normal
08:03.7,Tekirdağ,Καβάλα,None,0,56.1,70,1005.9,11,0.34,0,1,-0.052,0.009,0.493,2.03,17.27,12.17,41.9,Normal
08:04.6,Tekirdağ,Καβάλα,None,0,54.8,70,984.5,11,0.56,0,1,-0.01,0.046,0.291,2.03,17.27,12.17,41.9,Normal
08:05.7,Tekirdağ,Καβάλα,None,0,54.2,70,974.5,11,0.61,0,1,-0.005,0.001,0.105,2.03,17.27,12.17,41.9,Normal
08:06.7,Tekirdağ,Καβάλα,None,0,53.1,70,1182.6,10,0.74,0,1,0.054,0.017,0.491,2.03,17.27,12.17,41.9,Normal
08:07.7,Tekirdağ,Καβάλα,None,0,51.8,70,1152.3,10,0.75,0,1,0.014,-0.052,0.11,2.03,17.27,12.17,41.9,Normal
08:08.6,Tekirdağ,Καβάλα,None,0,51.8,70,1155,10,0.76,0,1,-0.076,-0.022,-0.062,2.03,17.28,12.17,41.8,Normal
08:09.7,Tekirdağ,Καβάλα,None,0,52.1,70,1159.8,10,0.76,0,0,0.079,0.013,-0.06,2.03,17.28,12.17,41.8,Normal
08:10.6,Tekirdağ,Καβάλα,None,0,52.2,70,1163.6,10,0.75,0,1,-0.04,-0.01,-0.044,2.03,17.28,12.17,41.8,Normal
08:11.6,Tekirdağ,Καβάλα,None,0,52.3,70,1164.7,10,0.62,0,1,0.089,-0.019,0.02,2.03,17.28,12.17,41.8,Normal
08:12.6,Tekirdağ,Καβάλα,None,0,52.2,70,1162.8,10,0.66,0,1,0.019,-0.077,0.007,2.03,17.28,12.17,41.7,Normal
08:13.7,Tekirdağ,Καβάλα,None,0,52.2,70,1162.7,10,0.68,0,1,-0.021,0.019,-0.002,2.03,17.28,12.17,41.7,Normal
08:14.7,Tekirdağ,Καβάλα,None,0,52.3,70,1164.4,10,0.67,0,1,-0.006,-0.049,-0.028,2.03,17.28,12.17,41.7,Normal
08:15.7,Tekirdağ,Καβάλα,None,0,52.5,70,1167.5,10,0.66,0,0,0.078,-0.002,-0.063,2.03,17.29,12.17,41.7,Normal
08:16.6,Tekirdağ,Καβάλα,None,0,52.8,70,1176.2,10,0.8,0,-1,0.016,-0.014,-0.156,2.03,17.29,12.17,41.7,Normal
08:17.6,Tekirdağ,Καβάλα,None,0,53,70,1177.3,10,0.36,0,0,-0.014,0.022,0.053,2.03,17.29,12.17,41.6,Normal
08:18.7,Tekirdağ,Καβάλα,None,0,51.7,70,1147.9,10,0.45,0,0,0.029,0.018,0.323,2.03,17.29,12.17,41.6,Normal
08:19.6,Tekirdağ,Καβάλα,None,0,50.7,70,1123.5,10,0,0,-1,0.016,0.009,0.349,2.03,17.29,12.17,41.6,Normal
08:20.7,Tekirdağ,Καβάλα,None,0,48.8,70,1083.1,10,0.28,0,-1,0.178,-0.012,0.482,2.03,17.29,12.17,41.6,Normal
08:21.7,Tekirdağ,Καβάλα,None,0,47.7,70,1058.6,10,0.3,0,-1,0.079,0.004,0.284,2.03,17.29,12.17,41.6,Normal
08:22.7,Tekirdağ,Καβάλα,None,0,46.7,70,1037.4,10,0.34,0,-1,-0.022,-0.025,0.253,2.03,17.29,12.17,41.6,Normal
08:23.7,Tekirdağ,Καβάλα,None,0,46,70,1022.3,10,0.38,0,-1,0.037,-0.01,0.162,2.03,17.29,12.17,41.6,Normal
08:24.7,Tekirdağ,Καβάλα,None,0,45.9,70,1021.1,10,0.57,0,-1,0.011,0.029,-0.053,2.03,17.29,12.17,41.6,Normal
08:25.7,Tekirdağ,Καβάλα,None,0,46.2,70,1029.1,10,0.53,0,-1,0.016,0.001,-0.109,2.03,17.29,12.17,41.6,Normal
08:26.7,Tekirdağ,Καβάλα,None,0,46.8,70,1041.5,10,0.53,0,-1,-0.041,0.014,-0.175,2.03,17.3,12.17,41.5,Normal
08:27.7,Tekirdağ,Καβάλα,None,0,47.5,70,1058,10,0.54,0,-1,-0.016,-0.015,-0.232,2.03,17.3,12.17,41.5,Normal
08:28.7,Tekirdağ,Καβάλα,None,0,48.5,70,1080.4,10,0.56,0,-1,0.062,0.024,-0.301,2.03,17.3,12.17,41.5,Normal
08:29.7,Tekirdağ,Καβάλα,None,0,49.7,70,1107.4,10,0.56,0,-1,0.04,0.008,-0.366,2.03,17.3,12.17,41.5,Normal
08:30.7,Tekirdağ,Καβάλα,None,0,51.2,70,1140.5,10,0.56,0,-1,-0.005,0.028,-0.424,2.03,17.3,12.17,41.5,Normal
08:31.7,Tekirdağ,Καβάλα,None,0,52.8,70,1175.7,10,0.56,0,-1,-0.034,0.012,-0.489,2.03,17.3,12.17,41.5,Normal
08:32.7,Tekirdağ,Καβάλα,None,0,54.7,70,1217.1,10,0.57,0,-1,-0.087,-0.023,-0.55,2.03,17.3,12.17,41.4,Normal
08:33.7,Tekirdağ,Καβάλα,None,0,56.8,70,1264.8,10,0.57,0,-1,0.005,0.001,-0.598,2.03,17.3,12.17,41.4,Normal
08:34.7,Tekirdağ,Καβάλα,None,0,59,70,1313.4,10,0.57,0,-1,0.033,-0.018,-0.654,2.03,17.3,12.17,41.4,Normal
08:35.7,Tekirdağ,Καβάλα,None,0,61.4,70,1367.1,10,0.56,0,-1,-0.063,0.008,-0.686,2.03,17.3,12.17,41.4,Normal
08:36.7,Tekirdağ,Καβάλα,None,0,63.1,70,1130,11,0.6,0,1,-0.083,0.02,-0.277,2.03,17.3,12.17,41.4,Normal
08:37.7,Tekirdağ,Καβάλα,None,0,64.4,70,1156.8,11,0.59,0,1,-0.063,-0.104,-0.545,2.03,17.31,12.17,41.4,Normal
08:38.7,Tekirdağ,Καβάλα,None,0,66.7,70,1197.7,11,0.56,0,0,0.015,-0.021,-0.651,2.03,17.31,12.17,41.3,Normal
08:39.7,Tekirdağ,Καβάλα,None,0,68.6,70,1228.9,11,0,0,0,-0.023,0.05,-0.334,2.03,17.31,12.17,41.3,Normal
08:40.7,Tekirdağ,Καβάλα,None,0,69.3,70,1241.2,11,0,0,1,-0.059,-0.011,-0.15,2.03,17.31,12.17,41.3,Normal
08:41.7,Tekirdağ,Καβάλα,None,0,69.9,70,1251,11,0,0,0,0.049,0.009,-0.149,2.03,17.31,12.17,41.3,Normal
08:42.7,Tekirdağ,Καβάλα,None,0,70.4,70,1259.4,11,0,0,0,-0.019,0.021,-0.128,2.03,17.31,12.17,41.3,Normal
08:43.7,Tekirdağ,Καβάλα,None,0,70.8,70,1266.8,11,0,0,0,0.093,0.013,-0.091,2.03,17.32,12.17,41.3,Normal
08:44.7,Tekirdağ,Καβάλα,None,0,70.4,70,1260,11,0,0,1,-0.008,-0.016,0.161,2.03,17.32,12.17,41.3,Normal
08:45.7,Tekirdağ,Καβάλα,None,0,69.8,70,1248.7,11,0,0,1,-0.124,-0.053,0.181,2.03,17.32,12.17,41.3,Normal
08:46.7,Tekirdağ,Καβάλα,None,0,69.2,70,1238,11,0,0,1,0.005,-0.132,0.122,2.03,17.32,12.17,41.3,Normal
08:47.7,Tekirdağ,Καβάλα,None,0,68.8,70,1230.6,11,0,0,1,-0.079,0,0.113,2.03,17.32,12.17,41.3,Normal
08:48.7,Tekirdağ,Καβάλα,None,0,68.5,70,1224.6,11,0,0,1,-0.003,0.026,0.089,2.03,17.32,12.17,41.3,Normal
08:49.7,Tekirdağ,Καβάλα,None,0,68.2,70,1219.1,11,0,0,1,0.111,-0.018,0.073,2.03,17.32,12.17,41.3,Normal
08:50.7,Tekirdağ,Καβάλα,None,0,67.9,70,1213,11,0,0,1,0.027,0.029,0.096,2.03,17.32,12.17,41.3,Normal
08:51.7,Tekirdağ,Καβάλα,None,0,67.4,70,1205.2,11,0,0,-1,0.158,0.037,0.141,2.03,17.33,12.17,41.3,Normal
08:52.7,Tekirdağ,Καβάλα,None,0,66.6,70,1192.1,11,0,0,-1,0.293,-0.042,0.242,2.03,17.33,12.17,41.3,Normal
08:53.7,Tekirdağ,Καβάλα,None,0,66.6,70,1192.8,11,0,0,-1,0.13,-0.023,-0.145,2.03,17.33,12.17,41.3,Normal
08:54.7,Tekirdağ,Καβάλα,None,0,67.3,70,1203.6,11,0,0,-1,0.134,-0.088,-0.184,2.03,17.33,12.17,41.3,Normal
08:55.7,Tekirdağ,Καβάλα,None,0,68,70,1217.9,11,0,0,-1,-0.051,-0.112,-0.191,2.03,17.33,12.17,41.3,Normal
08:56.7,Tekirdağ,Καβάλα,None,0,68.2,70,1220.3,11,0,0,-1,0.042,0.035,0.05,2.03,17.33,12.17,41.3,Normal
08:57.7,Tekirdağ,Καβάλα,None,0,67.9,70,1215.1,11,0,0,-1,0.021,-0.073,0.098,2.03,17.33,12.17,41.3,Normal
08:58.7,Tekirdağ,Καβάλα,None,0,67.6,70,1209.9,11,0,0,0,-0.102,-0.03,0.11,2.03,17.33,12.17,41.3,Normal
08:59.7,Tekirdağ,Καβάλα,None,0,67.2,70,1202.7,11,0,0,0,0.015,-0.049,0.122,2.03,17.34,12.17,41.3,Normal
09:00.7,Tekirdağ,Καβάλα,None,0,66.8,70,1194.3,11,0,0,0,-0.035,-0.01,0.142,2.03,17.34,12.17,41.3,Normal
09:01.7,Tekirdağ,Καβάλα,None,0,66.2,70,1185,11,0,0,1,-0.063,0.009,0.146,2.03,17.34,12.17,41.3,Normal
09:02.7,Tekirdağ,Καβάλα,None,0,66.3,70,1186.3,11,0.02,0,0,0.002,0.002,-0.177,2.03,17.34,12.17,41.3,Normal
09:03.7,Tekirdağ,Καβάλα,None,0,66.9,70,1198.3,11,0,0,0,-0.002,0.028,-0.188,2.03,17.34,12.17,41.3,Normal
09:04.7,Tekirdağ,Καβάλα,None,0,67.5,70,1208.8,11,0,0,1,-0.009,0.006,-0.15,2.03,17.34,12.17,41.3,Normal
09:05.7,Tekirdağ,Καβάλα,None,0,68,70,1217.4,11,0,0,1,-0.051,-0.007,-0.117,2.03,17.35,12.17,41.3,Normal
09:06.7,Tekirdağ,Καβάλα,None,0,68.2,70,1220.1,11,0,0,1,-0.027,0.088,0.121,2.03,17.35,12.17,41.3,Normal
09:07.7,Tekirdağ,Καβάλα,None,0,67.2,70,1200.9,11,0,0,1,-0.092,0.001,0.325,2.03,17.35,12.17,41.3,Normal
09:08.7,Tekirdağ,Καβάλα,None,0,66.1,70,1180.1,11,0,0,1,-0.016,-0.006,0.304,2.04,17.35,12.17,41.3,Normal
09:09.7,Tekirdağ,Καβάλα,None,0,65,70,1162,11,0,0,1,-0.002,0.062,0.272,2.04,17.35,12.17,41.3,Normal
09:10.7,Tekirdağ,Καβάλα,None,0,64,70,1143.3,11,0,0,1,-0.036,0.063,0.266,2.04,17.35,12.17,41.3,Normal
09:11.7,Tekirdağ,Καβάλα,None,0,62.9,70,1124,11,0,0,1,-0.022,-0.037,0.29,2.04,17.35,12.17,41.3,Normal
09:12.7,Tekirdağ,Καβάλα,None,0,61.9,70,1105.3,11,0,0,1,0.025,-0.036,0.321,2.04,17.35,12.17,41.3,Normal
09:13.7,Tekirdağ,Καβάλα,None,0,60.8,70,1085.9,11,0,0,1,-0.026,0.008,0.297,2.04,17.35,12.17,41.3,Normal
09:14.7,Tekirdağ,Καβάλα,None,0,59.7,70,1066.8,11,0,0,1,-0.01,0.016,0.29,2.04,17.36,12.17,41.3,Normal
09:15.7,Tekirdağ,Καβάλα,None,0,59.7,70,1071.6,11,0.34,0,1,0.008,-0.079,-0.257,2.04,17.36,12.17,41.3,Normal
09:16.7,Tekirdağ,Καβάλα,None,0,61.2,70,1098.6,11,0.38,0,1,0.127,0.002,-0.446,2.04,17.36,12.17,41.3,Normal
09:17.7,Tekirdağ,Καβάλα,None,0,63.1,70,1134.5,11,0.56,0,1,0.002,-0.007,-0.624,2.04,17.36,12.17,41.3,Normal
09:18.7,Tekirdağ,Καβάλα,None,0,65.5,70,1175.8,11,0.52,0,0,0.074,0.065,-0.625,2.04,17.36,12.17,41.3,Normal
09:19.7,Tekirdağ,Καβάλα,None,0,67.8,70,1218.1,11,0.71,0,-1,0.079,-0.004,-0.644,2.04,17.36,12.17,41.3,Normal
09:20.7,Tekirdağ,Καβάλα,None,0,70.3,70,1263.9,11,0.66,0,-1,0.114,-0.028,-0.735,2.04,17.36,12.18,41.2,Normal
09:21.7,Tekirdağ,Καβάλα,None,0,73,70,1311.3,11,0.61,0,0,-0.016,-0.063,-0.727,2.04,17.36,12.18,41.2,Normal
09:22.7,Tekirdağ,Καβάλα,None,0,74.9,70,1340.2,11,0,0,0,-0.01,0.11,-0.275,2.04,17.37,12.18,41.2,Normal
09:23.7,Tekirdağ,Καβάλα,None,0,75.5,70,1352.1,11,0,0,0,-0.063,0.014,-0.163,2.04,17.37,12.18,41.2,Speeding
09:24.7,Tekirdağ,Καβάλα,None,0,75.5,70,1350.5,11,0,0,-1,0.084,-0.027,0.14,2.04,17.37,12.18,41.2,Speeding
09:25.7,Tekirdağ,Καβάλα,None,0,74.4,70,1328.5,11,0,0.18,0,0.02,0.073,0.841,2.04,17.37,12.18,41.2,Normal
09:26.7,Tekirdağ,Καβάλα,None,0,66,80,1176,11,0,0.32,0,-0.003,-0.009,2.835,2.04,17.37,12.18,41.2,Normal
09:27.7,Tekirdağ,Καβάλα,None,0,61.6,80,1101,11,0,0,-1,-0.009,-0.047,0.335,2.04,17.37,12.18,41.2,Normal
09:28.7,Tekirdağ,Καβάλα,None,0,60.1,80,1073.4,11,0,0.03,0,-0.054,0.084,1.16,2.04,17.38,12.18,41.2,Normal
09:29.7,Tekirdağ,Καβάλα,None,0,58.5,80,1045.7,11,0,0.06,0,-0.033,-0.032,0.142,2.04,17.38,12.18,41.2,Normal
09:30.7,Tekirdağ,Καβάλα,None,0,56.1,80,1003.9,11,0,0,-1,0.112,-0.071,0.268,2.04,17.38,12.18,41.2,Normal
09:31.7,Tekirdağ,Καβάλα,None,0,55.8,80,997.9,11,0,0,0,-0.049,0.019,0.058,2.04,17.38,12.18,41.2,Normal
09:32.7,Tekirdağ,Καβάλα,None,0,55.9,80,1000.6,11,0,0,0,-0.026,-0.087,-0.182,2.04,17.38,12.18,41.2,Normal
09:33.7,Tekirdağ,Καβάλα,None,0,56.1,80,1003.1,11,0,0,-1,-0.033,0.021,0.025,2.04,17.38,12.18,41.2,Normal
09:34.7,Tekirdağ,Καβάλα,None,0,55.9,80,999.2,11,0,0,0,-0.031,0.013,0.054,2.04,17.38,12.18,41.2,Normal
09:35.7,Tekirdağ,Καβάλα,None,0,55.7,80,996.2,11,0,0,-1,0.017,0.002,0.058,2.04,17.38,12.18,41.2,Normal
09:36.7,Tekirdağ,Καβάλα,None,0,55.4,80,990.9,11,0,0,-1,0.015,0.089,0.052,2.04,17.38,12.18,41.2,Normal
09:37.7,Tekirdağ,Καβάλα,None,0,55.2,80,987.9,11,0,0,-1,0.011,0.025,0.046,2.04,17.38,12.18,41.2,Normal
09:38.7,Tekirdağ,Καβάλα,None,0,55,80,983.7,11,0,0,-1,0.006,-0.016,0.055,2.04,17.39,12.18,41.2,Normal
09:39.7,Tekirdağ,Καβάλα,None,0,54.8,80,980.4,11,0,0,0,-0.022,-0.017,0.058,2.04,17.39,12.18,41.2,Normal
09:40.7,Tekirdağ,Καβάλα,None,0,54.6,80,977,11,0,0,1,-0.1,0.042,0.04,2.04,17.39,12.18,41.2,Normal
09:41.7,Tekirdağ,Καβάλα,None,0,54.7,80,980.3,11,0.15,0,1,-0.051,-0.114,-0.195,2.04,17.39,12.18,41.2,Normal
09:42.7,Tekirdağ,Καβάλα,None,0,55.8,80,999.8,11,0.18,0,0,0.028,-0.075,-0.341,2.04,17.39,12.18,41.2,Normal
09:43.7,Tekirdağ,Καβάλα,None,0,57,80,1021,11,0.02,0,0,0.007,0.002,-0.338,2.04,17.39,12.18,41.2,Normal
09:44.7,Tekirdağ,Καβάλα,None,0,56.9,80,1018.7,11,0,0,1,-0.065,0.041,0.16,2.04,17.39,12.18,41.2,Normal
09:45.7,Tekirdağ,Καβάλα,None,0,56,80,1000.5,11,0,0,0,-0.029,0.073,0.429,2.04,17.39,12.18,41.2,Normal
09:46.7,Tekirdağ,Καβάλα,None,0,53.7,80,997.6,11,0,0,0,0.015,0.02,0.705,2.04,17.39,12.18,41.2,Normal
09:47.7,Tekirdağ,Καβάλα,None,0,51.8,80,1146.5,10,0,0,0,0.005,0.017,0.427,2.04,17.39,12.18,41.2,Normal
09:48.7,Tekirdağ,Καβάλα,None,0,50,80,1107.6,10,0,0,0,-0.011,0.028,0.494,2.04,17.4,12.18,41.2,Normal
09:49.7,Tekirdağ,Καβάλα,None,0,48.1,80,1065.1,10,0,0,0,0.028,0.017,0.561,2.04,17.4,12.18,41.2,Normal
09:50.7,Tekirdağ,Καβάλα,None,0,45.9,80,1015.8,10,0,0,-1,0.262,-0.024,0.629,2.04,17.4,12.18,41.2,Normal
09:51.7,Tekirdağ,Καβάλα,None,0,43.6,80,964.3,10,0,0,0,-0.081,-0.004,0.664,2.04,17.4,12.18,41.2,Normal
09:52.7,Tekirdağ,Καβάλα,None,0,41.2,80,1142.3,10,0,0,-1,0.016,0.011,0.624,2.04,17.4,12.18,41.2,Normal
09:53.7,Tekirdağ,Καβάλα,None,0,38.9,80,1111.7,9,0,0,-1,0.035,-0.002,0.668,2.04,17.4,12.18,41.2,Normal
09:54.7,Tekirdağ,Καβάλα,None,0,36.2,80,1031.6,9,0,0.05,-1,0.121,0.004,0.903,2.04,17.4,12.18,41.2,Normal
09:55.7,Tekirdağ,Καβάλα,None,0,31,40,866.9,9,0,0,-1,0.046,-0.01,1.782,2.04,17.4,12.18,41.2,Normal
09:56.7,Tekirdağ,Καβάλα,None,0,28.3,40,1334,7,0,0,-1,0.08,-0.002,0.444,2.04,17.4,12.18,41.2,Normal
09:57.7,Tekirdağ,Καβάλα,None,0,26.8,40,1262.7,7,0,0,-1,0.22,-0.033,0.391,2.04,17.4,12.18,41.2,Normal
09:58.7,Tekirdağ,Καβάλα,None,0,25.7,40,1210.6,7,0,0,-1,-0.081,0.019,0.223,2.04,17.41,12.18,41.2,Normal
09:59.7,Tekirdağ,Καβάλα,None,0,25.1,40,1184.5,7,0,0,-1,-0.035,0.003,0.116,2.04,17.41,12.18,41.2,Normal
10:00.7,Tekirdağ,Καβάλα,None,0,24.9,40,1177.6,7,0,0,-1,-0.046,0.015,-0.002,2.04,17.41,12.18,41.2,Normal
10:01.7,Tekirdağ,Καβάλα,None,0,25.1,40,1186,7,0,0,-1,-0.05,0.036,-0.081,2.04,17.41,12.18,41.2,Normal
10:02.7,Tekirdağ,Καβάλα,None,0,25.5,40,1206.2,7,0,0,-1,-0.027,0.036,-0.133,2.04,17.41,12.18,41.2,Normal
10:03.7,Tekirdağ,Καβάλα,None,0,26.1,40,1231.3,7,0,0,-1,-0.036,0.017,-0.182,2.04,17.41,12.18,41.2,Normal
10:04.7,Tekirdağ,Καβάλα,None,0,26.8,40,1266.4,7,0,0,-1,0.02,-0.021,-0.225,2.04,17.41,12.18,41.2,Normal
10:05.7,Tekirdağ,Καβάλα,None,0,27.7,40,1308.7,7,0,0,-1,-0.108,0.019,-0.245,2.04,17.41,12.18,41.2,Normal
10:06.7,Tekirdağ,Καβάλα,None,0,28.5,40,1347.6,7,0,0,-1,0.004,-0.009,-0.201,2.04,17.41,12.18,41.2,Normal
10:07.7,Tekirdağ,Καβάλα,None,0,29.1,40,1377.1,7,0,0,-1,-0.017,-0.055,-0.196,2.04,17.41,12.18,41.2,Normal
10:08.7,Tekirdağ,Καβάλα,None,0,29.7,40,1406.5,7,0,0,0,-0.104,-0.015,-0.174,2.04,17.41,12.18,41.2,Normal
10:09.7,Tekirdağ,Καβάλα,None,0,30.6,40,1189,7,0,0,1,-0.334,0.07,-0.327,2.04,17.41,12.18,41.2,Normal
10:10.7,Tekirdağ,Καβάλα,None,0,31.9,40,1169.7,8,0,0,1,-0.303,-0.062,-0.324,2.04,17.41,12.18,41.2,Normal
10:11.7,Tekirdağ,Καβάλα,None,0,33,40,1209,8,0,0,1,-0.149,-0.042,-0.331,2.04,17.41,12.18,41.2,Normal
10:12.7,Tekirdağ,Καβάλα,None,0,34.2,40,1255.1,8,0,0,1,0.014,0.049,-0.337,2.04,17.41,12.18,41.2,Normal
10:13.7,Tekirdağ,Καβάλα,None,0,35.5,40,1300.8,8,0,0,1,-0.05,0.027,-0.338,2.04,17.41,12.18,41.2,Normal
10:14.7,Tekirdağ,Καβάλα,None,0,36.7,40,1343.5,8,0,0,1,-0.033,0.019,-0.322,2.04,17.41,12.18,41.2,Normal
10:15.7,Tekirdağ,Καβάλα,None,0,37.7,40,1382.3,8,0,0,1,0.027,-0.057,-0.269,2.04,17.41,12.18,41.2,Normal
10:16.7,Tekirdağ,Καβάλα,None,0,38.5,40,1358.3,8,0,0,1,0.027,-0.046,-0.185,2.04,17.41,12.18,41.2,Normal
10:17.7,Tekirdağ,Καβάλα,None,0,39.3,40,1123.7,9,0,0,-1,0.235,0.005,-0.211,2.04,17.42,12.18,41.2,Normal
10:18.7,Tekirdağ,Καβάλα,None,0,39.7,40,1137,9,0,0,-1,0.022,0.025,-0.11,2.04,17.42,12.18,41.2,Normal
10:19.7,Tekirdağ,Καβάλα,None,0,28,40,836.5,9,0,0.69,-1,0.053,-0.028,4.995,2.04,17.42,12.18,41.2,Normal
10:20.7,Tekirdağ,Καβάλα,None,0,9.5,40,507.8,7,0,0,0,-0.002,-0.019,2.352,2.04,17.42,12.18,41.2,Normal
10:21.7,Tekirdağ,Καβάλα,None,0,9,40,1135.6,3,0,0,0,-0.01,-0.029,-0.368,2.04,17.42,12.18,41.2,Normal
10:22.7,Tekirdağ,Καβάλα,None,0,9.1,40,1147.3,3,0,0,0,-0.01,0.006,0.046,2.04,17.42,12.18,41.2,Normal
10:23.7,Tekirdağ,Καβάλα,None,0,8.9,40,1122.6,3,0,0,0,0.006,-0.004,0.055,2.04,17.42,12.18,41.2,Normal
10:24.7,Tekirdağ,Καβάλα,None,0,8.8,40,1097.8,3,0,0,-1,0.011,0.001,0.051,2.04,17.42,12.18,41.2,Normal
10:25.7,Tekirdağ,Καβάλα,None,0,8.6,40,1073.1,3,0,0,-1,0.016,-0.005,0.052,2.04,17.42,12.18,41.2,Normal
10:26.7,Tekirdağ,Καβάλα,None,0,8.4,40,1048.8,3,0,0,-1,0,-0.001,0.05,2.04,17.42,12.18,41.2,Normal
10:27.7,Tekirdağ,Καβάλα,None,0,8.1,40,1015.1,3,0,0,-1,0.011,0,0.083,2.04,17.42,12.18,41.2,Normal
10:28.7,Tekirdağ,Καβάλα,None,0,3.2,40,550.4,3,0,0.28,-1,-0.06,0.026,2.799,2.04,17.42,12.18,41.2,Normal
10:29.7,Tekirdağ,Καβάλα,None,0,0,40,550,1,0,0,0,0.003,0.008,-0.005,2.04,17.42,12.18,41.2,Normal
10:30.7,Tekirdağ,Καβάλα,None,0,1.2,40,550,1,0,0,0,0.02,0.001,-0.41,2.04,17.42,12.18,41.2,Normal
10:31.7,Tekirdağ,Καβάλα,None,0,2.7,40,550,1,0,0,-1,0.006,0,-0.427,2.04,17.42,12.18,41.2,Normal
10:32.7,Tekirdağ,Καβάλα,None,0,2,40,550,1,0,0.55,-1,-0.067,-0.076,1.959,2.04,17.42,12.18,41.2,Normal
10:33.7,Tekirdağ,Καβάλα,None,0,0.1,40,550,1,0,0,0,0.006,-0.011,-0.1,2.04,17.42,12.18,41.2,Normal
10:34.7,Tekirdağ,Καβάλα,None,0,1.3,40,550,1,0,0,0,0.015,-0.004,-0.397,2.04,17.42,12.18,41.2,Normal
10:35.7,Tekirdağ,Καβάλα,None,0,0,40,550,1,0,0.05,0,-0.033,0.271,0.806,2.04,17.42,12.18,41.2,Normal
10:36.7,Tekirdağ,Καβάλα,None,0,0,40,550,1,0,0,0,0.001,-0.004,0.038,2.04,17.42,12.18,41.2,Normal
10:37.7,Tekirdağ,Καβάλα,None,0,0,40,550,1,0,0.09,0,-0.004,0.001,0.011,2.04,17.42,12.18,41.2,Normal
10:38.7,Tekirdağ,Καβάλα,None,0,0,40,550,1,0,0.05,0,0.002,-0.003,0.014,2.04,17.42,12.18,41.2,Normal
10:39.7,Tekirdağ,Καβάλα,None,0,0,40,550,1,0,0,0,0.001,-0.001,0,2.04,17.42,12.18,41.2,Normal
10:40.7,Tekirdağ,Καβάλα,None,0,0,40,550,1,0,0,0,0,-0.005,0.002,2.04,17.42,12.18,41.2,Normal
10:41.7,Tekirdağ,Καβάλα,None,0,0,40,550,1,0,0.28,0,0,0,-0.022,2.04,17.42,12.18,41.2,Normal
10:42.7,Tekirdağ,Καβάλα,None,0,0,40,550,1,0,0,0,0.003,-0.002,0.003,2.04,17.42,12.18,41.2,Normal
10:43.7,Tekirdağ,Καβάλα,None,0,0,40,550,1,0,0,0,0.003,0.002,-0.029,2.04,17.42,12.18,41.2,Normal
10:44.7,Tekirdağ,Καβάλα,None,0,0,40,550,1,0,0,0,0,-0.002,0.003,2.04,17.42,12.18,41.2,Normal
10:45.7,Tekirdağ,Καβάλα,None,0,0,40,550,1,0,0,0,0,0.008,0.002,2.04,17.42,12.18,41.2,Normal
10:46.7,Tekirdağ,Καβάλα,None,0,4.2,40,952.8,1,0.22,0,0,0.053,0.01,-2.267,2.04,17.42,12.18,41.1,Normal
10:47.7,Tekirdağ,Καβάλα,None,0,5.7,40,1186.7,1,0.36,0,-1,0.014,0.083,0.014,2.04,17.42,12.18,41.1,Normal
10:48.7,Tekirdağ,Καβάλα,None,0,8.5,40,1382.5,1,0.33,0,-1,0.081,0.125,-0.526,2.04,17.42,12.18,41.1,Normal
10:49.7,Tekirdağ,Καβάλα,None,0,11.1,40,1104.3,4,0.39,0,-1,0.123,0.005,-1.306,2.04,17.42,12.18,41.1,Normal
10:50.7,Tekirdağ,Καβάλα,None,0,15,40,1466.6,4,0.13,0,-1,0.029,0.01,-0.657,2.04,17.42,12.18,41.1,Normal
10:51.7,Tekirdağ,Καβάλα,None,0,16.5,40,1012.5,6,0,0,-1,0.076,-0.005,-0.436,2.04,17.42,12.18,41.1,Normal
10:52.7,Tekirdağ,Καβάλα,None,0,17.9,40,1088.7,6,0,0,-1,0.049,0.007,-0.276,2.04,17.42,12.18,41.1,Normal
10:53.7,Tekirdağ,Καβάλα,None,0,18.6,40,1133.8,6,0,0,-1,0.099,0.002,-0.182,2.04,17.42,12.18,41.1,Normal
10:54.7,Tekirdağ,Καβάλα,None,0,19.2,40,1169.2,6,0,0,-1,-0.088,0.022,-0.149,2.04,17.42,12.18,41.1,Normal
10:55.7,Tekirdağ,Καβάλα,None,0,19.6,40,1192.7,6,0,0,-1,0.195,0.012,-0.078,2.04,17.42,12.18,41.1,Normal
10:56.7,Tekirdağ,Καβάλα,None,0,19.7,40,1197.9,6,0,0,-1,0.204,-0.006,0.002,2.04,17.42,12.18,41.1,Normal
10:57.7,Tekirdağ,Καβάλα,None,0,5,40,535.5,4,0,0,-1,-0.445,0.065,3.862,2.04,17.42,12.18,41.1,Normal
10:58.7,Tekirdağ,Καβάλα,None,0,3.4,40,550,1,0,0,-1,0.088,0.013,-0.103,2.04,17.42,12.18,41.1,Normal
10:59.7,Tekirdağ,Καβάλα,None,0,0,40,550,1,0,1,-1,-0.008,-0.082,-0.009,2.04,17.42,12.18,41.1,Normal
11:00.7,Tekirdağ,Καβάλα,None,0,0,40,550,1,0,0,0,0.001,-0.001,0.003,2.04,17.42,12.18,41.1,Normal
11:01.7,Tekirdağ,Καβάλα,None,0,0,40,550,1,0,0,0,-0.005,0.002,0.003,2.04,17.42,12.18,41.1,Normal
11:02.7,Tekirdağ,Καβάλα,None,0,0,40,550,1,0,0,0,0.001,-0.001,0.001,2.04,17.42,12.18,41.1,Normal
11:03.7,Tekirdağ,Καβάλα,None,0,0,40,550,1,0,0,0,-0.006,0.005,0.002,2.04,17.42,12.18,41.1,Normal
11:04.7,Tekirdağ,Καβάλα,None,0,0,40,550,1,0,0,0,0,0,0.001,2.04,17.42,12.18,41.1,Normal
11:05.7,Tekirdağ,Καβάλα,None,0,0,40,550,1,0,0,-1,0,0.002,0,2.04,17.42,12.18,41.1,Normal
11:06.7,Tekirdağ,Καβάλα,None,0,0.9,40,658.3,1,0,0,-1,0.378,0.002,-0.822,2.04,17.42,12.18,41.1,Normal
11:07.7,Tekirdağ,Καβάλα,None,0,1.8,40,546.2,1,0,0,-1,0.084,0,-0.18,2.04,17.42,12.18,41.1,Normal
11:08.7,Tekirdağ,Καβάλα,None,0,2.2,40,547.9,1,0,0,1,-0.012,-0.001,-0.06,2.04,17.42,12.18,41.1,Normal
11:09.7,Tekirdağ,Καβάλα,None,0,2.4,40,549.1,1,0,0,1,-0.071,-0.001,-0.057,2.04,17.42,12.18,41.1,Normal
11:10.7,Tekirdağ,Καβάλα,None,0,2.5,40,549.7,1,0,0,1,-0.059,-0.003,-0.04,2.04,17.42,12.18,41.1,Normal
11:11.7,Tekirdağ,Καβάλα,None,0,1.5,40,549.9,1,0,0.64,1,-0.201,-0.1,0.924,2.04,17.42,12.18,41.1,Normal
11:12.7,Tekirdağ,Καβάλα,None,0,0,40,550,1,0,0,0,-0.011,0,-0.074,2.04,17.42,12.18,41.1,Normal
11:13.7,Tekirdağ,Καβάλα,None,0,0,40,550,1,0,0,0,0,0.007,0.002,2.04,17.42,12.18,41.1,Normal
11:14.7,Tekirdağ,Καβάλα,None,0,0,40,550,1,0,0,-1,0,-0.023,-0.002,2.04,17.42,12.18,41.1,Normal
11:15.7,Tekirdağ,Καβάλα,None,0,0,40,550,1,0,0,0,0,0.006,0.001,2.04,17.42,12.18,41.1,Normal
11:16.7,Tekirdağ,Καβάλα,None,0,0,40,550,1,0,0,0,0,-0.001,0,2.04,17.42,12.18,41.1,Normal
11:17.7,Tekirdağ,Καβάλα,None,0,0,40,550,1,0,0,0,-0.001,0.002,0.004,2.04,17.42,12.18,41.1,Normal
11:18.7,Tekirdağ,Καβάλα,None,0,0,40,550,1,0,0,0,-0.002,-0.008,0.003,2.04,17.42,12.18,41.1,Normal
11:19.7,Tekirdağ,Καβάλα,None,0,0,40,550,1,0,0,1,-0.002,-0.001,0.003,2.04,17.42,12.18,41.1,Normal
11:20.7,Tekirdağ,Καβάλα,None,0,0,40,550,1,0,0,0,-0.002,0.002,0.003,2.04,17.42,12.18,41.1,Normal
11:21.7,Tekirdağ,Καβάλα,None,0,0.1,40,945.1,1,0.46,0,1,0.019,0.016,-0.205,2.04,17.42,12.18,41.1,Normal
11:22.7,Tekirdağ,Καβάλα,None,0,6,40,1331.4,1,0.54,0,1,-0.043,-0.075,-2.717,2.04,17.42,12.18,41.1,Normal
11:23.7,Tekirdağ,Καβάλα,None,0,7.9,40,1001,3,0.49,0,1,-0.013,0.002,0.048,2.04,17.42,12.18,41.1,Normal
11:24.7,Tekirdağ,Καβάλα,None,0,9.8,40,1226.2,3,0.04,0,0,0.002,-0.011,-0.182,2.04,17.42,12.18,41.1,Normal
11:25.7,Tekirdağ,Καβάλα,None,0,11.9,40,1510.8,3,0.03,0,-1,0.043,-0.089,-1.096,2.04,17.42,12.18,41.1,Normal
11:26.7,Tekirdağ,Καβάλα,None,0,12.4,40,973.2,5,0,0,-1,0.223,0.02,0.079,2.04,17.42,12.18,41.1,Normal
11:27.7,Tekirdağ,Καβάλα,None,0,11.4,40,896,5,0.22,0,-1,0.16,0.005,0.283,2.04,17.42,12.18,41.1,Normal
11:28.7,Tekirdağ,Καβάλα,None,0,11.5,40,927.2,5,0.44,0,-1,0.232,-0.023,-0.43,2.04,17.42,12.18,41.1,Normal
11:29.7,Tekirdağ,Καβάλα,None,0,15,40,1230.5,5,0.5,0,-1,0.331,-0.02,-1.142,2.04,17.42,12.18,41.1,Normal
11:30.7,Tekirdağ,Καβάλα,None,0,19.2,40,1566.4,5,0.48,0,0,-0.082,-0.011,-1.207,2.04,17.42,12.18,41,Normal
11:31.7,Tekirdağ,Καβάλα,None,0,19.3,70,1498.7,5,0.39,0,1,-0.517,-0.039,0.284,2.04,17.42,12.18,41,Normal
11:32.7,Tekirdağ,Καβάλα,None,0,17.3,70,1059.4,6,0.57,0,1,-0.38,0.007,0.505,2.04,17.42,12.18,41,Normal
11:33.7,Tekirdağ,Καβάλα,None,0,19,70,1181.2,6,0.61,0,1,-0.236,-0.025,-0.895,2.04,17.42,12.18,41,Normal
11:34.7,Tekirdağ,Καβάλα,None,0,22.7,70,1399.4,6,0.56,0,-1,0.088,0.025,-0.988,2.04,17.42,12.18,41,Normal
11:35.7,Tekirdağ,Καβάλα,None,0,23.5,70,1110.7,7,0.54,0,0,0.042,0.027,0.261,2.04,17.42,12.18,41,Normal
11:36.7,Tekirdağ,Καβάλα,None,0,23.4,70,1115.7,7,0.51,0,0,0.026,-0.041,-0.406,2.04,17.43,12.18,41,Normal
11:37.7,Tekirdağ,Καβάλα,None,0,25.6,70,1224.9,7,0.63,0,1,-0.023,-0.011,-0.753,2.04,17.43,12.18,41,Normal
11:38.7,Tekirdağ,Καβάλα,None,0,28.7,70,1369.6,7,0.71,0,1,0.015,0.006,-0.894,2.04,17.43,12.18,40.9,Normal
11:39.7,Tekirdağ,Καβάλα,None,0,30.6,70,1244,7,0.69,0,0,0.034,0.097,0.104,2.04,17.43,12.18,40.9,Normal
11:40.7,Tekirdağ,Καβάλα,None,0,29.9,70,1103.8,8,0.66,0,0,0.01,-0.049,-0.145,2.04,17.43,12.18,40.9,Normal
11:41.7,Tekirdağ,Καβάλα,None,0,31.7,70,1170.9,8,0.69,0,1,-0.015,0.003,-0.593,2.04,17.43,12.18,40.9,Normal
11:42.7,Tekirdağ,Καβάλα,None,0,34.2,70,1264.1,8,0.83,0,1,-0.012,0.004,-0.764,2.04,17.43,12.18,40.9,Normal
11:43.7,Tekirdağ,Καβάλα,None,0,37.2,70,1373.2,8,0.76,0,1,-0.059,0.019,-0.819,2.04,17.43,12.18,40.8,Normal
11:44.7,Tekirdağ,Καβάλα,None,0,39,70,1240.7,8,0.64,0,1,-0.004,0.11,-0.016,2.04,17.43,12.18,40.8,Normal
11:45.7,Tekirdağ,Καβάλα,None,0,38.8,70,1117,9,0.7,0,1,0.02,-0.004,-0.206,2.04,17.43,12.18,40.8,Normal
11:46.7,Tekirdağ,Καβάλα,None,0,41,70,1180,9,0.66,0,-1,0.079,-0.038,-0.72,2.04,17.43,12.18,40.8,Normal
11:47.7,Tekirdağ,Καβάλα,None,0,42.6,70,1226.3,9,0.97,0,0,-0.037,0.02,-0.327,2.05,17.44,12.18,40.8,Normal
11:48.7,Tekirdağ,Καβάλα,None,0,46,70,1325.9,9,0.97,0,1,-0.097,-0.025,-1.125,2.05,17.44,12.18,40.8,Normal
11:49.7,Tekirdağ,Καβάλα,None,0,50.4,70,1451.1,9,1,0,1,-0.057,-0.02,-1.241,2.05,17.44,12.18,40.7,Normal
11:50.7,Tekirdağ,Καβάλα,None,0,53,70,1176.1,10,0,0,1,-0.014,0.032,-0.35,2.05,17.44,12.18,40.7,Normal
11:51.7,Tekirdağ,Καβάλα,None,0,53.9,70,1194.5,10,0,0,-1,0.069,0.003,-0.174,2.05,17.44,12.18,40.7,Normal
11:52.7,Tekirdağ,Καβάλα,None,0,54.4,70,1207.4,10,0,0,-1,0.097,0.021,-0.163,2.05,17.44,12.18,40.7,Normal
11:53.7,Tekirdağ,Καβάλα,None,0,55.3,70,1226.1,10,0.09,0,0,-0.014,0.03,-0.252,2.05,17.44,12.18,40.7,Normal
11:54.7,Tekirdağ,Καβάλα,None,0,56.2,70,1247.5,10,0,0,0,-0.025,0.015,-0.203,2.05,17.44,12.18,40.7,Normal
11:55.8,Tekirdağ,Καβάλα,None,0,56.9,70,1261.1,10,0,0,1,-0.062,-0.037,-0.16,2.05,17.44,12.18,40.7,Normal
11:56.7,Tekirdağ,Καβάλα,None,0,57.4,70,1273.6,10,0,0,-1,0.029,-0.034,-0.158,2.05,17.44,12.18,40.7,Normal
11:57.7,Tekirdağ,Καβάλα,None,0,58.2,70,1290.5,10,0,0,0,-0.041,0.005,-0.19,2.05,17.44,12.18,40.7,Normal
11:58.7,Tekirdağ,Καβάλα,None,0,58.8,70,1303.9,10,0.31,0,1,-0.037,-0.003,-0.169,2.05,17.45,12.18,40.7,Normal
11:59.8,Tekirdağ,Καβάλα,None,0,59.7,70,1324.7,10,0,0,-1,0.013,-0.006,-0.199,2.05,17.45,12.18,40.7,Normal
12:00.7,Tekirdağ,Καβάλα,None,0,60.3,70,1338,10,0,0,0,-0.018,0.002,-0.16,2.05,17.45,12.18,40.7,Normal
12:01.7,Tekirdağ,Καβάλα,None,0,60.7,70,1346.2,10,0,0,1,-0.051,0.087,-0.025,2.05,17.45,12.18,40.7,Normal
12:02.7,Tekirdağ,Καβάλα,None,0,60.4,70,1339.2,10,0,0,1,-0.258,-0.016,0.124,2.05,17.45,12.18,40.7,Normal
12:03.7,Tekirdağ,Καβάλα,None,0,59.9,70,1326,10,0,0,1,-0.215,0.059,0.156,2.05,17.45,12.18,40.7,Normal
12:04.8,Tekirdağ,Καβάλα,None,0,59.1,70,1307,10,0,0,1,0.112,0.008,0.299,2.05,17.45,12.18,40.7,Normal
12:05.7,Tekirdağ,Καβάλα,None,0,57.9,70,1281.6,10,0,0,1,0.062,0.045,0.31,2.05,17.45,12.18,40.7,Normal
12:06.8,Tekirdağ,Καβάλα,None,0,57.1,70,1266,10,0,0,1,-0.094,-0.03,0.127,2.05,17.45,12.18,40.7,Normal
12:07.7,Tekirdağ,Καβάλα,None,0,53.4,70,1178.4,10,0,0.24,1,-0.027,0.064,1.847,2.05,17.45,12.18,40.7,Normal
12:08.7,Tekirdağ,Καβάλα,None,0,45.1,70,989.9,10,0,0.33,1,-0.155,0.027,2.862,2.05,17.45,12.18,40.7,Normal
12:09.7,Tekirdağ,Καβάλα,None,0,41,70,1174.5,9,0,0,0,0.035,-0.029,0.163,2.05,17.45,12.18,40.7,Normal
12:10.7,Tekirdağ,Καβάλα,None,0,41,50,1174.5,9,0,0,1,0.09,-0.002,-0.075,2.05,17.45,12.18,40.7,Normal
12:11.7,Tekirdağ,Καβάλα,None,0,41.5,50,1186.5,9,0,0,1,-0.075,0.01,-0.12,2.05,17.45,12.18,40.7,Normal
12:12.7,Tekirdağ,Καβάλα,None,0,41.9,50,1199.6,9,0,0,1,0.037,0.015,-0.14,2.05,17.45,12.18,40.7,Normal
12:13.7,Tekirdağ,Καβάλα,None,0,41.7,50,1193.8,9,0,0,1,-0.085,0.069,0.181,2.05,17.45,12.18,40.7,Normal
12:14.7,Tekirdağ,Καβάλα,None,0,42.2,50,1210.2,9,0.31,0,1,0.065,-0.078,-0.315,2.05,17.45,12.18,40.7,Normal
12:15.7,Tekirdağ,Καβάλα,None,0,43.2,50,1236.4,9,0,0,1,0.03,-0.021,-0.179,2.05,17.45,12.18,40.7,Normal
12:16.7,Tekirdağ,Καβάλα,None,0,43.8,50,1254.5,9,0,0,1,-0.027,-0.016,-0.181,2.05,17.45,12.18,40.7,Normal
12:17.7,Tekirdağ,Καβάλα,None,0,44.5,50,1274.5,9,0,0,1,0.092,0.018,-0.204,2.05,17.45,12.18,40.7,Normal
12:18.7,Tekirdağ,Καβάλα,None,0,45.5,50,1305.3,9,0.38,0,1,0.02,-0.073,-0.399,2.05,17.46,12.18,40.7,Normal
12:19.7,Tekirdağ,Καβάλα,None,0,47.7,50,1371.7,9,0.52,0,1,0.029,-0.038,-0.719,2.05,17.46,12.18,40.7,Normal
12:20.7,Tekirdağ,Καβάλα,None,0,49.6,50,1107.7,10,0.37,0,-1,0.136,0.082,-0.304,2.05,17.46,12.18,40.7,Normal
12:21.7,Tekirdağ,Καβάλα,None,0,50.4,50,1117.4,10,0,0,-1,0.145,-0.027,-0.165,2.05,17.46,12.18,40.7,Normal
12:22.8,Tekirdağ,Καβάλα,None,0,51,50,1130.8,10,0,0,-1,0.041,0.003,-0.158,2.05,17.46,12.18,40.7,Normal
12:23.8,Tekirdağ,Καβάλα,None,0,49,50,1083.4,10,0,0.24,0,-0.063,0.049,1.578,2.05,17.46,12.18,40.7,Normal
12:24.8,Tekirdağ,Καβάλα,None,0,43.7,50,968.2,10,0,0,-1,0.327,-0.071,0.541,2.05,17.46,12.18,40.7,Normal
12:25.7,Tekirdağ,Καβάλα,None,0,43.1,50,954.5,10,0,0,-1,0.145,-0.009,0.221,2.05,17.46,12.18,40.7,Normal
12:26.8,Tekirdağ,Καβάλα,None,0,43.8,50,971.1,10,0,0,-1,-0.124,-0.014,-0.283,2.05,17.46,12.18,40.7,Normal
12:27.8,Tekirdağ,Καβάλα,None,0,44.7,50,992.1,10,0,0,-1,-0.074,0.061,-0.253,2.05,17.46,12.18,40.7,Normal
12:28.8,Tekirdağ,Καβάλα,None,0,45.5,50,1007.6,10,0,0,-1,-0.046,0.077,-0.16,2.05,17.46,12.18,40.7,Normal
12:29.7,Tekirdağ,Καβάλα,None,0,46.1,50,1021.1,10,0,0,-1,-0.032,0.06,-0.156,2.05,17.46,12.18,40.7,Normal
12:30.7,Tekirdağ,Καβάλα,None,0,46.7,50,1036.6,10,0,0,-1,-0.104,0.108,-0.202,2.05,17.46,12.18,40.7,Normal
12:31.8,Tekirdağ,Καβάλα,None,0,47.5,50,1053.8,10,0,0,-1,0.066,0.027,-0.22,2.05,17.46,12.18,40.7,Normal
12:32.7,Tekirdağ,Καβάλα,None,0,47.3,50,1048.1,10,0,0.04,-1,0.058,0.005,0.332,2.05,17.46,12.18,40.7,Normal
12:33.7,Tekirdağ,Καβάλα,None,0,45.7,50,1011.5,10,0,0,-1,0.035,-0.032,0.188,2.05,17.46,12.18,40.7,Normal
12:34.7,Tekirdağ,Καβάλα,None,0,45.8,50,1013.9,10,0,0,-1,0.101,-0.017,0.005,2.05,17.46,12.18,40.7,Normal
12:35.8,Tekirdağ,Καβάλα,None,0,46.1,50,1022.2,10,0,0,0,-0.232,-0.012,-0.138,2.05,17.46,12.18,40.7,Normal
12:36.8,Tekirdağ,Καβάλα,None,0,46.8,50,1040.2,10,0.36,0,1,-0.381,-0.008,-0.314,2.05,17.46,12.18,40.7,Normal
12:37.8,Tekirdağ,Καβάλα,None,0,48.9,50,1088.3,10,0.58,0,0,-0.013,-0.105,-0.727,2.05,17.46,12.18,40.7,Normal
12:38.7,Tekirdağ,Καβάλα,None,0,51.2,50,1139.4,10,0.33,0,0,-0.004,0.035,-0.584,2.05,17.46,12.18,40.7,Normal
12:39.7,Tekirdağ,Καβάλα,None,0,53.2,50,1181.2,10,0,0,0,-0.001,0.051,-0.486,2.05,17.46,12.18,40.7,Normal
12:40.8,Tekirdağ,Καβάλα,None,0,54.1,50,1200.6,10,0,0,0,0.028,0.013,-0.182,2.05,17.46,12.18,40.7,Normal
12:41.8,Tekirdağ,Καβάλα,None,0,53.6,50,1185.9,10,0,0.16,0,-0.003,0.031,0.745,2.05,17.46,12.18,40.7,Normal
12:42.8,Tekirdağ,Καβάλα,None,0,51,50,1131.3,10,0,0,0,0.002,-0.024,0.243,2.05,17.46,12.18,40.7,Normal
12:43.8,Tekirdağ,Καβάλα,None,0,50.5,50,1119.7,10,0,0,0,0.01,0.021,0.189,2.05,17.46,12.18,40.7,Normal
12:44.8,Tekirdağ,Καβάλα,None,0,49.9,50,1104.8,10,0,0,1,-0.014,0.022,0.203,2.05,17.46,12.18,40.7,Normal
12:45.8,Tekirdağ,Καβάλα,None,0,49,50,1084.7,10,0,0,1,-0.117,0.035,0.241,2.05,17.46,12.18,40.7,Normal
12:46.8,Tekirdağ,Καβάλα,None,0,48.1,50,1065,10,0,0,1,-0.048,0.04,0.233,2.05,17.46,12.18,40.7,Normal
12:47.7,Tekirdağ,Καβάλα,None,0,47.3,50,1046.5,10,0,0,1,0.092,0.02,0.252,2.05,17.46,12.18,40.7,Normal
12:48.7,Tekirdağ,Καβάλα,None,0,45.8,50,1012,10,0,0.11,1,-0.154,0.028,0.77,2.05,17.46,12.18,40.7,Normal
12:49.7,Tekirdağ,Καβάλα,None,0,42.3,50,929.8,10,0,0,1,-0.118,0.013,0.951,2.05,17.46,12.18,40.7,Normal
12:50.8,Tekirdağ,Καβάλα,None,0,41.2,50,1174.4,9,0,0.07,1,-0.043,-0.044,0.234,2.05,17.46,12.18,40.7,Normal
12:51.7,Tekirdağ,Καβάλα,None,0,39.4,50,1124.9,9,0,0.02,1,-0.025,0.018,0.343,2.05,17.46,12.18,40.7,Normal
12:52.8,Tekirdağ,Καβάλα,None,0,37,50,1050.7,9,0,0.03,1,-0.232,-0.22,1.044,2.05,17.46,12.18,40.7,Normal
12:53.8,Tekirdağ,Καβάλα,None,0,33.3,50,948.2,9,0.13,0,1,0.305,-0.176,0.448,2.05,17.46,12.18,40.7,Normal
12:54.7,Tekirdağ,Καβάλα,None,0,33.8,50,970.6,9,0.17,0,0,0.227,0.023,-0.333,2.05,17.46,12.18,40.7,Normal
12:55.8,Tekirdağ,Καβάλα,None,0,34.4,50,986.1,9,0.34,0,1,0.056,0.036,-0.105,2.05,17.46,12.18,40.7,Normal
12:56.8,Tekirdağ,Καβάλα,None,0,35.4,50,1013.1,9,0,0,1,-0.123,-0.009,-0.143,2.05,17.46,12.18,40.7,Normal
12:57.8,Tekirdağ,Καβάλα,None,0,35.9,50,1026.4,9,0.08,0,1,-0.071,-0.076,-0.146,2.05,17.46,12.18,40.7,Normal
12:58.8,Tekirdağ,Καβάλα,None,0,37.5,50,1080.9,9,0.4,0,1,0.111,-0.013,-0.707,2.05,17.46,12.18,40.7,Normal
12:59.8,Tekirdağ,Καβάλα,None,0,40.1,50,1149.3,9,0,0,1,0.006,0.085,-0.468,2.05,17.46,12.18,40.7,Normal
13:00.8,Tekirdağ,Καβάλα,None,0,40.9,50,1168.9,9,0,0,0,0.134,0.121,-0.111,2.05,17.46,12.18,40.7,Normal
13:01.8,Tekirdağ,Καβάλα,None,0,41.3,50,1181,9,0,0,-1,0.165,-0.027,-0.106,2.05,17.46,12.18,40.7,Normal
13:02.8,Tekirdağ,Καβάλα,None,0,41.7,50,1193.2,9,0,0,-1,0.139,0.005,-0.124,2.05,17.46,12.18,40.7,Normal
13:03.8,Tekirdağ,Καβάλα,None,0,42.2,50,1207.1,9,0,0,0,-0.036,-0.016,-0.131,2.05,17.46,12.18,40.7,Normal
13:04.8,Tekirdağ,Καβάλα,None,0,42.3,50,1210.4,9,0,0,-1,0.066,0.027,0.031,2.05,17.46,12.18,40.7,Normal
13:05.8,Tekirdağ,Καβάλα,None,0,42.2,50,1204.3,9,0,0,-1,0.186,-0.21,0.056,2.05,17.46,12.18,40.7,Normal
13:06.8,Tekirdağ,Καβάλα,None,0,42.4,50,1211.5,9,0,0,-1,0.096,-0.078,-0.098,2.05,17.46,12.18,40.7,Normal
13:07.8,Tekirdağ,Καβάλα,None,0,42.8,50,1222.1,9,0,0,-1,0.131,-0.131,-0.087,2.05,17.46,12.18,40.7,Normal
13:08.8,Tekirdağ,Καβάλα,None,0,42.9,50,1225.1,9,0,0,-1,-0.009,-0.043,0.005,2.05,17.46,12.18,40.7,Normal
13:09.8,Tekirdağ,Καβάλα,None,0,42.3,50,1206.9,9,0,0.05,-1,-0.148,-0.089,0.465,2.05,17.46,12.18,40.7,Normal
13:10.8,Tekirdağ,Καβάλα,None,0,41.3,50,1180.9,9,0,0,-1,0.04,-0.048,0.098,2.05,17.46,12.18,40.7,Normal
13:11.8,Tekirdağ,Καβάλα,None,0,41.2,50,1178,9,0,0,-1,0.003,0.035,0.019,2.05,17.46,12.18,40.7,Normal
13:12.8,Tekirdağ,Καβάλα,None,0,41.1,50,1173,9,0,0,-1,-0.146,-0.025,0.069,2.05,17.46,12.18,40.7,Normal
13:13.8,Tekirdağ,Καβάλα,None,0,40.7,50,1163.6,9,0,0,1,-0.205,0.033,0.069,2.05,17.47,12.18,40.7,Normal
13:14.8,Tekirdağ,Καβάλα,None,0,40.5,50,1157.1,9,0,0,1,-0.296,-0.015,0.067,2.05,17.47,12.18,40.7,Normal
13:15.8,Tekirdağ,Καβάλα,None,0,40.3,50,1153,9,0,0,1,-0.064,0.019,0.023,2.05,17.47,12.18,40.7,Normal
13:16.8,Tekirdağ,Καβάλα,None,0,40.2,50,1150.6,9,0,0,0,-0.002,-0.007,0.023,2.05,17.47,12.18,40.7,Normal
13:17.8,Tekirdağ,Καβάλα,None,0,38.1,50,1081.7,9,0,0.42,1,-0.1,0.096,2.049,2.05,17.47,12.18,40.7,Normal
13:18.8,Tekirdağ,Καβάλα,None,0,22.5,50,970.7,9,0,0,0,0.025,-0.017,4.237,2.05,17.47,12.18,40.7,Normal
13:19.8,Tekirdağ,Καβάλα,None,0,19,50,897.5,7,0,0,0,0.003,0,0.143,2.05,17.47,12.18,40.7,Normal
13:20.8,Tekirdağ,Καβάλα,None,0,18.9,50,893.8,7,0,0,0,0.003,-0.002,-0.014,2.05,17.47,12.18,40.7,Normal
13:21.8,Tekirdağ,Καβάλα,None,0,19,50,896.7,7,0,0,0,0.014,0,-0.019,2.05,17.47,12.18,40.7,Normal
13:22.8,Tekirdağ,Καβάλα,None,0,18.4,50,868,7,0,0.04,-1,0.381,-0.002,0.473,2.05,17.47,12.18,40.7,Normal
13:23.8,Tekirdağ,Καβάλα,None,0,14.6,50,879.7,6,0,0.31,-1,0.142,0.004,1.93,2.05,17.47,12.18,40.7,Normal
13:24.8,Tekirdağ,Καβάλα,None,0,8.3,50,807.2,4,0,0,-1,0.056,-0.053,0.487,2.05,17.47,12.18,40.7,Normal
13:25.8,Tekirdağ,Καβάλα,None,0,1.7,50,550.9,4,0,1,1,-0.949,-0.017,5.068,2.05,17.47,12.18,40.7,Normal
13:26.8,Tekirdağ,Καβάλα,None,0,0,50,550,1,0,1,0,0.012,0.008,0,2.05,17.47,12.18,40.7,Normal
13:27.8,Tekirdağ,Καβάλα,None,0,0,50,550,1,0,0,-1,0.001,-0.002,0.002,2.05,17.47,12.18,40.7,Normal
13:28.8,Tekirdağ,Καβάλα,None,0,0.7,0,754.6,1,0.19,0,-1,0.137,0.026,-0.665,2.05,17.47,12.18,40.7,Normal
13:29.8,Tekirdağ,Καβάλα,None,0,3.5,0,748.7,1,0.07,0,-1,0.234,0.021,-0.628,2.05,17.47,12.18,40.7,Normal
13:30.8,Tekirdağ,Καβάλα,None,0,4.7,0,979.2,1,0.11,0,-1,0.171,0.004,-0.223,2.05,17.47,12.18,40.7,Normal
13:31.8,Tekirdağ,Καβάλα,None,0,6.3,50,1356,1,0.2,0,-1,0.317,-0.004,-0.529,2.05,17.47,12.18,40.7,Normal
13:32.8,Tekirdağ,Καβάλα,None,0,7.1,50,1287,1,0.17,0,1,-0.213,0.028,0.024,2.05,17.47,12.18,40.7,Normal
13:33.8,Tekirdağ,Καβάλα,None,0,7.3,50,944.4,3,0.3,0,1,-0.165,-0.002,-0.381,2.05,17.47,12.18,40.7,Normal
13:34.8,Tekirdağ,Καβάλα,None,0,10.8,50,1394.4,3,0.35,0,1,-0.124,-0.033,-1.208,2.05,17.47,12.18,40.7,Normal
13:35.8,Tekirdağ,Καβάλα,None,0,12,50,943.7,5,0.4,0,1,-0.284,0.026,0.132,2.05,17.47,12.18,40.7,Normal
13:36.8,Tekirdağ,Καβάλα,None,0,13.6,50,1090.7,5,0.57,0,1,-0.292,-0.093,-1.267,2.05,17.47,12.18,40.7,Normal
13:37.8,Tekirdağ,Καβάλα,None,0,18,50,1438.6,5,0.33,0,1,-0.34,0.034,-1.024,2.05,17.47,12.18,40.7,Normal
13:38.8,Tekirdağ,Καβάλα,None,0,19.6,50,929.4,7,0,0,0,0.057,-0.053,-0.241,2.05,17.47,12.18,40.7,Normal
13:39.8,Tekirdağ,Καβάλα,None,0,20.3,50,958,7,0,0,1,0,-0.001,-0.174,2.05,17.47,12.18,40.7,Normal
13:40.8,Tekirdağ,Καβάλα,None,0,21,50,996,7,0,0,1,-0.045,0.01,-0.251,2.05,17.47,12.18,40.7,Normal
13:41.8,Tekirdağ,Καβάλα,None,0,22.2,50,1049.7,7,0,0,1,-0.025,-0.032,-0.35,2.05,17.47,12.18,40.7,Normal
13:42.8,Tekirdağ,Καβάλα,None,0,23.6,50,1117.6,7,0,0,1,-0.075,0.035,-0.419,2.05,17.47,12.18,40.7,Normal
13:43.8,Tekirdağ,Καβάλα,None,0,25.2,50,1193.5,7,0,0,1,-0.038,0.012,-0.456,2.05,17.47,12.18,40.7,Normal
13:44.8,Tekirdağ,Καβάλα,None,0,26.8,50,1267,7,0,0,1,-0.16,0.048,-0.414,2.05,17.47,12.18,40.7,Normal
13:45.8,Tekirdağ,Καβάλα,None,0,28.2,50,1333.3,7,0,0,1,-0.104,-0.032,-0.358,2.05,17.47,12.18,40.7,Normal
13:46.8,Tekirdağ,Καβάλα,None,0,29.4,50,1391.5,7,0,0,1,0.012,-0.004,-0.339,2.05,17.47,12.18,40.7,Normal
13:47.8,Tekirdağ,Καβάλα,None,0,30.7,50,1247.1,7,0,0,1,0.091,-0.021,-0.442,2.05,17.47,12.18,40.7,Normal
13:48.8,Tekirdağ,Καβάλα,None,0,32.4,50,1191.1,8,0,0,1,0.073,0.006,-0.443,2.05,17.47,12.18,40.7,Normal
13:49.8,Tekirdağ,Καβάλα,None,0,33.7,50,1236.7,8,0,0,1,0.054,-0.058,-0.296,2.05,17.47,12.18,40.7,Normal
13:50.8,Tekirdağ,Καβάλα,None,0,34.6,50,1267.8,8,0,0,-1,0.146,0.062,-0.208,2.05,17.47,12.18,40.7,Normal
13:51.8,Tekirdağ,Καβάλα,None,0,35.2,50,1289.5,8,0,0.07,-1,0.18,-0.019,-0.002,2.05,17.47,12.18,40.7,Normal
13:52.8,Tekirdağ,Καβάλα,None,0,32.3,50,1178.9,8,0,0.17,-1,0.155,0.002,1.275,2.05,17.47,12.18,40.7,Normal
13:53.8,Tekirdağ,Καβάλα,None,0,28.3,50,1033.9,8,0,0.08,-1,-0.095,0.046,0.851,2.05,17.47,12.18,40.7,Normal
13:54.8,Tekirdağ,Καβάλα,None,0,28.3,50,1036.1,8,0,0,-1,0.309,0.003,-0.359,2.05,17.47,12.18,40.7,Normal
13:55.8,Tekirdağ,Καβάλα,None,0,30,50,1101.5,8,0,0,-1,-0.095,-0.002,-0.558,2.05,17.47,12.18,40.7,Normal
13:56.8,Tekirdağ,Καβάλα,None,0,32.2,50,1182.4,8,0,0,-1,0.227,-0.039,-0.611,2.05,17.47,12.18,40.7,Normal
13:57.8,Tekirdağ,Καβάλα,None,0,34.4,50,1262.8,8,0,0,0,-0.176,0.081,-0.61,2.05,17.47,12.18,40.7,Normal
13:58.8,Tekirdağ,Καβάλα,None,0,36.4,50,1337.9,8,0,0,1,-0.176,0.038,-0.515,2.05,17.47,12.18,40.7,Normal
13:59.8,Tekirdağ,Καβάλα,None,0,38.1,50,1397.7,8,0,0,1,-0.213,-0.029,-0.415,2.05,17.47,12.18,40.7,Normal
14:00.8,Tekirdağ,Καβάλα,None,0,39.5,50,1131.4,9,0,0,1,-0.081,-0.062,-0.363,2.05,17.47,12.18,40.7,Normal
14:01.8,Tekirdağ,Καβάλα,None,0,40.2,50,1149.9,9,0,0.01,0,-0.015,-0.016,-0.103,2.05,17.47,12.18,40.7,Normal
14:02.8,Tekirdağ,Καβάλα,None,0,40.6,50,1160.4,9,0,0,0,0.009,-0.005,-0.102,2.05,17.47,12.18,40.7,Normal
14:03.8,Tekirdağ,Καβάλα,None,0,39.7,50,1134.6,9,0,0.09,1,-0.095,0.007,0.577,2.05,17.47,12.18,40.7,Normal
14:04.8,Tekirdağ,Καβάλα,None,0,37,50,1056.5,9,0,0.13,1,-0.184,0.012,0.906,2.05,17.47,12.18,40.7,Normal
14:05.8,Tekirdağ,Καβάλα,None,0,32,50,909.6,9,0,0.26,1,-0.14,-0.02,1.767,2.05,17.47,12.18,40.7,Normal
14:06.8,Tekirdağ,Καβάλα,None,0,26.9,50,980.7,8,0,0.15,1,-0.035,-0.01,1.2,2.05,17.47,12.18,40.7,Normal
14:07.8,Tekirdağ,Καβάλα,None,0,22.4,50,942.2,8,0,0.15,0,0.118,-0.021,1.181,2.05,17.47,12.18,40.7,Normal
14:08.8,Tekirdağ,Καβάλα,None,0,17.7,50,830.4,7,0,0,1,-0.226,0.038,1.477,2.05,17.47,12.18,40.7,Normal
14:09.8,Tekirdağ,Καβάλα,None,0,16.8,50,1319.6,5,0,0,0,-0.036,0.013,-0.088,2.05,17.47,12.18,40.7,Normal
14:10.8,Tekirdağ,Καβάλα,None,0,17.4,50,1376.6,5,0.19,0,0,0.113,-0.144,-0.503,2.05,17.47,12.18,40.7,Normal
14:11.8,Tekirdağ,Καβάλα,None,0,19.1,50,1266.5,5,0,0,1,0.049,0.014,-0.375,2.05,17.47,12.18,40.7,Normal
14:12.8,Tekirdağ,Καβάλα,None,0,20.1,50,950.1,7,0,0,0,0.049,0.019,-0.179,2.05,17.47,12.18,40.7,Normal
14:13.8,Tekirdağ,Καβάλα,None,0,20.6,50,975.1,7,0,0,-1,0.114,-0.011,-0.131,2.05,17.47,12.18,40.7,Normal
14:14.8,Tekirdağ,Καβάλα,None,0,21,50,994.4,7,0,0,-1,0.212,-0.007,-0.11,2.05,17.47,12.18,40.7,Normal
14:15.8,Tekirdağ,Καβάλα,None,0,21.7,50,1024.5,7,0.06,0,-1,0.26,-0.076,-0.181,2.05,17.47,12.18,40.7,Normal
14:16.8,Tekirdağ,Καβάλα,None,0,22.4,50,1056.5,7,0,0,-1,0.38,0.085,-0.12,2.05,17.47,12.18,40.7,Normal
14:17.8,Tekirdağ,Καβάλα,None,0,22.9,50,1080.4,7,0,0,-1,-0.064,-0.135,-0.189,2.05,17.47,12.18,40.7,Normal
14:18.8,Tekirdağ,Καβάλα,None,0,23.4,50,1107,7,0,0,-1,-0.065,0.178,-0.122,2.05,17.47,12.18,40.7,Normal
14:19.8,Tekirdağ,Καβάλα,None,0,24,50,1133.7,7,0,0,-1,-0.013,0.085,-0.158,2.05,17.47,12.18,40.7,Normal
14:20.8,Tekirdağ,Καβάλα,None,0,24.5,50,1157.4,7,0,0,-1,-0.124,-0.088,-0.114,2.05,17.47,12.18,40.7,Normal
14:21.8,Tekirdağ,Καβάλα,None,0,24.8,50,1170.3,7,0,0,-1,0.08,0.04,-0.063,2.05,17.47,12.18,40.7,Normal
14:22.8,Tekirdağ,Καβάλα,None,0,25,50,1175.7,7,0,0,-1,0.086,-0.02,-0.018,2.05,17.47,12.18,40.7,Normal
14:23.8,Tekirdağ,Καβάλα,None,0,25.2,50,1188.7,7,0,0,-1,-0.236,-0.001,-0.091,2.05,17.47,12.18,40.7,Normal
14:24.8,Tekirdağ,Καβάλα,None,0,25.5,50,1205.9,7,0,0,-1,-0.216,-0.043,-0.098,2.05,17.47,12.18,40.7,Normal
14:25.8,Tekirdağ,Καβάλα,None,0,25.9,50,1226.2,7,0,0,-1,-0.103,-0.004,-0.131,2.05,17.47,12.18,40.7,Normal
14:26.8,Tekirdağ,Καβάλα,None,0,26.5,50,1255.9,7,0,0,1,-0.122,0.079,-0.157,2.05,17.47,12.18,40.7,Normal
14:27.8,Tekirdağ,Καβάλα,None,0,27.1,50,1283.8,7,0,0,1,-0.159,0.071,-0.166,2.05,17.47,12.18,40.7,Normal
14:28.8,Tekirdağ,Καβάλα,None,0,27.7,50,1310.9,7,0,0,1,-0.291,-0.014,-0.174,2.05,17.47,12.18,40.7,Normal
14:29.8,Tekirdağ,Καβάλα,None,0,28.3,50,1341.3,7,0,0,1,-0.212,-0.152,-0.178,2.05,17.47,12.18,40.7,Normal
14:30.8,Tekirdağ,Καβάλα,None,0,26.8,50,1259.2,7,0,0.04,1,-0.016,0.017,1.086,2.05,17.47,12.18,40.7,Normal
14:31.8,Tekirdağ,Καβάλα,None,0,25.8,50,1220,7,0,0,1,-0.088,-0.011,0.022,2.05,17.47,12.18,40.7,Normal
14:32.8,Tekirdağ,Καβάλα,None,0,25.9,50,1221.1,7,0,0,1,0.096,-0.004,-0.015,2.05,17.47,12.18,40.7,Normal
14:33.8,Tekirdağ,Καβάλα,None,0,25.8,50,1219.8,7,0,0,1,0.074,-0.018,0.015,2.05,17.47,12.18,40.7,Normal
14:34.8,Tekirdağ,Καβάλα,None,0,25.7,50,1213,7,0,0.04,1,-0.05,-0.057,0.038,2.05,17.47,12.18,40.7,Normal
14:35.8,Tekirdağ,Καβάλα,None,0,25,50,1180.8,7,0,0,1,-0.004,-0.003,0.042,2.05,17.47,12.18,40.7,Normal
14:36.8,Tekirdağ,Καβάλα,None,0,25.1,50,1183.4,7,0,0,1,-0.033,0.023,-0.051,2.05,17.47,12.18,40.7,Normal
14:37.8,Tekirdağ,Καβάλα,None,0,25.3,50,1195,7,0,0,1,-0.026,0.009,-0.109,2.05,17.47,12.18,40.7,Normal
14:38.8,Tekirdağ,Καβάλα,None,0,25.8,50,1219.6,7,0,0,-1,0.206,0.017,-0.138,2.05,17.47,12.18,40.7,Normal
14:39.8,Tekirdağ,Καβάλα,None,0,26.4,50,1247.4,7,0,0,-1,0.193,0.14,-0.209,2.05,17.47,12.18,40.7,Normal
14:40.8,Tekirdağ,Καβάλα,None,0,27.4,50,1295.9,7,0,0,-1,0.172,0.024,-0.299,2.05,17.47,12.18,40.7,Normal
14:41.8,Tekirdağ,Καβάλα,None,0,28.6,50,1354,7,0,0,-1,0.295,0.01,-0.365,2.05,17.47,12.18,40.7,Normal
14:42.8,Tekirdağ,Καβάλα,None,0,30,50,1418.5,7,0,0,-1,0.206,-0.018,-0.385,2.05,17.47,12.18,40.7,Normal
14:43.8,Tekirdağ,Καβάλα,None,0,31.7,50,1165.1,8,0,0,1,-0.147,-0.04,-0.572,2.05,17.47,12.18,40.7,Normal
14:44.8,Tekirdağ,Καβάλα,None,0,33.5,50,1228.9,8,0,0,0,-0.028,-0.001,-0.419,2.05,17.47,12.18,40.7,Normal
14:45.8,Tekirdağ,Καβάλα,None,0,34.8,50,1278.9,8,0,0,-1,0.092,-0.035,-0.384,2.05,17.47,12.18,40.7,Normal
14:46.8,Tekirdağ,Καβάλα,None,0,36.2,50,1328,8,0,0,-1,0.11,0.001,-0.342,2.05,17.47,12.18,40.7,Normal
14:47.8,Tekirdağ,Καβάλα,None,0,37.3,50,1369.7,8,0,0,-1,-0.005,0.006,-0.285,2.05,17.47,12.18,40.7,Normal
14:48.8,Tekirdağ,Καβάλα,None,0,38.1,50,1395.7,8,0,0,-1,0.017,0.041,-0.154,2.05,17.47,12.18,40.7,Normal
14:49.8,Tekirdağ,Καβάλα,None,0,38.2,50,1402.2,8,0,0,0,-0.103,-0.045,0.021,2.05,17.47,12.18,40.7,Normal
14:50.8,Tekirdağ,Καβάλα,None,0,38,50,1393.1,8,0,0,1,-0.131,0.02,0.085,2.05,17.47,12.18,40.7,Normal
14:51.8,Tekirdağ,Καβάλα,None,0,37.7,50,1382,8,0,0,1,-0.007,-0.006,0.075,2.05,17.47,12.18,40.7,Normal
14:52.8,Tekirdağ,Καβάλα,None,0,37.4,50,1370.3,8,0,0,1,-0.201,0.034,0.071,2.05,17.47,12.18,40.7,Normal
14:53.8,Tekirdağ,Καβάλα,None,0,37.1,50,1358.1,8,0,0,1,-0.214,-0.042,0.094,2.05,17.47,12.18,40.7,Normal
14:54.8,Tekirdağ,Καβάλα,None,0,36.9,50,1351.6,8,0,0,1,0.165,-0.005,0.004,2.05,17.47,12.18,40.7,Normal
14:55.8,Tekirdağ,Καβάλα,None,0,37,50,1354.8,8,0,0,1,-0.095,0.049,-0.071,2.05,17.47,12.18,40.7,Normal
14:56.8,Tekirdağ,Καβάλα,None,0,37.5,50,1374.7,8,0,0,0,0.074,0.042,-0.162,2.05,17.47,12.18,40.7,Normal
14:57.8,Tekirdağ,Καβάλα,None,0,37.2,50,1358.3,8,0,0.38,-1,0.279,-0.003,1.008,2.05,17.47,12.18,40.7,Normal
14:58.8,Tekirdağ,Καβάλα,None,0,26.6,50,964,8,0,0.22,-1,0.047,0.006,3.31,2.05,17.47,12.18,40.7,Normal
14:59.8,Tekirdağ,Καβάλα,None,0,23.4,50,1106,8,0,0,-1,0.107,0.06,-0.031,2.05,17.47,12.18,40.7,Normal
15:00.8,Tekirdağ,Καβάλα,None,0,24.2,50,1144.8,7,0,0,-1,-0.003,0.07,-0.218,2.05,17.47,12.18,40.7,Normal
15:01.8,Tekirdağ,Καβάλα,None,0,25,50,1183.1,7,0,0,-1,-0.01,-0.028,-0.233,2.05,17.47,12.18,40.7,Normal
15:02.8,Tekirdağ,Καβάλα,None,0,25.9,50,1220.8,7,0,0,-1,0.069,-0.005,-0.246,2.05,17.47,12.18,40.7,Normal
15:03.8,Tekirdağ,Καβάλα,None,0,26.7,50,1261.7,7,0,0,0,-0.148,-0.008,-0.224,2.05,17.47,12.18,40.7,Normal
15:04.8,Tekirdağ,Καβάλα,None,0,27.5,50,1302.8,7,0,0,1,-0.238,0.011,-0.239,2.05,17.47,12.18,40.7,Normal
15:05.8,Tekirdağ,Καβάλα,None,0,28.3,50,1339.6,7,0,0,1,-0.024,-0.011,-0.193,2.05,17.47,12.18,40.7,Normal
15:06.8,Tekirdağ,Καβάλα,None,0,29,50,1370.9,7,0,0,1,-0.044,-0.007,-0.187,2.05,17.47,12.18,40.7,Normal
15:07.8,Tekirdağ,Καβάλα,None,0,29.7,50,1403.7,7,0,0,-1,0.057,-0.006,-0.196,2.05,17.47,12.18,40.7,Normal
15:08.8,Tekirdağ,Καβάλα,None,0,30.5,50,1228.3,7,0,0,1,-0.077,-0.042,-0.295,2.05,17.47,12.18,40.7,Normal
15:09.8,Tekirdağ,Καβάλα,None,0,31.5,50,1156.1,8,0,0,1,-0.202,0.116,-0.221,2.05,17.47,12.18,40.7,Normal
15:10.8,Tekirdağ,Καβάλα,None,0,32.2,50,1178.2,8,0,0,1,0.081,0.089,-0.157,2.05,17.47,12.18,40.7,Normal
15:11.8,Tekirdağ,Καβάλα,None,0,32.7,50,1196.9,8,0,0,1,-0.061,0.048,-0.114,2.05,17.47,12.18,40.7,Normal
15:12.8,Tekirdağ,Καβάλα,None,0,33.2,50,1216.8,8,0,0,1,0.118,0.02,-0.155,2.05,17.47,12.18,40.7,Normal
15:13.8,Tekirdağ,Καβάλα,None,0,29.8,50,1081.5,8,0,0.23,1,0.187,0.057,1.934,2.05,17.47,12.18,40.7,Normal
15:14.8,Tekirdağ,Καβάλα,None,0,22.5,50,866.9,8,0,0,1,0.159,-0.046,1.711,2.05,17.47,12.18,40.7,Normal
15:15.8,Tekirdağ,Καβάλα,None,0,21.9,50,1036.3,7,0,0,1,0.021,-0.002,-0.195,2.05,17.47,12.18,40.7,Normal
15:16.8,Tekirdağ,Καβάλα,None,0,22.3,50,1055.6,7,0,0,1,0.001,-0.001,-0.086,2.05,17.47,12.18,40.7,Normal
15:17.8,Tekirdağ,Καβάλα,None,0,22.8,50,1078.3,7,0,0,1,0.002,-0.016,-0.138,2.05,17.47,12.18,40.7,Normal
15:18.8,Tekirdağ,Καβάλα,None,0,23.2,50,1095.2,7,0,0,-1,0.077,0.028,-0.069,2.05,17.47,12.18,40.7,Normal
15:19.8,Tekirdağ,Καβάλα,None,0,23.3,50,1100.6,7,0,0,-1,0.246,0.006,0.005,2.05,17.47,12.18,40.7,Normal
15:20.8,Tekirdağ,Καβάλα,None,0,23.1,50,1091.7,7,0,0,-1,0.199,0,0.069,2.05,17.47,12.18,40.7,Normal
15:21.8,Tekirdağ,Καβάλα,None,0,22.8,50,1077.2,7,0,0,-1,0.03,-0.013,0.118,2.05,17.47,12.18,40.7,Normal
15:22.8,Tekirdağ,Καβάλα,None,0,22.2,50,1050.2,7,0,0,0,-0.079,0.006,0.177,2.05,17.47,12.18,40.7,Normal
15:23.8,Tekirdağ,Καβάλα,None,0,21.6,50,1022.6,7,0,0,1,-0.358,-0.028,0.157,2.05,17.47,12.18,40.7,Normal
15:24.8,Tekirdağ,Καβάλα,None,0,20.8,50,984.1,7,0,0,1,-0.303,0,0.236,2.05,17.47,12.18,40.7,Normal
15:25.8,Tekirdağ,Καβάλα,None,0,20.7,50,982.6,7,0.15,0,1,-0.065,0,-0.116,2.05,17.47,12.18,40.7,Normal
15:26.8,Tekirdağ,Καβάλα,None,0,21.8,50,1044.7,7,0.49,0,1,0.082,-0.008,-0.511,2.05,17.47,12.18,40.7,Normal
15:27.8,Tekirdağ,Καβάλα,None,0,24.7,50,1186.5,7,0.58,0,1,0.058,-0.017,-0.932,2.05,17.47,12.18,40.7,Normal
15:28.8,Tekirdağ,Καβάλα,None,0,28.3,50,1353.3,7,0.54,0,1,-0.005,-0.005,-0.97,2.05,17.47,12.18,40.7,Normal
15:29.8,Tekirdağ,Καβάλα,None,0,30.4,50,1210.9,7,0.46,0,1,0.036,0.065,-0.085,2.05,17.47,12.18,40.7,Normal
15:30.8,Tekirdağ,Καβάλα,None,0,30.1,50,1104.4,8,0,0,-1,0.206,-0.004,0.181,2.05,17.47,12.18,40.7,Normal
15:31.8,Tekirdağ,Καβάλα,None,0,29.4,50,1075.6,8,0,0,-1,0.415,-0.005,0.201,2.05,17.48,12.18,40.7,Normal
15:32.8,Tekirdağ,Καβάλα,None,0,29.1,50,1064.8,8,0,0,-1,0.204,0.02,0.024,2.05,17.48,12.18,40.7,Normal
15:33.8,Tekirdağ,Καβάλα,None,0,29.5,50,1081.7,8,0,0,-1,0.011,0.109,-0.217,2.05,17.48,12.18,40.7,Normal
15:34.8,Tekirdağ,Καβάλα,None,0,30.6,50,1120.8,8,0,0,0,-0.152,0.031,-0.345,2.05,17.48,12.18,40.7,Normal
15:35.8,Tekirdağ,Καβάλα,None,0,31.8,50,1168.2,8,0,0,1,-0.121,0.033,-0.369,2.05,17.48,12.18,40.7,Normal
15:36.8,Tekirdağ,Καβάλα,None,0,33.1,50,1216.1,8,0,0,1,-0.209,-0.009,-0.354,2.05,17.48,12.18,40.7,Normal
15:37.8,Tekirdağ,Καβάλα,None,0,34.1,50,1251.9,8,0,0,1,-0.184,0.056,-0.152,2.05,17.48,12.18,40.7,Normal
15:38.8,Tekirdağ,Καβάλα,None,0,34.5,50,1266,8,0,0,0,0.015,-0.003,-0.084,2.05,17.48,12.18,40.7,Normal
15:39.8,Tekirdağ,Καβάλα,None,0,34.7,50,1273.2,8,0,0,0,0.015,0.018,-0.038,2.05,17.48,12.18,40.7,Normal
15:40.8,Tekirdağ,Καβάλα,None,0,34.7,50,1272,8,0,0.03,0,0.006,0.006,0.12,2.05,17.48,12.18,40.7,Normal
15:41.8,Tekirdağ,Καβάλα,None,0,32.4,50,1181.4,8,0,0.2,0,0.014,0.014,1.363,2.05,17.48,12.18,40.7,Normal
15:42.8,Tekirdağ,Καβάλα,None,0,24.5,50,893,8,0,0.17,0,0.001,-0.02,2.202,2.05,17.48,12.18,40.7,Normal
15:43.8,Tekirdağ,Καβάλα,None,0,21.9,50,1334.7,6,0,0,0,-0.005,-0.054,0.1,2.05,17.48,12.18,40.7,Normal
15:44.8,Tekirdağ,Καβάλα,None,0,21.3,50,1297.6,6,0,0,0,-0.024,0.018,0.222,2.05,17.48,12.18,40.7,Normal
15:45.8,Tekirdağ,Καβάλα,None,0,13.4,50,808.7,6,0,0,0,-0.004,0.205,3.495,2.05,17.48,12.18,40.7,Normal
15:46.8,Tekirdağ,Καβάλα,None,0,10.4,50,1311,3,0,0,1,-0.052,-0.024,0.119,2.05,17.48,12.18,40.7,Normal
15:47.8,Tekirdağ,Καβάλα,None,0,9.4,50,1181.1,3,0.14,0,-1,0.073,0.006,0.341,2.05,17.48,12.18,40.7,Normal
15:48.8,Tekirdağ,Καβάλα,None,0,9.9,50,1243.3,3,0.05,0,-1,0.112,-0.003,0.052,2.05,17.48,12.18,40.7,Normal
15:49.8,Tekirdağ,Καβάλα,None,0,9.1,50,1134.7,3,0,0,-1,0.129,0.011,0.374,2.05,17.48,12.18,40.7,Normal
15:50.8,Tekirdağ,Καβάλα,None,0,8,50,994.7,3,0.02,0,-1,0.105,-0.014,0.327,2.05,17.48,12.18,40.7,Normal
15:51.8,Tekirdağ,Καβάλα,None,0,7.1,50,898.5,3,0.31,0,-1,0.145,0.003,-0.07,2.05,17.48,12.18,40.7,Normal
15:52.8,Tekirdağ,Καβάλα,None,0,10.1,50,1324.2,3,0.37,0,-1,0.402,-0.016,-1.1,2.05,17.48,12.18,40.7,Normal
15:53.8,Tekirdağ,Καβάλα,None,0,14.1,50,1856.6,3,0.62,0,-1,0.182,-0.003,-1.257,2.05,17.48,12.18,40.6,Normal
15:54.8,Tekirdağ,Καβάλα,None,0,3.4,50,807.3,1,0,1,0,-1.369,0.099,6.794,2.05,17.48,12.18,40.6,Normal
15:55.8,Tekirdağ,Καβάλα,None,0,-0.5,50,550,1,0,0,0,0.012,0.018,-0.024,2.05,17.48,12.18,40.6,Normal
15:56.8,Tekirdağ,Καβάλα,None,0,-0.3,50,550,1,0,0,0,0.013,0,-0.057,2.05,17.48,12.18,40.6,Normal
15:57.8,Tekirdağ,Καβάλα,None,0,-0.1,50,550,1,0,0,0,0.014,0.001,-0.055,2.05,17.48,12.18,40.6,Normal
15:58.8,Tekirdağ,Καβάλα,None,0,0,50,550,1,0,0,0,0,-0.001,0.003,2.05,17.48,12.18,40.6,Normal
15:59.8,Tekirdağ,Καβάλα,None,0,2.5,50,565.2,1,0.49,0,1,0.338,-0.158,-1.646,2.05,17.48,12.18,40.6,Normal
16:00.8,Tekirdağ,Καβάλα,None,0,6.3,50,1377.6,1,0.4,0,1,0.072,-0.039,-1.413,2.05,17.48,12.18,40.6,Normal
16:01.8,Tekirdağ,Καβάλα,None,0,7.6,50,952.2,3,0.4,0,1,-0.129,-0.008,0.157,2.05,17.48,12.18,40.6,Normal
16:02.8,Tekirdağ,Καβάλα,None,0,9.7,50,1257.6,3,0.41,0,1,0.024,-0.062,-1.329,2.05,17.48,12.18,40.6,Normal
16:03.8,Tekirdağ,Καβάλα,None,0,12.4,50,1276.7,3,0.16,0,1,-0.048,0.052,-0.061,2.05,17.48,12.18,40.6,Normal
16:04.8,Tekirdağ,Καβάλα,None,0,11.8,50,928.1,5,0,0,0,-0.023,0.026,0.288,2.05,17.48,12.18,40.6,Normal
16:05.8,Tekirdağ,Καβάλα,None,0,8.9,50,860,5,0,0,1,0.038,-0.076,0.964,2.05,17.48,12.2,40.6,Normal
16:06.8,Tekirdağ,Καβάλα,None,0,7.5,50,963.9,3,0.45,0,1,-0.032,0.023,-0.337,2.05,17.48,12.2,40.6,Normal
16:07.8,Tekirdağ,Καβάλα,None,0,12.1,50,1525.5,3,0.42,0,-1,0.018,0.017,-1.312,2.05,17.48,12.2,40.6,Normal
16:08.8,Tekirdağ,Καβάλα,None,0,12.7,50,999,5,0.44,0,0,0.017,0.015,0.026,2.05,17.48,12.2,40.6,Normal
16:09.8,Tekirdağ,Καβάλα,None,0,15.5,50,1241.6,5,0.45,0,1,-0.006,-0.01,-1.174,2.05,17.48,12.2,40.6,Normal
16:10.8,Tekirdağ,Καβάλα,None,0,18.9,50,1371.6,5,0.4,0,0,-0.006,0.049,-0.378,2.05,17.48,12.2,40.6,Normal
16:11.8,Tekirdağ,Καβάλα,None,0,19.2,50,910.3,7,0.37,0,1,0.002,0.01,-0.095,2.05,17.48,12.2,40.6,Normal
16:12.8,Tekirdağ,Καβάλα,None,0,21,50,999.7,7,0.36,0,1,-0.015,-0.017,-0.636,2.05,17.48,12.2,40.6,Normal
16:13.8,Tekirdağ,Καβάλα,None,0,21.4,50,1010.8,7,0,0,-1,0.038,0.016,0.164,2.05,17.48,12.2,40.6,Normal
16:14.8,Tekirdağ,Καβάλα,None,0,20.6,50,975.6,7,0,0,0,-0.006,-0.001,0.217,2.05,17.48,12.2,40.6,Normal
16:15.8,Tekirdağ,Καβάλα,None,0,19.9,50,940.7,7,0,0,-1,-0.002,-0.009,0.207,2.05,17.48,12.2,40.6,Normal
16:16.8,Tekirdağ,Καβάλα,None,0,19.1,50,904.6,7,0,0,-1,0.024,0.017,0.212,2.05,17.48,12.2,40.6,Normal
16:17.8,Tekirdağ,Καβάλα,None,0,18.7,50,884.2,7,0,0,0,-0.015,-0.009,0.103,2.05,17.48,12.2,40.6,Normal
16:18.8,Tekirdağ,Καβάλα,None,0,19,50,901.6,7,0.2,0,1,-0.02,-0.018,-0.289,2.05,17.48,12.2,40.6,Normal
16:19.8,Tekirdağ,Καβάλα,None,0,19.2,50,907.5,7,0,0,0,0.007,0.019,0.152,2.05,17.48,12.2,40.6,Normal
16:20.8,Tekirdağ,Καβάλα,None,0,18.5,50,873.1,7,0,0,0,-0.012,-0.003,0.203,2.05,17.48,12.2,40.6,Normal
16:21.8,Tekirdağ,Καβάλα,None,0,17.9,50,1307.3,5,0,0,0,0.005,-0.006,0.101,2.05,17.48,12.2,40.6,Normal
16:22.8,Tekirdağ,Καβάλα,None,0,17.4,50,1367.9,5,0,0,0,0.001,0.008,0.266,2.05,17.48,12.2,40.6,Normal
16:23.8,Tekirdağ,Καβάλα,None,0,16.3,50,1282.4,5,0,0,0,-0.018,-0.001,0.307,2.05,17.48,12.2,40.6,Normal
16:24.8,Tekirdağ,Καβάλα,None,0,15.2,50,1187.8,5,0,0.07,0,-0.025,-0.011,0.431,2.05,17.48,12.2,40.6,Normal
16:25.8,Tekirdağ,Καβάλα,None,0,12.9,50,1005.4,5,0,0.1,-1,0.008,-0.026,0.659,2.05,17.48,12.2,40.6,Normal
16:26.8,Tekirdağ,Καβάλα,None,0,11.1,50,875,5,0.07,0,-1,0.008,-0.008,0.3,2.05,17.48,12.2,40.6,Normal
16:27.8,Tekirdağ,Καβάλα,None,0,10.5,50,820.4,5,0,0,-1,0.014,0.016,0.24,2.05,17.48,12.2,40.6,Normal
16:28.8,Tekirdağ,Καβάλα,None,0,9.8,50,1230.9,3,0,0,1,-0.01,-0.016,0.096,2.05,17.48,12.2,40.6,Normal
16:29.8,Tekirdağ,Καβάλα,None,0,8.9,50,1118.7,3,0,0,1,-0.088,0.003,0.347,2.05,17.48,12.2,40.6,Normal
16:30.8,Tekirdağ,Καβάλα,None,0,8,50,1004.8,3,0.05,0,0,0.001,-0.021,0.074,2.05,17.48,12.2,40.6,Normal
16:31.8,Tekirdağ,Καβάλα,None,0,7.8,50,984.5,3,0.07,0,0,-0.001,-0.005,0.024,2.05,17.48,12.2,40.6,Normal
16:32.8,Tekirdağ,Καβάλα,None,0,9.2,50,1187.4,3,0.37,0,1,-0.011,-0.028,-0.959,2.05,17.48,12.21,40.6,Normal
16:33.8,Tekirdağ,Καβάλα,None,0,12.4,50,1362.5,3,0.3,0,1,-0.002,0.066,-0.229,2.05,17.48,12.21,40.6,Normal
16:34.8,Tekirdağ,Καβάλα,None,0,12.6,50,1003.2,5,0.35,0,1,0.01,0.016,-0.294,2.05,17.48,12.21,40.6,Normal
16:35.8,Tekirdağ,Καβάλα,None,0,15.8,50,1263.3,5,0.4,0,1,-0.039,-0.02,-1.038,2.05,17.48,12.21,40.6,Normal
16:36.9,Tekirdağ,Καβάλα,None,0,18.8,50,1359.1,5,0.37,0,1,-0.012,0.062,-0.313,2.05,17.48,12.21,40.6,Normal
16:37.8,Tekirdağ,Καβάλα,None,0,19,50,903.1,7,0.34,0,1,-0.005,0.005,-0.097,2.05,17.48,12.21,40.6,Normal
16:38.8,Tekirdağ,Καβάλα,None,0,19.8,50,935.2,7,0,0,1,-0.004,0.038,0.047,2.05,17.48,12.21,40.6,Normal
16:39.8,Tekirdağ,Καβάλα,None,0,19.1,50,902.1,7,0,0,1,0.004,0.006,0.216,2.05,17.48,12.21,40.6,Normal
16:40.9,Tekirdağ,Καβάλα,None,0,18.3,50,863.4,7,0,0,1,0.042,0.01,0.221,2.05,17.48,12.21,40.6,Normal
16:41.8,Tekirdağ,Καβάλα,None,0,17.8,50,1405.2,5,0,0,-1,0.091,-0.008,0.013,2.05,17.48,12.21,40.6,Normal
16:42.8,Tekirdağ,Καβάλα,None,0,17.1,50,1339,5,0,0,-1,0.294,0.007,0.312,2.05,17.48,12.21,40.6,Normal
16:43.8,Tekirdağ,Καβάλα,None,0,15.9,50,1244.9,5,0,0,-1,0.199,-0.012,0.33,2.05,17.48,12.21,40.6,Normal
16:44.8,Tekirdağ,Καβάλα,None,0,14.7,0,1149.3,5,0,0,-1,0.135,-0.002,0.341,2.05,17.48,12.21,40.6,Normal
16:45.8,Tekirdağ,Καβάλα,None,0,13.5,0,1060.6,5,0,0,1,-0.379,-0.004,0.316,2.05,17.48,12.21,40.6,Normal
16:46.8,Tekirdağ,Καβάλα,None,0,12.3,0,967.1,5,0,0.07,1,-0.143,0.003,0.355,2.05,17.49,12.21,40.6,Normal
16:47.9,Tekirdağ,Καβάλα,None,0,5.2,0,712.3,5,0,0.28,0,0.006,-0.02,2.775,2.05,17.49,12.21,40.6,Normal
16:48.8,Tekirdağ,Καβάλα,None,0,1.5,0,550,0,0,0,0,0.001,-0.031,0.049,2.05,17.49,12.21,40.6,Normal
16:49.9,Tekirdağ,Καβάλα,None,0,1.4,0,550,0,0,0,0,0.007,-0.001,0.051,2.05,17.49,12.21,40.6,Normal
16:50.9,Tekirdağ,Καβάλα,None,0,1.2,0,550,0,0,0,0,0,0,0.049,2.05,17.49,12.21,40.6,Normal
16:51.8,Tekirdağ,Καβάλα,None,0,0,0,550,0,0,0,0,0.003,-0.01,-0.03,2.05,17.49,12.21,40.6,Normal
16:52.8,Tekirdağ,Καβάλα,None,0,0,0,550,-1,0,0,0,-0.003,0,0,2.05,17.49,12.21,40.6,Normal
16:53.9,Tekirdağ,Καβάλα,None,0,0,0,550,-1,0,0,0,0,0,0,2.05,17.49,12.21,40.6,Normal
16:54.8,Tekirdağ,Καβάλα,None,0,0,0,550,-1,0,0,0,0.001,0,0,2.05,17.49,12.21,40.6,Normal
16:55.9,Tekirdağ,Καβάλα,None,0,0,0,550,-1,0,0,0,0,-0.001,0,2.05,17.49,12.21,40.6,Normal
16:56.8,Tekirdağ,Καβάλα,None,0,0,0,550,-1,0,0,0,0,0,0,2.05,17.49,12.21,40.6,Normal
16:57.8,Tekirdağ,Καβάλα,None,0,-0.1,0,877.5,-1,0.44,0,1,0.009,-0.064,0.236,2.05,17.49,12.21,40.6,Normal
16:58.9,Tekirdağ,Καβάλα,None,0,-4.4,0,994.1,-1,0,0,1,0.093,0.022,0.019,2.05,17.49,12.21,40.6,Normal
16:59.9,Tekirdağ,Καβάλα,None,0,-3.1,0,680.9,-1,0,0.25,-1,-0.154,0.031,-0.555,2.05,17.49,12.21,40.6,Normal
17:00.8,Tekirdağ,Καβάλα,None,0,0,0,550,-1,0,0.23,-1,-0.004,0.03,0.002,2.05,17.49,12.21,40.6,Normal
17:01.8,Tekirdağ,Καβάλα,None,0,0,0,550,-1,0,0,-1,0,0.001,0,2.05,17.49,12.21,40.6,Normal
17:02.8,Tekirdağ,Καβάλα,None,0,0,0,550,-1,0,0,-1,0,0,0,2.05,17.49,12.21,40.6,Normal
17:03.9,Tekirdağ,Καβάλα,None,0,0,0,550,-1,0,0,-1,0.001,0,0,2.05,17.49,12.21,40.6,Normal
17:04.9,Tekirdağ,Καβάλα,None,0,-0.3,0,745.4,-1,0.22,0,-1,-0.174,-0.014,0.411,2.05,17.49,12.21,40.6,Normal
17:05.8,Tekirdağ,Καβάλα,None,0,-2.7,0,655.7,-1,0.47,0,-1,-0.238,-0.022,0.346,2.05,17.49,12.21,40.6,Normal
17:06.9,Tekirdağ,Καβάλα,None,0,-3.6,0,809.8,-1,0,0,1,0.299,-0.032,-0.227,2.05,17.49,12.21,40.6,Normal
17:07.9,Tekirdağ,Καβάλα,None,0,-2.7,0,662.5,-1,0.54,0,1,0.047,-0.065,0.092,2.05,17.49,12.21,40.6,Normal
17:08.9,Tekirdağ,Καβάλα,None,0,-6.8,0,1545.4,-1,0,0,1,0.042,0.104,0.757,2.05,17.49,12.21,40.6,Normal
17:09.8,Tekirdağ,Καβάλα,None,0,-7.1,0,1256.9,-2,0,0,1,0.195,0.003,-0.088,2.05,17.49,12.21,40.6,Normal
17:10.9,Tekirdağ,Καβάλα,None,0,-5.9,0,1030.3,-2,0,0,1,0.142,-0.001,-0.396,2.05,17.49,12.21,40.6,Normal
17:11.9,Tekirdağ,Καβάλα,None,0,-4.4,0,776.7,-2,0,0,1,0.076,0,-0.396,2.05,17.49,12.21,40.6,Normal
17:12.9,Tekirdağ,Καβάλα,None,0,-4.2,0,743.9,-2,0.03,0,1,0.054,0.031,-0.228,2.05,17.49,12.21,40.6,Normal
17:13.8,Tekirdağ,Καβάλα,None,0,-3.1,0,549.7,-2,0,0,1,-0.015,-0.005,-0.401,2.05,17.49,12.21,40.6,Normal
17:14.9,Tekirdağ,Καβάλα,None,0,-2.4,0,552.9,-1,0.37,0,1,-0.004,-0.003,-0.232,2.05,17.49,12.21,40.6,Normal
17:15.9,Tekirdağ,Καβάλα,None,0,-2.3,0,543.9,-1,0,0,1,-0.004,-0.053,-0.191,2.05,17.49,12.21,40.6,Normal
17:16.8,Tekirdağ,Καβάλα,None,0,-2.7,0,651.2,-1,0.28,0,1,0.288,-0.025,0.376,2.05,17.49,12.21,40.6,Normal
17:17.8,Tekirdağ,Καβάλα,None,0,-4,0,909.5,-1,0,0,1,-0.133,0.024,-0.172,2.05,17.49,12.21,40.6,Normal
17:18.9,Tekirdağ,Καβάλα,None,0,-2.7,0,597.6,-1,0,0,1,-0.193,0.002,-0.367,2.05,17.49,12.21,40.6,Normal
17:19.9,Tekirdağ,Καβάλα,None,0,-2.4,0,585.2,-1,0.48,0,-1,-0.07,-0.009,0.063,2.05,17.49,12.21,40.6,Normal
17:20.9,Tekirdağ,Καβάλα,None,0,-5,0,1134.9,-1,0,0,-1,-0.123,0.168,0.373,2.05,17.49,12.21,40.6,Normal
17:21.8,Tekirdağ,Καβάλα,None,0,-3.9,0,884.7,-1,0,0,-1,-0.157,0,-0.357,2.05,17.49,12.21,40.6,Normal
17:22.9,Tekirdağ,Καβάλα,None,0,-2.7,0,604.7,-1,0,0,-1,-0.086,-0.001,-0.333,2.05,17.49,12.21,40.6,Normal
17:23.8,Tekirdağ,Καβάλα,None,0,-2.4,0,549.7,-1,0,0,-1,-0.046,0.005,-0.016,2.05,17.49,12.21,40.6,Normal
17:24.8,Tekirdağ,Καβάλα,None,0,-2.4,0,549.4,-1,0,0,-1,-0.045,0,0,2.05,17.49,12.21,40.6,Normal
17:25.8,Tekirdağ,Καβάλα,None,0,-2.4,0,549.1,-1,0,0,-1,-0.046,0,-0.003,2.05,17.49,12.21,40.6,Normal
17:26.8,Tekirdağ,Καβάλα,None,0,-2.4,0,548.8,-1,0,0,-1,-0.034,-0.003,0.001,2.05,17.49,12.21,40.6,Normal
17:27.8,Tekirdağ,Καβάλα,None,0,-2.4,0,549.5,-1,0,0,1,0.078,0,-0.001,2.05,17.49,12.21,40.6,Normal
17:28.9,Tekirdağ,Καβάλα,None,0,-2.4,0,549.6,-1,0,0,1,0.061,0,0.003,2.05,17.49,12.21,40.6,Normal
17:29.9,Tekirdağ,Καβάλα,None,0,-2,0,512.8,-1,0,0.24,1,0.14,-0.005,-0.228,2.05,17.49,12.21,40.6,Normal
17:30.8,Tekirdağ,Καβάλα,None,0,-2.5,0,557.1,-1,0,0,1,0.025,0.116,0.096,2.05,17.49,12.21,40.6,Normal
17:31.9,Tekirdağ,Καβάλα,None,0,-2.4,0,549.2,-1,0,0,1,0.06,-0.001,-0.004,2.05,17.49,12.21,40.6,Normal
17:32.8,Tekirdağ,Καβάλα,None,0,-2.4,0,548.9,-1,0,0,1,0.056,-0.001,-0.003,2.05,17.49,12.21,40.6,Normal
17:33.8,Tekirdağ,Καβάλα,None,0,-2.4,0,548.5,-1,0,0,1,0.054,0,-0.003,2.05,17.49,12.21,40.6,Normal
17:34.9,Tekirdağ,Καβάλα,None,0,-2.4,0,548,-1,0,0,1,0.069,0,-0.004,2.05,17.49,12.21,40.6,Normal
17:35.9,Tekirdağ,Καβάλα,None,0,-2.4,0,547.2,-1,0,0,1,0.069,0.001,-0.006,2.05,17.49,12.21,40.6,Normal
17:36.9,Tekirdağ,Καβάλα,None,0,-2.4,0,547.6,-1,0,0,1,0,-0.001,0.002,2.05,17.49,12.21,40.6,Normal
17:37.9,Tekirdağ,Καβάλα,None,0,-2.4,0,548.8,-1,0,0,-1,-0.09,-0.003,0.004,2.05,17.49,12.21,40.6,Normal
17:38.9,Tekirdağ,Καβάλα,None,0,-2.4,0,548.3,-1,0,0,1,0.03,0.004,-0.016,2.05,17.49,12.21,40.6,Normal
17:39.9,Tekirdağ,Καβάλα,None,0,-2.4,0,548,-1,0,0,1,0.063,0,-0.005,2.05,17.49,12.21,40.6,Normal
17:40.9,Tekirdağ,Καβάλα,None,0,-2.4,0,548.9,-1,0,0,-1,-0.091,0.003,0.003,2.05,17.49,12.21,40.6,Normal
17:41.9,Tekirdağ,Καβάλα,None,0,-2.4,0,549.3,-1,0,0,-1,-0.07,0.001,-0.001,2.05,17.49,12.21,40.6,Normal
17:42.9,Tekirdağ,Καβάλα,None,0,-2.4,0,549,-1,0,0,1,0.051,0,-0.001,2.05,17.49,12.21,40.6,Normal
17:43.9,Tekirdağ,Καβάλα,None,0,-2.4,0,548.9,-1,0,0,1,0.055,0.001,0.007,2.05,17.49,12.21,40.6,Normal
17:44.9,Tekirdağ,Καβάλα,None,0,-2.4,0,548.9,-1,0,0,1,-0.004,0.001,0.001,2.05,17.49,12.21,40.6,Normal
17:45.9,Tekirdağ,Καβάλα,None,0,-2.4,0,549,-1,0,0,-1,-0.007,0,-0.005,2.05,17.49,12.21,40.6,Normal
17:46.9,Tekirdağ,Καβάλα,None,0,-2.4,0,549.6,-1,0,0,-1,-0.058,0.001,0.003,2.05,17.49,12.21,40.6,Normal
17:47.9,Tekirdağ,Καβάλα,None,0,-2.4,0,549.6,-1,0,0,-1,-0.054,-0.002,-0.006,2.05,17.49,12.21,40.6,Normal
17:48.9,Tekirdağ,Καβάλα,None,0,-2.4,0,549.5,-1,0,0,0,0.005,-0.001,0.002,2.05,17.49,12.21,40.6,Normal
17:49.9,Tekirdağ,Καβάλα,None,0,-2.4,0,549.5,-1,0,0,0,0,0,0.007,2.05,17.49,12.21,40.6,Normal
17:50.9,Tekirdağ,Καβάλα,None,0,-0.2,0,550,-1,0,0.44,0,-0.274,0.121,-1.945,2.05,17.49,12.21,40.6,Normal
17:51.9,Tekirdağ,Καβάλα,None,0,0,0,550,1,0,0,0,-0.002,-0.004,0,2.05,17.49,12.21,40.6,Normal
17:52.9,Tekirdağ,Καβάλα,None,0,1.9,0,814.6,1,0.48,0,1,-0.242,-0.03,-1.572,2.05,17.49,12.21,40.6,Normal
17:53.9,Tekirdağ,Καβάλα,None,0,6,0,1232,1,0,0,-1,0.094,-0.014,0.099,2.05,17.49,12.21,40.6,Normal
17:54.9,Tekirdağ,Καβάλα,None,0,7.7,0,1428.4,1,0,0,0,0.01,0.087,-0.226,2.05,17.49,12.21,40.6,Normal
17:55.9,Tekirdağ,Καβάλα,None,0,7.6,0,945.1,3,0,0,-1,0.18,-0.01,0.211,2.05,17.49,12.21,40.6,Normal
17:56.9,Tekirdağ,Καβάλα,None,0,7.8,0,980.1,3,0.01,0,-1,0.165,-0.116,-0.503,2.05,17.49,12.21,40.6,Normal
17:57.9,Tekirdağ,Καβάλα,None,0,10.5,0,1325.4,3,0,0,-1,0.249,-0.053,-0.476,2.05,17.49,12.21,40.6,Normal
17:58.9,Tekirdağ,Καβάλα,None,0,9.6,0,1204.4,3,0,0,1,-0.28,0.001,0.35,2.05,17.49,12.21,40.6,Normal
17:59.9,Tekirdağ,Καβάλα,None,0,8.3,50,1042.2,3,0,0,1,-0.179,-0.004,0.362,2.05,17.49,12.21,40.6,Normal
18:00.9,Tekirdağ,Καβάλα,None,0,5.4,50,668.8,3,0,0.14,0,0.024,-0.023,1.074,2.05,17.49,12.21,40.6,Normal
18:01.9,Tekirdağ,Καβάλα,None,0,0,50,550,1,0,0.26,0,0.007,0.088,0.928,2.05,17.49,12.21,40.6,Normal
18:02.9,Tekirdağ,Καβάλα,None,0,0,50,550,-1,0,0,0,0.002,-0.003,0,2.05,17.49,12.21,40.6,Normal
18:03.9,Tekirdağ,Καβάλα,None,0,0,50,550,-1,0,0,-1,-0.001,0,0,2.05,17.49,12.21,40.6,Normal
18:04.9,Tekirdağ,Καβάλα,None,0,-0.3,50,689,-1,0.1,0,0,-0.004,-0.005,0.344,2.05,17.49,12.21,40.6,Normal
18:05.9,Tekirdağ,Καβάλα,None,0,-1,50,544.6,-1,0,0,0,0.001,0,0.165,2.05,17.49,12.21,40.6,Normal
18:06.9,Tekirdağ,Καβάλα,None,0,-1.5,50,546.5,-1,0,0,0,-0.004,-0.001,0.1,2.05,17.49,12.21,40.6,Normal
18:07.9,Tekirdağ,Καβάλα,None,0,-1.7,50,547.6,-1,0,0,0,0.01,-0.003,0.053,2.05,17.49,12.21,40.6,Normal
18:08.9,Tekirdağ,Καβάλα,None,0,-1.9,50,548.1,-1,0,0,1,0.045,0,0.028,2.05,17.49,12.21,40.6,Normal
18:09.9,Tekirdağ,Καβάλα,None,0,-2,50,548.4,-1,0,0,-1,-0.048,0,0.023,2.05,17.49,12.21,40.6,Normal
18:10.9,Tekirdağ,Καβάλα,None,0,-2,50,548.6,-1,0,0,-1,-0.044,0,0.003,2.05,17.49,12.21,40.6,Normal
18:11.9,Tekirdağ,Καβάλα,None,0,-2,50,548.5,-1,0,0,-1,-0.045,0,-0.019,2.05,17.49,12.21,40.6,Normal
18:12.9,Tekirdağ,Καβάλα,None,0,-2.3,50,601.6,-1,0,0,-1,-0.109,0.068,0.253,2.05,17.49,12.21,40.6,Normal
18:13.9,Tekirdağ,Καβάλα,None,0,-2.2,50,548.7,-1,0,0,1,0.05,0.002,-0.002,2.05,17.49,12.21,40.6,Normal
18:14.9,Tekirdağ,Καβάλα,None,0,-2.2,0,549,-1,0,0,1,0.047,-0.001,0.008,2.05,17.49,12.21,40.6,Normal
18:15.9,Tekirdağ,Καβάλα,None,0,-2.3,0,549.2,-1,0,0,1,0.043,0,0.009,2.05,17.49,12.21,40.6,Normal
18:16.9,Tekirdağ,Καβάλα,None,0,-2.3,0,549.1,-1,0,0,1,0.049,0,-0.003,2.05,17.49,12.21,40.6,Normal
18:17.9,Tekirdağ,Καβάλα,None,0,-2.2,0,549,-1,0,0,0,0.006,0,-0.003,2.05,17.49,12.21,40.6,Normal
18:18.9,Tekirdağ,Καβάλα,None,0,-2.2,0,549,-1,0,0,1,0.003,-0.001,0.006,2.05,17.49,12.21,40.6,Normal
18:19.9,Tekirdağ,Καβάλα,None,0,-2.2,0,549,-1,0,0,0,-0.017,-0.002,-0.003,2.05,17.49,12.21,40.6,Normal
18:20.9,Tekirdağ,Καβάλα,None,0,-2.3,0,549.1,-1,0,0,-1,-0.052,0.002,0.002,2.05,17.49,12.21,40.6,Normal
18:21.9,Tekirdağ,Καβάλα,None,0,-2.3,0,549.2,-1,0,0,0,0.001,0.001,0,2.05,17.49,12.21,40.6,Normal
18:22.9,Tekirdağ,Καβάλα,None,0,-2.3,0,549.2,-1,0,0,1,0.033,0.015,0.002,2.05,17.49,12.21,40.6,Normal
18:23.9,Tekirdağ,Καβάλα,None,0,-2.3,0,549.1,-1,0,0,1,0.042,0,-0.006,2.05,17.49,12.21,40.6,Normal
18:24.9,Tekirdağ,Καβάλα,None,0,-2.2,0,549.1,-1,0,0,-1,-0.06,0.001,0.009,2.05,17.49,12.21,40.6,Normal
18:25.9,Tekirdağ,Καβάλα,None,0,-2.3,0,549.2,-1,0,0,0,-0.005,-0.001,0,2.05,17.49,12.21,40.6,Normal
18:26.9,Tekirdağ,Καβάλα,None,0,-2.3,0,549.2,-1,0,0,0,-0.004,0,-0.001,2.05,17.49,12.21,40.6,Normal
18:27.9,Tekirdağ,Καβάλα,None,0,-2.3,0,549.2,-1,0,0,-1,-0.054,0.002,-0.001,2.05,17.49,12.21,40.6,Normal
18:28.9,Tekirdağ,Καβάλα,None,0,-2.2,0,549.1,-1,0,0,0,-0.052,0,-0.012,2.05,17.49,12.21,40.6,Normal
18:29.9,Tekirdağ,Καβάλα,None,0,-2.2,0,549.1,-1,0,0,1,0.045,-0.002,0.004,2.05,17.49,12.21,40.6,Normal
18:30.9,Tekirdağ,Καβάλα,None,0,-2.2,0,549.1,-1,0,0,0,0.013,0.001,-0.001,2.05,17.49,12.21,40.6,Normal
18:31.9,Tekirdağ,Καβάλα,None,0,-2.2,0,549.1,-1,0,0,0,0.005,-0.001,-0.003,2.05,17.49,12.21,40.6,Normal
18:32.9,Tekirdağ,Καβάλα,None,0,-2.3,0,549.1,-1,0,0,-1,-0.002,0.005,0.001,2.05,17.49,12.21,40.6,Normal
18:33.9,Tekirdağ,Καβάλα,None,0,-2.2,0,549.1,-1,0,0,1,0.067,0,0.005,2.05,17.49,12.21,40.6,Normal
18:34.9,Tekirdağ,Καβάλα,None,0,-2.3,0,549.2,-1,0,0,0,-0.007,0,0.002,2.05,17.49,12.21,40.6,Normal
18:35.9,Tekirdağ,Καβάλα,None,0,-2.3,0,549.2,-1,0,0,0,0.002,0,0.001,2.05,17.49,12.21,40.6,Normal
18:36.9,Tekirdağ,Καβάλα,None,0,-2.3,0,549.1,-1,0,0,-1,-0.036,0,0.001,2.05,17.49,12.21,40.6,Normal
18:37.9,Tekirdağ,Καβάλα,None,0,-2.3,0,549.2,-1,0,0,1,0.05,0,-0.001,2.05,17.49,12.21,40.6,Normal
18:38.9,Tekirdağ,Καβάλα,None,0,-2.3,0,549.2,-1,0,0,-1,-0.054,0.005,-0.004,2.05,17.49,12.21,40.6,Normal
18:39.9,Tekirdağ,Καβάλα,None,0,-2.3,0,549.2,-1,0,0,1,0.058,-0.002,-0.001,2.05,17.49,12.21,40.6,Normal
18:40.9,Tekirdağ,Καβάλα,None,0,-2.3,0,549.2,-1,0,0,1,0.054,0,-0.008,2.05,17.49,12.21,40.6,Normal
18:41.9,Tekirdağ,Καβάλα,None,0,-2.2,0,548.9,-1,0,0,1,0.046,0,-0.011,2.05,17.49,12.21,40.6,Normal
18:42.9,Tekirdağ,Καβάλα,None,0,-2.2,0,548.6,-1,0,0,-1,-0.059,-0.002,0.002,2.05,17.49,12.21,40.6,Normal
18:43.9,Tekirdağ,Καβάλα,None,0,-2.2,0,549,-1,0,0,-1,-0.053,0,0.014,2.05,17.49,12.21,40.6,Normal
18:44.9,Tekirdağ,Καβάλα,None,0,-2.2,0,549.1,-1,0,0,1,-0.012,0.002,0,2.05,17.49,12.21,40.6,Normal
18:45.9,Tekirdağ,Καβάλα,None,0,-2.2,0,549.1,-1,0,0,0,0.009,-0.001,-0.001,2.05,17.49,12.21,40.6,Normal
18:46.9,Tekirdağ,Καβάλα,None,0,-2.3,0,549.2,-1,0,0,-1,-0.049,0,0.008,2.05,17.49,12.21,40.6,Normal
18:47.9,Tekirdağ,Καβάλα,None,0,-2.3,0,549.2,-1,0,0,1,-0.003,-0.004,0.004,2.05,17.49,12.21,40.6,Normal
18:48.9,Tekirdağ,Καβάλα,None,0,-0.1,0,550,-1,0,0.61,0,-0.033,0.113,-2.404,2.05,17.49,12.21,40.6,Normal
18:49.9,Tekirdağ,Καβάλα,None,0,0,0,550,-1,0,0,0,0.003,-0.006,0.001,2.05,17.49,12.21,40.6,Normal
18:50.9,Tekirdağ,Καβάλα,None,0,0.2,0,757.3,1,0.27,0,1,-0.012,0.045,-0.343,2.05,17.49,12.21,40.6,Normal
18:51.9,Tekirdağ,Καβάλα,None,0,4.8,0,1039.9,1,0.15,0,1,-0.068,-0.118,-1.552,2.05,17.49,12.21,40.6,Normal
18:52.9,Tekirdağ,Καβάλα,None,0,6.7,0,1419.4,1,0.17,0,0,-0.02,-0.008,-0.414,2.05,17.49,12.21,40.6,Normal
18:53.9,Tekirdağ,Καβάλα,None,0,7,0,1240.6,1,0,0,-1,0.025,0.006,0.089,2.05,17.49,12.21,40.6,Normal
18:54.9,Tekirdağ,Καβάλα,None,0,6.4,0,794.9,3,0,0,-1,0.012,0.013,0.299,2.05,17.49,12.21,40.6,Normal
18:55.9,Tekirdağ,Καβάλα,None,0,2.7,0,717.2,1,0,0.37,0,0.072,-0.008,2.58,2.05,17.49,12.21,40.6,Normal
18:56.9,Tekirdağ,Καβάλα,None,0,-0.1,0,550,-1,0,0,0,0.001,0.002,-0.016,2.05,17.49,12.21,40.6,Normal
18:57.9,Tekirdağ,Καβάλα,None,0,0,0,671.5,-1,0.01,0,1,-0.001,-0.001,0.012,2.05,17.49,12.21,40.6,Normal
18:58.9,Tekirdağ,Καβάλα,None,0,-1,0,694.5,-1,0.29,0,1,0.139,-0.034,0.893,2.05,17.49,12.21,40.6,Normal
18:59.9,Tekirdağ,Καβάλα,None,0,-4.6,0,1042.7,-1,0,0,-1,-0.04,0.093,0.368,2.05,17.49,12.21,40.6,Normal
19:00.9,Tekirdağ,Καβάλα,None,0,-3.5,0,787.9,-1,0,0,-1,-0.109,0.002,-0.344,2.05,17.49,12.21,40.6,Normal
19:01.9,Tekirdağ,Καβάλα,None,0,-2.3,0,544,-1,0,0,-1,-0.058,-0.022,-0.235,2.05,17.49,12.21,40.6,Normal
19:02.9,Tekirdağ,Καβάλα,None,0,-2.4,0,549.5,-1,0,0,1,0.016,-0.003,0,2.05,17.49,12.21,40.6,Normal
19:03.9,Tekirdağ,Καβάλα,None,0,-2.4,0,549.6,-1,0,0,-1,-0.005,0,0,2.05,17.49,12.21,40.6,Normal
19:04.9,Tekirdağ,Καβάλα,None,0,-2.4,0,549.7,-1,0,0,0,-0.001,-0.002,0.001,2.05,17.49,12.21,40.6,Normal
19:05.9,Tekirdağ,Καβάλα,None,0,-2.4,0,549.5,-1,0,0,-1,-0.014,0.014,-0.004,2.05,17.49,12.21,40.6,Normal
19:06.9,Tekirdağ,Καβάλα,None,0,-2.4,0,549.6,-1,0,0,0,-0.002,0,0.001,2.05,17.49,12.21,40.6,Normal
19:07.9,Tekirdağ,Καβάλα,None,0,-2.4,0,544.9,-1,0,0.08,1,0.008,0.007,-0.081,2.05,17.49,12.21,40.6,Normal
19:08.9,Tekirdağ,Καβάλα,None,0,-2.1,0,531.5,-1,0,0.18,1,0.008,-0.051,-0.068,2.05,17.49,12.21,40.6,Normal
19:09.9,Tekirdağ,Καβάλα,None,0,0.1,0,550,0,0,0,0,0.001,0.007,-0.011,2.05,17.49,12.21,40.6,Normal
19:10.9,Tekirdağ,Καβάλα,None,0,0,0,550,0,0,0,0,0.005,-0.001,0.001,2.05,17.49,12.21,40.6,Normal
19:11.9,Tekirdağ,Καβάλα,None,0,0,0,550,0,0,0,0,0.005,0,0.001,2.05,17.49,12.21,40.6,Normal
19:12.9,Tekirdağ,Καβάλα,None,0,0,0,550,0,0,0,0,-0.002,0,0,2.05,17.49,12.21,40.6,Normal
19:13.9,Tekirdağ,Καβάλα,None,0,0,0,550,0,0,0,0,-0.004,0,0,2.05,17.49,12.21,40.6,Normal
19:14.9,Tekirdağ,Καβάλα,None,0,0,0,550,1,0,0,0,-0.001,0,0,2.05,17.49,12.21,40.6,Normal
19:15.9,Tekirdağ,Καβάλα,None,0,0,0,550,1,0,0,0,0.002,0,0,2.05,17.49,12.21,40.6,Normal
19:16.9,Tekirdağ,Καβάλα,None,0,0,0,550,0,0,0,0,0,0,0,2.05,17.49,12.21,40.6,Normal
19:17.9,Tekirdağ,Καβάλα,None,0,0,0,550,0,0,0,0,-0.002,0,-0.005,2.05,17.49,12.21,40.6,Normal
19:18.9,Tekirdağ,Καβάλα,None,0,0,0,550,0,0,0,0,0.001,0,0,2.05,17.49,12.21,40.6,Normal
19:19.9,Tekirdağ,Καβάλα,None,0,0,0,550,0,0,0,1,0.001,0,-0.002,2.05,17.49,12.21,40.6,Normal
