Timestamp,Source_City,Destination_City,Cargo,Cargo_Mass_kg,Speed_kmh,Speed_Limit_kmh,RPM,Gear,Throttle,Brake,Steering,Accel_X,Accel_Y,Accel_Z,Engine_Wear_%,Tire_Wear_%,Chassis_Wear_%,Fuel_%,Driving_Status
2026-07-02 20:47:39.550,,,None,0,-0.0,0,550.0,0,0.0,0.0,0.0,0.001,-0.004,-0.0,1.69,8.31,6.28,49.0,Normal
2026-07-02 20:48:27.555,Bologna,Košice,None,0,-0.0,0,550.0,4,0.0,0.0,0.0,-0.0,-0.001,-0.0,1.69,8.31,6.28,49.0,Normal
2026-07-02 20:48:28.556,Bologna,Košice,None,0,0.1,0,788.2,4,0.17,0.0,0.0,-0.0,0.009,-0.155,1.69,8.31,6.28,49.0,Normal
2026-07-02 20:48:29.567,Bologna,Košice,None,0,6.4,0,805.2,4,0.44,0.0,1.0,-0.055,-0.023,-2.764,1.69,8.31,6.28,49.0,Normal
2026-07-02 20:48:30.577,Bologna,Košice,None,0,15.3,0,1483.5,4,0.19,0.0,1.0,-0.056,0.04,-0.743,1.69,8.31,6.28,49.0,Normal
2026-07-02 20:48:31.557,Bologna,Košice,None,0,15.4,0,938.1,6,0.13,0.0,1.0,0.006,-0.008,0.06,1.69,8.31,6.28,49.0,Normal
2026-07-02 20:48:32.576,Bologna,Košice,None,0,16.7,0,1021.2,6,0.05,0.0,0.0,0.02,-0.003,-0.409,1.69,8.31,6.28,49.0,Normal
2026-07-02 20:48:33.559,Bologna,Košice,None,0,16.2,0,984.4,6,0.03,0.0,1.0,0.012,0.007,0.431,1.69,8.31,6.28,49.0,Normal
2026-07-02 20:48:34.559,Bologna,Košice,None,0,17.1,0,1048.2,6,0.16,0.0,1.0,-0.014,-0.029,-0.627,1.69,8.31,6.28,49.0,Normal
2026-07-02 20:48:35.559,Bologna,Košice,None,0,19.3,0,1182.9,6,0.17,0.0,1.0,-0.015,-0.002,-0.601,1.69,8.31,6.28,49.0,Normal
2026-07-02 20:48:36.578,Bologna,Košice,None,0,21.5,0,1314.1,6,0.19,0.0,0.0,0.027,0.009,-0.598,1.69,8.31,6.28,49.0,Normal
2026-07-02 20:48:37.582,Bologna,Košice,None,0,23.5,0,1435.4,6,0.18,0.0,-1.0,0.05,-0.004,-0.52,1.69,8.31,6.28,49.0,Normal
2026-07-02 20:48:38.560,Bologna,Košice,None,0,23.5,0,1113.7,7,0.36,0.0,-1.0,0.056,0.003,0.105,1.69,8.31,6.28,49.0,Normal
2026-07-02 20:48:39.582,Bologna,Košice,None,0,25.8,0,1225.2,7,0.23,0.0,0.0,0.003,-0.015,-1.029,1.69,8.31,6.28,49.0,Normal
2026-07-02 20:48:40.576,Bologna,Košice,None,0,26.6,0,1259.4,7,0.0,0.0,1.0,-0.016,0.051,0.322,1.69,8.31,6.28,49.0,Normal
2026-07-02 20:48:41.582,Bologna,Košice,None,0,25.1,0,1186.9,7,0.0,0.0,1.0,-0.013,0.003,0.44,1.69,8.31,6.28,49.0,Normal
2026-07-02 20:48:42.574,Bologna,Košice,None,0,23.5,0,1113.1,7,0.0,0.0,1.0,0.001,-0.008,0.432,1.69,8.31,6.28,49.0,Normal
2026-07-02 20:48:43.584,Bologna,Košice,None,0,22.0,0,1038.5,7,0.0,0.0,1.0,0.002,-0.0,0.429,1.69,8.31,6.28,49.0,Normal
2026-07-02 20:48:44.584,Bologna,Košice,None,0,20.4,0,966.6,7,0.04,0.0,1.0,-0.031,0.016,0.42,1.69,8.31,6.28,49.0,Normal
2026-07-02 20:48:45.579,Bologna,Košice,None,0,19.9,0,942.2,7,0.06,0.0,1.0,-0.021,-0.013,0.024,1.69,8.31,6.28,49.0,Normal
2026-07-02 20:48:46.562,Bologna,Košice,None,0,20.4,0,967.0,7,0.09,0.0,0.0,0.027,-0.016,-0.253,1.69,8.31,6.28,49.0,Normal
2026-07-02 20:48:47.562,Bologna,Košice,None,0,21.3,0,1008.7,7,0.1,0.0,-1.0,0.041,-0.006,-0.276,1.69,8.31,6.28,49.0,Normal
2026-07-02 20:48:48.563,Bologna,Košice,None,0,20.7,0,977.3,7,0.0,0.0,0.0,0.02,-0.002,0.383,1.69,8.31,6.28,49.0,Normal
2026-07-02 20:48:49.587,Bologna,Košice,None,0,19.2,0,905.5,7,0.0,0.0,0.0,0.028,0.021,0.406,1.69,8.31,6.28,49.0,Normal
2026-07-02 20:48:50.563,Bologna,Košice,None,0,17.8,0,965.8,7,0.0,0.0,0.0,0.024,-0.006,0.343,1.69,8.31,6.28,49.0,Normal
2026-07-02 20:48:51.565,Bologna,Košice,None,0,17.3,0,1359.2,5,0.0,0.0,1.0,-0.071,0.01,0.309,1.69,8.31,6.28,49.0,Normal
2026-07-02 20:48:52.589,Bologna,Košice,None,0,15.3,0,1199.2,5,0.0,0.0,1.0,-0.286,-0.021,0.6,1.69,8.31,6.28,49.0,Normal
2026-07-02 20:48:53.566,Bologna,Košice,None,0,13.2,0,1029.9,5,0.0,0.0,1.0,-0.148,0.008,0.598,1.69,8.31,6.28,49.0,Normal
2026-07-02 20:48:54.590,Bologna,Košice,None,0,11.2,0,870.6,5,0.0,0.0,1.0,0.023,-0.001,0.556,1.69,8.31,6.28,49.0,Normal
2026-07-02 20:48:55.567,Bologna,Košice,None,0,9.5,0,874.0,5,0.0,0.0,1.0,-0.003,-0.007,0.289,1.69,8.31,6.28,49.0,Normal
2026-07-02 20:48:56.566,Bologna,Košice,None,0,8.6,0,832.9,4,0.0,0.0,1.0,0.035,0.009,0.466,1.69,8.31,6.28,49.0,Normal
2026-07-02 20:48:57.584,Bologna,Košice,None,0,6.7,0,643.5,4,0.0,0.0,0.0,0.126,-0.0,0.536,1.69,8.31,6.28,49.0,Normal
2026-07-02 20:48:58.567,Bologna,Košice,None,0,5.5,0,547.0,4,0.0,0.0,0.0,0.018,-0.007,-0.098,1.69,8.31,6.28,49.0,Normal
2026-07-02 20:48:59.568,Bologna,Košice,None,0,5.6,0,549.2,4,0.0,0.0,0.0,0.005,-0.001,0.001,1.69,8.31,6.28,49.0,Normal
2026-07-02 20:49:00.568,Bologna,Košice,None,0,5.3,0,536.8,4,0.0,0.1,0.0,0.026,0.003,0.021,1.69,8.31,6.28,49.0,Normal
2026-07-02 20:49:01.588,Bologna,Košice,None,0,4.8,0,511.0,4,0.0,0.24,0.0,0.041,0.008,0.285,1.69,8.31,6.28,49.0,Normal
2026-07-02 20:49:02.568,Bologna,Košice,None,0,0.0,0,550.0,4,0.0,0.42,0.0,0.231,0.063,2.232,1.69,8.31,6.28,49.0,Normal
2026-07-02 20:49:03.568,Bologna,Košice,None,0,-0.0,0,550.0,-1,0.0,0.0,-1.0,0.002,0.009,0.002,1.69,8.31,6.28,49.0,Normal
2026-07-02 20:49:04.569,Bologna,Košice,None,0,-0.0,0,550.0,-1,0.0,0.0,-1.0,-0.002,0.002,0.0,1.69,8.31,6.28,49.0,Normal
2026-07-02 20:49:05.570,Bologna,Košice,None,0,-0.0,0,550.0,-1,0.0,0.0,-1.0,0.0,0.0,-0.0,1.69,8.31,6.28,49.0,Normal
2026-07-02 20:49:06.580,Bologna,Košice,None,0,-0.0,0,550.0,-1,0.0,0.0,-1.0,-0.0,0.0,0.0,1.69,8.31,6.28,49.0,Normal
2026-07-02 20:49:07.588,Bologna,Košice,None,0,-0.0,0,630.3,-1,0.0,0.0,-1.0,0.007,0.004,0.004,1.69,8.31,6.28,49.0,Normal
2026-07-02 20:49:08.572,Bologna,Košice,None,0,-1.5,0,845.6,-1,0.43,0.0,-1.0,-0.922,-0.03,1.846,1.69,8.31,6.28,49.0,Normal
2026-07-02 20:49:09.587,Bologna,Košice,None,0,-2.8,0,612.2,-1,0.0,0.0,1.0,0.283,-0.014,-0.321,1.69,8.31,6.28,49.0,Normal
2026-07-02 20:49:10.572,Bologna,Košice,None,0,-2.4,0,550.0,-1,0.0,0.0,1.0,0.087,-0.004,-0.0,1.69,8.31,6.28,49.0,Normal
2026-07-02 20:49:11.572,Bologna,Košice,None,0,-2.4,0,550.1,-1,0.0,0.0,1.0,0.07,0.003,0.006,1.69,8.31,6.28,49.0,Normal
2026-07-02 20:49:12.584,Bologna,Košice,None,0,-2.4,0,550.1,-1,0.0,0.0,1.0,0.069,-0.002,0.001,1.69,8.31,6.28,49.0,Normal
2026-07-02 20:49:13.572,Bologna,Košice,None,0,-2.4,0,549.9,-1,0.0,0.0,1.0,0.057,-0.003,-0.004,1.69,8.31,6.28,49.0,Normal
2026-07-02 20:49:14.573,Bologna,Košice,None,0,-2.4,0,549.8,-1,0.0,0.0,1.0,0.069,0.004,0.003,1.69,8.31,6.28,49.0,Normal
2026-07-02 20:49:15.573,Bologna,Košice,None,0,-2.4,0,549.5,-1,0.0,0.0,1.0,0.083,0.003,-0.01,1.69,8.31,6.28,49.0,Normal
2026-07-02 20:49:16.573,Bologna,Košice,None,0,-2.4,0,549.2,-1,0.0,0.0,1.0,0.073,-0.005,-0.002,1.69,8.31,6.28,49.0,Normal
2026-07-02 20:49:17.573,Bologna,Košice,None,0,-2.4,0,549.5,-1,0.0,0.0,-1.0,-0.009,-0.004,-0.012,1.69,8.31,6.28,49.0,Normal
2026-07-02 20:49:18.574,Bologna,Košice,None,0,-2.4,0,549.9,-1,0.0,0.0,-1.0,-0.081,0.002,-0.012,1.69,8.31,6.28,49.0,Normal
2026-07-02 20:49:19.574,Bologna,Košice,None,0,-2.4,0,550.1,-1,0.0,0.0,-1.0,-0.083,-0.0,0.002,1.69,8.31,6.28,49.0,Normal
2026-07-02 20:49:20.574,Bologna,Košice,None,0,-2.4,0,549.9,-1,0.0,0.0,-1.0,-0.003,-0.0,-0.001,1.69,8.31,6.28,49.0,Normal
2026-07-02 20:49:21.575,Bologna,Košice,None,0,-2.4,0,549.8,-1,0.02,0.0,-1.0,-0.03,0.001,-0.025,1.69,8.31,6.28,49.0,Normal
2026-07-02 20:49:22.594,Bologna,Košice,None,0,-3.3,0,755.9,-1,0.0,0.0,-1.0,-0.086,-0.034,-0.434,1.69,8.31,6.28,49.0,Normal
2026-07-02 20:49:23.576,Bologna,Košice,None,0,-2.6,0,596.3,-1,0.0,0.0,-1.0,-0.117,-0.014,0.452,1.69,8.31,6.28,49.0,Normal
2026-07-02 20:49:24.587,Bologna,Košice,None,0,-2.4,0,550.0,-1,0.0,0.0,1.0,0.018,-0.004,-0.01,1.69,8.31,6.28,49.0,Normal
2026-07-02 20:49:25.598,Bologna,Košice,None,0,-2.4,0,550.1,-1,0.0,0.0,1.0,0.064,0.001,0.013,1.69,8.31,6.28,49.0,Normal
2026-07-02 20:49:26.588,Bologna,Košice,None,0,-2.4,0,549.8,-1,0.0,0.0,1.0,0.066,-0.002,0.003,1.69,8.31,6.28,49.0,Normal
2026-07-02 20:49:27.601,Bologna,Košice,None,0,-2.6,0,596.8,-1,0.0,0.0,1.0,0.029,-0.048,-0.042,1.69,8.31,6.28,49.0,Normal
2026-07-02 20:49:28.594,Bologna,Košice,None,0,-2.4,0,549.9,-1,0.0,0.0,-1.0,-0.074,-0.008,0.016,1.69,8.31,6.28,49.0,Normal
2026-07-02 20:49:29.603,Bologna,Košice,None,0,0.0,0,550.0,-1,0.0,0.46,-1.0,0.01,-0.142,-1.127,1.69,8.31,6.28,49.0,Normal
2026-07-02 20:49:30.594,Bologna,Košice,None,0,0.0,0,550.0,-1,0.07,0.0,-1.0,0.001,-0.004,0.002,1.69,8.31,6.28,49.0,Normal
2026-07-02 20:49:31.591,Bologna,Košice,None,0,-2.8,0,673.6,-1,0.0,0.0,-1.0,-0.432,0.142,1.419,1.69,8.31,6.28,49.0,Normal
2026-07-02 20:49:32.578,Bologna,Košice,None,0,-2.5,0,560.9,-1,0.0,0.0,1.0,0.2,0.005,-0.34,1.69,8.31,6.28,49.0,Normal
2026-07-02 20:49:33.595,Bologna,Košice,None,0,-2.4,0,550.1,-1,0.0,0.0,1.0,0.079,-0.003,0.008,1.69,8.31,6.28,49.0,Normal
2026-07-02 20:49:34.603,Bologna,Košice,None,0,-2.4,0,550.0,-1,0.0,0.0,1.0,0.077,0.0,-0.004,1.69,8.31,6.28,49.0,Normal
2026-07-02 20:49:35.579,Bologna,Košice,None,0,-2.4,0,550.1,-1,0.0,0.0,1.0,0.076,0.005,0.01,1.69,8.31,6.28,49.0,Normal
2026-07-02 20:49:36.580,Bologna,Košice,None,0,-2.3,0,535.8,-1,0.0,0.29,0.0,-0.038,-0.004,-0.048,1.69,8.31,6.28,49.0,Normal
2026-07-02 20:49:37.581,Bologna,Košice,None,0,-2.2,0,531.6,-1,0.0,0.31,0.0,-0.015,-0.008,-0.024,1.69,8.31,6.28,49.0,Normal
2026-07-02 20:49:38.581,Bologna,Košice,None,0,0.1,0,550.0,-1,0.0,0.42,0.0,-0.053,-0.169,-0.926,1.69,8.31,6.28,49.0,Normal
2026-07-02 20:49:39.582,Bologna,Košice,None,0,0.0,0,550.2,-1,0.0,0.0,0.0,0.006,0.003,0.004,1.69,8.31,6.28,49.0,Normal
2026-07-02 20:49:40.603,Bologna,Košice,None,0,-0.3,0,544.4,-1,0.0,0.0,0.0,0.015,-0.026,0.014,1.69,8.31,6.28,49.0,Normal
2026-07-02 20:49:41.583,Bologna,Košice,None,0,-1.0,0,543.1,-1,0.0,0.0,0.0,-0.049,-0.172,-3.298,1.69,8.31,6.28,49.0,Normal
2026-07-02 20:49:42.606,Bologna,Košice,None,0,-0.0,0,550.0,-1,0.0,0.0,0.0,0.0,-0.037,0.029,1.69,8.31,6.28,49.0,Normal
2026-07-02 20:49:43.584,Bologna,Košice,None,0,0.0,0,550.0,0,0.0,0.0,0.0,-0.0,0.0,-0.0,1.69,8.31,6.28,49.0,Normal
2026-07-02 20:49:44.583,Bologna,Košice,None,0,-0.0,0,550.0,0,0.0,0.0,-1.0,-0.001,0.002,0.0,1.69,8.31,6.28,49.0,Normal
2026-07-02 20:49:45.583,Bologna,Košice,None,0,0.0,0,550.0,0,0.0,0.0,-1.0,0.0,-0.003,0.0,1.69,8.31,6.28,49.0,Normal
2026-07-02 20:49:46.583,Bologna,Košice,None,0,-0.0,0,550.0,0,0.0,0.0,0.0,0.001,0.003,0.001,1.69,8.31,6.28,49.0,Normal
2026-07-02 20:49:47.584,Bologna,Košice,None,0,0.0,0,550.0,0,0.0,0.0,-1.0,0.0,0.001,0.0,1.69,8.31,6.28,49.0,Normal
2026-07-02 20:49:48.584,Bologna,Košice,None,0,0.0,0,550.0,0,0.0,0.0,0.0,-0.002,0.0,-0.001,1.69,8.31,6.28,49.0,Normal
2026-07-02 20:49:49.597,Bologna,Košice,None,0,0.0,0,550.0,0,0.0,0.0,0.0,-0.001,-0.0,-0.0,1.69,8.31,6.28,49.0,Normal
2026-07-02 20:49:50.607,Bologna,Košice,None,0,-0.0,0,550.0,0,0.0,0.0,0.0,-0.0,-0.003,0.0,1.69,8.31,6.28,49.0,Normal
2026-07-02 20:49:51.602,Bologna,Košice,None,0,0.0,0,550.0,0,0.0,0.0,0.0,-0.0,-0.007,0.0,1.69,8.31,6.28,49.0,Normal
2026-07-02 20:49:52.586,Bologna,Košice,None,0,-0.0,0,550.0,0,0.0,0.0,0.0,-0.0,0.0,-0.0,1.69,8.31,6.28,49.0,Normal
2026-07-02 20:49:53.605,Bologna,Košice,None,0,0.0,0,550.0,1,0.0,0.0,0.0,-0.0,0.0,-0.0,1.69,8.31,6.28,49.0,Normal
2026-07-02 20:49:54.597,Bologna,Košice,None,0,-0.0,0,550.0,1,0.0,0.0,0.0,0.002,-0.0,0.001,1.69,8.31,6.28,49.0,Normal
2026-07-02 20:49:55.605,Bologna,Košice,None,0,0.0,0,550.2,1,0.0,0.0,1.0,-0.002,0.0,-0.002,1.69,8.31,6.28,49.0,Normal
2026-07-02 20:49:56.588,Bologna,Košice,None,0,1.1,0,710.5,1,0.34,0.0,1.0,-0.041,-0.012,-0.958,1.69,8.31,6.28,49.0,Normal
2026-07-02 20:49:57.588,Bologna,Košice,None,0,5.7,0,1097.1,1,0.2,0.0,1.0,-0.103,0.017,-0.372,1.69,8.31,6.28,49.0,Normal
2026-07-02 20:49:58.589,Bologna,Košice,None,0,5.8,0,947.5,2,0.11,0.0,1.0,-0.139,0.008,-0.032,1.69,8.31,6.28,49.0,Normal
2026-07-02 20:49:59.608,Bologna,Košice,None,0,5.4,0,857.3,2,0.0,0.0,0.0,0.085,0.017,0.345,1.69,8.31,6.28,49.0,Normal
2026-07-02 20:50:00.589,Bologna,Košice,None,0,4.1,0,715.8,2,0.0,0.0,1.0,0.027,0.009,0.326,1.69,8.31,6.28,49.0,Normal
2026-07-02 20:50:01.589,Bologna,Košice,None,0,3.6,0,754.4,1,0.09,0.0,1.0,-0.022,-0.026,0.138,1.69,8.31,6.28,49.0,Normal
2026-07-02 20:50:02.602,Bologna,Košice,None,0,4.9,0,1068.8,1,0.23,0.0,1.0,-0.215,-0.002,-0.635,1.69,8.31,6.28,49.0,Normal
2026-07-02 20:50:03.589,Bologna,Košice,None,0,7.3,0,1484.4,1,0.27,0.0,1.0,-0.078,-0.073,-0.251,1.69,8.31,6.28,49.0,Normal
2026-07-02 20:50:04.590,Bologna,Košice,None,0,6.8,0,867.9,3,0.28,0.0,1.0,-0.012,0.023,0.11,1.69,8.31,6.28,49.0,Normal
2026-07-02 20:50:05.590,Bologna,Košice,None,0,9.2,0,1194.6,3,0.27,0.0,0.0,-0.094,-0.014,-0.872,1.69,8.31,6.28,49.0,Normal
2026-07-02 20:50:06.590,Bologna,Košice,None,0,11.7,0,1477.2,3,0.19,0.0,-1.0,0.126,-0.008,-0.447,1.69,8.31,6.28,49.0,Normal
2026-07-02 20:50:07.591,Bologna,Košice,None,0,11.2,0,882.4,5,0.3,0.0,-1.0,0.143,0.012,0.201,1.69,8.31,6.28,49.0,Normal
2026-07-02 20:50:08.591,Bologna,Košice,None,0,12.6,0,1006.6,5,0.27,0.0,-1.0,0.023,-0.017,-0.673,1.69,8.31,6.28,49.0,Normal
2026-07-02 20:50:09.591,Bologna,Košice,None,0,14.4,0,1139.1,5,0.23,0.0,-1.0,0.234,0.022,-0.295,1.69,8.31,6.28,49.0,Normal
2026-07-02 20:50:10.603,Bologna,Košice,None,0,15.9,0,1262.5,5,0.26,0.0,-1.0,0.213,-0.011,-0.47,1.69,8.31,6.28,49.0,Normal
2026-07-02 20:50:11.592,Bologna,Košice,None,0,17.7,0,1403.6,5,0.26,0.0,-1.0,0.161,-0.007,-0.512,1.69,8.31,6.28,49.0,Normal
2026-07-02 20:50:12.592,Bologna,Košice,None,0,18.5,0,1195.0,5,0.21,0.0,-1.0,0.095,0.022,0.022,1.69,8.31,6.28,49.0,Normal
2026-07-02 20:50:13.609,Bologna,Košice,None,0,18.7,0,1150.3,6,0.25,0.0,-1.0,0.003,-0.019,-0.287,1.69,8.31,6.28,49.0,Normal
2026-07-02 20:50:14.616,Bologna,Košice,None,0,20.2,0,1242.9,6,0.25,0.0,0.0,-0.055,0.001,-0.424,1.69,8.31,6.28,49.0,Normal
2026-07-02 20:50:15.593,Bologna,Košice,None,0,22.1,0,1360.6,6,0.37,0.0,0.0,-0.045,-0.02,-0.676,1.69,8.31,6.28,49.0,Normal
2026-07-02 20:50:16.617,Bologna,Košice,None,0,23.9,0,1247.7,6,0.34,0.0,1.0,-0.064,0.058,-0.095,1.69,8.31,6.28,49.0,Normal
2026-07-02 20:50:17.594,Bologna,Košice,None,0,23.9,0,1136.8,7,0.29,0.0,0.0,0.018,0.021,-0.149,1.69,8.31,6.28,49.0,Normal
2026-07-02 20:50:18.595,Bologna,Košice,None,0,25.3,0,1204.2,7,0.29,0.0,0.0,-0.011,-0.002,-0.439,1.69,8.31,6.28,49.0,Normal
2026-07-02 20:50:19.595,Bologna,Košice,None,0,26.8,0,1273.6,7,0.29,0.0,0.0,-0.01,-0.015,-0.396,1.69,8.31,6.28,49.0,Normal
2026-07-02 20:50:20.595,Bologna,Košice,None,0,28.2,0,1335.1,7,0.0,0.0,0.0,-0.001,-0.008,-0.288,1.69,8.31,6.28,49.0,Normal
2026-07-02 20:50:21.596,Bologna,Košice,None,0,27.8,0,1313.9,7,0.0,0.05,0.0,0.015,0.012,0.214,1.69,8.31,6.28,49.0,Normal
2026-07-02 20:50:22.596,Bologna,Košice,None,0,25.2,0,1186.8,7,0.0,0.17,0.0,0.018,-0.023,0.965,1.69,8.31,6.28,49.0,Normal
2026-07-02 20:50:23.596,Bologna,Košice,None,0,19.3,0,903.8,7,0.0,0.25,0.0,-0.021,-0.018,2.131,1.69,8.31,6.28,49.0,Normal
2026-07-02 20:50:24.596,Bologna,Košice,None,0,15.2,0,1197.9,5,0.0,0.0,0.0,-0.0,-0.035,0.327,1.69,8.31,6.28,49.0,Normal
2026-07-02 20:50:25.597,Bologna,Košice,None,0,14.4,0,1129.0,5,0.0,0.0,1.0,-0.004,0.003,0.275,1.69,8.31,6.28,49.0,Normal
2026-07-02 20:50:26.619,Bologna,Košice,None,0,13.3,0,1046.8,5,0.0,0.0,1.0,-0.017,0.004,0.29,1.69,8.31,6.28,49.0,Normal
2026-07-02 20:50:27.597,Bologna,Košice,None,0,12.3,0,963.0,5,0.0,0.0,0.0,0.002,-0.006,0.324,1.69,8.31,6.28,49.0,Normal
2026-07-02 20:50:28.616,Bologna,Košice,None,0,11.1,0,869.6,5,0.0,0.0,1.0,0.004,0.002,0.325,1.69,8.31,6.28,49.0,Normal
2026-07-02 20:50:29.598,Bologna,Košice,None,0,10.0,0,881.5,5,0.0,0.0,1.0,0.015,0.009,0.292,1.69,8.31,6.28,49.0,Normal
2026-07-02 20:50:30.598,Bologna,Košice,None,0,9.4,0,1174.0,3,0.0,0.0,1.0,-0.008,-0.019,0.221,1.69,8.31,6.28,48.9,Normal
2026-07-02 20:50:31.599,Bologna,Košice,None,0,8.2,0,1020.6,3,0.0,0.0,1.0,-0.017,-0.004,0.35,1.69,8.31,6.28,48.9,Normal
2026-07-02 20:50:32.599,Bologna,Košice,None,0,6.9,0,864.3,3,0.0,0.0,1.0,-0.02,0.002,0.347,1.69,8.31,6.28,48.9,Normal
2026-07-02 20:50:33.610,Bologna,Košice,None,0,7.5,0,961.9,3,0.14,0.0,1.0,-0.058,-0.093,-0.709,1.69,8.31,6.28,48.9,Normal
2026-07-02 20:50:34.622,Bologna,Košice,None,0,9.5,0,1200.1,3,0.0,0.0,1.0,-0.063,-0.024,-0.521,1.69,8.31,6.28,48.9,Normal
2026-07-02 20:50:35.616,Bologna,Košice,None,0,8.7,0,1084.7,3,0.0,0.0,-1.0,0.173,-0.02,0.374,1.69,8.31,6.28,48.9,Normal
2026-07-02 20:50:36.615,Bologna,Košice,None,0,7.4,0,928.7,3,0.0,0.0,-1.0,0.176,0.0,0.359,1.69,8.31,6.28,48.9,Normal
2026-07-02 20:50:37.612,Bologna,Košice,None,0,6.1,0,760.1,3,0.0,0.0,-1.0,0.085,0.006,0.351,1.69,8.31,6.28,48.9,Normal
2026-07-02 20:50:38.624,Bologna,Košice,None,0,5.1,0,1056.6,1,0.05,0.0,-1.0,0.093,-0.009,0.213,1.69,8.31,6.28,48.9,Normal
2026-07-02 20:50:39.601,Bologna,Košice,None,0,4.6,0,951.4,1,0.07,0.0,-1.0,0.1,0.012,0.068,1.69,8.31,6.28,48.9,Normal
2026-07-02 20:50:40.601,Bologna,Košice,None,0,3.5,0,723.7,1,0.0,0.0,1.0,-0.156,-0.002,0.374,1.69,8.31,6.28,48.9,Normal
2026-07-02 20:50:41.619,Bologna,Košice,None,0,5.6,0,1256.6,1,0.34,0.0,-1.0,0.366,-0.102,-1.405,1.69,8.31,6.28,48.9,Normal
2026-07-02 20:50:42.612,Bologna,Košice,None,0,7.6,0,1314.1,1,0.32,0.0,-1.0,-0.095,0.034,0.047,1.69,8.31,6.28,48.9,Normal
2026-07-02 20:50:43.621,Bologna,Košice,None,0,8.0,0,1038.1,3,0.32,0.0,-1.0,0.148,-0.031,-0.789,1.69,8.31,6.28,48.9,Normal
2026-07-02 20:50:44.616,Bologna,Košice,None,0,11.4,0,1472.8,3,0.32,0.0,0.0,0.064,0.002,-0.955,1.69,8.31,6.28,48.9,Normal
2026-07-02 20:50:45.603,Bologna,Košice,None,0,11.6,0,916.0,5,0.31,0.0,1.0,-0.184,0.0,0.208,1.69,8.31,6.28,48.9,Normal
2026-07-02 20:50:46.603,Bologna,Košice,None,0,12.7,0,1024.6,5,0.39,0.0,1.0,-0.074,-0.025,-0.832,1.69,8.31,6.28,48.9,Normal
2026-07-02 20:50:47.604,Bologna,Košice,None,0,16.0,0,1282.5,5,0.58,0.0,1.0,-0.088,0.017,-0.803,1.69,8.31,6.28,48.9,Normal
2026-07-02 20:50:48.603,Bologna,Košice,None,0,18.7,40,1339.9,5,0.44,0.0,1.0,-0.322,0.064,-0.157,1.69,8.31,6.28,48.9,Normal
2026-07-02 20:50:49.619,Bologna,Košice,None,0,18.6,40,886.4,7,0.59,0.0,1.0,-0.25,0.021,-0.132,1.69,8.31,6.28,48.9,Normal
2026-07-02 20:50:50.604,Bologna,Košice,None,0,20.7,40,989.5,7,0.4,0.0,0.0,0.07,-0.005,-0.7,1.69,8.31,6.28,48.9,Normal
2026-07-02 20:50:51.624,Bologna,Košice,None,0,23.2,40,1105.3,7,0.38,0.0,0.0,0.07,0.003,-0.651,1.69,8.31,6.28,48.9,Normal
2026-07-02 20:50:52.627,Bologna,Košice,None,0,25.5,40,1214.2,7,0.43,0.0,0.0,0.046,0.011,-0.657,1.69,8.31,6.28,48.9,Normal
2026-07-02 20:50:53.620,Bologna,Košice,None,0,27.3,40,1297.0,7,0.32,0.0,-1.0,0.078,0.034,-0.247,1.69,8.31,6.28,48.9,Normal
2026-07-02 20:50:54.629,Bologna,Košice,None,0,27.3,40,1292.6,7,0.0,0.0,-1.0,0.052,0.019,0.177,1.69,8.31,6.28,48.9,Normal
2026-07-02 20:50:55.606,Bologna,Košice,None,0,26.6,40,1256.3,7,0.0,0.0,-1.0,0.026,0.0,0.246,1.69,8.31,6.28,48.9,Normal
2026-07-02 20:50:56.606,Bologna,Košice,None,0,25.5,40,1202.5,7,0.0,0.0,-1.0,0.023,0.011,0.319,1.69,8.31,6.28,48.9,Normal
2026-07-02 20:50:57.607,Bologna,Košice,None,0,24.3,40,1149.4,7,0.0,0.0,-1.0,0.053,0.007,0.319,1.69,8.31,6.28,48.9,Normal
2026-07-02 20:50:58.626,Bologna,Košice,None,0,23.2,40,1092.7,7,0.0,0.0,-1.0,0.105,-0.01,0.32,1.69,8.31,6.28,48.9,Normal
2026-07-02 20:50:59.620,Bologna,Košice,None,0,21.5,40,1015.8,7,0.0,0.0,-1.0,-0.053,-0.01,0.421,1.69,8.31,6.28,48.9,Normal
2026-07-02 20:51:00.631,Bologna,Košice,None,0,20.3,40,957.3,7,0.0,0.0,-1.0,-0.024,0.003,0.317,1.69,8.31,6.28,48.9,Normal
2026-07-02 20:51:01.618,Bologna,Košice,None,0,19.2,40,906.2,7,0.0,0.0,0.0,-0.06,-0.004,0.293,1.69,8.31,6.28,48.9,Normal
2026-07-02 20:51:02.609,Bologna,Košice,None,0,18.1,40,850.9,7,0.0,0.0,0.0,-0.045,-0.004,0.301,1.69,8.31,6.28,48.9,Normal
2026-07-02 20:51:03.621,Bologna,Košice,None,0,17.5,50,1374.6,5,0.0,0.0,-1.0,0.075,-0.011,0.127,1.69,8.31,6.28,48.9,Normal
2026-07-02 20:51:04.618,Bologna,Košice,None,0,16.4,50,1283.2,5,0.0,0.0,1.0,-0.394,-0.009,0.354,1.69,8.31,6.28,48.9,Normal
2026-07-02 20:51:05.618,Bologna,Košice,None,0,16.9,50,1359.4,5,0.59,0.0,1.0,-0.264,-0.095,-1.038,1.69,8.31,6.28,48.9,Normal
2026-07-02 20:51:06.635,Bologna,Košice,None,0,19.2,50,930.9,7,0.27,0.0,1.0,-0.12,0.023,-0.048,1.69,8.31,6.28,48.9,Normal
2026-07-02 20:51:07.612,Bologna,Košice,None,0,19.6,50,937.9,7,0.32,0.0,1.0,-0.071,-0.034,-0.38,1.69,8.31,6.28,48.9,Normal
2026-07-02 20:51:08.611,Bologna,Košice,None,0,20.7,50,985.7,7,0.18,0.0,1.0,-0.155,0.009,-0.18,1.69,8.31,6.28,48.9,Normal
2026-07-02 20:51:09.623,Bologna,Košice,None,0,21.3,50,1013.3,7,0.13,0.0,1.0,-0.083,-0.005,-0.103,1.69,8.31,6.28,48.9,Normal
2026-07-02 20:51:10.612,Bologna,Košice,None,0,21.7,50,1032.6,7,0.24,0.0,1.0,-0.046,-0.005,-0.184,1.69,8.31,6.28,48.9,Normal
2026-07-02 20:51:11.612,Bologna,Košice,None,0,22.4,50,1070.9,7,0.25,0.0,1.0,-0.01,-0.006,-0.224,1.69,8.31,6.28,48.9,Normal
2026-07-02 20:51:12.612,Bologna,Košice,None,0,22.3,50,1051.2,7,0.0,0.0,-1.0,0.382,0.029,0.351,1.69,8.31,6.28,48.9,Normal
2026-07-02 20:51:13.633,Bologna,Košice,None,0,20.5,50,968.4,7,0.0,0.0,-1.0,0.546,0.014,0.507,1.69,8.31,6.28,48.9,Normal
2026-07-02 20:51:14.613,Bologna,Košice,None,0,20.3,50,967.9,7,0.49,0.0,-1.0,0.046,-0.04,-0.389,1.69,8.31,6.28,48.9,Normal
2026-07-02 20:51:15.637,Bologna,Košice,None,0,23.0,50,1100.8,7,0.56,0.0,-1.0,0.014,-0.018,-0.832,1.69,8.31,6.28,48.9,Normal
2026-07-02 20:51:16.625,Bologna,Košice,None,0,26.4,50,1265.7,7,0.57,0.0,-1.0,0.033,-0.01,-0.985,1.69,8.31,6.28,48.9,Normal
2026-07-02 20:51:17.613,Bologna,Košice,None,0,29.9,50,1425.0,7,0.56,0.0,-1.0,-0.078,-0.008,-0.946,1.69,8.31,6.28,48.9,Normal
2026-07-02 20:51:18.614,Bologna,Košice,None,0,30.6,50,1122.4,8,0.63,0.0,1.0,-0.117,0.014,0.014,1.69,8.31,6.28,48.9,Normal
2026-07-02 20:51:19.626,Bologna,Košice,None,0,32.3,50,1192.1,8,0.63,0.0,1.0,-0.137,-0.034,-0.824,1.69,8.31,6.28,48.9,Normal
2026-07-02 20:51:20.637,Bologna,Košice,None,0,35.7,50,1320.6,8,0.65,0.0,0.0,0.04,0.027,-1.018,1.69,8.31,6.28,48.9,Normal
2026-07-02 20:51:21.634,Bologna,Košice,None,0,39.1,50,1323.6,8,0.65,0.0,0.0,0.021,0.059,-0.575,1.69,8.31,6.28,48.9,Normal
2026-07-02 20:51:22.616,Bologna,Košice,None,0,40.2,50,1156.0,9,0.64,0.0,0.0,0.024,-0.003,-0.355,1.69,8.31,6.28,48.9,Normal
2026-07-02 20:51:23.616,Bologna,Košice,None,0,43.1,50,1238.5,9,0.58,0.0,0.0,0.012,-0.004,-0.898,1.69,8.31,6.28,48.9,Normal
2026-07-02 20:51:24.628,Bologna,Košice,None,0,46.7,50,1340.6,9,0.15,0.0,0.0,-0.045,-0.059,-1.049,1.69,8.31,6.28,48.9,Normal
2026-07-02 20:51:25.616,Bologna,Košice,None,0,47.8,50,1367.2,9,0.0,0.0,0.0,0.001,0.063,-0.066,1.69,8.31,6.28,48.9,Normal
2026-07-02 20:51:26.616,Bologna,Košice,None,0,48.0,50,1375.1,9,0.0,0.0,-1.0,0.014,-0.02,-0.144,1.69,8.31,6.28,48.9,Normal
2026-07-02 20:51:27.617,Bologna,Košice,None,0,48.6,50,1391.2,9,0.0,0.0,-1.0,0.01,0.026,-0.157,1.69,8.31,6.28,48.9,Normal
2026-07-02 20:51:28.617,Bologna,Košice,None,0,49.3,50,1094.2,10,0.0,0.0,0.0,-0.041,0.011,-0.18,1.69,8.31,6.28,48.9,Normal
2026-07-02 20:51:29.618,Bologna,Košice,None,0,49.2,50,1090.3,10,0.0,0.0,0.0,-0.025,0.031,0.127,1.69,8.31,6.28,48.9,Normal
2026-07-02 20:51:30.618,Bologna,Košice,None,0,48.3,50,1068.1,10,0.0,0.08,-1.0,0.05,0.004,0.548,1.69,8.31,6.28,48.9,Normal
2026-07-02 20:51:31.619,Bologna,Košice,None,0,44.7,50,986.1,10,0.0,0.18,0.0,-0.044,0.036,1.348,1.69,8.31,6.28,48.9,Normal
2026-07-02 20:51:32.619,Bologna,Košice,None,0,39.2,50,1087.3,10,0.0,0.25,-1.0,0.168,-0.01,1.597,1.69,8.31,6.28,48.9,Normal
2026-07-02 20:51:33.643,Bologna,Košice,None,0,35.3,50,1008.1,9,0.0,0.0,-1.0,0.036,-0.054,0.503,1.69,8.31,6.28,48.9,Normal
2026-07-02 20:51:34.619,Bologna,Košice,None,0,32.8,50,931.5,9,0.0,0.26,-1.0,0.005,0.087,1.198,1.7,8.32,6.28,48.9,Normal
2026-07-02 20:51:35.640,Bologna,Košice,None,0,28.5,50,1046.5,8,0.0,0.0,-1.0,-0.018,-0.035,0.477,1.7,8.32,6.28,48.9,Normal
2026-07-02 20:51:36.619,Bologna,Košice,None,0,28.3,50,1037.1,8,0.0,0.0,-1.0,0.085,0.048,0.004,1.7,8.32,6.28,48.9,Normal
2026-07-02 20:51:37.641,Bologna,Košice,None,0,24.2,50,870.3,8,0.0,0.69,0.0,-0.192,-0.101,3.216,1.7,8.32,6.28,48.9,Normal
2026-07-02 20:51:38.620,Bologna,Košice,None,0,18.1,50,1102.9,6,0.0,0.0,0.0,-0.046,-0.046,0.356,1.7,8.32,6.28,48.9,Normal
2026-07-02 20:51:39.640,Bologna,Košice,None,0,17.4,50,1058.1,6,0.0,0.0,-1.0,0.13,0.023,0.219,1.7,8.32,6.28,48.9,Normal
2026-07-02 20:51:40.641,Bologna,Košice,None,0,18.2,50,1130.2,6,0.61,0.0,-1.0,0.116,-0.051,-0.862,1.7,8.32,6.28,48.9,Normal
2026-07-02 20:51:41.621,Bologna,Košice,None,0,22.5,50,1394.0,6,0.6,0.0,-1.0,0.009,0.006,-1.27,1.7,8.32,6.28,48.9,Normal
2026-07-02 20:51:42.633,Bologna,Košice,None,0,24.3,50,1150.4,7,0.63,0.0,0.0,-0.124,0.034,-0.015,1.7,8.32,6.28,48.8,Normal
2026-07-02 20:51:43.639,Bologna,Košice,None,0,25.5,50,1219.9,7,0.6,0.0,1.0,-0.132,-0.07,-0.825,1.7,8.32,6.28,48.8,Normal
2026-07-02 20:51:44.634,Bologna,Košice,None,0,28.9,50,1378.8,7,0.57,0.0,-1.0,0.002,-0.021,-0.983,1.7,8.32,6.28,48.8,Normal
2026-07-02 20:51:45.622,Bologna,Košice,None,0,30.5,50,1137.4,8,0.0,0.0,1.0,-0.08,0.043,0.055,1.7,8.32,6.28,48.8,Normal
2026-07-02 20:51:46.622,Bologna,Košice,None,0,29.7,50,1090.4,8,0.33,0.0,1.0,-0.207,0.005,0.223,1.7,8.32,6.28,48.8,Normal
2026-07-02 20:51:47.624,Bologna,Košice,None,0,30.6,50,1132.0,8,0.56,0.0,1.0,0.033,-0.029,-0.516,1.7,8.32,6.28,48.8,Normal
2026-07-02 20:51:48.648,Bologna,Košice,None,0,33.2,50,1228.1,8,0.57,0.0,1.0,0.11,-0.023,-0.738,1.7,8.32,6.28,48.8,Normal
2026-07-02 20:51:49.625,Bologna,Košice,None,0,35.8,50,1324.6,8,0.59,0.0,0.0,0.151,-0.031,-0.759,1.7,8.32,6.28,48.8,Normal
2026-07-02 20:51:50.625,Bologna,Košice,None,0,38.4,50,1411.9,8,0.63,0.0,-1.0,0.117,-0.024,-0.711,1.7,8.32,6.28,48.7,Normal
2026-07-02 20:51:51.625,Bologna,Košice,None,0,38.8,50,1110.6,9,0.69,0.0,1.0,-0.005,0.009,0.044,1.7,8.32,6.28,48.7,Normal
2026-07-02 20:51:52.637,Bologna,Košice,None,0,40.0,50,1151.2,9,0.59,0.0,1.0,-0.087,0.032,-0.533,1.7,8.32,6.28,48.7,Normal
2026-07-02 20:51:53.626,Bologna,Košice,None,0,42.1,50,1210.5,9,0.55,0.0,0.0,0.089,-0.006,-0.588,1.7,8.33,6.28,48.7,Normal
2026-07-02 20:51:54.651,Bologna,Košice,None,0,43.1,50,1231.6,9,0.0,0.0,1.0,0.02,0.089,0.17,1.7,8.33,6.28,48.7,Normal
2026-07-02 20:51:55.647,Bologna,Košice,None,0,42.0,50,1198.7,9,0.0,0.0,1.0,-0.102,-0.021,0.344,1.7,8.33,6.28,48.7,Normal
2026-07-02 20:51:56.627,Bologna,Košice,None,0,40.8,50,1163.8,9,0.0,0.0,1.0,-0.194,-0.013,0.354,1.7,8.33,6.28,48.7,Normal
2026-07-02 20:51:57.627,Bologna,Košice,None,0,39.5,50,1127.2,9,0.0,0.0,1.0,-0.101,0.073,0.346,1.7,8.33,6.28,48.7,Normal
2026-07-02 20:51:58.644,Bologna,Košice,None,0,38.7,50,1105.4,9,0.0,0.0,1.0,0.095,-0.043,0.231,1.7,8.33,6.28,48.7,Normal
2026-07-02 20:51:59.628,Bologna,Košice,None,0,37.9,50,1082.3,9,0.0,0.0,0.0,0.161,-0.103,0.246,1.7,8.33,6.28,48.7,Normal
2026-07-02 20:52:00.629,Bologna,Košice,None,0,36.7,50,1047.4,9,0.0,0.0,-1.0,0.115,0.015,0.341,1.7,8.33,6.28,48.7,Normal
2026-07-02 20:52:01.640,Bologna,Košice,None,0,34.9,50,996.0,9,0.0,0.11,1.0,-0.159,0.038,0.793,1.7,8.33,6.28,48.7,Normal
2026-07-02 20:52:02.647,Bologna,Košice,None,0,31.9,50,900.2,9,0.0,0.0,1.0,-0.176,-0.007,0.565,1.7,8.33,6.28,48.7,Normal
2026-07-02 20:52:03.629,Bologna,Košice,None,0,30.9,50,1134.6,8,0.29,0.0,1.0,-0.066,-0.016,0.132,1.7,8.34,6.28,48.7,Normal
2026-07-02 20:52:04.630,Bologna,Košice,None,0,31.5,50,1160.6,8,0.31,0.0,1.0,-0.023,-0.006,-0.293,1.7,8.34,6.28,48.7,Normal
2026-07-02 20:52:05.630,Bologna,Košice,None,0,32.5,50,1198.9,8,0.29,0.0,1.0,0.007,0.007,-0.286,1.7,8.34,6.28,48.7,Normal
2026-07-02 20:52:06.631,Bologna,Košice,None,0,33.6,50,1236.9,8,0.3,0.0,1.0,0.004,0.022,-0.29,1.7,8.34,6.28,48.6,Normal
2026-07-02 20:52:07.631,Bologna,Košice,None,0,34.7,50,1276.0,8,0.09,0.0,1.0,0.102,0.006,-0.327,1.7,8.34,6.28,48.6,Normal
2026-07-02 20:52:08.632,Bologna,Košice,None,0,34.1,50,1248.7,8,0.0,0.0,0.0,0.128,0.045,0.321,1.7,8.34,6.28,48.6,Normal
2026-07-02 20:52:09.647,Bologna,Košice,None,0,32.8,50,1201.1,8,0.0,0.0,-1.0,0.649,-0.159,0.386,1.7,8.34,6.28,48.6,Harsh Cornering
2026-07-02 20:52:10.632,Bologna,Košice,None,0,31.8,50,1169.2,8,0.22,0.0,-1.0,-0.056,-0.003,0.073,1.7,8.34,6.28,48.6,Normal
2026-07-02 20:52:11.633,Bologna,Košice,None,0,32.4,50,1192.6,8,0.32,0.0,-1.0,0.054,-0.003,-0.25,1.7,8.34,6.28,48.6,Normal
2026-07-02 20:52:12.632,Bologna,Košice,None,0,34.1,80,1264.4,8,0.8,0.0,-1.0,-0.099,-0.096,-0.758,1.7,8.34,6.28,48.6,Normal
2026-07-02 20:52:13.632,Bologna,Košice,None,0,37.2,40,1376.3,8,0.84,0.0,-1.0,0.011,0.02,-0.808,1.7,8.34,6.28,48.6,Normal
2026-07-02 20:52:14.633,Bologna,Košice,None,0,39.8,40,1474.2,8,1.0,0.0,-1.0,-0.078,-0.012,-0.702,1.7,8.34,6.28,48.5,Normal
2026-07-02 20:52:15.633,Bologna,Košice,None,0,41.8,40,1545.6,8,1.0,0.0,-1.0,-0.091,-0.01,-0.466,1.7,8.34,6.28,48.5,Normal
2026-07-02 20:52:16.633,Bologna,Košice,None,0,43.1,40,1589.1,8,1.0,0.0,-1.0,-0.045,-0.023,-0.292,1.7,8.34,6.28,48.5,Normal
2026-07-02 20:52:17.633,Bologna,Košice,None,0,43.9,40,1619.4,8,1.0,0.0,-1.0,0.016,0.01,-0.184,1.7,8.34,6.28,48.4,Normal
2026-07-02 20:52:18.633,Bologna,Košice,None,0,44.6,40,1644.3,8,1.0,0.0,-1.0,0.051,-0.041,-0.206,1.7,8.34,6.28,48.4,Normal
2026-07-02 20:52:19.655,Bologna,Košice,None,0,44.0,40,1610.1,8,0.0,0.0,-1.0,-0.008,0.192,0.813,1.7,8.35,6.28,48.4,Normal
2026-07-02 20:52:20.653,Bologna,Košice,None,0,42.3,40,1553.8,8,1.0,0.0,0.0,-0.063,-0.108,-0.045,1.7,8.35,6.28,48.4,Normal
2026-07-02 20:52:21.646,Bologna,Košice,None,0,40.7,40,1163.4,9,1.0,0.0,0.0,-0.037,-0.004,0.583,1.7,8.35,6.28,48.4,Normal
2026-07-02 20:52:22.634,Bologna,Košice,None,0,40.8,40,1175.8,9,1.0,0.0,-1.0,0.014,-0.036,-0.513,1.7,8.35,6.28,48.3,Normal
2026-07-02 20:52:23.635,Bologna,Košice,None,0,43.2,80,1237.2,9,0.0,0.0,-1.0,0.122,0.079,-0.424,1.7,8.35,6.28,48.3,Normal
2026-07-02 20:52:24.660,Bologna,Košice,None,0,43.9,80,1265.9,9,1.0,0.0,-1.0,0.045,-0.108,-0.655,1.7,8.35,6.28,48.3,Normal
2026-07-02 20:52:25.655,Bologna,Košice,None,0,47.1,80,1357.3,9,1.0,0.0,-1.0,-0.069,-0.023,-0.934,1.7,8.35,6.28,48.3,Normal
2026-07-02 20:52:26.636,Bologna,Košice,None,0,50.3,80,1449.7,9,1.0,0.0,0.0,-0.081,0.001,-0.894,1.7,8.35,6.28,48.2,Normal
2026-07-02 20:52:27.637,Bologna,Košice,None,0,52.0,80,1193.5,10,1.0,0.0,0.0,-0.088,0.119,-0.064,1.7,8.35,6.28,48.2,Normal
2026-07-02 20:52:28.637,Bologna,Košice,None,0,52.6,80,1172.2,10,1.0,0.0,1.0,-0.01,-0.134,-0.497,1.7,8.35,6.28,48.2,Normal
2026-07-02 20:52:29.657,Bologna,Košice,None,0,55.0,80,1226.4,10,1.0,0.0,1.0,-0.034,0.019,-0.707,1.7,8.35,6.28,48.2,Normal
2026-07-02 20:52:30.637,Bologna,Košice,None,0,57.5,80,1282.0,10,1.0,0.0,-1.0,0.02,0.005,-0.699,1.7,8.35,6.28,48.2,Normal
2026-07-02 20:52:31.637,Bologna,Košice,None,0,60.1,80,1338.7,10,1.0,0.0,-1.0,0.02,0.012,-0.701,1.7,8.36,6.28,48.1,Normal
2026-07-02 20:52:32.648,Bologna,Košice,None,0,62.6,80,1394.7,10,1.0,0.0,-1.0,0.008,0.035,-0.7,1.7,8.36,6.28,48.1,Normal
2026-07-02 20:52:33.637,Bologna,Košice,None,0,65.0,80,1448.7,10,0.99,0.0,-1.0,0.039,-0.013,-0.672,1.7,8.36,6.28,48.1,Normal
2026-07-02 20:52:34.637,Bologna,Košice,None,0,66.2,80,1181.4,11,0.76,0.0,-1.0,0.033,0.037,-0.003,1.7,8.36,6.28,48.0,Normal
2026-07-02 20:52:35.654,Bologna,Košice,None,0,66.4,80,1191.4,11,0.42,0.0,-1.0,-0.022,-0.105,-0.233,1.7,8.36,6.28,48.0,Normal
2026-07-02 20:52:36.639,Bologna,Košice,None,0,67.3,80,1207.2,11,0.49,0.0,-1.0,0.025,0.082,-0.264,1.7,8.36,6.28,48.0,Normal
2026-07-02 20:52:37.654,Bologna,Košice,None,0,68.2,80,1224.3,11,0.46,0.0,-1.0,0.011,0.049,-0.264,1.7,8.37,6.28,48.0,Normal
2026-07-02 20:52:38.648,Bologna,Košice,None,0,68.2,80,1220.1,11,0.0,0.0,-1.0,0.011,0.035,0.125,1.7,8.37,6.28,48.0,Normal
2026-07-02 20:52:39.657,Bologna,Košice,None,0,67.6,80,1210.2,11,0.0,0.0,-1.0,-0.044,0.001,0.152,1.7,8.37,6.28,48.0,Normal
2026-07-02 20:52:40.639,Bologna,Košice,None,0,67.1,80,1200.0,11,0.0,0.0,-1.0,0.058,0.08,0.144,1.7,8.37,6.28,48.0,Normal
2026-07-02 20:52:41.640,Bologna,Košice,None,0,66.5,80,1189.7,11,0.0,0.0,1.0,-0.203,-0.006,0.165,1.7,8.37,6.28,48.0,Normal
2026-07-02 20:52:42.661,Bologna,Košice,None,0,65.9,80,1179.1,11,0.0,0.0,1.0,-0.1,0.012,0.164,1.7,8.37,6.28,48.0,Normal
2026-07-02 20:52:43.656,Bologna,Košice,None,0,65.3,80,1168.5,11,0.0,0.0,1.0,-0.164,-0.068,0.166,1.7,8.37,6.28,48.0,Normal
2026-07-02 20:52:44.664,Bologna,Košice,None,0,64.7,80,1157.3,11,0.0,0.0,1.0,-0.09,-0.038,0.177,1.7,8.37,6.28,48.0,Normal
2026-07-02 20:52:45.642,Bologna,Košice,None,0,64.8,80,1162.2,11,0.37,0.0,1.0,0.035,-0.032,-0.167,1.7,8.38,6.28,48.0,Normal
2026-07-02 20:52:46.643,Bologna,Košice,None,0,65.3,80,1168.3,11,0.0,0.0,1.0,0.021,0.036,-0.011,1.7,8.38,6.28,48.0,Normal
2026-07-02 20:52:47.642,Bologna,Košice,None,0,64.9,80,1160.4,11,0.0,0.0,1.0,0.025,0.023,0.128,1.7,8.38,6.28,48.0,Normal
2026-07-02 20:52:48.642,Bologna,Košice,None,0,64.9,80,1161.0,11,0.0,0.0,-1.0,0.183,0.002,0.004,1.7,8.38,6.29,48.0,Normal
2026-07-02 20:52:49.643,Bologna,Košice,None,0,64.4,80,1151.2,11,0.0,0.04,-1.0,0.088,0.047,0.271,1.7,8.38,6.29,48.0,Normal
2026-07-02 20:52:50.643,Bologna,Košice,None,0,61.9,80,1104.2,11,0.0,0.4,1.0,-0.111,0.096,1.262,1.7,8.38,6.29,48.0,Normal
2026-07-02 20:52:51.643,Bologna,Košice,None,0,53.1,80,939.5,11,0.0,0.34,1.0,-0.119,-0.1,2.464,1.7,8.38,6.29,48.0,Normal
2026-07-02 20:52:52.664,Bologna,Košice,None,0,46.9,60,1037.4,10,0.0,0.0,1.0,-0.01,-0.121,0.696,1.7,8.38,6.29,48.0,Normal
2026-07-02 20:52:53.660,Bologna,Košice,None,0,46.2,60,1024.7,10,0.0,0.0,1.0,-0.059,-0.055,-0.065,1.7,8.38,6.29,48.0,Normal
2026-07-02 20:52:54.671,Bologna,Košice,None,0,47.3,60,1049.4,10,0.0,0.0,1.0,0.033,0.004,-0.377,1.7,8.38,6.29,48.0,Normal
2026-07-02 20:52:55.644,Bologna,Košice,None,0,48.8,60,1083.0,10,0.0,0.0,1.0,-0.022,0.048,-0.455,1.7,8.39,6.29,48.0,Normal
2026-07-02 20:52:56.645,Bologna,Košice,None,0,50.4,60,1118.4,10,0.0,0.0,1.0,-0.024,0.019,-0.444,1.7,8.39,6.29,48.0,Normal
2026-07-02 20:52:57.668,Bologna,Košice,None,0,51.9,60,1152.0,10,0.0,0.0,1.0,-0.012,-0.083,-0.393,1.7,8.39,6.29,48.0,Normal
2026-07-02 20:52:58.646,Bologna,Košice,None,0,53.4,60,1184.7,10,0.0,0.0,1.0,-0.05,-0.121,-0.438,1.7,8.39,6.29,48.0,Normal
2026-07-02 20:52:59.665,Bologna,Košice,None,0,55.1,60,1223.1,10,0.0,0.0,1.0,-0.036,-0.009,-0.487,1.7,8.39,6.29,48.0,Normal
2026-07-02 20:53:00.646,Bologna,Košice,None,0,56.8,60,1260.2,10,0.0,0.0,1.0,-0.022,-0.016,-0.442,1.7,8.39,6.29,48.0,Normal
2026-07-02 20:53:01.655,Bologna,Košice,None,0,58.1,60,1289.6,10,0.08,0.0,1.0,-0.082,-0.048,-0.285,1.7,8.39,6.29,48.0,Normal
2026-07-02 20:53:02.647,Bologna,Košice,None,0,59.3,60,1319.9,10,0.51,0.0,1.0,-0.017,-0.028,-0.403,1.7,8.4,6.29,48.0,Normal
2026-07-02 20:53:03.648,Bologna,Košice,None,0,60.5,60,1345.6,10,0.49,0.0,1.0,0.184,0.001,-0.24,1.7,8.4,6.29,47.9,Normal
2026-07-02 20:53:04.648,Bologna,Košice,None,0,60.6,60,1344.8,10,0.18,0.0,1.0,-0.042,-0.006,0.135,1.7,8.4,6.29,47.9,Normal
2026-07-02 20:53:05.648,Bologna,Košice,None,0,59.9,60,1330.1,10,0.21,0.0,1.0,-0.022,0.048,0.208,1.7,8.4,6.29,47.9,Normal
2026-07-02 20:53:06.668,Bologna,Košice,None,0,59.3,60,1317.7,10,0.48,0.0,1.0,0.125,-0.071,0.08,1.7,8.4,6.29,47.9,Normal
2026-07-02 20:53:07.648,Bologna,Košice,None,0,59.3,60,1318.1,10,0.69,0.0,1.0,-0.012,-0.008,-0.028,1.7,8.4,6.29,47.9,Normal
2026-07-02 20:53:08.649,Bologna,Košice,None,0,59.7,60,1327.6,10,0.09,0.0,0.0,0.1,-0.014,-0.179,1.7,8.4,6.29,47.9,Normal
2026-07-02 20:53:09.649,Bologna,Košice,None,0,59.1,60,1313.5,10,0.0,0.0,1.0,0.002,-0.056,0.141,1.71,8.4,6.29,47.9,Normal
2026-07-02 20:53:10.674,Bologna,Košice,None,0,59.5,60,1324.4,10,0.0,0.0,0.0,0.091,-0.049,-0.179,1.71,8.4,6.29,47.8,Normal
2026-07-02 20:53:11.650,Bologna,Košice,None,0,59.7,60,1326.7,10,0.0,0.0,1.0,-0.018,0.045,0.021,1.71,8.4,6.29,47.8,Normal
2026-07-02 20:53:12.650,Bologna,Košice,None,0,59.6,60,1326.5,10,0.0,0.0,1.0,-0.091,0.037,0.001,1.71,8.41,6.29,47.8,Normal
2026-07-02 20:53:13.650,Bologna,Košice,None,0,59.6,80,1325.7,10,0.0,0.0,0.0,0.073,0.028,0.022,1.71,8.41,6.29,47.8,Normal
2026-07-02 20:53:22.663,Bologna,Košice,None,0,59.5,80,1320.3,10,0.0,0.0,0.0,0.067,-0.008,0.099,1.71,8.41,6.29,47.8,Normal
2026-07-02 20:53:23.653,Bologna,Košice,None,0,57.1,80,1262.7,10,0.0,0.0,-1.0,0.061,0.016,0.853,1.71,8.41,6.29,47.8,Normal
2026-07-02 20:53:24.654,Bologna,Košice,None,0,54.0,80,1194.6,10,0.0,0.0,-1.0,0.159,0.012,0.858,1.71,8.41,6.29,47.8,Normal
2026-07-02 20:53:25.667,Bologna,Košice,None,0,51.3,80,1134.9,10,0.0,0.0,-1.0,0.093,-0.012,0.57,1.71,8.41,6.29,47.8,Normal
2026-07-02 20:53:26.654,Bologna,Košice,None,0,49.9,80,1105.0,10,0.0,0.0,-1.0,-0.025,0.017,0.3,1.71,8.41,6.29,47.8,Normal
2026-07-02 20:53:27.655,Bologna,Košice,None,0,49.0,80,1087.0,10,0.11,0.0,-1.0,0.053,-0.01,0.194,1.71,8.41,6.29,47.8,Normal
2026-07-02 20:53:28.655,Bologna,Košice,None,0,48.7,80,1083.2,10,0.38,0.0,-1.0,-0.008,-0.017,-0.045,1.71,8.42,6.29,47.8,Normal
2026-07-02 20:53:29.655,Bologna,Košice,None,0,49.5,80,1101.2,10,0.46,0.0,-1.0,-0.052,-0.007,-0.278,1.71,8.42,6.29,47.8,Normal
2026-07-02 20:53:30.678,Bologna,Košice,None,0,50.7,80,1129.7,10,0.52,0.0,-1.0,0.027,0.002,-0.394,1.71,8.42,6.29,47.7,Normal
2026-07-02 20:53:31.656,Bologna,Košice,None,0,52.2,80,1162.0,10,0.51,0.0,-1.0,-0.086,0.013,-0.409,1.71,8.42,6.29,47.7,Normal
2026-07-02 20:53:32.682,Bologna,Košice,None,0,52.7,80,1167.8,10,0.0,0.0,0.0,-0.065,0.046,0.077,1.71,8.42,6.29,47.7,Normal
2026-07-02 20:53:33.656,Bologna,Košice,None,0,52.3,80,1160.4,10,0.0,0.0,1.0,-0.07,-0.0,0.074,1.71,8.42,6.29,47.7,Normal
2026-07-02 20:53:34.677,Bologna,Košice,None,0,52.2,80,1156.9,10,0.0,0.0,0.0,-0.019,0.018,0.022,1.71,8.42,6.29,47.7,Normal
2026-07-02 20:53:35.670,Bologna,Košice,None,0,52.1,80,1156.3,10,0.0,0.0,1.0,-0.015,0.028,-0.002,1.71,8.42,6.29,47.7,Normal
2026-07-02 20:53:36.682,Bologna,Košice,None,0,52.2,80,1157.3,10,0.0,0.0,0.0,0.015,0.013,-0.011,1.71,8.42,6.29,47.7,Normal
2026-07-02 20:53:37.657,Bologna,Košice,None,0,52.3,80,1159.3,10,0.0,0.0,0.0,0.039,-0.023,-0.014,1.71,8.42,6.29,47.7,Normal
2026-07-02 20:53:38.658,Bologna,Košice,None,0,51.9,80,1150.2,10,0.0,0.0,1.0,-0.04,0.05,0.193,1.71,8.42,6.29,47.7,Normal
2026-07-02 20:53:39.657,Bologna,Košice,None,0,51.1,60,1131.2,10,0.0,0.0,0.0,-0.016,0.004,0.255,1.71,8.43,6.29,47.7,Normal
2026-07-02 20:53:40.675,Bologna,Košice,None,0,50.0,60,1107.9,10,0.0,0.0,0.0,0.007,-0.035,0.312,1.71,8.43,6.29,47.7,Normal
2026-07-02 20:53:41.684,Bologna,Košice,None,0,48.5,60,1073.4,10,0.0,0.05,1.0,-0.006,-0.042,0.507,1.71,8.43,6.29,47.7,Normal
2026-07-02 20:53:42.661,Bologna,Košice,None,0,45.7,60,1009.5,10,0.0,0.09,0.0,0.012,0.005,0.932,1.71,8.43,6.29,47.7,Normal
2026-07-02 20:53:43.681,Bologna,Košice,None,0,42.0,60,908.7,10,0.0,0.12,0.0,0.009,-0.018,1.053,1.71,8.43,6.29,47.7,Normal
2026-07-02 20:53:44.660,Bologna,Košice,None,0,38.3,60,1091.2,9,0.0,0.13,0.0,0.001,0.029,1.075,1.71,8.43,6.29,47.7,Normal
2026-07-02 20:53:45.661,Bologna,Košice,None,0,35.3,60,1008.5,9,0.0,0.0,1.0,-0.048,0.041,0.501,1.71,8.43,6.29,47.7,Normal
2026-07-02 20:53:46.662,Bologna,Košice,None,0,33.8,60,964.6,9,0.0,0.0,0.0,0.017,0.004,0.418,1.71,8.43,6.29,47.7,Normal
2026-07-02 20:53:47.662,Bologna,Košice,None,0,33.2,30,954.6,9,0.55,0.0,0.0,0.001,-0.054,-0.252,1.71,8.43,6.29,47.7,Normal
2026-07-02 20:53:48.677,Bologna,Košice,None,0,35.1,30,1008.6,9,0.54,0.0,-1.0,-0.007,0.036,-0.573,1.71,8.43,6.29,47.7,Speeding
2026-07-02 20:53:49.677,Bologna,Košice,None,0,37.1,30,1067.7,9,0.52,0.0,-1.0,-0.002,-0.008,-0.573,1.71,8.43,6.29,47.7,Speeding
2026-07-02 20:53:50.663,Bologna,Košice,None,0,39.1,30,1121.5,9,0.0,0.0,-1.0,0.007,-0.001,-0.56,1.71,8.43,6.29,47.7,Speeding
2026-07-02 20:53:51.663,Bologna,Košice,None,0,39.3,80,1124.0,9,0.4,0.0,-1.0,-0.031,0.024,0.136,1.71,8.43,6.29,47.7,Normal
2026-07-02 20:53:52.685,Bologna,Košice,None,0,40.6,80,1169.6,9,0.84,0.0,1.0,0.007,-0.038,-0.697,1.71,8.43,6.29,47.6,Normal
2026-07-02 20:53:53.663,Bologna,Košice,None,0,43.5,80,1253.8,9,0.88,0.0,0.0,0.012,0.033,-0.884,1.71,8.44,6.29,47.6,Normal
2026-07-02 20:53:54.677,Bologna,Košice,None,0,46.6,80,1341.4,9,0.77,0.0,0.0,-0.004,-0.014,-0.803,1.71,8.44,6.29,47.6,Normal
2026-07-02 20:53:55.665,Bologna,Košice,None,0,49.2,80,1406.0,9,0.7,0.0,0.0,-0.005,0.005,-0.634,1.71,8.44,6.29,47.6,Normal
2026-07-02 20:53:56.682,Bologna,Košice,None,0,49.5,80,1098.2,10,0.63,0.0,0.0,-0.005,0.066,0.049,1.71,8.44,6.29,47.6,Normal
2026-07-02 20:53:57.676,Bologna,Košice,None,0,50.4,80,1122.9,10,0.62,0.0,0.0,-0.001,-0.024,-0.44,1.71,8.44,6.29,47.5,Normal
2026-07-02 20:53:58.681,Bologna,Košice,None,0,52.1,80,1160.8,10,0.64,0.0,-1.0,-0.001,-0.004,-0.48,1.71,8.44,6.29,47.5,Normal
2026-07-02 20:53:59.692,Bologna,Košice,None,0,53.9,80,1200.3,10,0.65,0.0,-1.0,0.043,-0.042,-0.499,1.71,8.44,6.29,47.5,Normal
2026-07-02 20:54:00.667,Bologna,Košice,None,0,55.2,80,1224.8,10,0.0,0.0,-1.0,0.059,0.061,-0.096,1.71,8.45,6.29,47.5,Normal
2026-07-02 20:54:01.680,Bologna,Košice,None,0,55.0,80,1219.5,10,0.0,0.0,-1.0,-0.018,-0.005,0.039,1.71,8.45,6.29,47.5,Normal
2026-07-02 20:54:02.668,Bologna,Košice,None,0,54.8,80,1214.7,10,0.0,0.0,-1.0,-0.003,-0.048,0.042,1.71,8.45,6.29,47.5,Normal
2026-07-02 20:54:03.669,Bologna,Košice,None,0,55.0,80,1219.7,10,0.0,0.0,-1.0,0.01,-0.017,-0.125,1.71,8.45,6.29,47.5,Normal
2026-07-02 20:54:04.669,Bologna,Košice,None,0,55.7,80,1234.6,10,0.0,0.0,-1.0,0.025,-0.019,-0.238,1.71,8.45,6.29,47.5,Normal
2026-07-02 20:54:05.670,Bologna,Košice,None,0,56.9,80,1262.4,10,0.0,0.0,-1.0,0.198,-0.026,-0.372,1.71,8.45,6.29,47.5,Normal
2026-07-02 20:54:06.669,Bologna,Košice,None,0,58.0,80,1285.0,10,0.0,0.0,-1.0,-0.03,0.004,-0.228,1.71,8.45,6.29,47.5,Normal
2026-07-02 20:54:07.689,Bologna,Košice,None,0,58.4,80,1293.8,10,0.0,0.0,-1.0,-0.001,0.065,-0.037,1.71,8.45,6.29,47.5,Normal
2026-07-02 20:54:08.670,Bologna,Košice,None,0,58.1,60,1288.8,10,0.0,0.0,-1.0,-0.057,-0.04,0.136,1.71,8.45,6.29,47.5,Normal
2026-07-02 20:54:09.671,Bologna,Košice,None,0,56.5,60,1249.3,10,0.0,0.03,1.0,-0.253,0.041,0.794,1.71,8.45,6.29,47.5,Normal
2026-07-02 20:54:10.672,Bologna,Košice,None,0,54.4,60,1205.6,10,0.0,0.0,1.0,0.024,-0.004,0.426,1.71,8.46,6.29,47.5,Normal
2026-07-02 20:54:11.671,Bologna,Košice,None,0,53.3,60,1183.9,10,0.54,0.0,1.0,-0.057,0.011,0.091,1.71,8.46,6.29,47.5,Normal
2026-07-02 20:54:12.671,Bologna,Košice,None,0,54.5,60,1214.2,10,0.49,0.0,1.0,-0.039,-0.036,-0.468,1.71,8.46,6.29,47.5,Normal
2026-07-02 20:54:13.672,Bologna,Košice,None,0,56.2,60,1249.1,10,0.32,0.0,1.0,-0.045,0.018,-0.386,1.71,8.46,6.29,47.4,Normal
2026-07-02 20:54:14.672,Bologna,Košice,None,0,56.7,60,1255.8,10,0.0,0.0,1.0,-0.166,0.002,0.024,1.71,8.46,6.29,47.4,Normal
2026-07-02 20:54:15.694,Bologna,Košice,None,0,56.7,60,1259.6,10,0.31,0.0,1.0,-0.028,-0.015,-0.128,1.71,8.46,6.29,47.4,Normal
2026-07-02 20:54:16.684,Bologna,Košice,None,0,57.2,60,1271.8,10,0.33,0.0,1.0,0.077,-0.042,-0.131,1.71,8.46,6.29,47.4,Normal
2026-07-02 20:54:17.692,Bologna,Košice,None,0,57.6,60,1279.3,10,0.35,0.0,1.0,-0.023,0.035,-0.074,1.71,8.46,6.29,47.4,Normal
2026-07-02 20:54:18.688,Bologna,Košice,None,0,57.7,60,1283.8,10,0.38,0.0,1.0,-0.012,-0.002,-0.034,1.71,8.46,6.29,47.4,Normal
2026-07-02 20:54:19.674,Bologna,Košice,None,0,57.7,60,1282.8,10,0.43,0.0,1.0,0.118,-0.025,0.05,1.71,8.46,6.29,47.4,Normal
2026-07-02 20:54:20.692,Bologna,Košice,None,0,57.6,60,1281.7,10,0.49,0.0,-1.0,0.139,-0.029,0.011,1.71,8.46,6.29,47.4,Normal
2026-07-02 20:54:21.692,Bologna,Košice,None,0,57.1,60,1269.0,10,0.48,0.0,-1.0,0.423,0.008,0.232,1.71,8.47,6.29,47.3,Harsh Cornering
2026-07-02 20:54:22.684,Bologna,Košice,None,0,56.0,60,1244.8,10,0.48,0.0,-1.0,0.064,-0.006,0.344,1.71,8.47,6.29,47.3,Normal
2026-07-02 20:54:23.693,Bologna,Košice,None,0,55.0,60,1225.1,10,0.76,0.0,-1.0,-0.013,0.006,0.187,1.71,8.47,6.29,47.3,Normal
2026-07-02 20:54:24.676,Bologna,Košice,None,0,54.9,60,1221.5,10,0.7,0.0,-1.0,0.073,-0.009,-0.019,1.71,8.47,6.29,47.3,Normal
2026-07-02 20:54:25.697,Bologna,Košice,None,0,55.6,60,1239.2,10,0.77,0.0,-1.0,-0.05,0.016,-0.363,1.71,8.47,6.29,47.3,Normal
2026-07-02 20:54:26.678,Bologna,Košice,None,0,57.5,80,1282.0,10,0.74,0.0,-1.0,0.032,0.013,-0.587,1.71,8.47,6.29,47.2,Normal
2026-07-02 20:54:27.677,Bologna,Košice,None,0,59.5,80,1325.3,10,0.72,0.0,-1.0,0.024,0.014,-0.551,1.71,8.48,6.29,47.2,Normal
2026-07-02 20:54:28.699,Bologna,Košice,None,0,61.4,80,1368.5,10,0.74,0.0,1.0,-0.124,0.003,-0.517,1.71,8.48,6.29,47.2,Normal
2026-07-02 20:54:29.678,Bologna,Košice,None,0,63.3,80,1398.9,10,0.72,0.0,1.0,-0.056,-0.049,-0.448,1.71,8.48,6.29,47.2,Normal
2026-07-02 20:54:30.678,Bologna,Košice,None,0,63.4,80,1136.0,11,0.69,0.0,0.0,-0.023,-0.006,0.069,1.71,8.48,6.29,47.2,Normal
2026-07-02 20:54:31.691,Bologna,Košice,None,0,64.2,80,1152.4,11,0.61,0.0,0.0,0.019,-0.062,-0.329,1.71,8.48,6.29,47.1,Normal
2026-07-02 20:54:32.698,Bologna,Košice,None,0,65.4,80,1175.0,11,0.66,0.0,0.0,-0.028,-0.013,-0.367,1.71,8.48,6.29,47.1,Normal
2026-07-02 20:54:33.680,Bologna,Košice,None,0,66.9,80,1201.0,11,0.72,0.0,0.0,0.003,-0.045,-0.436,1.71,8.48,6.29,47.1,Normal
2026-07-02 20:54:34.690,Bologna,Košice,None,0,68.3,80,1226.8,11,0.63,0.0,-1.0,0.031,-0.036,-0.396,1.71,8.48,6.29,47.1,Normal
2026-07-02 20:54:35.680,Bologna,Košice,None,0,69.6,80,1249.4,11,0.6,0.0,-1.0,0.12,0.015,-0.348,1.71,8.48,6.29,47.0,Normal
2026-07-02 20:54:36.692,Bologna,Košice,None,0,70.8,80,1271.8,11,0.59,0.0,-1.0,0.05,0.01,-0.342,1.71,8.49,6.29,47.0,Normal
2026-07-02 20:54:37.705,Bologna,Košice,None,0,72.2,80,1296.6,11,0.6,0.0,-1.0,-0.008,-0.006,-0.397,1.71,8.49,6.29,47.0,Normal
2026-07-02 20:54:38.681,Bologna,Košice,None,0,73.7,80,1323.4,11,0.6,0.0,-1.0,-0.032,-0.026,-0.438,1.71,8.49,6.29,47.0,Normal
2026-07-02 20:54:39.693,Bologna,Košice,None,0,75.4,80,1353.0,11,0.61,0.0,-1.0,-0.039,-0.025,-0.463,1.71,8.49,6.29,47.0,Normal
2026-07-02 20:54:40.703,Bologna,Košice,None,0,76.6,80,1165.0,11,0.62,0.0,-1.0,0.01,0.045,-0.122,1.71,8.49,6.29,46.9,Normal
2026-07-02 20:54:41.695,Bologna,Košice,None,0,76.9,80,1069.7,12,0.62,0.0,-1.0,0.007,-0.001,-0.184,1.72,8.49,6.29,46.9,Normal
2026-07-02 20:54:42.681,Bologna,Košice,None,0,78.0,80,1086.3,12,0.7,0.0,0.0,-0.054,-0.062,-0.37,1.72,8.49,6.29,46.9,Normal
2026-07-02 20:54:43.694,Bologna,Košice,None,0,79.2,80,1103.6,12,0.75,0.0,1.0,-0.04,-0.051,-0.33,1.72,8.49,6.29,46.9,Normal
2026-07-02 20:54:44.706,Bologna,Košice,None,0,80.3,80,1114.3,12,0.0,0.0,0.0,0.004,0.022,-0.242,1.72,8.5,6.29,46.9,Normal
2026-07-02 20:54:45.683,Bologna,Košice,None,0,80.2,80,1112.7,12,0.0,0.0,1.0,-0.005,0.054,0.082,1.72,8.5,6.29,46.9,Normal
2026-07-02 20:54:46.683,Bologna,Košice,None,0,80.1,80,1112.9,12,0.0,0.0,-1.0,-0.029,0.067,-0.039,1.72,8.5,6.29,46.9,Normal
2026-07-02 20:54:47.699,Bologna,Košice,None,0,80.3,80,1114.7,12,0.0,0.0,0.0,-0.058,0.11,-0.034,1.72,8.5,6.29,46.9,Normal
2026-07-02 20:54:48.683,Bologna,Košice,None,0,80.3,80,1115.3,12,0.0,0.0,0.0,-0.0,-0.029,-0.009,1.72,8.51,6.29,46.9,Normal
2026-07-02 20:54:49.684,Bologna,Košice,None,0,80.3,80,1115.2,12,0.0,0.0,0.0,-0.002,0.053,0.007,1.72,8.51,6.29,46.8,Normal
2026-07-02 20:54:50.684,Bologna,Košice,None,0,80.3,80,1114.8,12,0.0,0.0,1.0,0.009,-0.052,0.008,1.72,8.51,6.29,46.8,Normal
2026-07-02 20:54:51.685,Bologna,Košice,None,0,80.3,80,1115.0,12,0.0,0.0,1.0,-0.023,0.041,-0.007,1.72,8.51,6.29,46.8,Normal
2026-07-02 20:54:52.709,Bologna,Košice,None,0,80.3,80,1114.5,12,0.0,0.0,0.0,0.028,-0.023,0.01,1.72,8.51,6.29,46.8,Normal
2026-07-02 20:54:53.684,Bologna,Košice,None,0,80.3,80,1114.4,12,0.0,0.0,0.0,0.018,-0.059,-0.002,1.72,8.51,6.29,46.8,Normal
2026-07-02 20:54:54.685,Bologna,Košice,None,0,80.3,80,1115.1,12,0.0,0.0,0.0,0.049,-0.021,0.001,1.72,8.51,6.29,46.8,Normal
2026-07-02 20:54:55.709,Bologna,Košice,None,0,80.3,80,1115.2,12,0.0,0.0,0.0,0.018,0.013,-0.003,1.72,8.52,6.29,46.8,Normal
2026-07-02 20:54:56.695,Bologna,Košice,None,0,80.3,80,1115.2,12,0.0,0.0,0.0,0.018,0.02,-0.007,1.72,8.52,6.29,46.8,Normal
2026-07-02 20:54:57.686,Bologna,Košice,None,0,80.3,80,1115.1,12,0.0,0.0,1.0,-0.059,0.028,0.008,1.72,8.52,6.29,46.8,Normal
2026-07-02 20:54:58.710,Bologna,Košice,None,0,80.3,80,1115.2,12,0.0,0.0,1.0,-0.013,0.021,0.006,1.72,8.52,6.29,46.8,Normal
2026-07-02 20:54:59.687,Bologna,Košice,None,0,80.3,80,1115.2,12,0.0,0.0,1.0,-0.074,-0.062,0.005,1.72,8.52,6.29,46.8,Normal
2026-07-02 20:55:00.687,Bologna,Košice,None,0,80.3,80,1115.2,12,0.0,0.0,1.0,0.02,0.017,-0.002,1.72,8.52,6.29,46.8,Normal
2026-07-02 20:55:01.712,Bologna,Košice,None,0,80.3,80,1115.3,12,0.0,0.0,1.0,-0.039,0.03,-0.007,1.72,8.52,6.29,46.8,Normal
2026-07-02 20:55:02.707,Bologna,Košice,None,0,80.3,80,1115.5,12,0.0,0.0,0.0,0.004,0.04,-0.006,1.72,8.52,6.29,46.7,Normal
2026-07-02 20:55:03.690,Bologna,Košice,None,0,80.3,80,1115.3,12,0.0,0.0,-1.0,0.059,0.014,-0.004,1.72,8.53,6.29,46.7,Normal
2026-07-02 20:55:04.690,Bologna,Košice,None,0,80.3,80,1115.2,12,0.0,0.0,0.0,-0.015,-0.067,0.004,1.72,8.53,6.29,46.7,Normal
2026-07-02 20:55:05.690,Bologna,Košice,None,0,80.3,80,1115.4,12,0.0,0.0,0.0,0.024,0.009,-0.007,1.72,8.53,6.29,46.7,Normal
2026-07-02 20:55:06.691,Bologna,Košice,None,0,80.3,80,1115.2,12,0.0,0.0,0.0,-0.044,0.116,-0.009,1.72,8.53,6.29,46.7,Normal
2026-07-02 20:55:07.691,Bologna,Košice,None,0,80.3,80,1114.9,12,0.0,0.0,1.0,-0.018,0.064,0.003,1.72,8.54,6.29,46.7,Normal
2026-07-02 20:55:08.691,Bologna,Košice,None,0,80.3,80,1115.3,12,0.0,0.0,1.0,-0.026,-0.065,0.005,1.72,8.54,6.29,46.7,Normal
2026-07-02 20:55:09.691,Bologna,Košice,None,0,80.3,80,1115.3,12,0.0,0.0,0.0,0.012,0.035,0.001,1.72,8.54,6.29,46.7,Normal
2026-07-02 20:55:10.703,Bologna,Košice,None,0,80.3,80,1115.3,12,0.0,0.0,1.0,0.034,-0.046,-0.002,1.72,8.54,6.29,46.7,Normal
2026-07-02 20:55:11.692,Bologna,Košice,None,0,80.3,80,1115.3,12,0.0,0.0,1.0,-0.025,-0.121,0.004,1.72,8.54,6.29,46.7,Normal
2026-07-02 20:55:12.715,Bologna,Košice,None,0,80.3,80,1115.2,12,0.0,0.0,1.0,-0.116,0.023,-0.0,1.72,8.54,6.29,46.7,Normal
2026-07-02 20:55:13.692,Bologna,Košice,None,0,80.3,80,1115.3,12,0.0,0.0,1.0,0.03,-0.026,0.0,1.72,8.54,6.29,46.7,Normal
2026-07-02 20:55:14.704,Bologna,Košice,None,0,80.3,80,1114.8,12,0.0,0.0,0.0,0.03,-0.047,0.025,1.72,8.55,6.29,46.6,Normal
2026-07-02 20:55:15.694,Bologna,Košice,None,0,80.3,80,1115.4,12,0.0,0.0,0.0,-0.001,0.021,-0.006,1.72,8.55,6.29,46.6,Normal
2026-07-02 20:55:16.694,Bologna,Košice,None,0,80.3,80,1115.2,12,0.0,0.0,1.0,0.0,0.015,0.011,1.72,8.55,6.29,46.6,Normal
2026-07-02 20:55:17.718,Bologna,Košice,None,0,80.3,80,1115.2,12,0.0,0.0,-1.0,0.054,0.015,0.001,1.72,8.55,6.29,46.6,Normal
2026-07-02 20:55:18.712,Bologna,Košice,None,0,80.3,80,1115.2,12,0.0,0.0,1.0,-0.044,-0.004,0.005,1.72,8.55,6.29,46.6,Normal
2026-07-02 20:55:19.695,Bologna,Košice,None,0,80.3,80,1115.2,12,0.0,0.0,1.0,-0.005,0.087,-0.009,1.72,8.55,6.29,46.6,Normal
2026-07-02 20:55:20.714,Bologna,Košice,None,0,80.3,80,1115.3,12,0.0,0.0,0.0,0.048,-0.031,-0.006,1.72,8.55,6.29,46.6,Normal
2026-07-02 20:55:21.708,Bologna,Košice,None,0,80.3,80,1115.2,12,0.0,0.0,1.0,0.017,0.005,-0.018,1.72,8.56,6.29,46.6,Normal
2026-07-02 20:55:22.718,Bologna,Košice,None,0,80.3,80,1115.1,12,0.0,0.0,1.0,-0.048,-0.057,0.017,1.72,8.56,6.29,46.6,Normal
2026-07-02 20:55:23.696,Bologna,Košice,None,0,80.3,80,1115.3,12,0.0,0.0,-1.0,0.08,-0.008,-0.007,1.72,8.56,6.29,46.6,Normal
2026-07-02 20:55:24.698,Bologna,Košice,None,0,80.3,80,1115.4,12,0.0,0.0,1.0,-0.04,-0.043,-0.013,1.72,8.56,6.29,46.6,Normal
2026-07-02 20:55:25.698,Bologna,Košice,None,0,80.4,80,1116.0,12,0.0,0.0,1.0,-0.117,-0.036,-0.012,1.72,8.56,6.29,46.6,Normal
2026-07-02 20:55:26.698,Bologna,Košice,None,0,80.4,80,1115.7,12,0.0,0.0,1.0,0.014,-0.045,0.008,1.72,8.57,6.29,46.6,Normal
2026-07-02 20:55:27.698,Bologna,Košice,None,0,80.4,80,1115.0,12,0.0,0.0,1.0,-0.132,0.017,0.016,1.72,8.57,6.29,46.6,Normal
2026-07-02 20:55:28.698,Bologna,Košice,None,0,80.3,80,1114.9,12,0.0,0.0,1.0,-0.052,-0.017,0.01,1.72,8.57,6.29,46.6,Normal
2026-07-02 20:55:29.698,Bologna,Košice,None,0,80.3,80,1114.4,12,0.0,0.0,1.0,0.022,-0.046,0.014,1.72,8.57,6.29,46.5,Normal
2026-07-02 20:55:30.700,Bologna,Košice,None,0,80.3,80,1114.3,12,0.0,0.0,1.0,0.047,0.001,0.01,1.72,8.57,6.29,46.5,Normal
2026-07-02 20:55:31.723,Bologna,Košice,None,0,80.2,80,1114.1,12,0.0,0.0,0.0,0.083,-0.068,0.012,1.72,8.57,6.29,46.5,Normal
2026-07-02 20:55:32.716,Bologna,Košice,None,0,80.3,80,1114.7,12,0.0,0.0,1.0,-0.0,-0.026,-0.018,1.72,8.57,6.29,46.5,Normal
2026-07-02 20:55:33.699,Bologna,Košice,None,0,80.3,80,1115.0,12,0.0,0.0,0.0,0.038,-0.002,-0.009,1.72,8.58,6.29,46.5,Normal
2026-07-02 20:55:34.699,Bologna,Košice,None,0,80.3,80,1115.1,12,0.0,0.0,-1.0,0.081,0.003,-0.003,1.72,8.58,6.29,46.5,Normal
2026-07-02 20:55:35.699,Bologna,Košice,None,0,80.3,80,1115.3,12,0.0,0.0,1.0,-0.044,0.058,-0.018,1.72,8.58,6.29,46.5,Normal
2026-07-02 20:55:36.699,Bologna,Košice,None,0,80.3,80,1115.1,12,0.0,0.0,1.0,-0.043,0.068,-0.012,1.73,8.58,6.3,46.5,Normal
2026-07-02 20:55:37.700,Bologna,Košice,None,0,80.3,80,1115.1,12,0.0,0.0,-1.0,0.09,-0.013,0.005,1.73,8.58,6.3,46.5,Normal
2026-07-02 20:55:38.718,Bologna,Košice,None,0,80.3,80,1115.2,12,0.0,0.0,1.0,0.011,-0.068,0.008,1.73,8.58,6.3,46.5,Normal
2026-07-02 20:55:39.712,Bologna,Košice,None,0,80.3,80,1115.0,12,0.0,0.0,1.0,-0.011,-0.025,0.018,1.73,8.58,6.3,46.5,Normal
2026-07-02 20:55:40.700,Bologna,Košice,None,0,80.3,80,1115.1,12,0.0,0.0,1.0,0.025,0.041,0.007,1.73,8.59,6.3,46.5,Normal
2026-07-02 20:55:41.718,Bologna,Košice,None,0,80.3,80,1115.1,12,0.0,0.0,1.0,-0.002,0.014,-0.01,1.73,8.59,6.3,46.5,Normal
2026-07-02 20:55:42.712,Bologna,Košice,None,0,80.3,80,1115.2,12,0.0,0.0,0.0,0.026,-0.014,0.002,1.73,8.59,6.3,46.4,Normal
2026-07-02 20:55:43.701,Bologna,Košice,None,0,80.3,80,1115.4,12,0.0,0.0,1.0,-0.003,0.017,-0.013,1.73,8.59,6.3,46.4,Normal
2026-07-02 20:55:44.713,Bologna,Košice,None,0,80.3,80,1115.1,12,0.0,0.0,1.0,-0.12,-0.058,0.007,1.73,8.59,6.3,46.4,Normal
2026-07-02 20:55:45.702,Bologna,Košice,None,0,80.3,80,1115.2,12,0.0,0.0,1.0,-0.001,-0.006,0.008,1.73,8.6,6.3,46.4,Normal
2026-07-02 20:55:46.719,Bologna,Košice,None,0,80.3,80,1115.2,12,0.0,0.0,1.0,-0.048,0.048,-0.003,1.73,8.6,6.3,46.4,Normal
2026-07-02 20:55:47.703,Bologna,Košice,None,0,80.3,80,1115.2,12,0.0,0.0,0.0,0.037,-0.043,0.005,1.73,8.6,6.3,46.4,Normal
2026-07-02 20:55:48.704,Bologna,Košice,None,0,80.3,80,1115.2,12,0.0,0.0,1.0,0.008,0.016,0.001,1.73,8.6,6.3,46.4,Normal
2026-07-02 20:55:49.721,Bologna,Košice,None,0,80.3,80,1115.3,12,0.0,0.0,0.0,0.03,0.045,-0.012,1.73,8.6,6.3,46.4,Normal
2026-07-02 20:55:50.704,Bologna,Košice,None,0,80.3,80,1115.4,12,0.0,0.0,0.0,-0.032,0.068,-0.016,1.73,8.6,6.3,46.4,Normal
2026-07-02 20:55:51.705,Bologna,Košice,None,0,80.3,80,1115.3,12,0.0,0.0,1.0,0.003,0.029,0.001,1.73,8.6,6.3,46.4,Normal
2026-07-02 20:55:52.705,Bologna,Košice,None,0,80.3,80,1115.0,12,0.0,0.0,0.0,-0.035,-0.032,0.01,1.73,8.61,6.3,46.4,Normal
2026-07-02 20:55:53.705,Bologna,Košice,None,0,80.3,80,1115.2,12,0.0,0.0,0.0,-0.023,-0.034,0.007,1.73,8.61,6.3,46.4,Normal
2026-07-02 20:55:54.706,Bologna,Košice,None,0,80.3,80,1115.2,12,0.0,0.0,0.0,-0.021,0.037,-0.004,1.73,8.61,6.3,46.4,Normal
2026-07-02 20:55:55.707,Bologna,Košice,None,0,80.3,80,1115.0,12,0.0,0.0,-1.0,-0.016,0.039,0.003,1.73,8.61,6.3,46.3,Normal
2026-07-02 20:55:56.707,Bologna,Košice,None,0,80.3,80,1115.1,12,0.0,0.0,-1.0,0.068,0.019,0.004,1.73,8.61,6.3,46.3,Normal
2026-07-02 20:55:57.719,Bologna,Košice,None,0,80.4,80,1116.0,12,0.0,0.0,-1.0,-0.076,0.032,-0.04,1.73,8.61,6.3,46.3,Normal
2026-07-02 20:55:58.728,Bologna,Košice,None,0,80.4,80,1115.9,12,0.0,0.0,-1.0,-0.027,0.012,0.011,1.73,8.61,6.3,46.3,Normal
2026-07-02 20:55:59.721,Bologna,Košice,None,0,80.4,80,1115.5,12,0.0,0.0,-1.0,0.072,0.041,-0.024,1.73,8.62,6.3,46.3,Normal
2026-07-02 20:56:00.708,Bologna,Košice,None,0,80.4,80,1115.9,12,0.0,0.0,-1.0,-0.002,-0.028,-0.022,1.73,8.62,6.3,46.3,Normal
2026-07-02 20:56:01.723,Bologna,Košice,None,0,80.5,80,1116.3,12,0.0,0.0,-1.0,0.04,-0.002,-0.026,1.73,8.62,6.3,46.3,Normal
2026-07-02 20:56:02.710,Bologna,Košice,None,0,80.6,80,1118.0,12,0.0,0.0,-1.0,-0.028,0.059,-0.055,1.73,8.62,6.3,46.3,Normal
2026-07-02 20:56:03.709,Bologna,Košice,None,0,80.8,80,1121.1,12,0.0,0.0,-1.0,0.006,0.073,-0.076,1.73,8.62,6.3,46.3,Normal
2026-07-02 20:56:04.732,Bologna,Košice,None,0,81.1,80,1125.2,12,0.0,0.0,-1.0,0.01,0.009,-0.082,1.73,8.63,6.3,46.3,Normal
2026-07-02 20:56:05.710,Bologna,Košice,None,0,81.4,80,1128.7,12,0.0,0.0,-1.0,-0.035,-0.069,-0.063,1.73,8.63,6.3,46.3,Normal
2026-07-02 20:56:06.726,Bologna,Košice,None,0,81.5,80,1130.6,12,0.0,0.0,-1.0,0.034,0.096,-0.017,1.73,8.63,6.3,46.3,Normal
2026-07-02 20:56:07.725,Bologna,Košice,None,0,81.4,80,1129.1,12,0.0,0.0,-1.0,0.028,-0.028,0.06,1.73,8.63,6.3,46.3,Normal
2026-07-02 20:56:08.736,Bologna,Košice,None,0,81.2,80,1126.0,12,0.0,0.0,-1.0,-0.033,-0.025,0.089,1.73,8.63,6.3,46.3,Normal
2026-07-02 20:56:09.711,Bologna,Košice,None,0,80.9,80,1121.7,12,0.0,0.0,-1.0,0.022,-0.039,0.1,1.73,8.63,6.3,46.3,Normal
2026-07-02 20:56:10.728,Bologna,Košice,None,0,80.6,80,1118.3,12,0.0,0.0,-1.0,-0.028,-0.015,0.056,1.73,8.63,6.3,46.3,Normal
2026-07-02 20:56:11.712,Bologna,Košice,None,0,80.5,80,1116.7,12,0.0,0.0,-1.0,0.037,-0.02,0.023,1.73,8.64,6.3,46.3,Normal
2026-07-02 20:56:12.712,Bologna,Košice,None,0,80.5,80,1116.0,12,0.0,0.0,-1.0,0.014,-0.158,0.017,1.73,8.64,6.3,46.3,Normal
2026-07-02 20:56:13.735,Bologna,Košice,None,0,80.5,80,1116.7,12,0.0,0.0,-1.0,-0.056,0.064,-0.039,1.73,8.64,6.3,46.3,Normal
2026-07-02 20:56:14.730,Bologna,Košice,None,0,80.7,80,1119.3,12,0.0,0.0,-1.0,0.022,-0.03,-0.044,1.73,8.64,6.3,46.3,Normal
2026-07-02 20:56:15.713,Bologna,Košice,None,0,80.8,80,1120.6,12,0.0,0.0,-1.0,0.034,0.003,-0.025,1.73,8.64,6.3,46.3,Normal
2026-07-02 20:56:16.714,Bologna,Košice,None,0,80.9,80,1121.7,12,0.0,0.0,-1.0,-0.015,-0.052,-0.013,1.73,8.64,6.3,46.3,Normal
2026-07-02 20:56:17.713,Bologna,Košice,None,0,80.9,80,1122.7,12,0.0,0.0,-1.0,-0.016,0.102,-0.039,1.73,8.64,6.3,46.3,Normal
2026-07-02 20:56:18.724,Bologna,Košice,None,0,81.0,80,1123.1,12,0.0,0.0,-1.0,0.088,-0.102,0.003,1.73,8.65,6.3,46.3,Normal
2026-07-02 20:56:19.734,Bologna,Košice,None,0,81.1,80,1124.6,12,0.0,0.0,-1.0,-0.057,-0.006,-0.037,1.73,8.65,6.3,46.3,Normal
2026-07-02 20:56:20.739,Bologna,Košice,None,0,81.2,80,1126.7,12,0.0,0.0,-1.0,-0.054,0.002,-0.022,1.73,8.65,6.3,46.3,Normal
2026-07-02 20:56:21.715,Bologna,Košice,None,0,81.1,80,1124.9,12,0.0,0.0,-1.0,0.002,-0.066,0.071,1.73,8.65,6.3,46.3,Normal
2026-07-02 20:56:22.715,Bologna,Košice,None,0,80.9,80,1121.5,12,0.0,0.0,-1.0,0.041,0.046,0.04,1.73,8.65,6.3,46.3,Normal
2026-07-02 20:56:23.716,Bologna,Košice,None,0,80.8,80,1120.4,12,0.0,0.0,0.0,-0.061,-0.009,0.014,1.73,8.66,6.3,46.3,Normal
2026-07-02 20:56:24.719,Bologna,Košice,None,0,80.8,80,1120.4,12,0.0,0.0,-1.0,-0.057,-0.071,-0.005,1.73,8.66,6.3,46.3,Normal
2026-07-02 20:56:25.718,Bologna,Košice,None,0,80.8,80,1121.3,12,0.0,0.0,0.0,-0.055,-0.02,-0.009,1.73,8.66,6.3,46.3,Normal
2026-07-02 20:56:26.717,Bologna,Košice,None,0,80.9,80,1122.1,12,0.0,0.0,-1.0,0.019,0.113,-0.027,1.73,8.66,6.3,46.3,Normal
2026-07-02 20:56:27.737,Bologna,Košice,None,0,80.9,80,1122.2,12,0.0,0.0,-1.0,0.033,0.061,-0.005,1.73,8.66,6.3,46.3,Normal
2026-07-02 20:56:28.718,Bologna,Košice,None,0,80.8,80,1120.9,12,0.0,0.0,0.0,-0.042,0.001,0.042,1.73,8.66,6.3,46.3,Normal
2026-07-02 20:56:29.730,Bologna,Košice,None,0,80.6,80,1117.5,12,0.0,0.0,-1.0,-0.01,0.001,0.078,1.73,8.66,6.3,46.3,Normal
2026-07-02 20:56:30.719,Bologna,Košice,None,0,80.5,80,1116.9,12,0.0,0.0,0.0,-0.033,0.041,-0.013,1.73,8.67,6.3,46.3,Normal
2026-07-02 20:56:31.719,Bologna,Košice,None,0,80.6,80,1117.5,12,0.0,0.0,0.0,0.024,-0.028,-0.023,1.73,8.67,6.3,46.3,Normal
2026-07-02 20:56:32.720,Bologna,Košice,None,0,80.7,80,1119.7,12,0.0,0.0,-1.0,0.081,0.064,-0.043,1.74,8.67,6.3,46.3,Normal
2026-07-02 20:56:33.720,Bologna,Košice,None,0,81.0,80,1124.0,12,0.0,0.0,-1.0,0.02,-0.066,-0.078,1.74,8.67,6.3,46.3,Normal
2026-07-02 20:56:34.720,Bologna,Košice,None,0,81.4,80,1128.9,12,0.0,0.0,0.0,-0.022,-0.003,-0.085,1.74,8.67,6.3,46.3,Normal
2026-07-02 20:56:35.721,Bologna,Košice,None,0,81.7,80,1133.5,12,0.0,0.0,0.0,-0.054,-0.02,-0.082,1.74,8.67,6.3,46.3,Normal
2026-07-02 20:56:36.721,Bologna,Košice,None,0,82.0,80,1136.9,12,0.0,0.0,0.0,-0.023,-0.021,-0.056,1.74,8.67,6.3,46.3,Normal
2026-07-02 20:56:37.745,Bologna,Košice,None,0,81.9,80,1136.3,12,0.0,0.0,0.0,0.069,-0.053,-0.012,1.74,8.68,6.3,46.3,Normal
2026-07-02 20:56:38.737,Bologna,Košice,None,0,81.8,80,1135.2,12,0.0,0.0,0.0,-0.02,-0.011,0.035,1.74,8.68,6.3,46.3,Normal
2026-07-02 20:56:39.722,Bologna,Košice,None,0,81.5,80,1130.7,12,0.0,0.0,-1.0,0.045,-0.002,0.123,1.74,8.68,6.3,46.3,Normal
2026-07-02 20:56:40.722,Bologna,Košice,None,0,81.0,80,1123.5,12,0.0,0.0,-1.0,0.018,-0.02,0.149,1.74,8.68,6.3,46.3,Normal
2026-07-02 20:56:41.745,Bologna,Košice,None,0,80.6,80,1119.4,12,0.0,0.0,1.0,-0.109,0.047,0.066,1.74,8.68,6.3,46.3,Normal
2026-07-02 20:56:42.740,Bologna,Košice,None,0,80.5,80,1117.3,12,0.0,0.0,0.0,0.038,0.125,0.015,1.74,8.69,6.3,46.3,Normal
2026-07-02 20:56:43.722,Bologna,Košice,None,0,80.4,80,1116.6,12,0.0,0.0,-1.0,0.002,-0.013,0.005,1.74,8.69,6.3,46.3,Normal
2026-07-02 20:56:44.723,Bologna,Košice,None,0,80.4,80,1115.9,12,0.0,0.0,0.0,-0.004,0.051,0.0,1.74,8.69,6.3,46.3,Normal
2026-07-02 20:56:45.723,Bologna,Košice,None,0,80.3,80,1115.6,12,0.0,0.0,0.0,-0.003,-0.074,0.018,1.74,8.69,6.3,46.3,Normal
2026-07-02 20:56:46.723,Bologna,Košice,None,0,80.0,80,1110.0,12,0.0,0.0,0.0,-0.015,-0.014,0.145,1.74,8.69,6.3,46.3,Normal
2026-07-02 20:56:47.743,Bologna,Košice,None,0,79.5,80,1102.0,12,0.0,0.0,1.0,-0.004,-0.043,0.156,1.74,8.69,6.3,46.3,Normal
2026-07-02 20:56:48.725,Bologna,Košice,None,0,78.9,80,1093.9,12,0.0,0.0,0.0,0.026,0.052,0.159,1.74,8.69,6.3,46.3,Normal
2026-07-02 20:56:49.748,Bologna,Košice,None,0,78.3,80,1086.1,12,0.0,0.0,0.0,-0.024,0.034,0.145,1.74,8.7,6.3,46.3,Normal
2026-07-02 20:56:50.726,Bologna,Košice,None,0,77.7,80,1078.1,12,0.0,0.0,-1.0,0.02,0.1,0.156,1.74,8.7,6.3,46.3,Normal
2026-07-02 20:56:51.748,Bologna,Košice,None,0,77.2,80,1070.0,12,0.0,0.0,-1.0,0.038,0.007,0.164,1.74,8.7,6.3,46.3,Normal
2026-07-02 20:56:52.728,Bologna,Košice,None,0,76.6,80,1062.5,12,0.0,0.0,-1.0,0.037,0.062,0.151,1.74,8.7,6.3,46.3,Normal
2026-07-02 20:56:53.751,Bologna,Košice,None,0,76.0,80,1054.3,12,0.0,0.0,1.0,-0.111,0.009,0.163,1.74,8.7,6.3,46.3,Normal
2026-07-02 20:56:54.746,Bologna,Košice,None,0,75.5,80,1046.7,12,0.0,0.0,1.0,-0.018,0.115,0.134,1.74,8.7,6.3,46.3,Normal
2026-07-02 20:56:55.738,Bologna,Košice,None,0,74.6,80,1033.6,12,0.0,0.0,1.0,-0.047,0.0,0.329,1.74,8.7,6.3,46.3,Normal
2026-07-02 20:56:56.728,Bologna,Košice,None,0,72.8,80,1008.4,12,0.0,0.0,1.0,-0.016,-0.035,0.542,1.74,8.71,6.3,46.3,Normal
2026-07-02 20:56:57.729,Bologna,Košice,None,0,70.8,80,976.6,12,0.0,0.0,1.0,-0.054,-0.0,0.527,1.74,8.71,6.3,46.3,Normal
2026-07-02 20:56:58.729,Bologna,Košice,None,0,69.2,80,1236.9,11,0.0,0.0,1.0,0.046,0.063,0.409,1.74,8.71,6.3,46.3,Normal
2026-07-02 20:56:59.729,Bologna,Košice,None,0,67.9,80,1214.5,11,0.0,0.0,0.0,0.102,0.023,0.28,1.74,8.71,6.3,46.3,Normal
2026-07-02 20:57:00.729,Bologna,Košice,None,0,67.0,80,1198.4,11,0.0,0.0,1.0,-0.038,-0.019,0.233,1.74,8.71,6.3,46.3,Normal
2026-07-02 20:57:01.730,Bologna,Košice,None,0,66.1,80,1182.5,11,0.0,0.0,1.0,-0.038,0.006,0.303,1.74,8.71,6.3,46.3,Normal
2026-07-02 20:57:02.729,Bologna,Košice,None,0,64.8,80,1158.5,11,0.0,0.0,1.0,0.032,0.041,0.373,1.74,8.72,6.3,46.3,Normal
2026-07-02 20:57:03.730,Bologna,Košice,None,0,63.5,80,1134.4,11,0.0,0.0,1.0,-0.062,-0.004,0.381,1.74,8.72,6.3,46.3,Normal
2026-07-02 20:57:04.731,Bologna,Košice,None,0,61.7,80,1101.9,11,0.0,0.0,1.0,-0.027,0.036,0.637,1.74,8.72,6.3,46.3,Normal
2026-07-02 20:57:05.730,Bologna,Košice,None,0,59.2,80,1056.0,11,0.0,0.0,1.0,0.065,-0.018,0.757,1.74,8.72,6.3,46.3,Normal
2026-07-02 20:57:06.752,Bologna,Košice,None,0,56.4,80,1006.6,11,0.0,0.0,-1.0,0.301,-0.022,0.787,1.74,8.72,6.3,46.3,Normal
2026-07-02 20:57:07.731,Bologna,Košice,None,0,53.9,80,960.3,11,0.0,0.0,-1.0,-0.085,-0.071,0.723,1.74,8.72,6.3,46.3,Normal
2026-07-02 20:57:08.732,Bologna,Košice,None,0,52.6,80,1165.6,10,0.0,0.0,-1.0,0.119,-0.01,0.16,1.74,8.72,6.3,46.3,Normal
2026-07-02 20:57:09.755,Bologna,Košice,None,0,52.0,60,1153.7,10,0.45,0.0,-1.0,0.023,-0.026,0.183,1.74,8.72,6.3,46.3,Normal
2026-07-02 20:57:10.732,Bologna,Košice,None,0,52.4,60,1167.1,10,0.77,0.0,0.0,-0.098,-0.028,-0.271,1.74,8.72,6.3,46.2,Normal
2026-07-02 20:57:11.757,Bologna,Košice,None,0,53.0,60,1178.6,10,0.62,0.0,-1.0,0.009,-0.022,-0.046,1.74,8.72,6.3,46.2,Normal
2026-07-02 20:57:12.733,Bologna,Košice,None,0,53.0,60,1181.2,10,0.86,0.0,-1.0,0.034,-0.009,-0.013,1.74,8.73,6.3,46.2,Normal
2026-07-02 20:57:13.734,Bologna,Košice,None,0,53.2,60,1185.2,10,0.87,0.0,-1.0,0.027,0.003,-0.026,1.74,8.73,6.3,46.2,Normal
2026-07-02 20:57:14.745,Bologna,Košice,None,0,52.6,60,1356.7,10,1.0,0.0,-1.0,-0.023,0.092,0.554,1.74,8.73,6.3,46.2,Normal
2026-07-02 20:57:15.756,Bologna,Košice,None,0,50.3,60,1443.6,9,1.0,0.0,-1.0,-0.004,-0.087,0.321,1.74,8.73,6.3,46.1,Normal
2026-07-02 20:57:16.735,Bologna,Košice,None,0,50.6,60,1454.2,9,1.0,0.0,-1.0,-0.031,-0.018,-0.198,1.74,8.73,6.3,46.1,Normal
2026-07-02 20:57:17.735,Bologna,Košice,None,0,51.4,60,1477.5,9,1.0,0.0,-1.0,0.01,0.023,-0.251,1.74,8.73,6.3,46.1,Normal
2026-07-02 20:57:18.735,Bologna,Košice,None,0,52.4,60,1507.7,9,1.0,0.0,-1.0,-0.001,-0.006,-0.325,1.74,8.73,6.3,46.0,Normal
2026-07-02 20:57:19.736,Bologna,Košice,None,0,51.9,60,1489.4,9,0.71,0.0,-1.0,0.018,0.018,0.204,1.74,8.74,6.3,46.0,Normal
2026-07-02 20:57:20.736,Bologna,Košice,None,0,52.3,60,1497.1,9,0.71,0.0,-1.0,0.011,-0.05,-0.26,1.74,8.74,6.3,46.0,Normal
2026-07-02 20:57:21.736,Bologna,Košice,None,0,52.0,80,1153.4,10,0.8,0.0,-1.0,0.007,0.079,0.106,1.74,8.74,6.3,46.0,Normal
2026-07-02 20:57:22.737,Bologna,Košice,None,0,53.0,80,1182.7,10,0.81,0.0,-1.0,-0.103,-0.059,-0.541,1.74,8.74,6.3,46.0,Normal
2026-07-02 20:57:23.754,Bologna,Košice,None,0,55.2,80,1230.5,10,0.84,0.0,-1.0,-0.079,-0.04,-0.591,1.74,8.74,6.3,46.0,Normal
2026-07-02 20:57:24.762,Bologna,Košice,None,0,57.5,80,1281.6,10,0.97,0.0,1.0,-0.131,0.007,-0.668,1.74,8.74,6.3,45.9,Normal
2026-07-02 20:57:25.756,Bologna,Košice,None,0,60.0,80,1336.9,10,0.93,0.0,1.0,-0.063,-0.05,-0.723,1.74,8.74,6.3,45.9,Normal
2026-07-02 20:57:26.749,Bologna,Košice,None,0,62.5,80,1393.6,10,0.91,0.0,1.0,-0.021,0.005,-0.703,1.74,8.74,6.3,45.9,Normal
2026-07-02 20:57:27.762,Bologna,Košice,None,0,65.2,80,1453.1,10,0.94,0.0,1.0,0.007,-0.001,-0.754,1.74,8.74,6.3,45.8,Normal
2026-07-02 20:57:28.750,Bologna,Košice,None,0,66.5,80,1190.6,11,0.94,0.0,0.0,0.023,0.024,-0.104,1.74,8.74,6.3,45.8,Normal
2026-07-02 20:57:29.739,Bologna,Košice,None,0,67.5,80,1213.0,11,0.95,0.0,0.0,0.009,-0.039,-0.544,1.74,8.75,6.3,45.8,Normal
2026-07-02 20:57:30.752,Bologna,Košice,None,0,69.9,80,1256.5,11,0.93,0.0,1.0,-0.031,0.011,-0.677,1.74,8.75,6.3,45.8,Normal
2026-07-02 20:57:31.739,Bologna,Košice,None,0,72.3,80,1300.1,11,0.92,0.0,1.0,-0.065,-0.019,-0.68,1.74,8.75,6.3,45.8,Normal
2026-07-02 20:57:32.757,Bologna,Košice,None,0,74.7,80,1343.8,11,0.92,0.0,1.0,-0.004,-0.02,-0.66,1.74,8.75,6.3,45.7,Normal
2026-07-02 20:57:33.739,Bologna,Košice,None,0,77.0,80,1384.1,11,0.92,0.0,1.0,0.015,0.008,-0.625,1.74,8.75,6.3,45.7,Normal
2026-07-02 20:57:34.760,Bologna,Košice,None,0,79.1,80,1414.2,11,0.15,0.0,1.0,0.028,0.037,-0.506,1.74,8.75,6.3,45.7,Normal
2026-07-02 20:57:35.766,Bologna,Košice,None,0,79.3,80,1100.4,12,0.0,0.0,0.0,0.054,-0.047,0.08,1.74,8.75,6.3,45.7,Normal
2026-07-02 20:57:36.741,Bologna,Košice,None,0,78.8,80,1092.3,12,0.0,0.0,0.0,0.007,0.095,0.235,1.74,8.76,6.3,45.7,Normal
2026-07-02 20:57:37.742,Bologna,Košice,None,0,77.3,80,1071.6,12,0.0,0.0,-1.0,0.029,0.009,0.467,1.74,8.76,6.3,45.7,Normal
2026-07-02 20:57:38.763,Bologna,Košice,None,0,75.6,80,1046.9,12,0.0,0.0,0.0,-0.016,-0.093,0.515,1.74,8.76,6.3,45.7,Normal
2026-07-02 20:57:39.742,Bologna,Košice,None,0,73.9,80,1024.1,12,0.0,0.0,1.0,-0.027,0.105,0.467,1.75,8.76,6.3,45.7,Normal
2026-07-02 20:57:40.742,Bologna,Košice,None,0,72.2,80,1000.8,12,0.0,0.0,0.0,0.016,-0.012,0.451,1.75,8.76,6.3,45.7,Normal
2026-07-02 20:57:41.767,Bologna,Košice,None,0,70.6,80,1048.3,12,0.0,0.0,0.0,0.031,0.021,0.443,1.75,8.76,6.3,45.7,Normal
2026-07-02 20:57:42.764,Bologna,Košice,None,0,69.0,80,1233.6,11,0.0,0.0,1.0,-0.084,-0.06,0.446,1.75,8.77,6.3,45.7,Normal
2026-07-02 20:57:43.743,Bologna,Košice,None,0,67.4,80,1205.2,11,0.0,0.0,0.0,0.023,0.036,0.449,1.75,8.77,6.3,45.7,Normal
2026-07-02 20:57:44.744,Bologna,Košice,None,0,65.8,80,1176.6,11,0.0,0.0,-1.0,0.035,0.02,0.438,1.75,8.77,6.3,45.7,Normal
2026-07-02 20:57:45.744,Bologna,Košice,None,0,64.1,80,1146.1,11,0.0,0.0,0.0,-0.018,-0.001,0.526,1.75,8.77,6.3,45.7,Normal
2026-07-02 20:57:46.744,Bologna,Košice,None,0,61.8,80,1103.6,11,0.0,0.0,0.0,-0.037,0.053,0.76,1.75,8.77,6.3,45.7,Normal
2026-07-02 20:57:47.744,Bologna,Košice,None,0,59.0,80,1053.5,11,0.0,0.0,1.0,-0.036,0.016,0.781,1.75,8.77,6.3,45.7,Normal
2026-07-02 20:57:48.764,Bologna,Košice,None,0,56.1,60,1002.3,11,0.0,0.0,1.0,0.001,-0.042,0.75,1.75,8.77,6.3,45.7,Normal
2026-07-02 20:57:49.745,Bologna,Košice,None,0,53.6,60,1007.9,11,0.0,0.0,1.0,-0.008,0.0,0.712,1.75,8.77,6.3,45.7,Normal
2026-07-02 20:57:50.746,Bologna,Košice,None,0,51.2,60,1133.3,10,0.0,0.0,0.0,0.021,-0.008,0.648,1.75,8.77,6.3,45.7,Normal
2026-07-02 20:57:51.757,Bologna,Košice,None,0,48.7,60,1078.3,10,0.0,0.0,0.0,0.016,0.022,0.671,1.75,8.78,6.3,45.7,Normal
2026-07-02 20:57:52.747,Bologna,Košice,None,0,46.4,60,1027.0,10,0.0,0.0,0.0,-0.016,-0.011,0.656,1.75,8.78,6.3,45.7,Normal
2026-07-02 20:57:53.758,Bologna,Košice,None,0,44.2,60,977.3,10,0.0,0.0,-1.0,0.003,-0.056,0.627,1.75,8.78,6.3,45.7,Normal
2026-07-02 20:57:54.767,Bologna,Košice,None,0,42.2,60,994.0,10,0.0,0.0,0.0,0.001,0.03,0.446,1.75,8.78,6.3,45.7,Normal
2026-07-02 20:57:55.748,Bologna,Košice,None,0,41.5,60,1186.0,9,0.0,0.0,0.0,0.043,-0.041,0.131,1.75,8.78,6.31,45.7,Normal
2026-07-02 20:57:56.769,Bologna,Košice,None,0,40.8,60,1168.1,9,0.0,0.0,1.0,-0.091,0.022,0.198,1.75,8.78,6.31,45.7,Normal
2026-07-02 20:57:57.749,Bologna,Košice,None,0,39.8,60,1136.8,9,0.0,0.0,1.0,0.011,-0.004,0.331,1.75,8.78,6.31,45.7,Normal
2026-07-02 20:57:58.749,Bologna,Košice,None,0,38.6,60,1103.0,9,0.0,0.0,1.0,0.018,0.012,0.327,1.75,8.78,6.31,45.7,Normal
2026-07-02 20:57:59.749,Bologna,Košice,None,0,37.4,60,1068.7,9,0.0,0.0,1.0,0.003,0.002,0.331,1.75,8.78,6.31,45.7,Normal
2026-07-02 20:58:00.750,Bologna,Košice,None,0,35.9,60,1023.7,9,0.0,0.08,0.0,0.018,0.039,0.677,1.75,8.78,6.31,45.7,Normal
2026-07-02 20:58:01.750,Bologna,Košice,None,0,34.0,30,972.5,9,0.0,0.0,0.0,0.046,-0.008,0.359,1.75,8.78,6.31,45.7,Normal
2026-07-02 20:58:02.750,Bologna,Košice,None,0,31.8,30,906.6,9,0.0,0.16,0.0,-0.002,0.028,1.132,1.75,8.78,6.31,45.7,Normal
2026-07-02 20:58:03.774,Bologna,Košice,None,0,28.1,30,1027.5,8,0.0,0.0,-1.0,0.112,0.013,1.217,1.75,8.78,6.31,45.6,Normal
2026-07-02 20:58:04.751,Bologna,Košice,None,0,26.2,30,958.2,8,0.15,0.0,1.0,-0.039,-0.015,0.289,1.75,8.78,6.31,45.6,Normal
2026-07-02 20:58:05.751,Bologna,Košice,None,0,26.5,80,977.3,8,0.53,0.0,1.0,-0.042,-0.017,-0.367,1.75,8.78,6.31,45.6,Normal
2026-07-02 20:58:06.751,Bologna,Košice,None,0,28.6,80,1191.2,8,1.0,0.0,0.0,0.012,0.081,-0.266,1.75,8.79,6.31,45.6,Normal
2026-07-02 20:58:07.752,Bologna,Košice,None,0,29.0,80,1385.6,7,1.0,0.0,0.0,0.012,0.02,-0.544,1.75,8.79,6.31,45.6,Normal
2026-07-02 20:58:08.752,Bologna,Košice,None,0,32.5,80,1367.2,7,1.0,0.0,0.0,0.005,0.109,-0.403,1.75,8.79,6.31,45.6,Normal
2026-07-02 20:58:09.774,Bologna,Košice,None,0,33.1,80,1221.4,8,1.0,0.0,0.0,0.0,-0.052,-0.456,1.75,8.79,6.31,45.6,Normal
2026-07-02 20:58:10.753,Bologna,Košice,None,0,36.7,80,1356.1,8,1.0,0.0,0.0,-0.006,0.008,-1.176,1.75,8.79,6.31,45.6,Normal
2026-07-02 20:58:11.754,Bologna,Košice,None,0,40.8,80,1487.7,8,1.0,0.0,1.0,-0.083,-0.044,-0.981,1.75,8.79,6.31,45.5,Normal
2026-07-02 20:58:12.754,Bologna,Košice,None,0,41.4,80,1185.4,9,1.0,0.0,0.0,0.034,0.013,0.029,1.75,8.79,6.31,45.5,Normal
2026-07-02 20:58:13.754,Bologna,Košice,None,0,43.5,80,1252.5,9,1.0,0.0,0.0,0.018,-0.042,-0.891,1.75,8.79,6.31,45.5,Normal
2026-07-02 20:58:14.755,Bologna,Košice,None,0,46.8,80,1348.1,9,1.0,0.0,0.0,0.018,0.005,-0.949,1.75,8.79,6.31,45.5,Normal
2026-07-02 20:58:15.780,Bologna,Košice,None,0,50.3,80,1446.4,9,1.0,0.0,-1.0,0.05,0.001,-0.927,1.75,8.79,6.31,45.4,Normal
2026-07-02 20:58:16.755,Bologna,Košice,None,0,52.0,80,1216.8,9,1.0,0.0,0.0,-0.038,0.015,-0.077,1.75,8.8,6.31,45.4,Normal
2026-07-02 20:58:17.767,Bologna,Košice,None,0,52.5,80,1170.5,10,1.0,0.0,0.0,0.001,-0.176,-0.449,1.75,8.8,6.31,45.4,Normal
2026-07-02 20:58:18.756,Bologna,Košice,None,0,54.9,80,1224.6,10,1.0,0.0,0.0,0.0,-0.03,-0.743,1.75,8.8,6.31,45.4,Normal
2026-07-02 20:58:19.769,Bologna,Košice,None,0,57.9,80,1290.4,10,1.0,0.0,1.0,-0.012,-0.012,-0.843,1.75,8.8,6.31,45.3,Normal
2026-07-02 20:58:20.757,Bologna,Košice,None,0,61.0,80,1359.8,10,1.0,0.0,1.0,-0.032,-0.016,-0.907,1.75,8.8,6.31,45.3,Normal
2026-07-02 20:58:21.757,Bologna,Košice,None,0,64.3,80,1432.8,10,1.0,0.0,1.0,-0.001,-0.015,-0.904,1.75,8.8,6.31,45.3,Normal
2026-07-02 20:58:22.758,Bologna,Košice,None,0,66.8,80,1253.8,10,0.94,0.0,1.0,-0.04,0.115,-0.346,1.75,8.8,6.31,45.3,Normal
2026-07-02 20:58:23.758,Bologna,Košice,None,0,67.9,80,1220.2,11,0.86,0.0,1.0,0.064,0.005,-0.512,1.75,8.8,6.31,45.3,Normal
2026-07-02 20:58:24.759,Bologna,Košice,None,0,70.4,80,1266.7,11,0.88,0.0,1.0,-0.029,-0.015,-0.735,1.75,8.8,6.31,45.2,Normal
2026-07-02 20:58:25.759,Bologna,Košice,None,0,73.0,80,1313.4,11,0.9,0.0,1.0,0.008,0.052,-0.707,1.75,8.81,6.31,45.2,Normal
2026-07-02 20:58:26.772,Bologna,Košice,None,0,75.5,80,1357.1,11,0.91,0.0,1.0,0.022,-0.05,-0.618,1.75,8.81,6.31,45.2,Normal
2026-07-02 20:58:27.774,Bologna,Košice,None,0,77.6,80,1393.8,11,0.89,0.0,-1.0,0.121,-0.104,-0.541,1.75,8.81,6.31,45.1,Normal
2026-07-02 20:58:28.781,Bologna,Košice,None,0,79.3,80,1424.1,11,0.89,0.0,1.0,-0.088,-0.023,-0.488,1.75,8.81,6.31,45.1,Normal
2026-07-02 20:58:29.761,Bologna,Košice,None,0,80.6,80,1334.0,11,0.0,0.0,1.0,-0.07,0.095,-0.143,1.75,8.81,6.31,45.1,Normal
2026-07-02 20:58:30.761,Bologna,Košice,None,0,80.4,80,1115.3,12,0.0,0.0,1.0,0.012,0.025,0.121,1.75,8.81,6.31,45.1,Normal
2026-07-02 20:58:31.784,Bologna,Košice,None,0,79.9,80,1109.8,12,0.0,0.0,1.0,-0.084,-0.01,0.087,1.75,8.81,6.31,45.1,Normal
2026-07-02 20:58:32.778,Bologna,Košice,None,0,80.0,80,1111.0,12,0.0,0.0,1.0,-0.009,0.062,-0.055,1.75,8.81,6.31,45.1,Normal
2026-07-02 20:58:33.762,Bologna,Košice,None,0,80.1,80,1112.5,12,0.0,0.0,1.0,-0.03,-0.006,-0.014,1.75,8.82,6.31,45.1,Normal
2026-07-02 20:58:34.762,Bologna,Košice,None,0,80.1,80,1112.9,12,0.0,0.0,1.0,-0.051,0.029,-0.002,1.75,8.82,6.31,45.1,Normal
2026-07-02 20:58:35.763,Bologna,Košice,None,0,80.1,80,1113.1,12,0.0,0.0,1.0,0.103,0.056,-0.011,1.75,8.82,6.31,45.0,Normal
2026-07-02 20:58:36.788,Bologna,Košice,None,0,80.2,80,1113.3,12,0.0,0.0,1.0,0.009,0.003,-0.004,1.75,8.82,6.31,45.0,Normal
2026-07-02 20:58:37.763,Bologna,Košice,None,0,80.2,80,1113.4,12,0.0,0.0,0.0,0.052,-0.043,-0.008,1.75,8.83,6.31,45.0,Normal
2026-07-02 20:58:38.764,Bologna,Košice,None,0,80.2,80,1112.4,12,0.0,0.0,1.0,-0.079,0.019,-0.009,1.75,8.83,6.31,45.0,Normal
2026-07-02 20:58:39.764,Bologna,Košice,None,0,80.2,80,1113.7,12,0.0,0.0,1.0,0.009,-0.015,-0.016,1.75,8.83,6.31,45.0,Normal
2026-07-02 20:58:40.764,Bologna,Košice,None,0,80.2,80,1113.5,12,0.0,0.0,1.0,-0.096,0.014,-0.0,1.75,8.83,6.31,45.0,Normal
2026-07-02 20:58:41.765,Bologna,Košice,None,0,80.2,80,1113.3,12,0.0,0.0,0.0,0.083,0.057,0.013,1.75,8.83,6.31,45.0,Normal
2026-07-02 20:58:42.765,Bologna,Košice,None,0,80.2,80,1113.2,12,0.0,0.0,0.0,0.077,0.033,-0.002,1.75,8.83,6.31,45.0,Normal
2026-07-02 20:58:43.779,Bologna,Košice,None,0,80.2,80,1113.2,12,0.0,0.0,-1.0,0.03,-0.005,0.012,1.75,8.83,6.31,45.0,Normal
2026-07-02 20:58:44.777,Bologna,Košice,None,0,80.2,80,1113.3,12,0.0,0.0,0.0,-0.006,0.067,0.002,1.75,8.84,6.31,45.0,Normal
2026-07-02 20:58:45.783,Bologna,Košice,None,0,80.2,80,1113.3,12,0.0,0.0,0.0,-0.073,0.093,-0.015,1.75,8.84,6.31,45.0,Normal
2026-07-02 20:58:46.778,Bologna,Košice,None,0,80.2,80,1113.5,12,0.0,0.0,0.0,0.024,0.101,-0.002,1.75,8.84,6.31,45.0,Normal
2026-07-02 20:58:47.791,Bologna,Košice,None,0,80.2,80,1113.2,12,0.0,0.0,0.0,0.044,0.024,0.01,1.75,8.84,6.31,45.0,Normal
2026-07-02 20:58:48.768,Bologna,Košice,None,0,80.2,80,1113.1,12,0.0,0.0,0.0,-0.005,-0.013,0.005,1.75,8.84,6.31,44.9,Normal
2026-07-02 20:58:49.792,Bologna,Košice,None,0,80.2,80,1113.5,12,0.0,0.0,0.0,0.029,0.108,-0.013,1.75,8.84,6.31,44.9,Normal
2026-07-02 20:58:50.782,Bologna,Košice,None,0,80.2,80,1113.2,12,0.0,0.0,0.0,-0.048,0.025,0.014,1.75,8.84,6.31,44.9,Normal
2026-07-02 20:58:51.769,Bologna,Košice,None,0,80.2,80,1113.3,12,0.0,0.0,0.0,-0.007,-0.073,-0.001,1.75,8.84,6.31,44.9,Normal
2026-07-02 20:58:52.769,Bologna,Košice,None,0,80.2,80,1113.4,12,0.0,0.0,-1.0,0.01,-0.0,-0.004,1.76,8.85,6.31,44.9,Normal
2026-07-02 20:58:53.770,Bologna,Košice,None,0,80.2,80,1113.1,12,0.0,0.0,0.0,-0.008,0.029,-0.002,1.76,8.85,6.31,44.9,Normal
2026-07-02 20:58:54.770,Bologna,Košice,None,0,80.2,80,1113.4,12,0.0,0.0,0.0,-0.009,0.016,-0.001,1.76,8.85,6.31,44.9,Normal
2026-07-02 20:58:55.770,Bologna,Košice,None,0,80.2,80,1113.1,12,0.0,0.0,-1.0,0.03,0.081,-0.004,1.76,8.85,6.31,44.9,Normal
2026-07-02 20:58:56.771,Bologna,Košice,None,0,80.2,80,1113.2,12,0.0,0.0,-1.0,0.037,-0.035,0.006,1.76,8.86,6.31,44.9,Normal
2026-07-02 20:58:57.771,Bologna,Košice,None,0,80.2,80,1113.4,12,0.0,0.0,-1.0,-0.011,-0.06,-0.002,1.76,8.86,6.31,44.9,Normal
2026-07-02 20:58:58.771,Bologna,Košice,None,0,80.2,80,1113.5,12,0.0,0.0,-1.0,-0.003,0.084,-0.014,1.76,8.86,6.31,44.9,Normal
2026-07-02 20:58:59.772,Bologna,Košice,None,0,80.2,80,1113.1,12,0.0,0.0,-1.0,-0.004,0.04,-0.002,1.76,8.86,6.31,44.9,Normal
2026-07-02 20:59:00.772,Bologna,Košice,None,0,80.2,80,1113.3,12,0.0,0.0,-1.0,0.089,0.078,-0.005,1.76,8.86,6.31,44.8,Normal
2026-07-02 20:59:01.772,Bologna,Košice,None,0,80.2,80,1113.3,12,0.0,0.0,0.0,-0.062,-0.049,0.006,1.76,8.86,6.31,44.8,Normal
2026-07-02 20:59:02.773,Bologna,Košice,None,0,80.2,80,1113.3,12,0.0,0.0,0.0,-0.011,0.054,0.003,1.76,8.86,6.31,44.8,Normal
2026-07-02 20:59:03.773,Bologna,Košice,None,0,80.2,80,1113.1,12,0.0,0.0,1.0,-0.088,-0.041,0.021,1.76,8.87,6.31,44.8,Normal
2026-07-02 20:59:04.773,Bologna,Košice,None,0,80.2,80,1113.1,12,0.0,0.0,0.0,-0.006,0.034,-0.0,1.76,8.87,6.31,44.8,Normal
2026-07-02 20:59:05.773,Bologna,Košice,None,0,80.2,80,1113.3,12,0.0,0.0,0.0,0.005,0.017,-0.003,1.76,8.87,6.31,44.8,Normal
2026-07-02 20:59:06.774,Bologna,Košice,None,0,80.2,80,1113.2,12,0.0,0.0,0.0,0.017,-0.014,-0.003,1.76,8.87,6.31,44.8,Normal
2026-07-02 20:59:07.796,Bologna,Košice,None,0,80.2,80,1113.2,12,0.0,0.0,0.0,0.013,-0.051,0.01,1.76,8.87,6.31,44.8,Normal
2026-07-02 20:59:08.792,Bologna,Košice,None,0,80.2,80,1113.2,12,0.0,0.0,0.0,0.003,-0.006,0.005,1.76,8.87,6.31,44.8,Normal
2026-07-02 20:59:09.786,Bologna,Košice,None,0,80.2,80,1113.2,12,0.0,0.0,1.0,0.002,-0.071,0.012,1.76,8.87,6.31,44.8,Normal
2026-07-02 20:59:10.775,Bologna,Košice,None,0,80.2,80,1113.5,12,0.0,0.0,0.0,0.01,0.064,-0.011,1.76,8.87,6.31,44.8,Normal
2026-07-02 20:59:11.776,Bologna,Košice,None,0,80.2,80,1113.3,12,0.0,0.0,0.0,-0.04,0.04,-0.006,1.76,8.88,6.31,44.8,Normal
2026-07-02 20:59:12.777,Bologna,Košice,None,0,80.2,80,1113.2,12,0.0,0.0,0.0,-0.015,-0.013,-0.003,1.76,8.88,6.31,44.8,Normal
2026-07-02 20:59:13.777,Bologna,Košice,None,0,80.2,80,1113.4,12,0.0,0.0,0.0,-0.008,-0.003,-0.003,1.76,8.88,6.31,44.7,Normal
2026-07-02 20:59:14.798,Bologna,Košice,None,0,80.2,80,1113.4,12,0.0,0.0,0.0,-0.028,0.026,-0.008,1.76,8.88,6.31,44.7,Normal
2026-07-02 20:59:15.793,Bologna,Košice,None,0,80.2,80,1113.3,12,0.0,0.0,0.0,-0.005,-0.031,0.001,1.76,8.89,6.31,44.7,Normal
2026-07-02 20:59:16.800,Bologna,Košice,None,0,80.2,80,1113.2,12,0.0,0.0,0.0,0.012,-0.009,0.0,1.76,8.89,6.31,44.7,Normal
2026-07-02 20:59:17.778,Bologna,Košice,None,0,80.2,80,1113.4,12,0.0,0.0,0.0,0.04,-0.026,-0.002,1.76,8.89,6.31,44.7,Normal
2026-07-02 20:59:18.779,Bologna,Košice,None,0,80.2,80,1113.4,12,0.0,0.0,0.0,-0.012,0.014,-0.01,1.76,8.89,6.31,44.7,Normal
2026-07-02 20:59:19.780,Bologna,Košice,None,0,80.2,80,1113.2,12,0.0,0.0,-1.0,-0.003,-0.017,0.005,1.76,8.89,6.31,44.7,Normal
2026-07-02 20:59:20.796,Bologna,Košice,None,0,80.2,80,1113.3,12,0.0,0.0,-1.0,0.033,0.016,0.004,1.76,8.89,6.31,44.7,Normal
2026-07-02 20:59:21.793,Bologna,Košice,None,0,80.2,80,1112.9,12,0.0,0.0,0.0,-0.017,-0.045,0.016,1.76,8.89,6.31,44.7,Normal
2026-07-02 20:59:22.800,Bologna,Košice,None,0,80.2,80,1113.2,12,0.0,0.0,-1.0,0.067,0.012,0.003,1.76,8.9,6.31,44.7,Normal
2026-07-02 20:59:23.781,Bologna,Košice,None,0,80.2,80,1113.0,12,0.0,0.0,-1.0,0.021,0.019,0.005,1.76,8.9,6.31,44.7,Normal
2026-07-02 20:59:24.781,Bologna,Košice,None,0,80.2,80,1113.2,12,0.0,0.0,-1.0,-0.048,-0.04,-0.002,1.76,8.9,6.31,44.7,Normal
2026-07-02 20:59:25.781,Bologna,Košice,None,0,80.2,80,1113.1,12,0.0,0.0,-1.0,0.007,0.01,0.002,1.76,8.9,6.31,44.7,Normal
2026-07-02 20:59:26.781,Bologna,Košice,None,0,80.2,80,1113.1,12,0.0,0.0,0.0,-0.016,-0.012,-0.001,1.76,8.9,6.31,44.6,Normal
2026-07-02 20:59:27.800,Bologna,Košice,None,0,80.1,80,1113.2,12,0.0,0.0,-1.0,0.04,0.018,-0.007,1.76,8.9,6.31,44.6,Normal
2026-07-02 20:59:28.783,Bologna,Košice,None,0,80.1,80,1113.3,12,0.0,0.0,-1.0,0.043,0.064,0.012,1.76,8.9,6.31,44.6,Normal
2026-07-02 20:59:29.783,Bologna,Košice,None,0,80.1,80,1112.6,12,0.0,0.0,0.0,-0.105,0.088,-0.005,1.76,8.9,6.31,44.6,Normal
2026-07-02 20:59:30.784,Bologna,Košice,None,0,80.2,80,1113.6,12,0.0,0.0,-1.0,0.016,0.055,-0.043,1.76,8.91,6.31,44.6,Normal
2026-07-02 20:59:31.809,Bologna,Košice,None,0,80.3,80,1115.3,12,0.0,0.0,-1.0,-0.018,-0.051,-0.04,1.76,8.91,6.31,44.6,Normal
2026-07-02 20:59:32.784,Bologna,Košice,None,0,80.3,80,1114.3,12,0.0,0.0,-1.0,-0.069,-0.028,0.035,1.76,8.91,6.31,44.6,Normal
2026-07-02 20:59:33.785,Bologna,Košice,None,0,80.1,80,1112.3,12,0.0,0.0,-1.0,0.007,-0.058,0.061,1.76,8.91,6.31,44.6,Normal
2026-07-02 20:59:34.785,Bologna,Košice,None,0,80.1,80,1112.1,12,0.0,0.0,-1.0,-0.028,-0.108,-0.014,1.76,8.92,6.31,44.6,Normal
2026-07-02 20:59:35.786,Bologna,Košice,None,0,80.2,80,1113.1,12,0.0,0.0,-1.0,0.011,0.052,-0.017,1.76,8.92,6.31,44.6,Normal
2026-07-02 20:59:36.786,Bologna,Košice,None,0,80.2,80,1113.4,12,0.0,0.0,-1.0,-0.016,-0.061,0.008,1.76,8.92,6.31,44.6,Normal
2026-07-02 20:59:37.786,Bologna,Košice,None,0,80.2,80,1113.6,12,0.0,0.0,0.0,-0.081,0.148,-0.022,1.76,8.92,6.31,44.6,Normal
2026-07-02 20:59:38.810,Bologna,Košice,None,0,80.2,80,1113.6,12,0.0,0.0,-1.0,0.036,-0.022,-0.002,1.76,8.92,6.31,44.5,Normal
2026-07-02 20:59:39.807,Bologna,Košice,None,0,80.2,80,1113.5,12,0.0,0.0,-1.0,-0.007,0.075,-0.001,1.76,8.92,6.31,44.5,Normal
2026-07-02 20:59:40.787,Bologna,Košice,None,0,80.2,80,1113.3,12,0.0,0.0,-1.0,0.021,0.033,-0.003,1.76,8.92,6.31,44.5,Normal
2026-07-02 20:59:41.803,Bologna,Košice,None,0,80.2,80,1113.1,12,0.0,0.0,-1.0,0.02,-0.029,0.006,1.76,8.93,6.31,44.5,Normal
2026-07-02 20:59:42.800,Bologna,Košice,None,0,80.2,80,1113.2,12,0.0,0.0,-1.0,0.007,-0.024,0.006,1.76,8.93,6.31,44.5,Normal
2026-07-02 20:59:43.788,Bologna,Košice,None,0,80.2,80,1113.1,12,0.0,0.0,-1.0,0.007,-0.046,0.002,1.76,8.93,6.31,44.5,Normal
2026-07-02 20:59:44.788,Bologna,Košice,None,0,80.2,80,1113.4,12,0.0,0.0,-1.0,-0.022,0.008,-0.008,1.76,8.93,6.31,44.5,Normal
2026-07-02 20:59:45.789,Bologna,Košice,None,0,80.2,80,1113.3,12,0.0,0.0,-1.0,-0.005,-0.021,0.009,1.76,8.93,6.31,44.5,Normal
2026-07-02 20:59:46.789,Bologna,Košice,None,0,80.2,80,1113.3,12,0.0,0.0,-1.0,0.002,-0.023,0.002,1.76,8.93,6.31,44.5,Normal
2026-07-02 20:59:47.790,Bologna,Košice,None,0,80.2,80,1113.3,12,0.0,0.0,-1.0,-0.016,0.047,0.003,1.76,8.93,6.31,44.5,Normal
2026-07-02 20:59:48.810,Bologna,Košice,None,0,80.2,80,1113.4,12,0.0,0.0,-1.0,0.005,-0.007,-0.006,1.76,8.93,6.31,44.5,Normal
2026-07-02 20:59:49.804,Bologna,Košice,None,0,80.2,80,1113.5,12,0.0,0.0,-1.0,0.008,0.007,-0.039,1.77,8.94,6.31,44.5,Normal
2026-07-02 20:59:50.790,Bologna,Košice,None,0,80.2,80,1113.7,12,0.0,0.0,-1.0,-0.014,0.018,0.01,1.77,8.94,6.31,44.4,Normal
2026-07-02 20:59:51.801,Bologna,Košice,None,0,80.2,80,1113.7,12,0.0,0.0,-1.0,-0.017,0.001,-0.001,1.77,8.94,6.31,44.4,Normal
2026-07-02 20:59:52.804,Bologna,Košice,None,0,80.2,80,1113.3,12,0.0,0.0,-1.0,-0.003,-0.02,0.009,1.77,8.94,6.31,44.4,Normal
2026-07-02 20:59:53.790,Bologna,Košice,None,0,80.2,80,1113.4,12,0.0,0.0,-1.0,0.027,0.003,0.0,1.77,8.95,6.31,44.4,Normal
2026-07-02 20:59:54.791,Bologna,Košice,None,0,80.2,80,1113.2,12,0.0,0.0,-1.0,0.011,0.057,-0.004,1.77,8.95,6.31,44.4,Normal
2026-07-02 20:59:55.812,Bologna,Košice,None,0,80.2,80,1113.8,12,0.0,0.0,-1.0,0.009,0.149,-0.022,1.77,8.95,6.31,44.4,Normal
2026-07-02 20:59:56.793,Bologna,Košice,None,0,80.1,80,1113.2,12,0.0,0.0,0.0,0.103,0.023,0.024,1.77,8.95,6.31,44.4,Normal
2026-07-02 20:59:57.793,Bologna,Košice,None,0,80.2,80,1113.4,12,0.0,0.0,-1.0,-0.042,-0.126,-0.005,1.77,8.95,6.31,44.4,Normal
2026-07-02 20:59:58.794,Bologna,Košice,None,0,80.2,80,1113.6,12,0.0,0.0,0.0,-0.076,-0.081,-0.009,1.77,8.95,6.31,44.4,Normal
2026-07-02 20:59:59.793,Bologna,Košice,None,0,80.2,80,1113.2,12,0.0,0.0,-1.0,-0.011,-0.006,0.008,1.77,8.95,6.31,44.4,Normal
2026-07-02 21:00:00.794,Bologna,Košice,None,0,80.2,80,1113.5,12,0.0,0.0,0.0,-0.03,0.071,-0.002,1.77,8.96,6.31,44.4,Normal
2026-07-02 21:00:01.794,Bologna,Košice,None,0,80.2,80,1113.5,12,0.0,0.0,-1.0,0.002,0.229,0.001,1.77,8.96,6.31,44.4,Normal
2026-07-02 21:00:02.806,Bologna,Košice,None,0,80.2,80,1113.2,12,0.0,0.0,-1.0,0.05,0.081,-0.001,1.77,8.96,6.31,44.3,Normal
2026-07-02 21:00:03.794,Bologna,Košice,None,0,80.2,80,1113.3,12,0.0,0.0,-1.0,0.02,-0.003,-0.002,1.77,8.96,6.31,44.3,Normal
2026-07-02 21:00:04.813,Bologna,Košice,None,0,80.2,80,1113.2,12,0.0,0.0,1.0,-0.069,-0.123,0.012,1.77,8.96,6.31,44.3,Normal
2026-07-02 21:00:05.808,Bologna,Košice,None,0,80.2,80,1113.2,12,0.0,0.0,0.0,0.001,-0.01,0.005,1.77,8.96,6.31,44.3,Normal
2026-07-02 21:00:06.806,Bologna,Košice,None,0,80.2,80,1113.3,12,0.0,0.0,0.0,-0.039,-0.27,0.023,1.77,8.96,6.31,44.3,Normal
2026-07-02 21:00:07.818,Bologna,Košice,None,0,80.2,80,1113.3,12,0.0,0.0,-1.0,0.07,-0.113,-0.004,1.77,8.96,6.31,44.3,Normal
2026-07-02 21:00:08.796,Bologna,Košice,None,0,80.2,80,1113.3,12,0.0,0.0,0.0,0.041,-0.019,0.006,1.77,8.97,6.31,44.3,Normal
2026-07-02 21:00:09.809,Bologna,Košice,None,0,80.2,80,1113.5,12,0.0,0.0,-1.0,0.04,0.038,-0.006,1.77,8.97,6.31,44.3,Normal
2026-07-02 21:00:10.795,Bologna,Košice,None,0,80.2,80,1113.4,12,0.0,0.0,-1.0,0.035,-0.014,0.003,1.77,8.97,6.31,44.3,Normal
2026-07-02 21:00:11.796,Bologna,Košice,None,0,80.2,80,1113.4,12,0.0,0.0,1.0,-0.032,-0.003,-0.004,1.77,8.97,6.31,44.3,Normal
2026-07-02 21:00:12.810,Bologna,Košice,None,0,80.2,80,1113.1,12,0.0,0.0,0.0,-0.009,-0.02,0.001,1.77,8.98,6.31,44.3,Normal
2026-07-02 21:00:13.797,Bologna,Košice,None,0,80.2,80,1113.2,12,0.0,0.0,0.0,0.019,-0.021,0.003,1.77,8.98,6.31,44.3,Normal
2026-07-02 21:00:14.815,Bologna,Košice,None,0,80.2,80,1113.3,12,0.0,0.0,0.0,-0.037,-0.033,-0.006,1.77,8.98,6.31,44.3,Normal
2026-07-02 21:00:15.797,Bologna,Košice,None,0,80.2,80,1113.4,12,0.0,0.0,-1.0,0.029,-0.063,-0.007,1.77,8.98,6.32,44.2,Normal
2026-07-02 21:00:16.817,Bologna,Košice,None,0,80.2,80,1113.4,12,0.0,0.0,0.0,0.02,0.02,-0.004,1.77,8.98,6.32,44.2,Normal
2026-07-02 21:00:17.816,Bologna,Košice,None,0,80.2,80,1113.4,12,0.0,0.0,0.0,-0.018,0.021,-0.002,1.77,8.98,6.32,44.2,Normal
2026-07-02 21:00:18.813,Bologna,Košice,None,0,80.2,80,1113.4,12,0.0,0.0,0.0,-0.016,0.014,-0.012,1.77,8.98,6.32,44.2,Normal
2026-07-02 21:00:19.799,Bologna,Košice,None,0,80.2,80,1113.1,12,0.0,0.0,0.0,-0.11,-0.05,0.011,1.77,8.99,6.32,44.2,Normal
2026-07-02 21:00:20.815,Bologna,Košice,None,0,80.2,80,1113.4,12,0.0,0.0,1.0,-0.004,-0.085,-0.005,1.77,8.99,6.32,44.2,Normal
2026-07-02 21:00:21.800,Bologna,Košice,None,0,80.2,80,1113.4,12,0.0,0.0,0.0,0.011,0.062,-0.016,1.77,8.99,6.32,44.2,Normal
2026-07-02 21:00:22.800,Bologna,Košice,None,0,80.2,80,1113.6,12,0.0,0.0,0.0,-0.017,0.044,-0.013,1.77,8.99,6.32,44.2,Normal
2026-07-02 21:00:23.800,Bologna,Košice,None,0,80.2,80,1113.3,12,0.0,0.0,1.0,-0.073,-0.017,-0.005,1.77,8.99,6.32,44.2,Normal
2026-07-02 21:00:24.801,Bologna,Košice,None,0,80.2,80,1113.4,12,0.0,0.0,1.0,-0.049,0.01,0.0,1.77,8.99,6.32,44.2,Normal
2026-07-02 21:00:25.813,Bologna,Košice,None,0,80.2,80,1113.2,12,0.0,0.0,1.0,0.007,0.007,0.001,1.77,8.99,6.32,44.2,Normal
2026-07-02 21:00:26.822,Bologna,Košice,None,0,80.2,80,1113.2,12,0.0,0.0,0.0,0.042,0.044,-0.01,1.77,8.99,6.32,44.2,Normal
2026-07-02 21:00:27.814,Bologna,Košice,None,0,80.2,80,1113.4,12,0.0,0.0,1.0,-0.074,-0.036,-0.008,1.77,9.0,6.32,44.1,Normal
2026-07-02 21:00:28.823,Bologna,Košice,None,0,80.2,80,1113.3,12,0.0,0.0,0.0,0.002,0.02,-0.01,1.77,9.0,6.32,44.1,Normal
2026-07-02 21:00:29.803,Bologna,Košice,None,0,80.2,80,1113.4,12,0.0,0.0,1.0,0.031,0.021,0.003,1.77,9.0,6.32,44.1,Normal
2026-07-02 21:00:30.828,Bologna,Košice,None,0,80.2,80,1113.2,12,0.0,0.0,0.0,0.024,-0.067,0.003,1.77,9.0,6.32,44.1,Normal
2026-07-02 21:00:31.804,Bologna,Košice,None,0,80.2,80,1113.1,12,0.0,0.0,0.0,-0.046,0.025,0.005,1.77,9.01,6.32,44.1,Normal
2026-07-02 21:00:32.804,Bologna,Košice,None,0,80.2,80,1113.4,12,0.0,0.0,1.0,0.011,-0.027,0.014,1.77,9.01,6.32,44.1,Normal
2026-07-02 21:00:33.825,Bologna,Košice,None,0,80.2,80,1113.4,12,0.0,0.0,0.0,-0.001,-0.017,-0.003,1.77,9.01,6.32,44.1,Normal
2026-07-02 21:00:34.805,Bologna,Košice,None,0,80.2,80,1113.2,12,0.0,0.0,1.0,-0.007,0.052,-0.001,1.77,9.01,6.32,44.1,Normal
2026-07-02 21:00:35.817,Bologna,Košice,None,0,80.2,80,1113.1,12,0.0,0.0,-1.0,0.023,-0.034,-0.001,1.77,9.01,6.32,44.1,Normal
2026-07-02 21:00:36.806,Bologna,Košice,None,0,80.2,80,1113.4,12,0.0,0.0,0.0,-0.004,0.067,-0.012,1.77,9.01,6.32,44.1,Normal
2026-07-02 21:00:37.807,Bologna,Košice,None,0,80.2,80,1113.3,12,0.0,0.0,1.0,-0.01,0.116,-0.012,1.77,9.01,6.32,44.1,Normal
2026-07-02 21:00:38.830,Bologna,Košice,None,0,80.2,80,1113.5,12,0.0,0.0,1.0,-0.054,0.081,-0.013,1.77,9.02,6.32,44.1,Normal
2026-07-02 21:00:39.807,Bologna,Košice,None,0,80.2,80,1113.4,12,0.0,0.0,1.0,-0.003,-0.002,-0.002,1.77,9.02,6.32,44.1,Normal
2026-07-02 21:00:40.807,Bologna,Košice,None,0,80.2,80,1113.2,12,0.0,0.0,1.0,0.004,-0.064,0.005,1.77,9.02,6.32,44.0,Normal
2026-07-02 21:00:41.825,Bologna,Košice,None,0,80.2,80,1113.3,12,0.0,0.0,1.0,0.009,-0.047,0.0,1.77,9.02,6.32,44.0,Normal
2026-07-02 21:00:42.808,Bologna,Košice,None,0,80.2,80,1113.2,12,0.0,0.0,1.0,-0.035,-0.016,0.004,1.77,9.02,6.32,44.0,Normal
2026-07-02 21:00:43.808,Bologna,Košice,None,0,80.2,80,1113.3,12,0.0,0.0,0.0,0.079,0.033,-0.002,1.77,9.02,6.32,44.0,Normal
2026-07-02 21:00:44.808,Bologna,Košice,None,0,80.2,80,1113.2,12,0.0,0.0,1.0,0.02,-0.002,0.002,1.77,9.02,6.32,44.0,Normal
2026-07-02 21:00:45.809,Bologna,Košice,None,0,80.2,80,1113.2,12,0.0,0.0,0.0,0.049,-0.017,0.005,1.77,9.02,6.32,44.0,Normal
2026-07-02 21:00:46.835,Bologna,Košice,None,0,80.2,80,1113.2,12,0.0,0.0,1.0,-0.021,-0.019,0.003,1.78,9.03,6.32,44.0,Normal
2026-07-02 21:00:47.810,Bologna,Košice,None,0,80.2,80,1113.4,12,0.0,0.0,0.0,0.035,0.014,0.001,1.78,9.03,6.32,44.0,Normal
2026-07-02 21:00:48.810,Bologna,Košice,None,0,80.2,80,1113.3,12,0.0,0.0,0.0,0.002,-0.02,0.0,1.78,9.03,6.32,44.0,Normal
2026-07-02 21:00:49.810,Bologna,Košice,None,0,80.2,80,1111.8,12,0.0,0.0,0.0,-0.018,-0.023,0.022,1.78,9.03,6.32,44.0,Normal
2026-07-02 21:00:50.811,Bologna,Košice,None,0,79.6,80,1104.0,12,0.0,0.0,0.0,0.016,0.067,0.23,1.78,9.04,6.32,44.0,Normal
2026-07-02 21:00:51.811,Bologna,Košice,None,0,78.6,80,1089.9,12,0.0,0.0,1.0,-0.003,-0.073,0.314,1.78,9.04,6.32,44.0,Normal
2026-07-02 21:00:52.810,Bologna,Košice,None,0,77.6,80,1075.3,12,0.0,0.0,1.0,0.019,0.037,0.297,1.78,9.04,6.32,44.0,Normal
2026-07-02 21:00:53.823,Bologna,Košice,None,0,76.5,80,1060.3,12,0.0,0.0,1.0,-0.02,-0.008,0.298,1.78,9.04,6.32,44.0,Normal
2026-07-02 21:00:54.812,Bologna,Košice,None,0,75.5,80,1046.3,12,0.0,0.0,1.0,-0.047,-0.028,0.281,1.78,9.04,6.32,44.0,Normal
2026-07-02 21:00:55.823,Bologna,Košice,None,0,74.4,80,1032.2,12,0.0,0.0,0.0,0.034,-0.046,0.228,1.78,9.04,6.32,44.0,Normal
2026-07-02 21:00:56.835,Bologna,Košice,None,0,73.8,80,1024.0,12,0.0,0.0,1.0,-0.086,0.029,0.151,1.78,9.04,6.32,44.0,Normal
2026-07-02 21:00:57.813,Bologna,Košice,None,0,73.3,80,1016.1,12,0.0,0.0,0.0,0.044,-0.042,0.167,1.78,9.04,6.32,44.0,Normal
2026-07-02 21:00:58.814,Bologna,Košice,None,0,72.8,80,1008.8,12,0.0,0.0,1.0,-0.026,-0.14,0.159,1.78,9.05,6.32,44.0,Normal
2026-07-02 21:00:59.836,Bologna,Košice,None,0,72.2,80,1001.0,12,0.0,0.0,0.0,0.059,-0.019,0.173,1.78,9.05,6.32,44.0,Normal
2026-07-02 21:01:00.815,Bologna,Košice,None,0,71.7,80,993.6,12,0.0,0.0,1.0,-0.007,0.055,0.136,1.78,9.05,6.32,44.0,Normal
2026-07-02 21:01:01.837,Bologna,Košice,None,0,71.1,80,985.7,12,0.0,0.0,1.0,-0.051,0.001,0.158,1.78,9.05,6.32,44.0,Normal
2026-07-02 21:01:02.815,Bologna,Košice,None,0,70.6,80,1264.5,11,0.0,0.0,1.0,-0.03,-0.023,0.111,1.78,9.05,6.32,44.0,Normal
2026-07-02 21:01:03.815,Bologna,Košice,None,0,70.1,80,1255.0,11,0.0,0.0,0.0,-0.02,-0.133,0.187,1.78,9.06,6.32,44.0,Normal
2026-07-02 21:01:04.816,Bologna,Košice,None,0,69.6,80,1245.1,11,0.0,0.0,1.0,-0.006,0.043,0.164,1.78,9.06,6.32,44.0,Normal
2026-07-02 21:01:05.841,Bologna,Košice,None,0,69.0,80,1233.9,11,0.0,0.0,1.0,0.029,0.007,0.156,1.78,9.06,6.32,44.0,Normal
2026-07-02 21:01:06.834,Bologna,Košice,None,0,68.4,80,1223.3,11,0.0,0.0,1.0,-0.049,0.016,0.161,1.78,9.06,6.32,44.0,Normal
2026-07-02 21:01:07.817,Bologna,Košice,None,0,67.8,80,1213.4,11,0.0,0.0,1.0,-0.008,-0.002,0.158,1.78,9.06,6.32,44.0,Normal
2026-07-02 21:01:08.837,Bologna,Košice,None,0,67.2,80,1202.3,11,0.0,0.0,1.0,0.002,-0.022,0.164,1.78,9.06,6.32,44.0,Normal
2026-07-02 21:01:09.842,Bologna,Košice,None,0,66.6,80,1192.6,11,0.0,0.0,-1.0,0.053,-0.097,0.166,1.78,9.06,6.32,44.0,Normal
2026-07-02 21:01:10.843,Bologna,Košice,None,0,66.1,80,1182.2,11,0.0,0.0,-1.0,-0.036,-0.025,0.152,1.78,9.06,6.32,44.0,Normal
2026-07-02 21:01:11.818,Bologna,Košice,None,0,65.5,80,1172.0,11,0.0,0.0,0.0,0.0,-0.02,0.154,1.78,9.07,6.32,44.0,Normal
2026-07-02 21:01:12.830,Bologna,Košice,None,0,64.9,80,1161.9,11,0.0,0.0,0.0,-0.009,0.056,0.143,1.78,9.07,6.32,44.0,Normal
2026-07-02 21:01:13.838,Bologna,Košice,None,0,64.4,80,1151.5,11,0.0,0.0,-1.0,0.021,0.059,0.149,1.78,9.07,6.32,44.0,Normal
2026-07-02 21:01:14.820,Bologna,Košice,None,0,63.8,80,1141.4,11,0.0,0.0,-1.0,0.013,-0.036,0.157,1.78,9.07,6.32,44.0,Normal
2026-07-02 21:01:15.820,Bologna,Košice,None,0,63.2,80,1130.5,11,0.0,0.0,0.0,0.003,0.055,0.217,1.78,9.07,6.32,44.0,Normal
2026-07-02 21:01:16.840,Bologna,Košice,None,0,61.9,80,1106.4,11,0.0,0.0,0.0,-0.006,0.018,0.416,1.78,9.07,6.32,44.0,Normal
2026-07-02 21:01:17.833,Bologna,Košice,None,0,60.4,80,1079.5,11,0.0,0.0,0.0,0.028,-0.021,0.408,1.78,9.07,6.32,44.0,Normal
2026-07-02 21:01:18.844,Bologna,Košice,None,0,58.9,70,1052.4,11,0.0,0.0,1.0,0.016,-0.016,0.503,1.78,9.07,6.32,44.0,Normal
2026-07-02 21:01:19.840,Bologna,Košice,None,0,57.4,70,1026.6,11,0.0,0.0,1.0,-0.055,-0.002,0.391,1.78,9.07,6.32,44.0,Normal
2026-07-02 21:01:20.836,Bologna,Košice,None,0,56.0,70,1002.0,11,0.0,0.0,0.0,0.069,-0.065,0.411,1.78,9.07,6.32,44.0,Normal
2026-07-02 21:01:21.832,Bologna,Košice,None,0,54.7,70,977.5,11,0.0,0.0,-1.0,0.232,0.062,0.368,1.78,9.08,6.32,44.0,Normal
2026-07-02 21:01:22.822,Bologna,Košice,None,0,53.4,60,1182.7,10,0.0,0.0,-1.0,0.002,-0.046,0.338,1.78,9.08,6.32,44.0,Normal
2026-07-02 21:01:23.823,Bologna,Košice,None,0,52.2,60,1155.6,10,0.0,0.0,0.0,-0.006,0.026,0.37,1.78,9.08,6.32,44.0,Normal
2026-07-02 21:01:24.823,Bologna,Košice,None,0,50.8,60,1125.8,10,0.0,0.0,0.0,-0.008,-0.018,0.374,1.78,9.08,6.32,44.0,Normal
2026-07-02 21:01:25.823,Bologna,Košice,None,0,49.5,60,1095.9,10,0.0,0.0,0.0,0.009,-0.007,0.38,1.78,9.08,6.32,44.0,Normal
2026-07-02 21:01:26.835,Bologna,Košice,None,0,42.6,60,936.3,10,0.0,0.57,0.0,-0.023,0.052,3.455,1.78,9.08,6.32,44.0,Normal
2026-07-02 21:01:27.824,Bologna,Košice,None,0,30.1,60,851.3,9,0.0,0.72,-1.0,0.281,-0.042,3.517,1.78,9.08,6.32,44.0,Normal
2026-07-02 21:01:28.824,Bologna,Košice,None,0,22.6,60,1068.6,7,0.0,0.0,0.0,-0.069,-0.058,0.625,1.78,9.08,6.32,44.0,Normal
2026-07-02 21:01:29.825,Bologna,Košice,None,0,21.4,60,1011.4,7,0.0,0.0,0.0,0.022,-0.003,0.292,1.78,9.09,6.32,44.0,Normal
2026-07-02 21:01:30.825,Bologna,Košice,None,0,20.6,60,972.7,7,0.0,0.0,0.0,0.032,-0.016,0.222,1.78,9.09,6.32,44.0,Normal
2026-07-02 21:01:31.836,Bologna,Košice,None,0,19.8,60,936.3,7,0.0,0.0,1.0,-0.02,0.006,0.216,1.78,9.09,6.32,44.0,Normal
2026-07-02 21:01:32.825,Bologna,Košice,None,0,19.1,60,901.7,7,0.0,0.0,1.0,-0.004,0.007,0.203,1.78,9.09,6.32,44.0,Normal
2026-07-02 21:01:33.825,Bologna,Košice,None,0,18.3,60,866.0,7,0.0,0.0,0.0,-0.017,-0.013,0.208,1.78,9.09,6.32,44.0,Normal
2026-07-02 21:01:34.825,Bologna,Košice,None,0,17.9,60,1407.4,5,0.0,0.0,0.0,-0.007,0.004,0.008,1.78,9.09,6.32,44.0,Normal
2026-07-02 21:01:35.852,Bologna,Košice,None,0,17.1,60,1346.3,5,0.0,0.0,0.0,0.012,0.013,0.289,1.78,9.09,6.32,44.0,Normal
2026-07-02 21:01:36.826,Bologna,Košice,None,0,15.6,60,1215.2,5,0.0,0.17,0.0,0.004,-0.003,0.887,1.78,9.09,6.32,44.0,Normal
2026-07-02 21:01:37.828,Bologna,Košice,None,0,9.3,60,721.5,5,0.0,0.12,0.0,0.011,-0.007,1.548,1.78,9.09,6.32,44.0,Normal
2026-07-02 21:01:38.840,Bologna,Košice,None,0,5.4,60,861.8,2,0.0,0.17,0.0,0.022,0.023,1.0,1.78,9.09,6.32,44.0,Normal
2026-07-02 21:01:39.828,Bologna,Košice,None,0,2.9,60,508.8,2,0.0,0.02,0.0,0.003,-0.037,-0.063,1.78,9.09,6.32,44.0,Normal
2026-07-02 21:01:40.829,Bologna,Košice,None,0,3.2,60,586.7,2,0.0,0.28,0.0,-0.002,0.024,0.273,1.78,9.09,6.32,44.0,Normal
2026-07-02 21:01:41.830,Bologna,Košice,None,0,0.0,60,550.0,1,0.0,0.3,0.0,-0.005,-0.088,-0.014,1.78,9.09,6.32,43.9,Normal
2026-07-02 21:01:42.830,Bologna,Košice,None,0,0.0,60,550.0,1,0.0,0.29,0.0,-0.001,0.001,0.0,1.78,9.09,6.32,43.9,Normal
2026-07-02 21:01:43.845,Bologna,Košice,None,0,0.1,60,765.9,1,0.08,0.0,0.0,-0.003,0.035,-0.113,1.78,9.09,6.32,43.9,Normal
2026-07-02 21:01:44.830,Bologna,Košice,None,0,0.6,60,551.6,1,0.06,0.0,0.0,-0.003,-0.003,-0.191,1.78,9.09,6.32,43.9,Normal
2026-07-02 21:01:45.830,Bologna,Košice,None,0,2.3,60,700.1,1,0.12,0.0,0.0,-0.003,-0.001,-0.634,1.78,9.09,6.32,43.9,Normal
2026-07-02 21:01:46.830,Bologna,Košice,None,0,4.9,60,1044.4,1,0.14,0.0,0.0,0.02,0.001,-0.496,1.78,9.09,6.32,43.9,Normal
2026-07-02 21:01:47.831,Bologna,Košice,None,0,5.8,60,1216.9,1,0.08,0.0,0.0,-0.003,0.021,-0.033,1.78,9.09,6.32,43.9,Normal
2026-07-02 21:01:48.831,Bologna,Košice,None,0,6.2,60,1289.1,1,0.14,0.0,0.0,0.004,0.016,-0.149,1.78,9.09,6.32,43.9,Normal
2026-07-02 21:01:49.853,Bologna,Košice,None,0,7.2,60,1502.3,1,0.16,0.0,0.0,0.014,-0.004,-0.312,1.78,9.09,6.32,43.9,Normal
2026-07-02 21:01:50.848,Bologna,Košice,None,0,6.9,80,871.7,3,0.17,0.0,0.0,0.002,-0.001,0.157,1.78,9.09,6.32,43.9,Normal
2026-07-02 21:01:51.832,Bologna,Košice,None,0,8.5,80,1091.0,3,0.4,0.0,0.0,-0.002,-0.018,-0.927,1.78,9.09,6.32,43.9,Normal
2026-07-02 21:01:52.832,Bologna,Košice,None,0,12.5,80,1445.8,3,0.48,0.0,0.0,0.01,0.034,-0.528,1.78,9.09,6.32,43.9,Normal
2026-07-02 21:01:53.833,Bologna,Košice,None,0,12.9,80,1021.5,5,0.47,0.0,0.0,0.01,0.044,-0.193,1.78,9.09,6.32,43.9,Normal
2026-07-02 21:01:54.852,Bologna,Košice,None,0,16.3,80,1300.8,5,0.43,0.0,0.0,-0.011,-0.003,-1.099,1.78,9.09,6.32,43.9,Normal
2026-07-02 21:01:55.834,Bologna,Košice,None,0,19.1,80,1301.9,5,0.42,0.0,0.0,0.006,0.064,-0.219,1.78,9.09,6.32,43.9,Normal
2026-07-02 21:01:56.858,Bologna,Košice,None,0,19.4,80,921.8,7,0.39,0.0,0.0,0.0,-0.01,-0.274,1.78,9.09,6.32,43.9,Normal
2026-07-02 21:01:57.834,Bologna,Košice,None,0,21.3,80,1013.2,7,0.33,0.0,-1.0,0.007,0.008,-0.565,1.78,9.09,6.32,43.9,Normal
2026-07-02 21:01:58.845,Bologna,Košice,None,0,23.4,80,1113.5,7,0.4,0.0,1.0,-0.009,-0.012,-0.641,1.78,9.09,6.32,43.9,Normal
2026-07-02 21:01:59.854,Bologna,Košice,None,0,25.5,80,1213.5,7,0.35,0.0,0.0,0.001,0.041,-0.503,1.78,9.09,6.32,43.8,Normal
2026-07-02 21:02:00.845,Bologna,Košice,None,0,27.7,80,1320.5,7,0.46,0.0,0.0,0.001,-0.01,-0.721,1.78,9.09,6.32,43.8,Normal
2026-07-02 21:02:01.857,Bologna,Košice,None,0,30.3,80,1371.6,7,0.44,0.0,0.0,-0.0,0.001,-0.407,1.78,9.09,6.32,43.8,Normal
2026-07-02 21:02:02.835,Bologna,Košice,None,0,30.5,80,1120.9,8,0.44,0.0,0.0,0.008,0.005,0.016,1.78,9.09,6.32,43.8,Normal
2026-07-02 21:02:03.836,Bologna,Košice,None,0,31.9,80,1176.3,8,0.47,0.0,0.0,0.005,-0.005,-0.558,1.78,9.09,6.32,43.8,Normal
2026-07-02 21:02:04.837,Bologna,Košice,None,0,34.1,80,1258.8,8,0.47,0.0,0.0,0.006,-0.024,-0.638,1.78,9.09,6.32,43.8,Normal
2026-07-02 21:02:05.836,Bologna,Košice,None,0,36.3,80,1337.7,8,0.46,0.0,0.0,-0.015,0.019,-0.579,1.78,9.09,6.32,43.8,Normal
2026-07-02 21:02:06.837,Bologna,Košice,None,0,38.3,80,1408.0,8,0.46,0.0,0.0,-0.016,-0.001,-0.529,1.78,9.09,6.32,43.7,Normal
2026-07-02 21:02:07.837,Bologna,Košice,None,0,38.6,80,1104.8,9,0.49,0.0,0.0,-0.0,-0.002,0.051,1.78,9.1,6.32,43.7,Normal
2026-07-02 21:02:08.838,Bologna,Košice,None,0,39.5,80,1135.0,9,0.46,0.0,0.0,0.009,0.016,-0.44,1.78,9.1,6.32,43.7,Normal
2026-07-02 21:02:09.862,Bologna,Košice,None,0,41.2,80,1182.8,9,0.46,0.0,0.0,0.031,0.048,-0.466,1.78,9.1,6.32,43.7,Normal
2026-07-02 21:02:10.859,Bologna,Košice,None,0,42.9,80,1229.9,9,0.36,0.0,0.0,-0.034,0.013,-0.42,1.78,9.1,6.32,43.7,Normal
2026-07-02 21:02:11.839,Bologna,Košice,None,0,43.9,80,1256.8,9,0.17,0.0,0.0,-0.013,0.025,-0.151,1.78,9.1,6.32,43.7,Normal
2026-07-02 21:02:12.850,Bologna,Košice,None,0,44.2,80,1268.2,9,0.25,0.0,0.0,0.003,0.029,-0.117,1.78,9.1,6.32,43.7,Normal
2026-07-02 21:02:13.840,Bologna,Košice,None,0,45.1,80,1293.6,9,0.31,0.0,0.0,-0.018,0.019,-0.308,1.78,9.1,6.32,43.7,Normal
2026-07-02 21:02:14.840,Bologna,Košice,None,0,45.9,80,1313.7,9,0.13,0.0,0.0,-0.002,0.068,-0.096,1.78,9.1,6.32,43.7,Normal
2026-07-02 21:02:15.852,Bologna,Košice,None,0,45.9,80,1314.0,9,0.06,0.0,0.0,0.011,0.019,0.047,1.78,9.1,6.32,43.7,Normal
2026-07-02 21:02:16.863,Bologna,Košice,None,0,45.6,80,1305.2,9,0.07,0.0,0.0,0.02,0.006,0.091,1.78,9.1,6.32,43.7,Normal
2026-07-02 21:02:17.841,Bologna,Košice,None,0,45.5,80,1306.3,9,0.63,0.0,0.0,0.001,-0.003,-0.115,1.78,9.1,6.32,43.6,Normal
2026-07-02 21:02:18.842,Bologna,Košice,None,0,47.7,80,1373.0,9,1.0,0.0,0.0,0.001,-0.034,-0.855,1.78,9.1,6.32,43.6,Normal
2026-07-02 21:02:19.864,Bologna,Košice,None,0,51.0,80,1468.3,9,1.0,0.0,-1.0,0.112,0.009,-0.906,1.78,9.1,6.32,43.6,Normal
2026-07-02 21:02:20.856,Bologna,Košice,None,0,52.0,80,1153.6,10,1.0,0.0,0.0,0.002,0.02,0.02,1.78,9.11,6.32,43.6,Normal
2026-07-02 21:02:21.843,Bologna,Košice,None,0,52.9,80,1180.4,10,1.0,0.0,1.0,-0.005,-0.062,-0.587,1.78,9.11,6.32,43.6,Normal
2026-07-02 21:02:22.842,Bologna,Košice,None,0,55.4,80,1235.5,10,1.0,0.0,1.0,0.002,-0.026,-0.706,1.78,9.11,6.32,43.5,Normal
2026-07-02 21:02:23.843,Bologna,Košice,None,0,57.9,80,1291.5,10,1.0,0.0,-1.0,0.144,-0.096,-0.725,1.78,9.11,6.32,43.5,Normal
2026-07-02 21:02:24.844,Bologna,Košice,None,0,60.5,80,1347.5,10,1.0,0.0,-1.0,0.053,0.0,-0.699,1.78,9.11,6.32,43.5,Normal
2026-07-02 21:02:25.845,Bologna,Košice,None,0,63.0,80,1403.2,10,1.0,0.0,1.0,-0.022,-0.021,-0.701,1.78,9.11,6.32,43.4,Normal
2026-07-02 21:02:26.845,Bologna,Košice,None,0,65.4,80,1457.3,10,1.0,0.0,-1.0,0.026,-0.046,-0.671,1.79,9.12,6.32,43.4,Normal
2026-07-02 21:02:27.845,Bologna,Košice,None,0,66.2,80,1184.6,11,1.0,0.0,0.0,0.065,-0.106,0.027,1.79,9.12,6.32,43.4,Normal
2026-07-02 21:02:28.845,Bologna,Košice,None,0,66.8,80,1200.7,11,1.0,0.0,0.0,-0.003,-0.027,-0.434,1.79,9.12,6.32,43.4,Normal
2026-07-02 21:02:29.865,Bologna,Košice,None,0,68.7,80,1235.0,11,1.0,0.0,0.0,-0.026,-0.037,-0.544,1.79,9.12,6.32,43.3,Normal
2026-07-02 21:02:30.845,Bologna,Košice,None,0,70.6,80,1269.2,11,1.0,0.0,0.0,-0.007,0.026,-0.544,1.79,9.12,6.32,43.3,Normal
2026-07-02 21:02:31.845,Bologna,Košice,None,0,72.5,80,1303.2,11,0.57,0.0,-1.0,0.162,-0.02,-0.539,1.79,9.12,6.32,43.3,Normal
2026-07-02 21:02:32.847,Bologna,Košice,None,0,68.9,80,1970.2,9,0.37,0.0,1.0,-0.086,-0.177,0.772,1.79,9.12,6.32,43.3,Normal
2026-07-02 21:02:33.846,Bologna,Košice,None,0,67.9,80,1221.0,11,0.68,0.0,-1.0,0.097,-0.034,0.143,1.79,9.12,6.32,43.3,Normal
2026-07-02 21:02:34.848,Bologna,Košice,None,0,68.1,80,1224.5,11,0.85,0.0,-1.0,0.005,-0.068,-0.342,1.79,9.12,6.32,43.3,Normal
2026-07-02 21:02:35.872,Bologna,Košice,None,0,69.8,80,1253.8,11,0.79,0.0,0.0,-0.013,0.101,-0.441,1.79,9.13,6.32,43.2,Normal
2026-07-02 21:02:36.848,Bologna,Košice,None,0,71.4,80,1282.7,11,0.79,0.0,0.0,0.004,0.048,-0.461,1.79,9.13,6.32,43.2,Normal
2026-07-02 21:02:37.849,Bologna,Košice,None,0,73.0,80,1310.8,11,0.78,0.0,-1.0,0.071,-0.018,-0.441,1.79,9.13,6.32,43.2,Normal
2026-07-02 21:02:38.849,Bologna,Košice,None,0,74.5,80,1338.3,11,0.76,0.0,-1.0,-0.036,-0.002,-0.439,1.79,9.13,6.32,43.2,Normal
2026-07-02 21:02:39.850,Bologna,Košice,None,0,76.0,80,1365.2,11,0.76,0.0,0.0,-0.029,-0.004,-0.401,1.79,9.13,6.32,43.1,Normal
2026-07-02 21:02:40.850,Bologna,Košice,None,0,77.5,80,1392.5,11,0.76,0.0,0.0,-0.011,-0.012,-0.431,1.79,9.13,6.32,43.1,Normal
2026-07-02 21:02:41.850,Bologna,Košice,None,0,77.8,80,1080.1,12,0.76,0.0,1.0,-0.018,0.035,0.073,1.79,9.13,6.32,43.1,Normal
2026-07-02 21:02:42.851,Bologna,Košice,None,0,78.1,80,1087.6,12,0.77,0.0,1.0,-0.01,-0.07,-0.239,1.79,9.14,6.32,43.1,Normal
2026-07-02 21:02:43.851,Bologna,Košice,None,0,79.2,80,1102.4,12,0.77,0.0,1.0,0.019,-0.034,-0.316,1.79,9.14,6.32,43.1,Normal
2026-07-02 21:02:44.851,Bologna,Košice,None,0,80.3,80,1117.7,12,0.75,0.0,0.0,0.008,0.004,-0.305,1.79,9.14,6.32,43.0,Normal
2026-07-02 21:02:45.851,Bologna,Košice,None,0,80.9,80,1122.6,12,0.0,0.0,0.0,0.004,0.06,-0.019,1.79,9.14,6.32,43.0,Normal
2026-07-02 21:02:46.851,Bologna,Košice,None,0,80.6,80,1119.3,12,0.0,0.0,0.0,0.014,-0.02,0.08,1.79,9.14,6.32,43.0,Normal
2026-07-02 21:02:47.862,Bologna,Košice,None,0,80.5,80,1118.1,12,0.0,0.0,0.0,-0.005,0.004,0.003,1.79,9.15,6.32,43.0,Normal
2026-07-02 21:02:48.851,Bologna,Košice,None,0,80.5,80,1118.1,12,0.0,0.0,1.0,-0.052,-0.01,0.003,1.79,9.15,6.32,43.0,Normal
2026-07-02 21:02:49.851,Bologna,Košice,None,0,80.5,80,1117.9,12,0.0,0.0,1.0,-0.012,-0.043,0.005,1.79,9.15,6.32,43.0,Normal
2026-07-02 21:02:50.853,Bologna,Košice,None,0,80.5,80,1117.7,12,0.0,0.0,1.0,-0.031,0.041,0.001,1.79,9.15,6.32,43.0,Normal
2026-07-02 21:02:51.876,Bologna,Košice,None,0,80.5,80,1117.6,12,0.0,0.0,0.0,-0.029,-0.018,0.01,1.79,9.15,6.32,43.0,Normal
2026-07-02 21:02:52.870,Bologna,Košice,None,0,80.5,80,1117.6,12,0.0,0.0,0.0,-0.01,0.001,0.005,1.79,9.15,6.32,43.0,Normal
2026-07-02 21:02:53.866,Bologna,Košice,None,0,80.5,80,1117.8,12,0.0,0.0,1.0,-0.004,-0.038,0.002,1.79,9.15,6.32,43.0,Normal
2026-07-02 21:02:54.854,Bologna,Košice,None,0,80.5,80,1117.8,12,0.0,0.0,1.0,0.012,0.02,-0.004,1.79,9.16,6.32,43.0,Normal
2026-07-02 21:02:55.854,Bologna,Košice,None,0,80.5,80,1117.8,12,0.0,0.0,1.0,-0.042,0.006,-0.007,1.79,9.16,6.32,42.9,Normal
2026-07-02 21:02:56.854,Bologna,Košice,None,0,80.5,80,1117.9,12,0.0,0.0,0.0,0.016,0.005,-0.01,1.79,9.16,6.32,42.9,Normal
2026-07-02 21:02:57.877,Bologna,Košice,None,0,80.5,80,1117.7,12,0.0,0.0,0.0,0.013,0.027,-0.002,1.79,9.16,6.32,42.9,Normal
2026-07-02 21:02:58.856,Bologna,Košice,None,0,80.5,80,1117.8,12,0.0,0.0,1.0,-0.049,0.05,-0.009,1.79,9.16,6.32,42.9,Normal
2026-07-02 21:02:59.881,Bologna,Košice,None,0,80.5,80,1117.7,12,0.0,0.0,0.0,0.013,-0.012,0.003,1.79,9.16,6.32,42.9,Normal
2026-07-02 21:03:00.876,Bologna,Košice,None,0,80.5,80,1117.9,12,0.0,0.0,0.0,0.003,0.053,-0.013,1.79,9.16,6.32,42.9,Normal
2026-07-02 21:03:01.873,Bologna,Košice,None,0,80.5,80,1117.6,12,0.0,0.0,1.0,-0.111,-0.026,0.006,1.79,9.17,6.32,42.9,Normal
2026-07-02 21:03:02.870,Bologna,Košice,None,0,80.5,80,1117.7,12,0.0,0.0,-1.0,0.039,-0.114,-0.0,1.79,9.17,6.32,42.9,Normal
2026-07-02 21:03:03.858,Bologna,Košice,None,0,80.5,80,1118.1,12,0.0,0.0,1.0,-0.081,0.156,-0.027,1.79,9.17,6.32,42.9,Normal
2026-07-02 21:03:04.875,Bologna,Košice,None,0,80.6,80,1118.2,12,0.0,0.0,0.0,0.015,0.04,-0.004,1.79,9.17,6.32,42.9,Normal
2026-07-02 21:03:05.871,Bologna,Košice,None,0,80.5,80,1117.8,12,0.0,0.0,0.0,0.026,0.14,-0.001,1.79,9.17,6.32,42.9,Normal
2026-07-02 21:03:06.880,Bologna,Košice,None,0,80.5,80,1117.4,12,0.0,0.0,1.0,-0.061,0.082,-0.004,1.79,9.18,6.32,42.9,Normal
2026-07-02 21:03:07.870,Bologna,Košice,None,0,80.5,80,1117.2,12,0.0,0.0,0.0,-0.094,-0.04,0.002,1.79,9.18,6.32,42.9,Normal
2026-07-02 21:03:08.859,Bologna,Košice,None,0,80.4,80,1116.8,12,0.0,0.0,0.0,0.013,0.01,0.003,1.79,9.18,6.33,42.9,Normal
2026-07-02 21:03:09.858,Bologna,Košice,None,0,80.4,80,1116.7,12,0.0,0.0,1.0,-0.024,0.068,0.008,1.79,9.18,6.33,42.8,Normal
2026-07-02 21:03:10.859,Bologna,Košice,None,0,80.3,80,1116.5,12,0.0,0.0,0.0,0.028,0.026,0.009,1.79,9.18,6.33,42.8,Normal
2026-07-02 21:03:11.859,Bologna,Košice,None,0,80.2,80,1115.3,12,0.0,0.0,1.0,-0.038,0.077,0.059,1.79,9.18,6.33,42.8,Normal
2026-07-02 21:03:12.860,Bologna,Košice,None,0,80.0,80,1113.6,12,0.0,0.0,0.0,0.017,0.044,0.04,1.79,9.18,6.33,42.8,Normal
2026-07-02 21:03:13.860,Bologna,Košice,None,0,79.9,80,1112.9,12,0.0,0.0,1.0,0.016,0.011,0.016,1.79,9.19,6.33,42.8,Normal
2026-07-02 21:03:14.884,Bologna,Košice,None,0,79.9,80,1113.0,12,0.0,0.0,0.0,0.04,0.051,-0.015,1.79,9.19,6.33,42.7,Normal
2026-07-02 21:03:15.875,Bologna,Košice,None,0,80.3,80,1117.3,12,0.0,0.0,0.0,-0.007,0.085,-0.115,1.79,9.19,6.33,42.7,Normal
2026-07-02 21:03:16.861,Bologna,Košice,None,0,80.9,80,1123.7,12,0.0,0.0,-1.0,0.049,0.13,-0.17,1.79,9.19,6.33,42.7,Normal
2026-07-02 21:03:17.879,Bologna,Košice,None,0,81.0,80,1123.9,12,0.0,0.0,0.0,-0.03,0.001,0.076,1.79,9.19,6.33,42.7,Normal
2026-07-02 21:03:18.873,Bologna,Košice,None,0,80.7,80,1120.0,12,0.0,0.0,-1.0,0.036,0.03,0.075,1.79,9.19,6.33,42.7,Normal
2026-07-02 21:03:19.863,Bologna,Košice,None,0,80.6,80,1118.7,12,0.0,0.0,1.0,-0.022,0.022,0.013,1.79,9.19,6.33,42.7,Normal
2026-07-02 21:03:20.874,Bologna,Košice,None,0,80.5,80,1118.2,12,0.0,0.0,0.0,0.025,-0.006,0.042,1.79,9.2,6.33,42.7,Normal
2026-07-02 21:03:21.863,Bologna,Košice,None,0,80.5,80,1118.0,12,0.0,0.0,-1.0,0.013,0.084,-0.004,1.79,9.2,6.33,42.7,Normal
2026-07-02 21:03:22.863,Bologna,Košice,None,0,80.5,80,1117.9,12,0.0,0.0,1.0,-0.204,-0.082,0.008,1.79,9.2,6.33,42.7,Normal
2026-07-02 21:03:23.889,Bologna,Košice,None,0,80.5,80,1117.5,12,0.0,0.0,-1.0,0.039,-0.003,0.011,1.79,9.2,6.33,42.6,Normal
2026-07-02 21:03:24.864,Bologna,Košice,None,0,80.5,80,1117.7,12,0.0,0.0,-1.0,-0.023,-0.16,0.008,1.79,9.2,6.33,42.6,Normal
2026-07-02 21:03:25.865,Bologna,Košice,None,0,80.5,80,1117.7,12,0.0,0.0,-1.0,-0.001,-0.031,0.002,1.8,9.21,6.33,42.6,Normal
2026-07-02 21:03:26.865,Bologna,Košice,None,0,80.5,80,1117.4,12,0.0,0.0,-1.0,-0.014,-0.033,0.004,1.8,9.21,6.33,42.6,Normal
2026-07-02 21:03:27.866,Bologna,Košice,None,0,80.5,80,1117.7,12,0.0,0.0,-1.0,0.011,0.007,-0.001,1.8,9.21,6.33,42.6,Normal
2026-07-02 21:03:28.866,Bologna,Košice,None,0,80.5,80,1117.7,12,0.0,0.0,-1.0,0.061,0.061,-0.004,1.8,9.21,6.33,42.6,Normal
2026-07-02 21:03:29.866,Bologna,Košice,None,0,80.5,80,1117.8,12,0.0,0.0,-1.0,0.009,0.094,-0.01,1.8,9.21,6.33,42.6,Normal
2026-07-02 21:03:30.890,Bologna,Košice,None,0,80.5,80,1117.6,12,0.0,0.0,0.0,-0.05,0.009,0.002,1.8,9.21,6.33,42.6,Normal
2026-07-02 21:03:31.867,Bologna,Košice,None,0,80.5,80,1117.7,12,0.0,0.0,-1.0,0.002,-0.018,0.004,1.8,9.21,6.33,42.6,Normal
2026-07-02 21:03:32.890,Bologna,Košice,None,0,80.5,80,1117.6,12,0.0,0.0,0.0,-0.028,0.006,0.011,1.8,9.22,6.33,42.6,Normal
2026-07-02 21:03:33.868,Bologna,Košice,None,0,80.5,80,1117.6,12,0.0,0.0,0.0,-0.021,0.095,-0.001,1.8,9.22,6.33,42.6,Normal
2026-07-02 21:03:34.868,Bologna,Košice,None,0,80.5,80,1117.4,12,0.0,0.0,0.0,-0.036,-0.024,0.031,1.8,9.22,6.33,42.6,Normal
2026-07-02 21:03:35.868,Bologna,Košice,None,0,80.5,80,1117.7,12,0.0,0.0,1.0,0.058,-0.031,-0.02,1.8,9.22,6.33,42.5,Normal
2026-07-02 21:03:36.894,Bologna,Košice,None,0,80.5,80,1117.7,12,0.0,0.0,0.0,0.013,-0.009,0.0,1.8,9.22,6.33,42.5,Normal
2026-07-02 21:03:37.869,Bologna,Košice,None,0,80.5,80,1117.7,12,0.0,0.0,0.0,0.043,-0.035,-0.0,1.8,9.22,6.33,42.5,Normal
2026-07-02 21:03:38.871,Bologna,Košice,None,0,80.5,80,1117.6,12,0.0,0.0,1.0,-0.043,0.022,-0.0,1.8,9.22,6.33,42.5,Normal
2026-07-02 21:03:39.892,Bologna,Košice,None,0,80.5,80,1117.6,12,0.0,0.0,1.0,-0.025,-0.066,0.002,1.8,9.23,6.33,42.5,Normal
2026-07-02 21:03:40.884,Bologna,Košice,None,0,80.5,80,1117.7,12,0.0,0.0,0.0,0.07,0.057,-0.003,1.8,9.23,6.33,42.5,Normal
2026-07-02 21:03:41.870,Bologna,Košice,None,0,80.5,80,1117.8,12,0.0,0.0,1.0,0.014,0.035,-0.026,1.8,9.23,6.33,42.5,Normal
2026-07-02 21:03:42.887,Bologna,Košice,None,0,80.5,80,1117.9,12,0.0,0.0,1.0,-0.003,-0.018,-0.002,1.8,9.23,6.33,42.5,Normal
2026-07-02 21:03:43.871,Bologna,Košice,None,0,80.5,80,1117.9,12,0.0,0.0,1.0,0.0,-0.037,0.005,1.8,9.23,6.33,42.5,Normal
2026-07-02 21:03:44.895,Bologna,Košice,None,0,80.5,80,1117.5,12,0.0,0.0,0.0,0.032,-0.129,0.011,1.8,9.24,6.33,42.5,Normal
2026-07-02 21:03:45.872,Bologna,Košice,None,0,80.5,80,1117.9,12,0.0,0.0,-1.0,0.061,-0.054,-0.003,1.8,9.24,6.33,42.5,Normal
2026-07-02 21:03:46.894,Bologna,Košice,None,0,80.5,80,1117.9,12,0.0,0.0,1.0,-0.054,0.036,-0.014,1.8,9.24,6.33,42.5,Normal
2026-07-02 21:03:47.885,Bologna,Košice,None,0,80.5,80,1117.7,12,0.0,0.0,-1.0,-0.016,0.038,-0.005,1.8,9.24,6.33,42.5,Normal
2026-07-02 21:03:48.874,Bologna,Košice,None,0,80.5,80,1117.6,12,0.0,0.0,-1.0,0.0,0.004,0.017,1.8,9.24,6.33,42.4,Normal
2026-07-02 21:03:49.888,Bologna,Košice,None,0,80.5,80,1117.7,12,0.0,0.0,0.0,0.005,0.007,0.003,1.8,9.24,6.33,42.4,Normal
2026-07-02 21:03:50.874,Bologna,Košice,None,0,80.5,80,1117.6,12,0.0,0.0,0.0,-0.044,0.031,0.001,1.8,9.24,6.33,42.4,Normal
2026-07-02 21:03:51.874,Bologna,Košice,None,0,80.5,80,1117.7,12,0.0,0.0,-1.0,0.045,0.006,0.004,1.8,9.25,6.33,42.4,Normal
2026-07-02 21:03:52.874,Bologna,Košice,None,0,80.5,80,1117.6,12,0.0,0.0,0.0,-0.051,-0.007,0.002,1.8,9.25,6.33,42.4,Normal
2026-07-02 21:03:53.875,Bologna,Košice,None,0,80.5,80,1117.8,12,0.0,0.0,-1.0,0.023,0.017,-0.005,1.8,9.25,6.33,42.4,Normal
2026-07-02 21:03:54.893,Bologna,Košice,None,0,80.5,80,1117.7,12,0.0,0.0,-1.0,0.043,0.009,0.003,1.8,9.25,6.33,42.4,Normal
2026-07-02 21:03:55.899,Bologna,Košice,None,0,80.5,80,1118.0,12,0.0,0.0,-1.0,0.011,0.079,-0.014,1.8,9.25,6.33,42.4,Normal
2026-07-02 21:03:56.895,Bologna,Košice,None,0,80.5,80,1117.7,12,0.0,0.0,-1.0,0.051,0.081,-0.005,1.8,9.25,6.33,42.4,Normal
2026-07-02 21:03:57.877,Bologna,Košice,None,0,80.5,80,1117.7,12,0.0,0.0,-1.0,-0.032,-0.004,-0.008,1.8,9.25,6.33,42.4,Normal
2026-07-02 21:03:58.898,Bologna,Košice,None,0,80.5,80,1117.9,12,0.0,0.0,1.0,-0.048,0.033,-0.017,1.8,9.26,6.33,42.4,Normal
2026-07-02 21:03:59.895,Bologna,Košice,None,0,80.5,80,1117.8,12,0.0,0.0,0.0,-0.01,0.049,-0.006,1.8,9.26,6.33,42.4,Normal
2026-07-02 21:04:00.889,Bologna,Košice,None,0,80.5,80,1117.7,12,0.0,0.0,-1.0,0.001,0.02,-0.022,1.8,9.26,6.33,42.4,Normal
2026-07-02 21:04:01.877,Bologna,Košice,None,0,80.5,80,1117.6,12,0.0,0.0,0.0,-0.0,0.004,-0.009,1.8,9.26,6.33,42.3,Normal
2026-07-02 21:04:02.878,Bologna,Košice,None,0,80.5,80,1117.6,12,0.0,0.0,1.0,-0.049,0.036,-0.006,1.8,9.26,6.33,42.3,Normal
2026-07-02 21:04:03.902,Bologna,Košice,None,0,80.5,80,1117.7,12,0.0,0.0,0.0,0.026,0.051,-0.0,1.8,9.27,6.33,42.3,Normal
2026-07-02 21:04:04.900,Bologna,Košice,None,0,80.5,80,1117.7,12,0.0,0.0,1.0,-0.023,-0.045,0.001,1.8,9.27,6.33,42.3,Normal
2026-07-02 21:04:05.892,Bologna,Košice,None,0,80.5,80,1117.7,12,0.0,0.0,1.0,-0.001,-0.039,-0.001,1.8,9.27,6.33,42.3,Normal
2026-07-02 21:04:06.902,Bologna,Košice,None,0,80.5,80,1117.6,12,0.0,0.0,1.0,-0.05,0.004,0.001,1.8,9.27,6.33,42.3,Normal
2026-07-02 21:04:07.880,Bologna,Košice,None,0,80.5,80,1117.7,12,0.0,0.0,1.0,0.014,-0.046,0.004,1.8,9.27,6.33,42.3,Normal
2026-07-02 21:04:08.902,Bologna,Košice,None,0,80.5,80,1117.6,12,0.0,0.0,0.0,0.028,-0.052,0.001,1.8,9.27,6.33,42.3,Normal
2026-07-02 21:04:09.892,Bologna,Košice,None,0,80.5,80,1117.7,12,0.0,0.0,1.0,-0.012,0.022,-0.002,1.8,9.27,6.33,42.3,Normal
2026-07-02 21:04:10.880,Bologna,Košice,None,0,80.5,80,1117.5,12,0.0,0.0,0.0,0.006,0.016,0.01,1.8,9.28,6.33,42.3,Normal
2026-07-02 21:04:11.882,Bologna,Košice,None,0,80.5,80,1117.7,12,0.0,0.0,0.0,-0.004,-0.041,-0.002,1.8,9.28,6.33,42.3,Normal
2026-07-02 21:04:12.882,Bologna,Košice,None,0,80.5,80,1117.6,12,0.0,0.0,0.0,0.006,-0.002,0.003,1.8,9.28,6.33,42.3,Normal
2026-07-02 21:04:13.881,Bologna,Košice,None,0,80.5,80,1117.7,12,0.0,0.0,0.0,0.039,-0.077,0.009,1.8,9.28,6.33,42.2,Normal
2026-07-02 21:04:14.905,Bologna,Košice,None,0,80.5,80,1117.8,12,0.0,0.0,0.0,0.023,-0.025,-0.003,1.8,9.28,6.33,42.2,Normal
2026-07-02 21:04:15.883,Bologna,Košice,None,0,80.5,80,1117.6,12,0.0,0.0,1.0,-0.065,0.005,0.003,1.8,9.28,6.33,42.2,Normal
2026-07-02 21:04:16.902,Bologna,Košice,None,0,80.5,80,1117.6,12,0.0,0.0,0.0,0.07,0.016,0.001,1.8,9.28,6.33,42.2,Normal
2026-07-02 21:04:17.899,Bologna,Košice,None,0,80.5,80,1117.7,12,0.0,0.0,1.0,-0.008,-0.012,0.003,1.8,9.29,6.33,42.2,Normal
2026-07-02 21:04:18.883,Bologna,Košice,None,0,80.5,80,1117.7,12,0.0,0.0,1.0,0.007,0.007,0.001,1.8,9.29,6.33,42.2,Normal
2026-07-02 21:04:19.900,Bologna,Košice,None,0,80.5,80,1117.9,12,0.0,0.0,0.0,0.012,0.002,0.001,1.81,9.29,6.33,42.2,Normal
2026-07-02 21:04:20.896,Bologna,Košice,None,0,80.5,80,1117.8,12,0.0,0.0,0.0,0.021,0.033,-0.007,1.81,9.29,6.33,42.2,Normal
2026-07-02 21:04:21.892,Bologna,Košice,None,0,80.5,80,1117.9,12,0.0,0.0,1.0,0.001,0.015,-0.006,1.81,9.29,6.33,42.2,Normal
2026-07-02 21:04:22.884,Bologna,Košice,None,0,80.5,80,1118.0,12,0.0,0.0,0.0,0.051,-0.024,-0.002,1.81,9.3,6.33,42.2,Normal
2026-07-02 21:04:23.886,Bologna,Košice,None,0,80.5,80,1117.6,12,0.0,0.0,1.0,-0.043,0.101,-0.001,1.81,9.3,6.33,42.2,Normal
2026-07-02 21:04:24.910,Bologna,Košice,None,0,80.5,80,1117.8,12,0.0,0.0,1.0,-0.0,0.104,0.001,1.81,9.3,6.33,42.1,Normal
2026-07-02 21:04:25.903,Bologna,Košice,None,0,80.5,80,1117.8,12,0.0,0.0,1.0,-0.006,0.048,0.004,1.81,9.3,6.33,42.1,Normal
2026-07-02 21:04:26.886,Bologna,Košice,None,0,80.5,80,1117.9,12,0.0,0.0,1.0,-0.001,-0.008,0.005,1.81,9.3,6.33,42.1,Normal
2026-07-02 21:04:27.887,Bologna,Košice,None,0,80.5,80,1117.9,12,0.0,0.0,1.0,-0.006,0.046,-0.006,1.81,9.3,6.33,42.1,Normal
2026-07-02 21:04:28.902,Bologna,Košice,None,0,80.5,80,1118.2,12,0.0,0.0,1.0,0.029,0.046,-0.01,1.81,9.3,6.33,42.1,Normal
2026-07-02 21:04:29.887,Bologna,Košice,None,0,80.5,80,1118.1,12,0.0,0.0,1.0,0.002,-0.016,-0.002,1.81,9.31,6.33,42.1,Normal
2026-07-02 21:04:30.911,Bologna,Košice,None,0,80.5,80,1118.1,12,0.0,0.0,1.0,0.019,0.038,-0.003,1.81,9.31,6.33,42.1,Normal
2026-07-02 21:04:31.888,Bologna,Košice,None,0,80.5,80,1118.2,12,0.0,0.0,1.0,-0.012,0.027,0.001,1.81,9.31,6.33,42.1,Normal
2026-07-02 21:04:32.912,Bologna,Košice,None,0,80.5,80,1118.2,12,0.0,0.0,1.0,-0.033,0.019,-0.004,1.81,9.31,6.33,42.0,Normal
2026-07-02 21:04:33.889,Bologna,Košice,None,0,80.2,80,1112.5,12,0.0,0.0,0.0,0.03,0.044,0.199,1.81,9.31,6.33,42.0,Normal
2026-07-02 21:04:34.888,Bologna,Košice,None,0,79.3,80,1099.9,12,0.0,0.0,1.0,-0.018,-0.004,0.276,1.81,9.31,6.33,42.0,Normal
2026-07-02 21:04:35.900,Bologna,Košice,None,0,78.3,80,1085.2,12,0.0,0.0,1.0,0.006,0.022,0.277,1.81,9.31,6.33,42.0,Normal
2026-07-02 21:04:36.889,Bologna,Košice,None,0,77.3,80,1071.7,12,0.0,0.0,0.0,0.049,0.0,0.28,1.81,9.32,6.33,42.0,Normal
2026-07-02 21:04:37.890,Bologna,Košice,None,0,76.2,80,1056.8,12,0.0,0.0,0.0,0.017,0.074,0.285,1.81,9.32,6.33,42.0,Normal
2026-07-02 21:04:38.890,Bologna,Košice,None,0,75.1,80,1041.8,12,0.0,0.0,0.0,0.013,0.051,0.291,1.81,9.32,6.33,42.0,Normal
2026-07-02 21:04:39.910,Bologna,Košice,None,0,74.0,80,1026.4,12,0.0,0.0,0.0,-0.001,0.035,0.304,1.81,9.32,6.33,42.0,Normal
2026-07-02 21:04:40.891,Bologna,Košice,None,0,73.0,80,1011.5,12,0.0,0.0,-1.0,0.038,0.01,0.308,1.81,9.32,6.33,42.0,Normal
2026-07-02 21:04:41.891,Bologna,Košice,None,0,71.8,80,995.9,12,0.0,0.0,-1.0,0.02,-0.05,0.32,1.81,9.33,6.33,42.0,Normal
2026-07-02 21:04:42.908,Bologna,Košice,None,0,70.7,80,1033.9,12,0.0,0.0,-1.0,0.038,0.022,0.303,1.81,9.33,6.33,42.0,Normal
2026-07-02 21:04:43.892,Bologna,Košice,None,0,69.8,80,1248.6,11,0.0,0.0,-1.0,0.017,-0.005,0.269,1.81,9.33,6.33,42.0,Normal
2026-07-02 21:04:44.893,Bologna,Košice,None,0,68.7,80,1228.2,11,0.0,0.0,-1.0,0.156,0.006,0.317,1.81,9.33,6.33,42.0,Normal
2026-07-02 21:04:45.892,Bologna,Košice,None,0,67.6,80,1208.3,11,0.0,0.0,-1.0,0.05,0.002,0.307,1.81,9.33,6.33,42.0,Normal
2026-07-02 21:04:46.893,Bologna,Košice,None,0,66.5,80,1189.4,11,0.0,0.0,-1.0,-0.043,-0.025,0.3,1.81,9.33,6.33,42.0,Normal
2026-07-02 21:04:47.893,Bologna,Košice,None,0,65.5,80,1170.8,11,0.0,0.0,0.0,-0.068,-0.035,0.296,1.81,9.33,6.33,42.0,Normal
2026-07-02 21:04:48.917,Bologna,Košice,None,0,64.4,80,1152.1,11,0.0,0.0,-1.0,0.043,-0.045,0.292,1.81,9.33,6.33,42.0,Normal
2026-07-02 21:04:49.918,Bologna,Košice,None,0,63.4,80,1133.9,11,0.0,0.0,-1.0,0.011,-0.025,0.289,1.81,9.34,6.33,42.0,Normal
2026-07-02 21:04:50.913,Bologna,Košice,None,0,62.3,80,1115.2,11,0.0,0.0,-1.0,0.093,-0.014,0.294,1.81,9.34,6.33,42.0,Normal
2026-07-02 21:04:51.894,Bologna,Košice,None,0,61.3,80,1095.9,11,0.0,0.0,-1.0,-0.001,0.035,0.306,1.81,9.34,6.33,42.0,Normal
2026-07-02 21:04:52.895,Bologna,Košice,None,0,60.1,80,1075.6,11,0.06,0.0,-1.0,0.023,0.028,0.312,1.81,9.34,6.33,42.0,Normal
2026-07-02 21:04:53.896,Bologna,Košice,None,0,59.4,80,1065.2,11,0.25,0.0,0.0,-0.142,-0.023,0.12,1.81,9.34,6.33,42.0,Normal
2026-07-02 21:04:54.896,Bologna,Košice,None,0,59.1,80,1059.7,11,0.21,0.0,1.0,-0.161,0.013,0.063,1.81,9.34,6.33,42.0,Normal
2026-07-02 21:04:55.895,Bologna,Košice,None,0,59.0,80,1056.2,11,0.2,0.0,1.0,-0.045,-0.003,0.042,1.81,9.34,6.33,42.0,Normal
2026-07-02 21:04:56.896,Bologna,Košice,None,0,58.7,80,1049.6,11,0.0,0.0,0.0,0.012,-0.013,0.165,1.81,9.34,6.33,42.0,Normal
2026-07-02 21:04:57.908,Bologna,Košice,None,0,58.1,80,1039.4,11,0.07,0.0,0.0,0.008,-0.068,0.121,1.81,9.34,6.33,42.0,Normal
2026-07-02 21:04:58.915,Bologna,Košice,None,0,57.8,80,1035.9,11,0.14,0.0,0.0,0.004,0.019,0.025,1.81,9.34,6.33,42.0,Normal
2026-07-02 21:04:59.908,Bologna,Košice,None,0,57.8,80,1035.6,11,0.13,0.0,-1.0,0.034,-0.01,0.001,1.81,9.35,6.33,42.0,Normal
2026-07-02 21:05:00.916,Bologna,Košice,None,0,57.9,80,1038.5,11,0.27,0.0,0.0,-0.054,-0.034,-0.059,1.81,9.35,6.33,42.0,Normal
2026-07-02 21:05:01.912,Bologna,Košice,None,0,58.5,80,1048.6,11,0.32,0.0,1.0,0.019,-0.034,-0.192,1.81,9.35,6.33,42.0,Normal
2026-07-02 21:05:02.921,Bologna,Košice,None,0,59.2,80,1061.8,11,0.33,0.0,0.0,0.016,-0.038,-0.214,1.81,9.35,6.33,42.0,Normal
2026-07-02 21:05:03.916,Bologna,Košice,None,0,60.0,80,1076.8,11,0.34,0.0,0.0,0.007,-0.002,-0.232,1.81,9.35,6.33,42.0,Normal
2026-07-02 21:05:04.899,Bologna,Košice,None,0,60.9,80,1091.8,11,0.35,0.0,0.0,-0.016,-0.028,-0.228,1.81,9.35,6.33,41.9,Normal
2026-07-02 21:05:05.923,Bologna,Košice,None,0,62.0,80,1114.9,11,0.96,0.0,0.0,0.013,-0.039,-0.395,1.81,9.36,6.33,41.9,Normal
2026-07-02 21:05:06.900,Bologna,Košice,None,0,63.9,80,1149.3,11,0.73,0.0,-1.0,0.011,-0.019,-0.573,1.81,9.36,6.33,41.9,Normal
2026-07-02 21:05:07.900,Bologna,Košice,None,0,65.9,80,1183.6,11,0.63,0.0,0.0,0.021,-0.026,-0.52,1.81,9.36,6.33,41.9,Normal
2026-07-02 21:05:08.920,Bologna,Košice,None,0,67.7,80,1215.2,11,0.62,0.0,0.0,0.005,0.072,-0.458,1.81,9.36,6.33,41.9,Normal
2026-07-02 21:05:09.900,Bologna,Košice,None,0,69.3,80,1244.8,11,0.61,0.0,0.0,-0.011,-0.035,-0.462,1.81,9.36,6.33,41.8,Normal
2026-07-02 21:05:10.926,Bologna,Košice,None,0,71.0,80,1274.1,11,0.6,0.0,0.0,0.006,-0.02,-0.447,1.81,9.36,6.33,41.8,Normal
2026-07-02 21:05:11.901,Bologna,Košice,None,0,72.5,80,1301.8,11,0.59,0.0,0.0,0.008,0.015,-0.43,1.81,9.36,6.33,41.8,Normal
2026-07-02 21:05:12.902,Bologna,Košice,None,0,74.0,80,1328.6,11,0.58,0.0,0.0,0.019,-0.015,-0.411,1.81,9.36,6.33,41.8,Normal
2026-07-02 21:05:13.925,Bologna,Košice,None,0,75.4,80,1354.1,11,0.56,0.0,-1.0,0.012,0.03,-0.376,1.81,9.36,6.33,41.8,Normal
2026-07-02 21:05:14.903,Bologna,Košice,None,0,76.4,80,1186.9,11,0.56,0.0,-1.0,0.042,0.064,-0.059,1.81,9.37,6.33,41.7,Normal
2026-07-02 21:05:15.903,Bologna,Košice,None,0,76.4,80,1062.1,12,0.56,0.0,-1.0,0.022,0.005,-0.083,1.81,9.37,6.33,41.7,Normal
2026-07-02 21:05:16.903,Bologna,Košice,None,0,77.0,80,1071.9,12,0.55,0.0,-1.0,0.064,0.015,-0.212,1.81,9.37,6.33,41.7,Normal
2026-07-02 21:05:17.903,Bologna,Košice,None,0,77.8,80,1082.6,12,0.56,0.0,-1.0,0.047,-0.04,-0.206,1.81,9.37,6.33,41.7,Normal
2026-07-02 21:05:18.904,Bologna,Košice,None,0,78.6,80,1093.2,12,0.56,0.0,-1.0,-0.056,-0.007,-0.207,1.81,9.37,6.33,41.7,Normal
2026-07-02 21:05:19.904,Bologna,Košice,None,0,79.3,80,1103.1,12,0.55,0.0,1.0,-0.095,0.038,-0.21,1.81,9.38,6.33,41.7,Normal
2026-07-02 21:05:20.915,Bologna,Košice,None,0,80.0,80,1113.7,12,0.59,0.0,1.0,-0.08,-0.037,-0.217,1.81,9.38,6.33,41.7,Normal
2026-07-02 21:05:21.924,Bologna,Košice,None,0,80.7,80,1119.4,12,0.0,0.0,0.0,0.057,0.051,-0.045,1.81,9.38,6.34,41.6,Normal
2026-07-02 21:05:22.904,Bologna,Košice,None,0,80.4,80,1116.9,12,0.0,0.0,1.0,-0.249,0.012,0.054,1.81,9.38,6.34,41.6,Normal
2026-07-02 21:05:23.914,Bologna,Košice,None,0,80.5,80,1116.2,12,0.0,0.0,0.0,0.036,0.092,0.0,1.82,9.38,6.34,41.6,Normal
2026-07-02 21:05:24.928,Bologna,Košice,None,0,80.2,80,1113.9,12,0.0,0.0,-1.0,0.053,0.035,0.02,1.82,9.38,6.34,41.6,Normal
2026-07-02 21:05:25.905,Bologna,Košice,None,0,80.3,80,1115.5,12,0.0,0.0,0.0,0.005,0.009,-0.047,1.82,9.38,6.34,41.6,Normal
2026-07-02 21:05:26.919,Bologna,Košice,None,0,80.4,80,1116.8,12,0.0,0.0,1.0,-0.052,0.026,-0.018,1.82,9.39,6.34,41.6,Normal
2026-07-02 21:05:27.906,Bologna,Košice,None,0,80.4,80,1117.0,12,0.0,0.0,0.0,0.012,0.012,-0.007,1.82,9.39,6.34,41.6,Normal
2026-07-02 21:05:28.907,Bologna,Košice,None,0,80.4,80,1117.1,12,0.0,0.0,1.0,-0.05,0.002,0.001,1.82,9.39,6.34,41.6,Normal
2026-07-02 21:05:29.907,Bologna,Košice,None,0,80.4,80,1117.3,12,0.0,0.0,1.0,-0.025,0.045,-0.009,1.82,9.39,6.34,41.6,Normal
2026-07-02 21:05:30.908,Bologna,Košice,None,0,80.4,80,1117.3,12,0.0,0.0,0.0,0.047,-0.084,0.008,1.82,9.39,6.34,41.6,Normal
2026-07-02 21:05:31.909,Bologna,Košice,None,0,80.5,80,1117.3,12,0.0,0.0,1.0,-0.011,-0.124,0.0,1.82,9.39,6.34,41.6,Normal
2026-07-02 21:05:32.910,Bologna,Košice,None,0,80.2,80,1112.1,12,0.0,0.0,1.0,0.033,-0.068,0.155,1.82,9.39,6.34,41.6,Normal
2026-07-02 21:05:33.912,Bologna,Košice,None,0,79.6,80,1103.2,12,0.0,0.0,0.0,0.033,-0.05,0.188,1.82,9.4,6.34,41.6,Normal
2026-07-02 21:05:34.911,Bologna,Košice,None,0,78.9,80,1093.4,12,0.0,0.0,1.0,0.025,-0.002,0.2,1.82,9.4,6.34,41.6,Normal
2026-07-02 21:05:35.911,Bologna,Košice,None,0,78.1,80,1083.5,12,0.0,0.0,0.0,0.06,0.044,0.217,1.82,9.4,6.34,41.6,Normal
2026-07-02 21:05:36.910,Bologna,Košice,None,0,77.4,80,1073.1,12,0.0,0.0,0.0,0.038,-0.003,0.224,1.82,9.4,6.34,41.6,Normal
2026-07-02 21:05:37.925,Bologna,Košice,None,0,76.6,80,1062.6,12,0.0,0.0,0.0,0.02,0.01,0.198,1.82,9.4,6.34,41.6,Normal
2026-07-02 21:05:38.911,Bologna,Košice,None,0,76.0,80,1053.3,12,0.0,0.0,0.0,0.006,0.039,0.192,1.82,9.41,6.34,41.6,Normal
2026-07-02 21:05:39.928,Bologna,Košice,None,0,75.2,80,1042.5,12,0.0,0.0,-1.0,0.097,-0.03,0.213,1.82,9.41,6.34,41.6,Normal
2026-07-02 21:05:40.912,Bologna,Košice,None,0,74.5,80,1032.8,12,0.0,0.0,-1.0,0.012,-0.047,0.21,1.82,9.41,6.34,41.6,Normal
2026-07-02 21:05:41.931,Bologna,Košice,None,0,73.7,80,1022.4,12,0.0,0.0,-1.0,0.01,0.067,0.201,1.82,9.41,6.34,41.6,Normal
2026-07-02 21:05:42.912,Bologna,Košice,None,0,73.1,80,1012.8,12,0.0,0.0,0.0,-0.065,0.048,0.21,1.82,9.41,6.34,41.6,Normal
2026-07-02 21:05:43.912,Bologna,Košice,None,0,72.3,80,1002.8,12,0.0,0.0,0.0,-0.029,-0.017,0.204,1.82,9.41,6.34,41.6,Normal
2026-07-02 21:05:44.936,Bologna,Košice,None,0,71.6,80,992.5,12,0.0,0.0,-1.0,-0.002,-0.006,0.211,1.82,9.41,6.34,41.6,Normal
2026-07-02 21:05:45.913,Bologna,Košice,None,0,70.9,80,1035.1,12,0.0,0.0,0.0,-0.007,0.042,0.197,1.82,9.42,6.34,41.6,Normal
2026-07-02 21:05:46.937,Bologna,Košice,None,0,70.2,80,1256.7,11,0.0,0.0,-1.0,0.019,0.023,0.177,1.82,9.42,6.34,41.6,Normal
2026-07-02 21:05:47.913,Bologna,Košice,None,0,69.5,80,1243.6,11,0.0,0.0,-1.0,0.01,-0.021,0.224,1.82,9.42,6.34,41.6,Normal
2026-07-02 21:05:48.914,Bologna,Košice,None,0,68.7,80,1229.4,11,0.0,0.0,-1.0,0.011,0.002,0.221,1.82,9.42,6.34,41.6,Normal
2026-07-02 21:05:49.914,Bologna,Košice,None,0,67.9,80,1215.2,11,0.0,0.0,0.0,-0.03,-0.012,0.213,1.82,9.42,6.34,41.6,Normal
2026-07-02 21:05:50.928,Bologna,Košice,None,0,67.1,80,1201.1,11,0.0,0.0,-1.0,0.005,0.005,0.212,1.82,9.42,6.34,41.6,Normal
2026-07-02 21:05:51.939,Bologna,Košice,None,0,66.3,80,1186.8,11,0.0,0.0,-1.0,0.019,-0.02,0.218,1.82,9.42,6.34,41.6,Normal
2026-07-02 21:05:52.930,Bologna,Košice,None,0,65.6,80,1173.2,11,0.0,0.0,-1.0,-0.0,-0.033,0.212,1.82,9.42,6.34,41.6,Normal
2026-07-02 21:05:53.939,Bologna,Košice,None,0,64.2,80,1144.6,11,0.0,0.3,-1.0,0.087,0.085,0.932,1.82,9.42,6.34,41.6,Normal
2026-07-02 21:05:54.932,Bologna,Košice,None,0,57.5,50,1025.9,11,0.0,0.02,-1.0,-0.003,-0.092,1.51,1.82,9.43,6.34,41.6,Speeding
2026-07-02 21:05:55.940,Bologna,Košice,None,0,54.5,50,973.4,11,0.0,0.0,0.0,-0.022,-0.01,0.636,1.82,9.43,6.34,41.6,Normal
2026-07-02 21:05:56.936,Bologna,Košice,None,0,52.0,50,1152.3,10,0.0,0.0,0.0,-0.02,-0.012,0.705,1.82,9.43,6.34,41.6,Normal
2026-07-02 21:05:57.916,Bologna,Košice,None,0,49.0,50,1079.5,10,0.0,0.32,-1.0,0.085,0.019,1.544,1.82,9.43,6.34,41.6,Normal
2026-07-02 21:05:58.917,Bologna,Košice,None,0,42.6,50,942.9,10,0.0,0.0,0.0,-0.042,-0.076,1.05,1.82,9.43,6.34,41.6,Normal
2026-07-02 21:05:59.917,Bologna,Košice,None,0,37.6,50,1073.1,9,0.0,0.0,-1.0,0.014,0.031,1.592,1.82,9.43,6.34,41.5,Normal
2026-07-02 21:06:00.917,Bologna,Košice,None,0,34.4,50,981.2,9,0.0,0.0,-1.0,0.005,0.017,0.719,1.82,9.43,6.34,41.5,Normal
2026-07-02 21:06:01.917,Bologna,Košice,None,0,32.7,50,936.2,9,0.0,0.0,0.0,-0.007,-0.023,0.291,1.82,9.43,6.34,41.5,Normal
2026-07-02 21:06:02.918,Bologna,Košice,None,0,32.0,30,898.2,9,0.0,0.0,0.0,-0.005,0.004,0.195,1.82,9.44,6.34,41.5,Normal
2026-07-02 21:06:03.918,Bologna,Košice,None,0,31.5,30,1157.1,8,0.0,0.0,1.0,-0.009,-0.001,0.1,1.82,9.44,6.34,41.5,Normal
2026-07-02 21:06:04.918,Bologna,Košice,None,0,31.8,30,1169.3,8,0.0,0.0,0.0,-0.046,0.004,-0.082,1.82,9.44,6.34,41.5,Normal
2026-07-02 21:06:05.919,Bologna,Košice,None,0,31.7,30,1165.4,8,0.0,0.0,0.0,-0.02,-0.002,0.007,1.82,9.44,6.34,41.5,Normal
2026-07-02 21:06:06.919,Bologna,Košice,None,0,31.8,30,1167.3,8,0.0,0.0,-1.0,0.021,0.021,-0.008,1.82,9.44,6.34,41.5,Normal
2026-07-02 21:06:07.938,Bologna,Košice,None,0,31.8,30,1166.8,8,0.0,0.0,-1.0,0.017,0.002,0.009,1.82,9.44,6.34,41.5,Normal
2026-07-02 21:06:08.919,Bologna,Košice,None,0,31.8,30,1167.1,8,0.0,0.0,0.0,-0.009,0.022,-0.001,1.82,9.44,6.34,41.5,Normal
2026-07-02 21:06:09.942,Bologna,Košice,None,0,31.8,30,1167.3,8,0.0,0.0,1.0,-0.014,-0.017,-0.002,1.82,9.44,6.34,41.5,Normal
2026-07-02 21:06:10.937,Bologna,Košice,None,0,31.8,30,1167.1,8,0.0,0.0,1.0,-0.021,-0.024,0.001,1.82,9.44,6.34,41.5,Normal
2026-07-02 21:06:11.934,Bologna,Košice,None,0,31.8,30,1167.2,8,0.0,0.0,0.0,-0.007,-0.024,0.001,1.82,9.44,6.34,41.5,Normal
2026-07-02 21:06:12.943,Bologna,Košice,None,0,31.8,30,1167.1,8,0.0,0.0,0.0,0.013,-0.034,0.005,1.82,9.44,6.34,41.5,Normal
2026-07-02 21:06:13.922,Bologna,Košice,None,0,31.8,30,1167.2,8,0.0,0.0,0.0,0.003,-0.006,0.0,1.82,9.44,6.34,41.5,Normal
2026-07-02 21:06:14.935,Bologna,Košice,None,0,31.8,30,1167.3,8,0.0,0.0,0.0,0.014,0.013,-0.003,1.82,9.44,6.34,41.5,Normal
2026-07-02 21:06:15.944,Bologna,Košice,None,0,31.8,30,1167.3,8,0.0,0.0,0.0,0.01,-0.007,0.004,1.82,9.44,6.34,41.5,Normal
2026-07-02 21:06:16.923,Bologna,Košice,None,0,31.8,30,1167.3,8,0.0,0.0,0.0,0.008,-0.0,-0.001,1.82,9.44,6.34,41.5,Normal
2026-07-02 21:06:17.924,Bologna,Košice,None,0,31.8,30,1167.2,8,0.0,0.0,0.0,-0.031,0.007,-0.004,1.82,9.44,6.34,41.5,Normal
2026-07-02 21:06:18.925,Bologna,Košice,None,0,31.8,30,1167.2,8,0.0,0.0,0.0,0.012,0.001,-0.001,1.82,9.44,6.34,41.5,Normal
2026-07-02 21:06:19.924,Bologna,Košice,None,0,31.8,80,1167.3,8,0.0,0.0,0.0,-0.003,-0.019,-0.001,1.82,9.44,6.34,41.5,Normal
2026-07-02 21:06:20.925,Bologna,Košice,None,0,31.8,80,1167.8,8,0.76,0.0,0.0,-0.003,-0.0,-0.001,1.82,9.45,6.34,41.5,Normal
2026-07-02 21:06:21.925,Bologna,Košice,None,0,34.4,80,1271.6,8,1.0,0.0,1.0,-0.047,-0.029,-1.104,1.82,9.45,6.34,41.4,Normal
2026-07-02 21:06:22.944,Bologna,Košice,None,0,38.5,80,1424.7,8,1.0,0.0,0.0,0.008,-0.021,-1.163,1.82,9.45,6.34,41.4,Normal
2026-07-02 21:06:23.926,Bologna,Košice,None,0,41.2,80,1281.7,8,0.98,0.0,0.0,0.002,0.134,-0.163,1.82,9.45,6.34,41.4,Normal
2026-07-02 21:06:24.926,Bologna,Košice,None,0,41.5,80,1195.5,9,1.0,0.0,0.0,-0.002,-0.04,-0.438,1.82,9.45,6.34,41.4,Normal
2026-07-02 21:06:25.949,Bologna,Košice,None,0,44.4,80,1280.1,9,1.0,0.0,0.0,0.033,-0.021,-0.899,1.82,9.45,6.34,41.4,Normal
2026-07-02 21:06:26.927,Bologna,Košice,None,0,47.6,80,1370.0,9,1.0,0.0,0.0,-0.007,-0.003,-0.896,1.82,9.45,6.34,41.3,Normal
2026-07-02 21:06:27.927,Bologna,Košice,None,0,50.7,80,1459.7,9,1.0,0.0,0.0,-0.001,-0.01,-0.875,1.82,9.45,6.34,41.3,Normal
2026-07-02 21:06:28.928,Bologna,Košice,None,0,51.9,80,1152.0,10,1.0,0.0,0.0,0.012,0.024,0.016,1.82,9.45,6.34,41.3,Normal
2026-07-02 21:06:29.928,Bologna,Košice,None,0,52.5,80,1171.0,10,0.99,0.0,0.0,-0.036,-0.09,-0.504,1.82,9.45,6.34,41.3,Normal
2026-07-02 21:06:30.928,Bologna,Košice,None,0,54.8,80,1222.7,10,0.96,0.0,0.0,0.005,-0.0,-0.663,1.82,9.45,6.34,41.2,Normal
2026-07-02 21:06:31.929,Bologna,Košice,None,0,57.2,80,1275.5,10,1.0,0.0,0.0,-0.008,0.019,-0.664,1.82,9.45,6.34,41.2,Normal
2026-07-02 21:06:32.953,Bologna,Košice,None,0,59.7,80,1329.5,10,1.0,0.0,0.0,0.001,0.005,-0.668,1.82,9.45,6.34,41.2,Normal
2026-07-02 21:06:33.929,Bologna,Košice,None,0,62.0,80,1380.5,10,1.0,0.0,0.0,0.001,-0.041,-0.662,1.82,9.46,6.34,41.1,Normal
2026-07-02 21:06:34.929,Bologna,Košice,None,0,64.3,80,1432.0,10,1.0,0.0,0.0,-0.004,-0.04,-0.66,1.82,9.46,6.34,41.1,Normal
2026-07-02 21:06:35.930,Bologna,Košice,None,0,66.1,80,1338.5,10,1.0,0.0,0.0,-0.018,0.133,-0.17,1.82,9.46,6.34,41.1,Normal
2026-07-02 21:06:36.952,Bologna,Košice,None,0,66.0,80,1186.4,11,0.96,0.0,1.0,-0.048,-0.022,-0.091,1.82,9.46,6.34,41.1,Normal
2026-07-02 21:06:37.947,Bologna,Košice,None,0,67.5,80,1213.9,11,0.97,0.0,0.0,0.014,-0.051,-0.488,1.82,9.46,6.34,41.1,Normal
2026-07-02 21:06:38.931,Bologna,Košice,None,0,69.3,80,1245.2,11,0.92,0.0,0.0,0.002,0.079,-0.49,1.82,9.46,6.34,41.0,Normal
2026-07-02 21:06:39.948,Bologna,Košice,None,0,71.0,80,1275.8,11,0.89,0.0,1.0,-0.065,0.017,-0.456,1.82,9.47,6.34,41.0,Normal
2026-07-02 21:06:40.932,Bologna,Košice,None,0,72.7,80,1305.9,11,0.91,0.0,0.0,0.017,0.084,-0.459,1.82,9.47,6.34,41.0,Normal
2026-07-02 21:06:41.944,Bologna,Košice,None,0,74.3,80,1334.6,11,0.65,0.0,1.0,-0.046,-0.02,-0.463,1.82,9.47,6.34,40.9,Normal
2026-07-02 21:06:42.933,Bologna,Košice,None,0,74.4,80,1331.0,11,0.0,0.0,1.0,-0.043,-0.025,0.165,1.82,9.47,6.34,40.9,Normal
2026-07-02 21:06:43.933,Bologna,Košice,None,0,74.0,80,1327.8,11,0.46,0.0,1.0,0.01,-0.027,-0.074,1.82,9.47,6.34,40.9,Normal
2026-07-02 21:06:44.933,Bologna,Košice,None,0,74.6,80,1339.1,11,0.46,0.0,0.0,0.042,-0.008,-0.209,1.83,9.47,6.34,40.9,Normal
2026-07-02 21:06:45.933,Bologna,Košice,None,0,75.3,80,1351.0,11,0.45,0.0,0.0,0.02,0.025,-0.18,1.83,9.47,6.34,40.9,Normal
2026-07-02 21:06:46.933,Bologna,Košice,None,0,76.0,80,1364.1,11,0.5,0.0,0.0,0.012,-0.042,-0.217,1.83,9.48,6.34,40.9,Normal
2026-07-02 21:06:47.934,Bologna,Košice,None,0,76.0,80,1053.7,12,0.45,0.0,0.0,-0.007,0.02,0.149,1.83,9.48,6.34,40.9,Normal
2026-07-02 21:06:48.946,Bologna,Košice,None,0,75.9,80,1055.3,12,0.51,0.0,1.0,-0.004,0.019,-0.092,1.83,9.48,6.34,40.9,Normal
2026-07-02 21:06:49.954,Bologna,Košice,None,0,76.4,80,1062.0,12,0.5,0.0,1.0,-0.046,-0.014,-0.142,1.83,9.48,6.34,40.8,Normal
2026-07-02 21:06:50.959,Bologna,Košice,None,0,76.9,80,1069.2,12,0.5,0.0,0.0,0.038,-0.056,-0.145,1.83,9.48,6.34,40.8,Normal
2026-07-02 21:06:51.935,Bologna,Košice,None,0,77.4,80,1076.6,12,0.58,0.0,1.0,0.001,-0.059,-0.158,1.83,9.48,6.34,40.8,Normal
2026-07-02 21:06:52.935,Bologna,Košice,None,0,78.0,80,1085.9,12,0.59,0.0,1.0,-0.03,0.044,-0.201,1.83,9.48,6.34,40.8,Normal
2026-07-02 21:06:53.953,Bologna,Košice,None,0,78.8,80,1095.7,12,0.56,0.0,-1.0,0.051,0.036,-0.175,1.83,9.48,6.34,40.8,Normal
2026-07-02 21:06:54.957,Bologna,Košice,None,0,79.4,80,1104.8,12,0.61,0.0,-1.0,0.029,0.038,-0.198,1.83,9.49,6.34,40.8,Normal
2026-07-02 21:06:55.961,Bologna,Košice,None,0,80.0,80,1110.2,12,0.0,0.0,0.0,-0.025,0.087,-0.033,1.83,9.49,6.34,40.7,Normal
2026-07-02 21:06:56.936,Bologna,Košice,None,0,79.9,80,1109.3,12,0.0,0.0,0.0,-0.011,-0.055,0.027,1.83,9.49,6.34,40.7,Normal
2026-07-02 21:06:57.937,Bologna,Košice,None,0,79.9,80,1110.2,12,0.0,0.0,0.0,0.012,0.024,-0.035,1.83,9.49,6.34,40.7,Normal
2026-07-02 21:06:58.937,Bologna,Košice,None,0,80.0,80,1110.9,12,0.0,0.0,0.0,-0.009,-0.012,-0.006,1.83,9.49,6.34,40.7,Normal
2026-07-02 21:06:59.937,Bologna,Košice,None,0,80.0,80,1110.7,12,0.0,0.0,0.0,-0.012,0.041,0.011,1.83,9.5,6.34,40.7,Normal
2026-07-02 21:07:00.958,Bologna,Košice,None,0,80.0,80,1110.8,12,0.0,0.0,0.0,-0.015,-0.009,0.011,1.83,9.5,6.34,40.7,Normal
2026-07-02 21:07:01.939,Bologna,Košice,None,0,80.0,80,1110.7,12,0.0,0.0,0.0,-0.01,0.002,0.002,1.83,9.5,6.34,40.7,Normal
2026-07-02 21:07:02.961,Bologna,Košice,None,0,80.0,80,1110.8,12,0.0,0.0,0.0,-0.012,0.022,-0.002,1.83,9.5,6.34,40.7,Normal
2026-07-02 21:07:03.955,Bologna,Košice,None,0,80.0,80,1110.9,12,0.0,0.0,0.0,0.014,0.007,0.0,1.83,9.5,6.34,40.7,Normal
2026-07-02 21:07:04.939,Bologna,Košice,None,0,80.0,80,1110.9,12,0.0,0.0,0.0,-0.039,-0.043,-0.006,1.83,9.5,6.34,40.7,Normal
2026-07-02 21:07:05.962,Bologna,Košice,None,0,80.0,80,1110.9,12,0.0,0.0,0.0,-0.002,0.024,0.002,1.83,9.5,6.34,40.7,Normal
2026-07-02 21:07:06.940,Bologna,Košice,None,0,80.0,80,1111.0,12,0.0,0.0,0.0,0.007,-0.064,-0.015,1.83,9.51,6.34,40.6,Normal
2026-07-02 21:07:07.964,Bologna,Košice,None,0,80.0,80,1110.9,12,0.0,0.0,0.0,0.021,0.014,0.014,1.83,9.51,6.34,40.6,Normal
2026-07-02 21:07:08.940,Bologna,Košice,None,0,80.0,80,1110.9,12,0.0,0.0,0.0,-0.002,-0.004,-0.001,1.83,9.51,6.34,40.6,Normal
2026-07-02 21:07:09.941,Bologna,Košice,None,0,80.0,80,1110.9,12,0.0,0.0,0.0,0.039,-0.003,-0.004,1.83,9.51,6.34,40.6,Normal
2026-07-02 21:07:10.941,Bologna,Košice,None,0,80.0,80,1110.7,12,0.0,0.0,0.0,-0.087,-0.032,0.021,1.83,9.51,6.34,40.6,Normal
2026-07-02 21:07:11.941,Bologna,Košice,None,0,80.0,80,1110.8,12,0.0,0.0,0.0,-0.005,-0.012,0.006,1.83,9.51,6.34,40.6,Normal
2026-07-02 21:07:12.965,Bologna,Košice,None,0,80.0,80,1110.8,12,0.0,0.0,0.0,-0.001,-0.117,0.012,1.83,9.51,6.34,40.6,Normal
2026-07-02 21:07:13.966,Bologna,Košice,None,0,80.0,80,1110.9,12,0.0,0.0,-1.0,-0.003,0.023,-0.001,1.83,9.52,6.34,40.6,Normal
2026-07-02 21:07:14.942,Bologna,Košice,None,0,80.0,80,1110.8,12,0.0,0.0,1.0,-0.047,-0.055,0.007,1.83,9.52,6.34,40.6,Normal
2026-07-02 21:07:15.960,Bologna,Košice,None,0,80.0,80,1111.3,12,0.0,0.0,-1.0,0.056,-0.049,-0.016,1.83,9.52,6.34,40.6,Normal
2026-07-02 21:07:16.942,Bologna,Košice,None,0,80.1,80,1111.5,12,0.0,0.0,-1.0,0.044,-0.047,-0.008,1.83,9.52,6.34,40.6,Normal
2026-07-02 21:07:17.943,Bologna,Košice,None,0,80.1,80,1113.5,12,0.6,0.0,0.0,-0.021,0.011,-0.044,1.83,9.52,6.34,40.5,Normal
2026-07-02 21:07:18.968,Bologna,Košice,None,0,81.0,80,1127.6,12,0.87,0.0,-1.0,-0.013,-0.033,-0.35,1.83,9.53,6.34,40.5,Normal
2026-07-02 21:07:19.945,Bologna,Košice,None,0,82.3,80,1146.0,12,0.83,0.0,-1.0,0.002,0.019,-0.402,1.83,9.53,6.34,40.5,Normal
2026-07-02 21:07:20.944,Bologna,Košice,None,0,83.7,80,1165.7,12,0.02,0.0,0.0,-0.045,0.077,-0.399,1.83,9.53,6.34,40.5,Normal
2026-07-02 21:07:21.944,Bologna,Košice,None,0,84.6,80,1173.7,12,0.0,0.0,0.0,-0.115,0.109,-0.055,1.83,9.53,6.34,40.5,Normal
2026-07-02 21:07:22.945,Bologna,Košice,None,0,84.5,80,1171.8,12,0.0,0.0,-1.0,0.175,-0.069,0.068,1.83,9.53,6.34,40.5,Normal
2026-07-02 21:07:23.945,Bologna,Košice,None,0,84.3,80,1169.3,12,0.0,0.0,-1.0,0.042,-0.031,0.046,1.83,9.53,6.34,40.5,Normal
2026-07-02 21:07:24.969,Bologna,Košice,None,0,84.1,80,1166.6,12,0.0,0.0,0.0,-0.079,-0.07,0.061,1.83,9.53,6.34,40.5,Normal
2026-07-02 21:07:25.960,Bologna,Košice,None,0,83.9,80,1164.1,12,0.0,0.0,-1.0,0.135,-0.069,0.064,1.83,9.54,6.34,40.5,Normal
2026-07-02 21:07:26.957,Bologna,Košice,None,0,83.8,80,1161.8,12,0.0,0.0,-1.0,-0.033,-0.016,0.055,1.83,9.54,6.34,40.5,Normal
2026-07-02 21:07:27.947,Bologna,Košice,None,0,83.6,80,1160.3,12,0.0,0.0,-1.0,-0.024,-0.048,0.042,1.83,9.54,6.34,40.5,Normal
2026-07-02 21:07:28.946,Bologna,Košice,None,0,83.6,80,1159.7,12,0.0,0.0,-1.0,0.001,0.082,-0.012,1.83,9.54,6.34,40.5,Normal
2026-07-02 21:07:29.968,Bologna,Košice,None,0,83.5,80,1158.9,12,0.0,0.0,-1.0,0.005,-0.042,-0.001,1.83,9.54,6.34,40.5,Normal
2026-07-02 21:07:30.948,Bologna,Košice,None,0,83.5,80,1158.7,12,0.0,0.0,0.0,-0.021,0.005,0.009,1.83,9.54,6.34,40.5,Normal
2026-07-02 21:07:31.949,Bologna,Košice,None,0,83.5,80,1158.4,12,0.0,0.0,-1.0,0.017,-0.036,0.002,1.83,9.54,6.34,40.5,Normal
2026-07-02 21:07:32.949,Bologna,Košice,None,0,83.5,80,1158.5,12,0.0,0.0,-1.0,-0.047,-0.042,0.022,1.83,9.55,6.34,40.4,Normal
2026-07-02 21:07:33.949,Bologna,Košice,None,0,83.5,80,1158.4,12,0.0,0.0,-1.0,0.031,0.015,-0.003,1.83,9.55,6.34,40.4,Normal
2026-07-02 21:07:34.949,Bologna,Košice,None,0,83.4,80,1158.6,12,0.0,0.0,-1.0,-0.041,0.042,-0.005,1.83,9.55,6.34,40.4,Normal
2026-07-02 21:07:35.949,Bologna,Košice,None,0,83.4,80,1158.6,12,0.0,0.0,-1.0,-0.002,0.038,0.001,1.83,9.55,6.34,40.4,Normal
2026-07-02 21:07:36.951,Bologna,Košice,None,0,83.4,80,1158.7,12,0.0,0.0,-1.0,-0.002,0.057,-0.002,1.83,9.55,6.34,40.4,Normal
2026-07-02 21:07:37.949,Bologna,Košice,None,0,83.4,80,1158.8,12,0.0,0.0,0.0,-0.022,-0.073,0.003,1.83,9.56,6.34,40.4,Normal
2026-07-02 21:07:38.950,Bologna,Košice,None,0,83.5,80,1159.1,12,0.0,0.0,1.0,-0.048,-0.024,0.0,1.83,9.56,6.34,40.4,Normal
2026-07-02 21:07:39.971,Bologna,Košice,None,0,83.5,80,1159.2,12,0.0,0.0,0.0,0.03,0.076,-0.008,1.84,9.56,6.34,40.4,Normal
2026-07-02 21:07:40.950,Bologna,Košice,None,0,83.5,80,1159.2,12,0.0,0.0,0.0,0.024,0.051,-0.001,1.84,9.56,6.34,40.4,Normal
2026-07-02 21:07:41.951,Bologna,Košice,None,0,83.5,80,1159.3,12,0.0,0.0,0.0,0.004,-0.02,-0.001,1.84,9.56,6.34,40.4,Normal
2026-07-02 21:07:42.952,Bologna,Košice,None,0,83.5,80,1159.5,12,0.0,0.0,0.0,-0.002,-0.021,-0.003,1.84,9.56,6.34,40.4,Normal
2026-07-02 21:07:43.976,Bologna,Košice,None,0,83.5,80,1159.8,12,0.0,0.0,0.0,-0.028,-0.01,-0.017,1.84,9.56,6.34,40.4,Normal
2026-07-02 21:07:44.968,Bologna,Košice,None,0,83.5,80,1159.6,12,0.0,0.0,0.0,0.004,0.036,-0.002,1.84,9.57,6.34,40.3,Normal
2026-07-02 21:07:45.977,Bologna,Košice,None,0,83.5,80,1159.7,12,0.0,0.0,0.0,0.015,-0.07,0.005,1.84,9.57,6.34,40.3,Normal
2026-07-02 21:07:46.952,Bologna,Košice,None,0,83.5,80,1159.6,12,0.0,0.0,0.0,0.027,-0.094,0.014,1.84,9.57,6.34,40.3,Normal
2026-07-02 21:07:47.954,Bologna,Košice,None,0,83.5,80,1159.4,12,0.0,0.0,0.0,-0.0,0.016,0.001,1.84,9.57,6.34,40.3,Normal
2026-07-02 21:07:48.953,Bologna,Košice,None,0,83.5,80,1159.4,12,0.0,0.0,0.0,-0.005,0.003,0.0,1.84,9.57,6.34,40.3,Normal
2026-07-02 21:07:49.953,Bologna,Košice,None,0,83.5,80,1159.7,12,0.0,0.0,0.0,0.061,0.025,-0.004,1.84,9.57,6.34,40.3,Normal
2026-07-02 21:07:50.954,Bologna,Košice,None,0,83.5,80,1159.4,12,0.0,0.0,0.0,0.021,-0.013,0.009,1.84,9.57,6.34,40.3,Normal
2026-07-02 21:07:51.954,Bologna,Košice,None,0,83.5,80,1159.9,12,0.0,0.0,0.0,0.013,0.059,-0.01,1.84,9.58,6.35,40.3,Normal
2026-07-02 21:07:52.973,Bologna,Košice,None,0,83.5,80,1159.7,12,0.0,0.0,0.0,0.008,0.017,-0.002,1.84,9.58,6.35,40.3,Normal
2026-07-02 21:07:53.956,Bologna,Košice,None,0,83.5,80,1159.8,12,0.0,0.0,0.0,0.011,0.002,-0.006,1.84,9.58,6.35,40.2,Normal
2026-07-02 21:07:54.955,Bologna,Košice,None,0,83.5,80,1160.3,12,0.0,0.0,0.0,-0.027,0.038,-0.024,1.84,9.58,6.35,40.2,Normal
2026-07-02 21:07:55.979,Bologna,Košice,None,0,83.5,80,1160.0,12,0.0,0.0,0.0,0.002,-0.039,0.021,1.84,9.59,6.35,40.2,Normal
2026-07-02 21:07:56.977,Bologna,Košice,None,0,83.5,80,1159.9,12,0.0,0.0,0.0,0.002,-0.013,-0.006,1.84,9.59,6.35,40.2,Normal
2026-07-02 21:07:57.973,Bologna,Košice,None,0,82.8,80,1146.6,12,0.0,0.0,0.0,0.01,0.216,0.547,1.84,9.59,6.35,40.2,Normal
2026-07-02 21:07:58.957,Bologna,Košice,None,0,79.3,80,1097.9,12,0.0,0.06,0.0,-0.002,-0.03,1.091,1.84,9.59,6.35,40.2,Normal
2026-07-02 21:07:59.980,Bologna,Košice,None,0,73.8,80,1021.4,12,0.0,0.0,-1.0,0.02,-0.073,1.595,1.84,9.59,6.35,40.2,Normal
2026-07-02 21:08:00.976,Bologna,Košice,None,0,69.0,80,1058.4,12,0.0,0.27,-1.0,0.093,0.069,1.706,1.84,9.59,6.35,40.2,Normal
2026-07-02 21:08:01.970,Bologna,Košice,None,0,61.2,80,1091.0,11,0.0,0.0,-1.0,0.109,-0.027,2.103,1.84,9.59,6.35,40.2,Normal
2026-07-02 21:08:02.971,Bologna,Košice,None,0,57.2,80,1020.2,11,0.0,0.0,-1.0,0.015,0.03,0.898,1.84,9.59,6.35,40.2,Normal
2026-07-02 21:08:03.958,Bologna,Košice,None,0,54.2,80,964.7,11,0.0,0.0,-1.0,-0.059,-0.051,0.839,1.84,9.6,6.35,40.2,Normal
2026-07-02 21:08:04.976,Bologna,Košice,None,0,51.9,80,1149.9,10,0.25,0.0,-1.0,-0.023,-0.12,0.365,1.84,9.6,6.35,40.2,Normal
2026-07-02 21:08:05.959,Bologna,Košice,None,0,51.4,80,1141.6,10,0.14,0.0,-1.0,0.011,0.039,0.065,1.84,9.6,6.35,40.2,Normal
2026-07-02 21:08:06.960,Bologna,Košice,None,0,51.2,80,1134.9,10,0.2,0.0,-1.0,-0.039,-0.026,0.11,1.84,9.6,6.35,40.2,Normal
2026-07-02 21:08:07.960,Bologna,Košice,None,0,51.0,80,1132.0,10,0.26,0.0,-1.0,0.095,0.02,-0.004,1.84,9.6,6.35,40.2,Normal
2026-07-02 21:08:08.982,Bologna,Košice,None,0,51.3,80,1141.5,10,0.46,0.0,-1.0,0.06,-0.013,-0.167,1.84,9.6,6.35,40.2,Normal
2026-07-02 21:08:09.961,Bologna,Košice,None,0,52.3,80,1164.4,10,0.55,0.0,-1.0,0.032,0.016,-0.347,1.84,9.6,6.35,40.1,Normal
2026-07-02 21:08:10.961,Bologna,Košice,None,0,53.8,80,1199.0,10,0.68,0.0,-1.0,0.002,-0.053,-0.462,1.84,9.6,6.35,40.1,Normal
2026-07-02 21:08:11.962,Bologna,Košice,None,0,55.5,80,1236.9,10,0.68,0.0,-1.0,-0.016,-0.001,-0.496,1.84,9.6,6.35,40.1,Normal
2026-07-02 21:08:12.963,Bologna,Košice,None,0,57.3,80,1277.5,10,0.69,0.0,-1.0,-0.038,-0.018,-0.513,1.84,9.6,6.35,40.1,Normal
2026-07-02 21:08:13.984,Bologna,Košice,None,0,59.1,80,1316.5,10,0.64,0.0,-1.0,-0.009,-0.034,-0.489,1.84,9.6,6.35,40.1,Normal
2026-07-02 21:08:14.983,Bologna,Košice,None,0,60.7,80,1352.3,10,0.65,0.0,-1.0,-0.003,-0.029,-0.481,1.84,9.61,6.35,40.0,Normal
2026-07-02 21:08:15.963,Bologna,Košice,None,0,62.2,80,1329.5,10,0.57,0.0,0.0,-0.178,-0.02,-0.258,1.84,9.61,6.35,40.0,Normal
2026-07-02 21:08:16.963,Bologna,Košice,None,0,62.3,80,1117.2,11,0.56,0.0,-1.0,-0.036,0.01,0.011,1.84,9.61,6.35,40.0,Normal
2026-07-02 21:08:17.988,Bologna,Košice,None,0,63.2,80,1136.0,11,0.55,0.0,-1.0,0.078,-0.073,-0.361,1.84,9.61,6.35,40.0,Normal
2026-07-02 21:08:18.964,Bologna,Košice,None,0,64.5,80,1159.4,11,0.56,0.0,-1.0,-0.038,0.033,-0.375,1.84,9.61,6.35,40.0,Normal
2026-07-02 21:08:19.964,Bologna,Košice,None,0,65.9,80,1184.7,11,0.65,0.0,0.0,-0.101,0.025,-0.41,1.84,9.61,6.35,40.0,Normal
2026-07-02 21:08:20.965,Bologna,Košice,None,0,67.5,80,1213.0,11,0.64,0.0,0.0,-0.075,0.017,-0.477,1.84,9.62,6.35,39.9,Normal
2026-07-02 21:08:21.965,Bologna,Košice,None,0,69.2,80,1241.4,11,0.53,0.0,-1.0,0.043,0.025,-0.438,1.84,9.62,6.35,39.9,Normal
2026-07-02 21:08:22.965,Bologna,Košice,None,0,70.7,80,1270.0,11,0.63,0.0,0.0,-0.063,-0.002,-0.471,1.84,9.62,6.35,39.9,Normal
2026-07-02 21:08:23.966,Bologna,Košice,None,0,72.5,80,1301.8,11,0.63,0.0,0.0,-0.058,0.118,-0.495,1.84,9.62,6.35,39.9,Normal
2026-07-02 21:08:24.966,Bologna,Košice,None,0,74.3,80,1333.0,11,0.51,0.0,0.0,-0.045,-0.013,-0.485,1.84,9.62,6.35,39.9,Normal
2026-07-02 21:08:25.967,Bologna,Košice,None,0,75.8,80,1359.7,11,0.56,0.0,0.0,-0.012,-0.028,-0.42,1.84,9.62,6.35,39.8,Normal
2026-07-02 21:08:26.968,Bologna,Košice,None,0,76.8,80,1104.6,11,0.66,0.0,0.0,-0.029,0.091,-0.12,1.84,9.62,6.35,39.8,Normal
2026-07-02 21:08:27.968,Bologna,Košice,None,0,77.3,80,1076.0,12,0.59,0.0,0.0,0.0,-0.062,-0.301,1.84,9.62,6.35,39.8,Normal
2026-07-02 21:08:28.968,Bologna,Košice,None,0,78.5,80,1092.5,12,0.52,0.0,0.0,-0.005,0.01,-0.341,1.84,9.63,6.35,39.8,Normal
2026-07-02 21:08:29.988,Bologna,Košice,None,0,79.8,80,1110.8,12,0.58,0.0,1.0,0.046,-0.068,-0.372,1.84,9.63,6.35,39.8,Normal
2026-07-02 21:08:30.969,Bologna,Košice,None,0,80.6,80,1118.6,12,0.0,0.0,0.0,-0.008,-0.043,-0.058,1.84,9.63,6.35,39.8,Normal
2026-07-02 21:08:31.969,Bologna,Košice,None,0,80.7,80,1119.6,12,0.0,0.0,0.0,0.016,0.016,-0.02,1.84,9.63,6.35,39.8,Normal
2026-07-02 21:08:32.970,Bologna,Košice,None,0,80.7,80,1120.0,12,0.0,0.0,0.0,-0.016,0.014,-0.016,1.84,9.63,6.35,39.8,Normal
2026-07-02 21:08:33.969,Bologna,Košice,None,0,80.6,80,1118.3,12,0.0,0.0,0.0,0.014,-0.015,-0.012,1.84,9.63,6.35,39.8,Normal
2026-07-02 21:08:34.971,Bologna,Košice,None,0,80.7,80,1118.8,12,0.0,0.0,0.0,-0.006,-0.004,-0.009,1.84,9.63,6.35,39.8,Normal
2026-07-02 21:08:35.970,Bologna,Košice,None,0,80.7,80,1119.3,12,0.0,0.0,0.0,-0.009,0.028,-0.016,1.84,9.64,6.35,39.8,Normal
2026-07-02 21:08:36.970,Bologna,Košice,None,0,80.7,80,1119.7,12,0.0,0.0,-1.0,0.038,-0.017,-0.001,1.84,9.64,6.35,39.8,Normal
2026-07-02 21:08:37.982,Bologna,Košice,None,0,80.8,80,1120.4,12,0.0,0.0,0.0,-0.013,-0.01,-0.01,1.84,9.64,6.35,39.8,Normal
2026-07-02 21:08:38.971,Bologna,Košice,None,0,80.2,80,1111.8,12,0.0,0.0,1.0,-0.023,0.012,0.298,1.84,9.64,6.35,39.8,Normal
2026-07-02 21:08:39.971,Bologna,Košice,None,0,79.1,80,1095.9,12,0.0,0.0,0.0,-0.008,0.024,0.327,1.84,9.64,6.35,39.8,Normal
2026-07-02 21:08:40.971,Bologna,Košice,None,0,77.9,80,1079.9,12,0.0,0.0,0.0,-0.016,0.022,0.319,1.84,9.65,6.35,39.8,Normal
2026-07-02 21:08:41.973,Bologna,Košice,None,0,76.8,80,1064.5,12,0.0,0.0,0.0,-0.006,0.087,0.301,1.84,9.65,6.35,39.8,Normal
2026-07-02 21:08:42.988,Bologna,Košice,None,0,75.5,80,1046.1,12,0.0,0.0,0.0,-0.001,-0.003,0.451,1.85,9.65,6.35,39.8,Normal
2026-07-02 21:08:43.984,Bologna,Košice,None,0,72.2,80,998.8,12,0.0,0.21,1.0,0.01,0.077,1.476,1.85,9.65,6.35,39.8,Normal
2026-07-02 21:08:44.991,Bologna,Košice,None,0,69.3,80,1239.8,11,0.0,0.0,1.0,-0.153,0.004,0.51,1.85,9.65,6.35,39.8,Normal
2026-07-02 21:08:45.973,Bologna,Košice,None,0,67.6,80,1207.9,11,0.0,0.0,1.0,-0.097,-0.034,0.491,1.85,9.65,6.35,39.8,Normal
2026-07-02 21:08:46.973,Bologna,Košice,None,0,65.9,80,1178.3,11,0.09,0.0,1.0,0.043,-0.076,0.491,1.85,9.65,6.35,39.8,Normal
2026-07-02 21:08:47.974,Bologna,Košice,None,0,65.8,80,1178.0,11,0.15,0.0,1.0,0.025,-0.053,-0.091,1.85,9.65,6.35,39.8,Normal
2026-07-02 21:08:48.992,Bologna,Košice,None,0,66.1,80,1184.8,11,0.15,0.0,1.0,-0.012,0.012,-0.107,1.85,9.66,6.35,39.8,Normal
2026-07-02 21:08:49.984,Bologna,Košice,None,0,66.7,80,1197.3,11,0.36,0.0,1.0,-0.003,0.002,-0.249,1.85,9.66,6.35,39.8,Normal
2026-07-02 21:08:50.977,Bologna,Košice,None,0,67.7,80,1213.9,11,0.35,0.0,1.0,-0.021,0.006,-0.26,1.85,9.66,6.35,39.7,Normal
2026-07-02 21:08:51.976,Bologna,Košice,None,0,68.7,80,1232.7,11,0.41,0.0,1.0,-0.013,-0.047,-0.292,1.85,9.66,6.35,39.7,Normal
2026-07-02 21:08:52.976,Bologna,Košice,None,0,69.8,80,1251.6,11,0.39,0.0,1.0,-0.005,0.018,-0.296,1.85,9.66,6.35,39.7,Normal
2026-07-02 21:08:53.976,Bologna,Košice,None,0,70.8,80,1267.2,11,0.0,0.0,1.0,0.021,0.035,-0.266,1.85,9.66,6.35,39.7,Normal
2026-07-02 21:08:54.978,Bologna,Košice,None,0,70.9,80,1269.1,11,0.0,0.0,1.0,-0.046,0.115,0.02,1.85,9.66,6.35,39.7,Normal
2026-07-02 21:08:55.977,Bologna,Košice,None,0,70.8,80,1266.6,11,0.0,0.0,1.0,-0.023,-0.064,0.037,1.85,9.66,6.35,39.7,Normal
2026-07-02 21:08:56.990,Bologna,Košice,None,0,70.7,80,1265.8,11,0.05,0.0,1.0,0.077,0.019,0.007,1.85,9.67,6.35,39.7,Normal
2026-07-02 21:08:58.000,Bologna,Košice,None,0,70.7,80,1264.1,11,0.0,0.0,1.0,-0.078,0.039,0.017,1.85,9.67,6.35,39.7,Normal
2026-07-02 21:08:58.977,Bologna,Košice,None,0,70.6,80,1263.4,11,0.0,0.0,1.0,-0.032,-0.031,0.016,1.85,9.67,6.35,39.7,Normal
2026-07-02 21:08:59.978,Bologna,Košice,None,0,70.6,80,1262.8,11,0.0,0.0,1.0,0.082,0.021,-0.003,1.85,9.67,6.35,39.7,Normal
2026-07-02 21:09:00.998,Bologna,Košice,None,0,70.6,80,1262.7,11,0.0,0.0,1.0,-0.027,0.053,-0.002,1.85,9.67,6.35,39.7,Normal
2026-07-02 21:09:01.979,Bologna,Košice,None,0,70.8,80,1267.0,11,0.12,0.0,1.0,0.079,0.095,-0.091,1.85,9.67,6.35,39.7,Normal
2026-07-02 21:09:02.979,Bologna,Košice,None,0,71.2,80,1274.4,11,0.03,0.0,1.0,-0.011,-0.016,-0.108,1.85,9.68,6.35,39.7,Normal
2026-07-02 21:09:03.980,Bologna,Košice,None,0,71.6,80,1283.5,11,0.24,0.0,0.0,0.132,-0.064,-0.164,1.85,9.68,6.35,39.7,Normal
2026-07-02 21:09:04.980,Bologna,Košice,None,0,72.3,80,1295.3,11,0.18,0.0,1.0,-0.051,0.007,-0.191,1.85,9.68,6.35,39.7,Normal
2026-07-02 21:09:05.980,Bologna,Košice,None,0,72.8,80,1304.9,11,0.16,0.0,1.0,-0.05,-0.071,-0.129,1.85,9.68,6.35,39.7,Normal
2026-07-02 21:09:06.980,Bologna,Košice,None,0,73.2,80,1310.6,11,0.08,0.0,1.0,-0.106,0.051,-0.055,1.85,9.68,6.35,39.7,Normal
2026-07-02 21:09:07.999,Bologna,Košice,None,0,73.4,80,1314.5,11,0.19,0.0,1.0,-0.021,0.048,-0.068,1.85,9.68,6.35,39.7,Normal
2026-07-02 21:09:09.002,Bologna,Košice,None,0,73.8,80,1321.9,11,0.17,0.0,1.0,0.061,-0.049,-0.115,1.85,9.68,6.35,39.7,Normal
2026-07-02 21:09:09.981,Bologna,Košice,None,0,74.2,80,1328.5,11,0.18,0.0,1.0,-0.016,-0.003,-0.109,1.85,9.68,6.35,39.7,Normal
2026-07-02 21:09:11.003,Bologna,Košice,None,0,74.6,80,1336.2,11,0.23,0.0,0.0,0.142,-0.018,-0.122,1.85,9.69,6.35,39.6,Normal
2026-07-02 21:09:11.995,Bologna,Košice,None,0,75.0,80,1343.9,11,0.24,0.0,1.0,0.012,0.007,-0.119,1.85,9.69,6.35,39.6,Normal
2026-07-02 21:09:13.004,Bologna,Košice,None,0,75.3,80,1346.8,11,0.0,0.0,1.0,-0.009,0.045,0.022,1.85,9.69,6.35,39.6,Normal
2026-07-02 21:09:13.998,Bologna,Košice,None,0,75.0,80,1341.7,11,0.22,0.0,0.0,0.055,0.001,0.111,1.85,9.69,6.35,39.6,Normal
2026-07-02 21:09:14.983,Bologna,Košice,None,0,75.1,80,1345.8,11,0.29,0.0,0.0,0.004,0.009,-0.117,1.85,9.69,6.35,39.6,Normal
2026-07-02 21:09:15.984,Bologna,Košice,None,0,75.6,80,1354.7,11,0.3,0.0,0.0,0.021,-0.021,-0.15,1.85,9.7,6.35,39.6,Normal
2026-07-02 21:09:16.984,Bologna,Košice,None,0,75.9,80,1358.3,11,0.0,0.0,-1.0,0.044,0.132,0.013,1.85,9.7,6.35,39.6,Normal
2026-07-02 21:09:17.984,Bologna,Košice,None,0,75.6,80,1353.6,11,0.0,0.0,-1.0,0.02,0.032,0.094,1.85,9.7,6.35,39.6,Normal
2026-07-02 21:09:18.984,Bologna,Košice,None,0,75.4,80,1349.4,11,0.02,0.0,-1.0,0.028,0.046,0.059,1.85,9.7,6.35,39.6,Normal
2026-07-02 21:09:19.986,Bologna,Košice,None,0,75.4,80,1349.8,11,0.09,0.0,-1.0,-0.006,0.02,-0.031,1.85,9.7,6.35,39.6,Normal
2026-07-02 21:09:20.986,Bologna,Košice,None,0,75.3,80,1348.3,11,0.01,0.0,-1.0,0.001,0.004,0.041,1.85,9.7,6.35,39.6,Normal
2026-07-02 21:09:21.986,Bologna,Košice,None,0,75.1,80,1344.7,11,0.02,0.0,-1.0,0.001,0.03,0.052,1.85,9.7,6.35,39.6,Normal
2026-07-02 21:09:23.005,Bologna,Košice,None,0,75.0,80,1342.9,11,0.08,0.0,0.0,-0.067,-0.018,0.018,1.85,9.7,6.35,39.6,Normal
2026-07-02 21:09:23.988,Bologna,Košice,None,0,75.0,80,1342.3,11,0.05,0.0,-1.0,-0.023,0.037,-0.002,1.85,9.71,6.35,39.6,Normal
2026-07-02 21:09:24.987,Bologna,Košice,None,0,75.0,80,1342.2,11,0.05,0.0,0.0,-0.017,-0.006,-0.003,1.85,9.71,6.35,39.6,Normal
2026-07-02 21:09:25.987,Bologna,Košice,None,0,74.9,80,1340.9,11,0.83,0.0,0.0,-0.008,0.034,0.028,1.85,9.71,6.35,39.6,Normal
2026-07-02 21:09:26.988,Bologna,Košice,None,0,75.8,80,1361.0,11,1.0,0.0,0.0,-0.017,-0.063,-0.431,1.85,9.71,6.35,39.6,Normal
2026-07-02 21:09:27.988,Bologna,Košice,None,0,77.1,80,1173.2,11,0.0,0.0,0.0,-0.01,0.122,-0.153,1.85,9.71,6.35,39.6,Normal
2026-07-02 21:09:28.989,Bologna,Košice,None,0,77.1,80,1070.0,12,0.0,0.0,0.0,-0.008,-0.22,0.027,1.85,9.71,6.35,39.6,Normal
2026-07-02 21:09:30.000,Bologna,Košice,None,0,77.1,80,1068.8,12,0.0,0.0,1.0,-0.02,-0.017,0.041,1.85,9.71,6.35,39.6,Normal
2026-07-02 21:09:30.990,Bologna,Košice,None,0,76.9,80,1066.9,12,0.0,0.0,1.0,-0.022,0.024,0.048,1.85,9.72,6.35,39.6,Normal
2026-07-02 21:09:31.989,Bologna,Košice,None,0,76.8,80,1065.0,12,0.0,0.0,1.0,-0.053,-0.021,0.028,1.85,9.72,6.35,39.6,Normal
2026-07-02 21:09:32.990,Bologna,Košice,None,0,76.6,80,1062.1,12,0.0,0.0,-1.0,0.071,-0.115,0.066,1.85,9.72,6.35,39.6,Normal
2026-07-02 21:09:33.989,Bologna,Košice,None,0,76.4,80,1059.3,12,0.0,0.0,-1.0,-0.005,-0.037,0.063,1.85,9.72,6.35,39.6,Normal
2026-07-02 21:09:35.014,Bologna,Košice,None,0,76.1,80,1056.0,12,0.0,0.0,0.0,0.025,-0.053,0.109,1.85,9.72,6.35,39.6,Normal
2026-07-02 21:09:35.991,Bologna,Košice,None,0,75.9,80,1052.2,12,0.0,0.0,0.0,0.005,-0.098,0.094,1.85,9.73,6.35,39.6,Normal
2026-07-02 21:09:36.991,Bologna,Košice,None,0,75.6,80,1048.2,12,0.0,0.0,0.0,0.002,0.034,0.078,1.85,9.73,6.35,39.6,Normal
2026-07-02 21:09:37.992,Bologna,Košice,None,0,75.3,80,1043.6,12,0.0,0.0,0.0,0.004,0.024,0.087,1.85,9.73,6.35,39.6,Normal
2026-07-02 21:09:38.991,Bologna,Košice,None,0,74.9,80,1039.1,12,0.0,0.0,-1.0,0.018,0.011,0.089,1.85,9.73,6.35,39.6,Normal
2026-07-02 21:09:39.992,Bologna,Košice,None,0,74.2,80,1029.0,12,0.0,0.0,1.0,-0.009,0.014,0.336,1.85,9.73,6.35,39.6,Normal
2026-07-02 21:09:40.992,Bologna,Košice,None,0,72.9,80,1010.1,12,0.0,0.0,-1.0,0.049,0.005,0.388,1.85,9.73,6.35,39.6,Normal
2026-07-02 21:09:42.005,Bologna,Košice,None,0,71.5,80,990.7,12,0.0,0.0,-1.0,0.038,-0.08,0.403,1.85,9.73,6.35,39.6,Normal
2026-07-02 21:09:42.992,Bologna,Košice,None,0,70.2,80,1228.0,12,0.0,0.0,-1.0,-0.023,-0.119,0.349,1.85,9.73,6.35,39.6,Normal
2026-07-02 21:09:43.993,Bologna,Košice,None,0,69.5,80,1244.1,11,0.0,0.0,-1.0,0.066,-0.041,0.15,1.86,9.74,6.35,39.6,Normal
2026-07-02 21:09:44.993,Bologna,Košice,None,0,69.1,80,1236.3,11,0.0,0.0,-1.0,-0.005,-0.032,0.133,1.86,9.74,6.35,39.6,Normal
2026-07-02 21:09:46.018,Bologna,Košice,None,0,68.4,80,1223.9,11,0.0,0.0,-1.0,0.074,0.008,0.222,1.86,9.74,6.35,39.6,Normal
2026-07-02 21:09:46.993,Bologna,Košice,None,0,67.7,80,1210.3,11,0.0,0.0,-1.0,0.006,-0.078,0.239,1.86,9.74,6.35,39.6,Normal
2026-07-02 21:09:47.993,Bologna,Košice,None,0,66.4,80,1186.6,11,0.0,0.0,-1.0,0.078,-0.064,0.506,1.86,9.74,6.35,39.6,Normal
2026-07-02 21:09:48.995,Bologna,Košice,None,0,64.6,80,1153.2,11,0.0,0.0,-1.0,0.064,0.17,0.491,1.86,9.74,6.35,39.6,Normal
2026-07-02 21:09:50.016,Bologna,Košice,None,0,62.6,80,1118.7,11,0.0,0.0,-1.0,0.023,-0.04,0.54,1.86,9.74,6.35,39.6,Normal
2026-07-02 21:09:50.995,Bologna,Košice,None,0,60.9,80,1088.6,11,0.0,0.0,-1.0,0.026,0.032,0.477,1.86,9.74,6.35,39.6,Normal
2026-07-02 21:09:51.995,Bologna,Košice,None,0,60.1,80,1074.4,11,0.0,0.0,-1.0,0.011,0.001,0.105,1.86,9.74,6.35,39.6,Normal
2026-07-02 21:09:52.995,Bologna,Košice,None,0,60.3,80,1082.1,11,0.41,0.0,-1.0,0.003,-0.046,-0.212,1.86,9.75,6.35,39.5,Normal
2026-07-02 21:09:54.013,Bologna,Košice,None,0,61.3,80,1100.6,11,0.37,0.0,-1.0,-0.131,-0.027,-0.308,1.86,9.75,6.35,39.5,Normal
2026-07-02 21:09:55.007,Bologna,Košice,None,0,62.3,80,1117.2,11,0.31,0.0,-1.0,0.082,0.047,-0.249,1.86,9.75,6.35,39.5,Normal
2026-07-02 21:09:55.997,Bologna,Košice,None,0,63.1,80,1131.9,11,0.3,0.0,-1.0,0.095,-0.018,-0.227,1.86,9.75,6.35,39.5,Normal
2026-07-02 21:09:56.998,Bologna,Košice,None,0,63.9,80,1145.2,11,0.3,0.0,-1.0,-0.005,0.043,-0.222,1.86,9.75,6.35,39.5,Normal
2026-07-02 21:09:57.998,Bologna,Košice,None,0,64.7,80,1159.7,11,0.32,0.0,0.0,-0.179,-0.087,-0.226,1.86,9.75,6.35,39.5,Normal
2026-07-02 21:09:58.999,Bologna,Košice,None,0,65.5,80,1174.1,11,0.29,0.0,-1.0,-0.02,-0.048,-0.221,1.86,9.75,6.35,39.5,Normal
2026-07-02 21:10:00.018,Bologna,Košice,None,0,66.2,80,1187.4,11,0.31,0.0,1.0,-0.12,0.006,-0.208,1.86,9.76,6.35,39.5,Normal
2026-07-02 21:10:00.999,Bologna,Košice,None,0,67.1,80,1204.4,11,0.46,0.0,1.0,-0.086,-0.003,-0.319,1.86,9.76,6.35,39.5,Normal
2026-07-02 21:10:02.017,Bologna,Košice,None,0,68.4,80,1227.8,11,0.49,0.0,0.0,0.031,-0.007,-0.37,1.86,9.76,6.35,39.4,Normal
2026-07-02 21:10:03.010,Bologna,Košice,None,0,69.7,80,1251.4,11,0.48,0.0,0.0,0.013,0.009,-0.367,1.86,9.76,6.35,39.4,Normal
2026-07-02 21:10:04.000,Bologna,Košice,None,0,70.9,80,1272.6,11,0.44,0.0,-1.0,0.03,0.023,-0.323,1.86,9.76,6.35,39.4,Normal
2026-07-02 21:10:05.000,Bologna,Košice,None,0,72.1,80,1294.3,11,0.44,0.0,0.0,0.017,0.002,-0.33,1.86,9.76,6.35,39.4,Normal
2026-07-02 21:10:06.012,Bologna,Košice,None,0,73.2,80,1312.9,11,0.37,0.0,0.0,0.02,0.029,-0.297,1.86,9.76,6.35,39.4,Normal
2026-07-02 21:10:07.001,Bologna,Košice,None,0,74.3,80,1332.0,11,0.39,0.0,0.0,0.009,0.03,-0.313,1.86,9.76,6.35,39.4,Normal
2026-07-02 21:10:08.001,Bologna,Košice,None,0,75.3,80,1349.9,11,0.34,0.0,0.0,-0.012,0.004,-0.28,1.86,9.77,6.35,39.3,Normal
2026-07-02 21:10:09.002,Bologna,Košice,None,0,75.6,80,1352.2,11,0.0,0.0,0.0,0.011,0.033,0.025,1.86,9.77,6.35,39.3,Normal
2026-07-02 21:10:10.024,Bologna,Košice,None,0,75.4,80,1349.1,11,0.0,0.0,0.0,0.036,0.073,0.039,1.86,9.77,6.35,39.3,Normal
2026-07-02 21:10:11.022,Bologna,Košice,None,0,75.2,80,1345.5,11,0.0,0.0,0.0,-0.012,0.263,0.078,1.86,9.77,6.35,39.3,Normal
2026-07-02 21:10:12.003,Bologna,Košice,None,0,75.0,80,1341.9,11,0.0,0.0,-1.0,0.033,0.087,0.05,1.86,9.77,6.35,39.3,Normal
2026-07-02 21:10:13.003,Bologna,Košice,None,0,70.7,80,1256.3,11,0.0,0.63,0.0,-0.001,0.145,2.789,1.86,9.77,6.35,39.3,Normal
2026-07-02 21:10:14.024,Bologna,Košice,None,0,58.6,80,1041.6,11,0.0,0.39,0.0,-0.025,-0.025,3.102,1.86,9.77,6.35,39.3,Normal
2026-07-02 21:10:15.004,Bologna,Košice,None,0,52.8,80,1073.3,11,0.0,0.0,-1.0,0.095,-0.051,0.689,1.86,9.77,6.35,39.3,Normal
2026-07-02 21:10:16.025,Bologna,Košice,None,0,51.5,50,1141.7,10,0.0,0.0,-1.0,0.043,-0.004,0.28,1.86,9.78,6.36,39.3,Normal
2026-07-02 21:10:17.004,Bologna,Košice,None,0,50.6,50,1120.3,10,0.0,0.0,-1.0,0.025,-0.029,0.296,1.86,9.78,6.36,39.3,Normal
2026-07-02 21:10:18.029,Bologna,Košice,None,0,49.8,50,1104.1,10,0.0,0.0,-1.0,-0.051,-0.024,0.175,1.86,9.78,6.36,39.3,Normal
2026-07-02 21:10:19.022,Bologna,Košice,None,0,49.2,50,1090.4,10,0.0,0.0,-1.0,0.044,0.009,0.166,1.86,9.78,6.36,39.3,Normal
2026-07-02 21:10:20.005,Bologna,Košice,None,0,48.6,50,1077.1,10,0.0,0.0,-1.0,0.045,-0.035,0.173,1.86,9.78,6.36,39.3,Normal
2026-07-02 21:10:21.005,Bologna,Košice,None,0,48.0,50,1064.6,10,0.0,0.0,-1.0,0.007,0.02,0.173,1.86,9.78,6.36,39.3,Normal
2026-07-02 21:10:22.006,Bologna,Košice,None,0,47.5,50,1052.6,10,0.0,0.0,-1.0,-0.004,-0.035,0.156,1.86,9.78,6.36,39.3,Normal
2026-07-02 21:10:23.007,Bologna,Košice,None,0,47.6,50,1058.6,10,0.25,0.0,0.0,-0.096,-0.037,-0.202,1.86,9.78,6.36,39.3,Normal
2026-07-02 21:10:24.007,Bologna,Košice,None,0,47.6,50,1054.9,10,0.0,0.0,0.0,-0.073,0.032,0.112,1.86,9.79,6.36,39.3,Normal
2026-07-02 21:10:25.007,Bologna,Košice,None,0,47.1,50,1043.0,10,0.0,0.0,-1.0,-0.003,0.002,0.162,1.86,9.79,6.36,39.3,Normal
2026-07-02 21:10:26.008,Bologna,Košice,None,0,46.4,50,1028.7,10,0.0,0.0,-1.0,0.018,0.009,0.19,1.86,9.79,6.36,39.3,Normal
2026-07-02 21:10:27.009,Bologna,Košice,None,0,46.7,50,1039.1,10,0.43,0.0,-1.0,0.032,-0.057,-0.296,1.86,9.79,6.36,39.3,Normal
2026-07-02 21:10:28.020,Bologna,Košice,None,0,47.8,50,1064.6,10,0.46,0.0,-1.0,0.007,-0.009,-0.318,1.86,9.79,6.36,39.3,Normal
2026-07-02 21:10:29.020,Bologna,Košice,None,0,48.9,50,1087.2,10,0.43,0.0,-1.0,-0.012,0.015,-0.281,1.86,9.79,6.36,39.3,Normal
2026-07-02 21:10:30.019,Bologna,Košice,None,0,49.7,50,1102.0,10,0.0,0.0,-1.0,0.002,-0.004,-0.064,1.86,9.79,6.36,39.3,Normal
2026-07-02 21:10:31.021,Bologna,Košice,None,0,48.9,50,1084.0,10,0.05,0.0,-1.0,0.016,0.016,0.287,1.86,9.79,6.36,39.3,Normal
2026-07-02 21:10:32.010,Bologna,Košice,None,0,48.0,50,1065.7,10,0.21,0.0,-1.0,0.011,0.03,0.195,1.86,9.79,6.36,39.3,Normal
2026-07-02 21:10:33.010,Bologna,Košice,None,0,47.8,50,1059.8,10,0.09,0.0,0.0,-0.063,0.05,0.058,1.86,9.79,6.36,39.3,Normal
2026-07-02 21:10:34.011,Bologna,Košice,None,0,47.1,50,1042.8,10,0.0,0.0,-1.0,-0.027,-0.016,0.262,1.86,9.79,6.36,39.3,Normal
2026-07-02 21:10:35.024,Bologna,Košice,None,0,46.1,50,1021.9,10,0.05,0.0,-1.0,0.027,0.024,0.242,1.86,9.79,6.36,39.3,Normal
2026-07-02 21:10:36.023,Bologna,Košice,None,0,45.4,50,1006.5,10,0.2,0.0,-1.0,0.0,-0.021,0.197,1.86,9.8,6.36,39.3,Normal
2026-07-02 21:10:37.034,Bologna,Košice,None,0,45.0,50,999.0,10,0.2,0.0,-1.0,-0.001,-0.008,0.06,1.86,9.8,6.36,39.3,Normal
2026-07-02 21:10:38.013,Bologna,Košice,None,0,44.8,50,995.7,10,0.24,0.0,-1.0,0.029,-0.03,0.036,1.86,9.8,6.36,39.3,Normal
2026-07-02 21:10:39.013,Bologna,Košice,None,0,44.9,50,997.5,10,0.44,0.0,0.0,-0.114,-0.016,-0.075,1.86,9.8,6.36,39.2,Normal
2026-07-02 21:10:40.014,Bologna,Košice,None,0,45.2,50,1004.0,10,0.31,0.0,-1.0,0.012,0.039,-0.066,1.86,9.8,6.36,39.2,Normal
2026-07-02 21:10:41.014,Bologna,Košice,None,0,45.4,50,1009.6,10,0.46,0.0,0.0,-0.015,-0.055,-0.093,1.86,9.8,6.36,39.2,Normal
2026-07-02 21:10:42.014,Bologna,Košice,None,0,46.0,50,1023.5,10,0.5,0.0,0.0,-0.005,0.034,-0.217,1.86,9.8,6.36,39.2,Normal
2026-07-02 21:10:43.014,Bologna,Košice,None,0,47.0,50,1045.9,10,0.62,0.0,0.0,0.002,-0.082,-0.308,1.86,9.8,6.36,39.2,Normal
2026-07-02 21:10:44.015,Bologna,Košice,None,0,48.0,50,1066.9,10,0.47,0.0,0.0,-0.004,-0.001,-0.252,1.86,9.8,6.36,39.2,Normal
2026-07-02 21:10:45.015,Bologna,Košice,None,0,48.7,50,1084.2,10,0.5,0.0,-1.0,0.055,-0.024,-0.206,1.86,9.8,6.36,39.2,Normal
2026-07-02 21:10:46.040,Bologna,Košice,None,0,49.5,50,1101.9,10,0.5,0.0,-1.0,0.004,-0.009,-0.216,1.86,9.8,6.36,39.1,Normal
2026-07-02 21:10:47.015,Bologna,Košice,None,0,50.3,50,1117.9,10,0.47,0.0,0.0,-0.01,0.008,-0.209,1.86,9.8,6.36,39.1,Normal
2026-07-02 21:10:48.015,Bologna,Košice,None,0,51.0,50,1134.1,10,0.55,0.0,0.0,-0.011,-0.035,-0.22,1.86,9.8,6.36,39.1,Normal
2026-07-02 21:10:49.016,Bologna,Košice,None,0,51.9,50,1154.7,10,0.55,0.0,1.0,-0.031,-0.018,-0.247,1.86,9.81,6.36,39.1,Normal
2026-07-02 21:10:50.016,Bologna,Košice,None,0,52.8,50,1173.7,10,0.53,0.0,0.0,0.014,0.043,-0.236,1.86,9.81,6.36,39.1,Normal
2026-07-02 21:10:51.042,Bologna,Košice,None,0,53.6,50,1193.0,10,0.5,0.0,0.0,0.017,0.023,-0.235,1.86,9.81,6.36,39.1,Normal
2026-07-02 21:10:52.033,Bologna,Košice,None,0,54.3,50,1207.5,10,0.44,0.0,0.0,0.059,0.026,-0.172,1.86,9.81,6.36,39.0,Normal
2026-07-02 21:10:53.041,Bologna,Košice,None,0,54.0,50,1196.0,10,0.0,0.0,-1.0,0.059,0.14,0.269,1.86,9.81,6.36,39.0,Normal
2026-07-02 21:10:54.018,Bologna,Košice,None,0,52.9,50,1172.3,10,0.0,0.0,-1.0,-0.037,0.03,0.304,1.86,9.81,6.36,39.0,Normal
2026-07-02 21:10:55.042,Bologna,Košice,None,0,52.2,50,1160.5,10,0.0,0.0,-1.0,-0.018,-0.05,-0.028,1.86,9.81,6.36,39.0,Normal
2026-07-02 21:10:56.038,Bologna,Košice,None,0,52.7,50,1171.5,10,0.0,0.0,-1.0,-0.067,0.042,-0.122,1.86,9.82,6.36,39.0,Normal
2026-07-02 21:10:57.018,Bologna,Košice,None,0,52.7,50,1170.5,10,0.0,0.0,-1.0,-0.025,-0.004,0.042,1.86,9.82,6.36,39.0,Normal
2026-07-02 21:10:58.032,Bologna,Košice,None,0,52.7,50,1170.6,10,0.0,0.0,0.0,-0.062,-0.006,-0.013,1.86,9.82,6.36,39.0,Normal
2026-07-02 21:10:59.041,Bologna,Košice,None,0,52.7,50,1171.0,10,0.0,0.0,0.0,-0.048,0.014,0.001,1.86,9.82,6.36,39.0,Normal
2026-07-02 21:11:00.020,Bologna,Košice,None,0,52.7,50,1170.7,10,0.0,0.0,0.0,-0.015,0.014,0.004,1.86,9.82,6.36,39.0,Normal
2026-07-02 21:11:01.039,Bologna,Košice,None,0,52.7,50,1170.4,10,0.0,0.0,1.0,-0.061,-0.002,-0.013,1.86,9.82,6.36,39.0,Normal
2026-07-02 21:11:02.021,Bologna,Košice,None,0,52.7,50,1171.3,10,0.0,0.0,1.0,-0.034,0.003,-0.0,1.86,9.82,6.36,39.0,Normal
2026-07-02 21:11:03.021,Bologna,Košice,None,0,52.7,50,1170.8,10,0.0,0.0,1.0,-0.027,-0.046,0.011,1.86,9.82,6.36,38.9,Normal
2026-07-02 21:11:04.022,Bologna,Košice,None,0,52.7,50,1171.0,10,0.0,0.0,0.0,0.036,-0.016,-0.005,1.86,9.82,6.36,38.9,Normal
2026-07-02 21:11:05.021,Bologna,Košice,None,0,52.7,50,1171.3,10,0.0,0.0,1.0,0.033,-0.036,0.003,1.86,9.82,6.36,38.9,Normal
2026-07-02 21:11:06.022,Bologna,Košice,None,0,52.7,50,1170.9,10,0.0,0.0,1.0,-0.106,-0.018,0.002,1.86,9.82,6.36,38.9,Normal
2026-07-02 21:11:07.043,Bologna,Košice,None,0,52.7,50,1172.1,10,0.0,0.0,0.0,0.103,0.015,-0.006,1.87,9.83,6.36,38.9,Normal
2026-07-02 21:11:08.023,Bologna,Košice,None,0,52.7,50,1171.7,10,0.0,0.0,1.0,-0.016,0.042,0.006,1.87,9.83,6.36,38.9,Normal
2026-07-02 21:11:09.023,Bologna,Košice,None,0,52.7,50,1171.8,10,0.0,0.0,1.0,0.013,0.013,-0.003,1.87,9.83,6.36,38.8,Normal
2026-07-02 21:11:10.023,Bologna,Košice,None,0,52.7,50,1172.1,10,0.0,0.0,1.0,-0.029,0.012,0.002,1.87,9.83,6.36,38.8,Normal
2026-07-02 21:11:11.024,Bologna,Košice,None,0,52.7,50,1173.0,10,0.0,0.0,1.0,-0.257,0.115,-0.005,1.87,9.83,6.36,38.8,Normal
2026-07-02 21:11:12.046,Bologna,Košice,None,0,52.6,50,1172.0,10,0.0,0.0,1.0,-0.104,0.026,0.043,1.87,9.83,6.36,38.8,Normal
2026-07-02 21:11:13.044,Bologna,Košice,None,0,52.6,50,1172.2,10,0.0,0.0,1.0,0.017,0.008,-0.021,1.87,9.83,6.36,38.8,Normal
2026-07-02 21:11:14.025,Bologna,Košice,None,0,52.8,50,1176.1,10,0.0,0.0,1.0,0.123,-0.014,-0.071,1.87,9.83,6.36,38.7,Normal
2026-07-02 21:11:15.049,Bologna,Košice,None,0,53.0,50,1178.7,10,0.33,0.0,1.0,0.056,0.008,-0.039,1.87,9.83,6.36,38.7,Normal
2026-07-02 21:11:16.043,Bologna,Košice,None,0,53.1,50,1179.7,10,0.0,0.0,1.0,-0.019,-0.01,-0.042,1.87,9.83,6.36,38.7,Normal
2026-07-02 21:11:17.025,Bologna,Košice,None,0,53.1,50,1178.0,10,0.0,0.0,0.0,0.122,0.064,0.047,1.87,9.83,6.36,38.7,Normal
2026-07-02 21:11:18.026,Bologna,Košice,None,0,53.1,50,1176.3,10,0.0,0.0,-1.0,0.09,0.037,-0.019,1.87,9.84,6.36,38.7,Normal
2026-07-02 21:11:19.027,Bologna,Košice,None,0,53.3,50,1180.9,10,0.0,0.0,-1.0,-0.002,0.017,-0.092,1.87,9.84,6.36,38.7,Normal
2026-07-02 21:11:20.027,Bologna,Košice,None,0,53.8,50,1192.5,10,0.0,0.0,-1.0,0.006,0.023,-0.171,1.87,9.84,6.36,38.7,Normal
2026-07-02 21:11:21.028,Bologna,Košice,None,0,54.5,50,1208.3,10,0.0,0.0,-1.0,0.062,0.007,-0.234,1.87,9.84,6.36,38.7,Normal
2026-07-02 21:11:22.028,Bologna,Košice,None,0,54.9,50,1217.2,10,0.0,0.0,-1.0,0.022,-0.03,-0.024,1.87,9.84,6.36,38.7,Normal
2026-07-02 21:11:23.028,Bologna,Košice,None,0,55.1,50,1222.1,10,0.0,0.0,-1.0,0.017,-0.008,-0.059,1.87,9.84,6.36,38.7,Speeding
2026-07-02 21:11:24.028,Bologna,Košice,None,0,55.4,50,1226.8,10,0.0,0.0,-1.0,0.078,-0.012,-0.026,1.87,9.84,6.36,38.7,Speeding
2026-07-02 21:11:25.028,Bologna,Košice,None,0,55.1,50,1221.2,10,0.0,0.0,-1.0,0.03,-0.004,0.104,1.87,9.85,6.36,38.7,Speeding
2026-07-02 21:11:26.029,Bologna,Košice,None,0,54.7,50,1210.9,10,0.0,0.0,-1.0,0.009,-0.03,0.134,1.87,9.85,6.36,38.7,Normal
2026-07-02 21:11:27.029,Bologna,Košice,None,0,54.3,50,1203.9,10,0.0,0.0,0.0,-0.11,0.006,0.068,1.87,9.85,6.36,38.7,Normal
2026-07-02 21:11:28.043,Bologna,Košice,None,0,54.2,50,1200.5,10,0.0,0.0,1.0,-0.078,-0.019,0.05,1.87,9.85,6.36,38.7,Normal
2026-07-02 21:11:29.030,Bologna,Košice,None,0,54.0,50,1197.1,10,0.0,0.0,1.0,-0.036,-0.065,0.058,1.87,9.85,6.36,38.7,Normal
2026-07-02 21:11:30.031,Bologna,Košice,None,0,53.9,50,1195.9,10,0.0,0.0,0.0,0.031,0.006,-0.049,1.87,9.85,6.36,38.7,Normal
2026-07-02 21:11:31.032,Bologna,Košice,None,0,54.4,50,1205.7,10,0.0,0.0,0.0,0.022,0.061,-0.142,1.87,9.85,6.36,38.7,Normal
2026-07-02 21:11:32.049,Bologna,Košice,None,0,54.8,50,1214.3,10,0.0,0.0,-1.0,0.002,0.008,-0.087,1.87,9.85,6.36,38.7,Normal
2026-07-02 21:11:33.032,Bologna,Košice,None,0,55.0,50,1219.8,10,0.0,0.0,-1.0,0.013,0.045,-0.06,1.87,9.85,6.36,38.7,Speeding
2026-07-02 21:11:34.050,Bologna,Košice,None,0,54.6,50,1209.4,10,0.0,0.0,0.0,-0.012,-0.034,0.21,1.87,9.85,6.36,38.7,Normal
2026-07-02 21:11:35.032,Bologna,Košice,None,0,53.8,50,1191.6,10,0.0,0.0,0.0,-0.01,0.001,0.238,1.87,9.85,6.36,38.7,Normal
2026-07-02 21:11:36.053,Bologna,Košice,None,0,53.3,50,1182.7,10,0.0,0.0,0.0,0.011,0.043,0.055,1.87,9.85,6.36,38.7,Normal
2026-07-02 21:11:37.032,Bologna,Košice,None,0,53.1,50,1177.9,10,0.0,0.0,0.0,-0.008,-0.015,0.075,1.87,9.85,6.36,38.7,Normal
2026-07-02 21:11:38.033,Bologna,Košice,None,0,52.8,50,1170.8,10,0.0,0.0,0.0,-0.012,0.032,0.099,1.87,9.85,6.36,38.7,Normal
2026-07-02 21:11:39.033,Bologna,Košice,None,0,52.4,50,1162.3,10,0.15,0.0,-1.0,0.063,0.003,0.118,1.87,9.85,6.36,38.7,Normal
2026-07-02 21:11:40.050,Bologna,Košice,None,0,52.5,50,1165.8,10,0.3,0.0,-1.0,0.028,-0.025,-0.102,1.87,9.85,6.36,38.7,Normal
2026-07-02 21:11:41.035,Bologna,Košice,None,0,53.1,50,1180.5,10,0.32,0.0,0.0,-0.046,-0.023,-0.238,1.87,9.85,6.36,38.7,Normal
2026-07-02 21:11:42.034,Bologna,Košice,None,0,53.9,80,1198.4,10,0.49,0.0,1.0,-0.22,0.008,-0.246,1.87,9.85,6.36,38.7,Normal
2026-07-02 21:11:43.034,Bologna,Košice,None,0,55.1,80,1225.9,10,0.64,0.0,1.0,0.058,0.008,-0.386,1.87,9.85,6.36,38.7,Normal
2026-07-02 21:11:44.035,Bologna,Košice,None,0,56.8,80,1265.1,10,0.76,0.0,1.0,-0.022,-0.022,-0.552,1.87,9.85,6.36,38.6,Normal
2026-07-02 21:11:45.052,Bologna,Košice,None,0,58.8,80,1308.3,10,0.65,0.0,1.0,0.051,-0.024,-0.518,1.87,9.86,6.36,38.6,Normal
2026-07-02 21:11:46.036,Bologna,Košice,None,0,60.4,80,1345.0,10,0.6,0.0,0.0,0.037,0.005,-0.455,1.87,9.86,6.36,38.6,Normal
2026-07-02 21:11:47.043,Bologna,Košice,None,0,62.1,80,1382.3,10,0.68,0.0,1.0,0.0,-0.017,-0.494,1.87,9.86,6.36,38.6,Normal
2026-07-02 21:11:48.049,Bologna,Košice,None,0,62.7,80,1122.5,11,0.36,0.0,0.0,0.049,0.04,0.033,1.87,9.86,6.36,38.6,Normal
2026-07-02 21:11:49.059,Bologna,Košice,None,0,62.7,80,1125.6,11,0.4,0.0,0.0,0.01,0.001,-0.137,1.87,9.86,6.36,38.6,Normal
2026-07-02 21:11:50.037,Bologna,Košice,None,0,63.4,80,1137.1,11,0.4,0.0,1.0,-0.03,-0.006,-0.2,1.87,9.86,6.36,38.5,Normal
2026-07-02 21:11:51.048,Bologna,Košice,None,0,64.0,80,1146.3,11,0.0,0.0,1.0,-0.01,0.07,-0.089,1.87,9.86,6.36,38.5,Normal
2026-07-02 21:11:52.057,Bologna,Košice,None,0,63.7,80,1139.7,11,0.0,0.0,1.0,-0.004,0.07,0.136,1.87,9.86,6.36,38.5,Normal
2026-07-02 21:11:53.037,Bologna,Košice,None,0,63.8,70,1145.7,11,0.75,0.0,1.0,-0.044,-0.132,-0.264,1.87,9.86,6.36,38.5,Normal
2026-07-02 21:11:54.059,Bologna,Košice,None,0,65.1,70,1167.7,11,0.36,0.0,1.0,0.019,0.046,-0.316,1.87,9.87,6.36,38.5,Normal
2026-07-02 21:11:55.050,Bologna,Košice,None,0,65.5,70,1172.5,11,0.0,0.0,1.0,-0.005,0.081,0.044,1.87,9.87,6.36,38.5,Normal
2026-07-02 21:11:56.062,Bologna,Košice,None,0,65.0,70,1163.6,11,0.0,0.0,1.0,-0.003,0.008,0.146,1.87,9.87,6.36,38.5,Normal
2026-07-02 21:11:57.056,Bologna,Košice,None,0,64.5,70,1154.0,11,0.0,0.0,1.0,-0.025,0.053,0.153,1.87,9.87,6.36,38.5,Normal
2026-07-02 21:11:58.040,Bologna,Košice,None,0,64.0,70,1148.4,11,0.47,0.0,1.0,-0.013,0.043,0.047,1.87,9.87,6.36,38.5,Normal
2026-07-02 21:11:59.041,Bologna,Košice,None,0,64.0,70,1145.4,11,0.0,0.0,1.0,-0.008,0.055,0.108,1.87,9.87,6.36,38.5,Normal
2026-07-02 21:12:00.056,Bologna,Košice,None,0,63.6,70,1139.5,11,0.43,0.0,1.0,-0.0,-0.014,0.043,1.87,9.88,6.36,38.5,Normal
2026-07-02 21:12:01.064,Bologna,Košice,None,0,64.0,70,1148.7,11,0.4,0.0,1.0,-0.003,-0.03,-0.19,1.87,9.88,6.36,38.5,Normal
2026-07-02 21:12:02.057,Bologna,Košice,None,0,64.9,70,1164.0,11,0.49,0.0,1.0,-0.003,-0.062,-0.277,1.87,9.88,6.36,38.5,Normal
2026-07-02 21:12:03.043,Bologna,Košice,None,0,65.8,70,1181.3,11,0.55,0.0,1.0,-0.001,0.079,-0.275,1.87,9.88,6.36,38.4,Normal
2026-07-02 21:12:04.060,Bologna,Košice,None,0,65.9,70,1177.9,11,0.0,0.12,1.0,0.066,0.054,0.207,1.87,9.88,6.36,38.4,Normal
2026-07-02 21:12:05.043,Bologna,Košice,None,0,61.8,70,1101.7,11,0.0,0.21,0.0,0.107,-0.04,1.709,1.87,9.88,6.36,38.4,Normal
2026-07-02 21:12:06.043,Bologna,Košice,None,0,58.9,70,1053.3,11,0.0,0.0,1.0,-0.011,0.041,0.578,1.87,9.88,6.36,38.4,Normal
2026-07-02 21:12:07.055,Bologna,Košice,None,0,55.5,50,991.1,11,0.0,0.0,1.0,-0.013,0.043,1.234,1.87,9.88,6.36,38.4,Speeding
2026-07-02 21:12:08.043,Bologna,Košice,None,0,53.1,50,1132.4,11,0.0,0.0,-1.0,0.062,-0.059,0.529,1.87,9.88,6.36,38.4,Normal
2026-07-02 21:12:09.043,Bologna,Košice,None,0,49.3,50,1089.7,10,0.0,0.0,-1.0,0.021,0.06,1.312,1.87,9.88,6.36,38.4,Normal
2026-07-02 21:12:10.060,Bologna,Košice,None,0,43.7,50,963.9,10,0.0,0.0,-1.0,0.014,0.245,2.403,1.87,9.89,6.36,38.4,Normal
2026-07-02 21:12:11.044,Bologna,Košice,None,0,40.4,50,1154.7,9,0.0,0.0,-1.0,0.075,-0.026,0.486,1.87,9.89,6.36,38.4,Normal
2026-07-02 21:12:12.045,Bologna,Košice,None,0,38.9,50,1111.7,9,0.0,0.0,-1.0,0.011,-0.011,0.435,1.87,9.89,6.36,38.4,Normal
2026-07-02 21:12:13.045,Bologna,Košice,None,0,37.4,50,1067.9,9,0.0,0.0,1.0,-0.107,-0.013,0.438,1.87,9.89,6.36,38.4,Normal
2026-07-02 21:12:14.046,Bologna,Košice,None,0,35.9,50,1025.3,9,0.0,0.0,1.0,-0.238,0.009,0.43,1.87,9.89,6.36,38.4,Normal
2026-07-02 21:12:15.046,Bologna,Košice,None,0,34.4,0,981.8,9,0.0,0.0,1.0,0.079,-0.019,0.419,1.87,9.89,6.36,38.4,Normal
2026-07-02 21:12:16.047,Bologna,Košice,None,0,33.0,0,941.5,9,0.0,0.0,0.0,0.098,-0.018,0.41,1.87,9.89,6.36,38.4,Normal
2026-07-02 21:12:17.057,Bologna,Košice,None,0,31.6,0,1007.7,9,0.0,0.0,1.0,0.034,-0.008,0.362,1.87,9.89,6.36,38.4,Normal
2026-07-02 21:12:18.049,Bologna,Košice,None,0,30.5,0,1116.4,8,0.0,0.0,1.0,-0.005,-0.046,0.347,1.87,9.89,6.36,38.4,Normal
2026-07-02 21:12:19.048,Bologna,Košice,None,0,28.8,0,1052.5,8,0.0,0.0,1.0,-0.154,-0.076,0.76,1.87,9.89,6.36,38.4,Normal
2026-07-02 21:12:20.048,Bologna,Košice,None,0,27.3,0,999.1,8,0.0,0.0,0.0,0.006,-0.077,0.515,1.87,9.89,6.36,38.4,Normal
2026-07-02 21:12:21.049,Bologna,Košice,None,0,26.0,0,951.1,8,0.0,0.0,0.0,0.023,-0.028,0.375,1.87,9.89,6.36,38.4,Normal
2026-07-02 21:12:22.049,Bologna,Košice,None,0,24.7,0,904.0,8,0.0,0.0,1.0,0.011,0.012,0.356,1.87,9.89,6.36,38.4,Normal
2026-07-02 21:12:23.050,Bologna,Košice,None,0,23.6,0,1099.9,8,0.0,0.0,1.0,-0.009,-0.009,0.265,1.87,9.89,6.36,38.4,Normal
2026-07-02 21:12:24.050,Bologna,Košice,None,0,22.6,0,1068.5,7,0.0,0.0,-1.0,0.055,0.015,0.336,1.87,9.89,6.36,38.4,Normal
2026-07-02 21:12:25.067,Bologna,Košice,None,0,21.3,0,1007.8,7,0.0,0.0,-1.0,0.066,-0.039,0.36,1.87,9.89,6.36,38.4,Normal
2026-07-02 21:12:26.051,Bologna,Košice,None,0,20.1,0,946.4,7,0.0,0.0,-1.0,0.063,0.002,0.351,1.87,9.89,6.36,38.4,Normal
2026-07-02 21:12:27.067,Bologna,Košice,None,0,18.9,0,890.8,7,0.0,0.0,1.0,-0.061,-0.008,0.34,1.87,9.89,6.36,38.4,Normal
2026-07-02 21:12:28.051,Bologna,Košice,None,0,17.8,0,1080.0,7,0.0,0.0,1.0,-0.131,-0.003,0.267,1.87,9.89,6.36,38.4,Normal
2026-07-02 21:12:29.069,Bologna,Košice,None,0,17.0,0,1332.8,5,0.0,0.0,1.0,-0.05,0.008,0.32,1.87,9.89,6.36,38.4,Normal
2026-07-02 21:12:30.068,Bologna,Košice,None,0,12.5,0,965.8,5,0.0,0.28,0.0,0.076,0.032,2.119,1.87,9.89,6.36,38.4,Normal
2026-07-02 21:12:31.052,Bologna,Košice,None,0,6.5,0,1016.5,5,0.0,0.0,-1.0,0.021,-0.02,0.915,1.87,9.89,6.36,38.4,Normal
2026-07-02 21:12:32.052,Bologna,Košice,None,0,5.2,0,836.6,2,0.0,0.0,-1.0,0.01,0.008,0.334,1.87,9.9,6.36,38.4,Normal
2026-07-02 21:12:33.052,Bologna,Košice,None,0,3.9,0,692.3,2,0.0,0.1,0.0,0.005,0.012,0.499,1.87,9.9,6.36,38.4,Normal
2026-07-02 21:12:34.053,Bologna,Košice,None,0,0.6,0,550.0,1,0.0,0.0,0.0,0.005,-0.094,1.113,1.87,9.9,6.36,38.4,Normal
2026-07-02 21:12:35.053,Bologna,Košice,None,0,-0.0,0,550.0,0,0.0,0.0,0.0,-0.001,-0.001,-0.003,1.87,9.9,6.36,38.4,Normal
2026-07-02 21:12:36.068,Bologna,Košice,None,0,-0.0,0,502.3,0,0.0,0.0,0.0,-0.0,-0.0,0.001,1.87,9.9,6.36,38.4,Normal
2026-07-02 21:12:37.053,Bologna,Košice,None,0,0.0,0,0.0,0,0.0,0.0,0.0,0.001,-0.0,-0.002,1.87,9.9,6.36,38.5,Normal
2026-07-02 21:12:38.054,Bologna,Košice,None,0,0.0,0,0.0,0,0.0,0.0,0.0,-0.003,-0.001,0.001,1.87,9.9,6.36,38.8,Normal
2026-07-02 21:12:39.072,Bologna,Košice,None,0,0.0,0,0.0,0,0.0,0.0,0.0,0.0,0.001,0.001,1.87,9.9,6.36,39.0,Normal
2026-07-02 21:12:40.055,Bologna,Košice,None,0,0.0,0,0.0,0,0.0,0.0,0.0,-0.002,-0.001,-0.0,1.87,9.9,6.36,40.9,Normal
2026-07-02 21:12:41.056,Bologna,Košice,None,0,0.0,0,0.0,0,0.0,0.0,0.0,-0.001,0.001,-0.001,1.87,9.9,6.36,46.4,Normal
2026-07-02 21:12:42.056,Bologna,Košice,None,0,0.0,0,0.0,0,0.0,0.0,0.0,0.002,-0.0,0.0,1.87,9.9,6.36,53.6,Normal
2026-07-02 21:12:43.057,Bologna,Košice,None,0,0.0,0,0.0,0,0.0,0.0,0.0,-0.0,-0.001,0.0,1.87,9.9,6.36,59.1,Normal
2026-07-02 21:12:44.056,Bologna,Košice,None,0,0.0,0,0.0,0,0.0,0.0,0.0,0.001,-0.002,0.0,1.87,9.9,6.36,64.6,Normal
2026-07-02 21:12:45.071,Bologna,Košice,None,0,-0.0,0,0.0,0,0.0,0.0,0.0,-0.001,0.0,-0.0,1.87,9.9,6.36,70.0,Normal
2026-07-02 21:12:46.078,Bologna,Košice,None,0,-0.0,0,0.0,0,0.0,0.0,0.0,-0.001,-0.0,0.001,1.87,9.9,6.36,77.3,Normal
2026-07-02 21:12:47.075,Bologna,Košice,None,0,-0.0,0,0.0,0,0.0,0.0,0.0,0.0,-0.001,-0.0,1.87,9.9,6.36,82.7,Normal
2026-07-02 21:12:48.058,Bologna,Košice,None,0,0.0,0,0.0,0,0.0,0.0,0.0,0.001,0.001,-0.0,1.87,9.9,6.36,88.2,Normal
2026-07-02 21:12:49.069,Bologna,Košice,None,0,0.0,0,0.0,0,0.0,0.0,0.0,-0.002,0.001,-0.0,1.87,9.9,6.36,95.5,Normal
2026-07-02 21:12:50.059,Bologna,Košice,None,0,-0.0,0,0.0,0,0.0,0.0,0.0,-0.001,0.001,0.001,1.87,9.9,6.36,100.0,Normal
2026-07-02 21:12:51.078,Bologna,Košice,None,0,-0.0,0,550.0,0,0.0,0.0,0.0,-0.004,-0.0,0.0,1.87,9.9,6.36,100.0,Normal
2026-07-02 21:12:52.072,Bologna,Košice,None,0,-0.0,0,550.0,0,0.0,0.0,0.0,-0.0,-0.001,-0.0,1.87,9.9,6.36,100.0,Normal
2026-07-02 21:12:53.060,Bologna,Košice,None,0,-0.0,0,550.0,1,0.0,0.0,0.0,-0.001,0.0,-0.0,1.87,9.9,6.36,100.0,Normal
2026-07-02 21:12:54.078,Bologna,Košice,None,0,-0.0,0,550.0,1,0.0,0.0,1.0,0.001,-0.001,0.0,1.87,9.9,6.36,100.0,Normal
2026-07-02 21:12:55.071,Bologna,Košice,None,0,0.4,0,726.7,1,0.21,0.0,1.0,-0.02,-0.004,-0.415,1.87,9.9,6.36,100.0,Normal
2026-07-02 21:12:56.062,Bologna,Košice,None,0,4.0,0,895.5,1,0.26,0.0,1.0,-0.08,-0.027,-1.563,1.87,9.9,6.36,100.0,Normal
2026-07-02 21:12:57.074,Bologna,Košice,None,0,7.4,0,1532.9,1,0.26,0.0,1.0,-0.059,-0.041,-0.533,1.87,9.9,6.36,100.0,Normal
2026-07-02 21:12:58.081,Bologna,Košice,None,0,7.3,0,918.3,3,0.26,0.0,1.0,-0.057,0.019,0.062,1.87,9.9,6.36,100.0,Normal
2026-07-02 21:12:59.062,Bologna,Košice,None,0,9.2,0,1185.4,3,0.26,0.0,1.0,-0.139,-0.013,-0.774,1.87,9.9,6.36,100.0,Normal
2026-07-02 21:13:00.063,Bologna,Košice,None,0,11.8,0,1486.4,3,0.26,0.0,1.0,-0.078,-0.021,-0.568,1.87,9.9,6.36,100.0,Normal
2026-07-02 21:13:01.085,Bologna,Košice,None,0,11.8,0,928.6,5,0.0,0.0,-1.0,0.35,-0.001,0.06,1.87,9.9,6.36,100.0,Normal
2026-07-02 21:13:02.063,Bologna,Košice,None,0,11.0,0,868.5,5,0.33,0.0,-1.0,0.281,0.017,0.202,1.87,9.9,6.36,100.0,Normal
2026-07-02 21:13:03.064,Bologna,Košice,None,0,13.1,0,1050.9,5,0.42,0.0,-1.0,0.048,-0.021,-0.983,1.87,9.9,6.36,100.0,Normal
2026-07-02 21:13:04.085,Bologna,Košice,None,0,16.6,0,1321.4,5,0.36,0.0,-1.0,0.095,0.014,-0.877,1.87,9.9,6.36,99.9,Normal
2026-07-02 21:13:05.065,Bologna,Košice,None,0,18.6,0,1302.7,5,0.22,0.0,0.0,0.354,1.017,-0.149,1.87,9.9,6.36,99.9,Normal
2026-07-02 21:13:06.064,Bologna,Košice,None,0,18.5,0,874.7,7,0.24,0.0,1.0,-0.185,0.006,0.118,1.87,9.9,6.36,99.9,Normal
2026-07-02 21:13:07.064,Bologna,Košice,None,0,19.7,0,942.9,7,0.5,0.0,1.0,-0.212,-0.016,-0.673,1.87,9.9,6.36,99.9,Normal
2026-07-02 21:13:08.066,Bologna,Košice,None,0,22.4,0,1068.2,7,0.36,0.0,0.0,0.029,0.008,-0.686,1.87,9.9,6.36,99.9,Normal
2026-07-02 21:13:09.066,Bologna,Košice,None,0,24.0,0,1138.0,7,0.19,0.0,-1.0,0.304,0.301,-0.339,1.87,9.9,6.36,99.9,Normal
2026-07-02 21:13:10.091,Bologna,Košice,None,0,24.7,0,1172.3,7,0.15,0.0,-1.0,0.036,-0.008,-0.145,1.87,9.9,6.36,99.9,Normal
2026-07-02 21:13:11.086,Bologna,Košice,None,0,25.2,0,1194.5,7,0.13,0.0,-1.0,-0.013,0.023,-0.127,1.87,9.9,6.36,99.9,Normal
2026-07-02 21:13:12.067,Bologna,Košice,None,0,24.9,0,1177.4,7,0.0,0.0,1.0,-0.131,0.007,0.189,1.87,9.9,6.36,99.9,Normal
2026-07-02 21:13:13.067,Bologna,Košice,None,0,24.7,0,1172.9,7,0.29,0.0,1.0,-0.202,-0.033,-0.236,1.87,9.9,6.36,99.9,Normal
2026-07-02 21:13:14.077,Bologna,Košice,None,0,26.0,0,1237.6,7,0.37,0.0,1.0,-0.01,-0.006,-0.409,1.87,9.9,6.36,99.9,Normal
2026-07-02 21:13:15.068,Bologna,Košice,None,0,28.3,0,1348.8,7,0.57,0.0,1.0,0.052,-0.016,-0.855,1.87,9.9,6.36,99.9,Normal
2026-07-02 21:13:16.068,Bologna,Košice,None,0,30.5,80,1259.6,7,0.44,0.0,0.0,0.068,0.087,-0.19,1.87,9.9,6.36,99.8,Normal
2026-07-02 21:13:17.068,Bologna,Košice,None,0,30.7,80,1128.4,8,0.46,0.0,-1.0,0.28,0.0,-0.164,1.87,9.91,6.36,99.8,Normal
2026-07-02 21:13:18.069,Bologna,Košice,None,0,32.4,80,1194.3,8,0.56,0.0,0.0,-0.028,-0.015,-0.638,1.87,9.91,6.36,99.8,Normal
2026-07-02 21:13:19.090,Bologna,Košice,None,0,34.9,80,1286.6,8,0.57,0.0,1.0,-0.06,-0.003,-0.723,1.87,9.91,6.36,99.8,Normal
2026-07-02 21:13:20.084,Bologna,Košice,None,0,37.5,80,1383.0,8,0.59,0.0,1.0,-0.007,0.016,-0.765,1.87,9.91,6.36,99.8,Normal
2026-07-02 21:13:21.069,Bologna,Košice,None,0,38.9,80,1141.5,8,0.63,0.0,1.0,-0.079,0.064,-0.054,1.87,9.91,6.36,99.8,Normal
2026-07-02 21:13:22.071,Bologna,Košice,None,0,39.3,80,1131.5,9,0.65,0.0,1.0,0.048,-0.046,-0.424,1.87,9.91,6.36,99.8,Normal
2026-07-02 21:13:23.071,Bologna,Košice,None,0,41.3,80,1186.5,9,0.52,0.0,1.0,-0.025,0.051,-0.545,1.87,9.91,6.36,99.7,Normal
2026-07-02 21:13:24.070,Bologna,Košice,None,0,43.1,80,1238.2,9,0.5,0.0,1.0,0.028,-0.016,-0.512,1.87,9.91,6.36,99.7,Normal
2026-07-02 21:13:25.071,Bologna,Košice,None,0,44.9,80,1288.9,9,0.53,0.0,1.0,0.008,0.039,-0.512,1.87,9.91,6.36,99.7,Normal
2026-07-02 21:13:26.071,Bologna,Košice,None,0,46.7,80,1340.7,9,0.52,0.0,0.0,0.012,0.004,-0.508,1.87,9.91,6.36,99.7,Normal
2026-07-02 21:13:27.071,Bologna,Košice,None,0,48.4,80,1391.6,9,0.51,0.0,1.0,-0.068,-0.035,-0.471,1.87,9.91,6.36,99.7,Normal
2026-07-02 21:13:28.073,Bologna,Košice,None,0,48.8,80,1082.9,10,0.53,0.0,1.0,0.032,0.01,0.049,1.87,9.91,6.36,99.7,Normal
2026-07-02 21:13:29.072,Bologna,Košice,None,0,49.0,80,1088.4,10,0.26,0.0,1.0,-0.014,0.032,-0.055,1.87,9.91,6.36,99.7,Normal
2026-07-02 21:13:30.074,Bologna,Košice,None,0,49.6,80,1105.0,10,0.59,0.0,1.0,-0.039,-0.041,-0.317,1.87,9.91,6.36,99.7,Normal
2026-07-02 21:13:31.089,Bologna,Košice,None,0,51.2,80,1139.0,10,0.59,0.0,-1.0,0.08,-0.001,-0.441,1.88,9.92,6.36,99.6,Normal
2026-07-02 21:13:32.073,Bologna,Košice,None,0,52.8,80,1174.4,10,0.59,0.0,0.0,0.016,-0.007,-0.458,1.88,9.92,6.36,99.6,Normal
2026-07-02 21:13:33.098,Bologna,Košice,None,0,54.4,80,1210.0,10,0.59,0.0,0.0,0.009,-0.002,-0.443,1.88,9.92,6.36,99.6,Normal
2026-07-02 21:13:34.093,Bologna,Košice,None,0,55.9,80,1244.3,10,0.6,0.0,1.0,-0.015,0.004,-0.448,1.88,9.92,6.36,99.6,Normal
2026-07-02 21:13:35.091,Bologna,Košice,None,0,57.6,80,1281.8,10,0.66,0.0,0.0,-0.06,-0.032,-0.484,1.88,9.92,6.36,99.6,Normal
2026-07-02 21:13:36.075,Bologna,Košice,None,0,59.4,80,1323.6,10,0.74,0.0,0.0,0.08,-0.057,-0.564,1.88,9.92,6.36,99.5,Normal
2026-07-02 21:13:37.084,Bologna,Košice,None,0,61.4,80,1366.8,10,0.68,0.0,0.0,0.04,0.047,-0.509,1.88,9.92,6.36,99.5,Normal
2026-07-02 21:13:38.092,Bologna,Košice,None,0,62.7,80,1200.8,10,0.67,0.0,0.0,-0.005,0.108,-0.093,1.88,9.92,6.36,99.5,Normal
2026-07-02 21:13:39.076,Bologna,Košice,None,0,62.8,80,1127.8,11,0.58,0.0,-1.0,0.049,0.088,-0.149,1.88,9.92,6.36,99.5,Normal
2026-07-02 21:13:40.093,Bologna,Košice,None,0,64.1,80,1151.8,11,0.75,0.0,1.0,-0.017,-0.015,-0.44,1.88,9.92,6.36,99.5,Normal
2026-07-02 21:13:41.087,Bologna,Košice,None,0,65.6,80,1178.7,11,0.56,0.0,-1.0,0.016,0.052,-0.443,1.88,9.93,6.36,99.4,Normal
2026-07-02 21:13:42.077,Bologna,Košice,None,0,66.9,80,1201.4,11,0.47,0.0,-1.0,-0.02,0.069,-0.329,1.88,9.93,6.36,99.4,Normal
2026-07-02 21:13:43.077,Bologna,Košice,None,0,68.0,80,1220.7,11,0.48,0.0,-1.0,0.027,0.022,-0.3,1.88,9.93,6.36,99.4,Normal
2026-07-02 21:13:44.096,Bologna,Košice,None,0,69.2,80,1242.1,11,0.5,0.0,-1.0,0.027,0.03,-0.324,1.88,9.93,6.36,99.4,Normal
2026-07-02 21:13:45.080,Bologna,Košice,None,0,70.4,80,1262.6,11,0.48,0.0,-1.0,0.019,-0.028,-0.318,1.88,9.93,6.36,99.4,Normal
2026-07-02 21:13:46.078,Bologna,Košice,None,0,71.4,80,1277.6,11,0.0,0.0,-1.0,0.011,0.057,-0.134,1.88,9.94,6.36,99.4,Normal
2026-07-02 21:13:47.090,Bologna,Košice,None,0,71.3,80,1275.2,11,0.0,0.0,-1.0,0.006,0.021,0.06,1.88,9.94,6.36,99.4,Normal
2026-07-02 21:13:48.098,Bologna,Košice,None,0,71.0,80,1270.8,11,0.0,0.0,-1.0,0.021,0.027,0.065,1.88,9.94,6.36,99.4,Normal
2026-07-02 21:13:49.080,Bologna,Košice,None,0,70.8,80,1267.0,11,0.18,0.0,-1.0,0.054,0.0,0.056,1.88,9.94,6.36,99.4,Normal
2026-07-02 21:13:50.080,Bologna,Košice,None,0,71.0,80,1272.0,11,0.24,0.0,-1.0,-0.012,0.022,-0.12,1.88,9.94,6.36,99.3,Normal
2026-07-02 21:13:51.080,Bologna,Košice,None,0,71.5,80,1280.9,11,0.22,0.0,-1.0,0.008,0.048,-0.14,1.88,9.94,6.36,99.3,Normal
2026-07-02 21:13:52.098,Bologna,Košice,None,0,72.0,80,1290.6,11,0.22,0.0,-1.0,-0.071,-0.02,-0.151,1.88,9.94,6.36,99.3,Normal
2026-07-02 21:13:53.080,Bologna,Košice,None,0,72.6,80,1299.0,11,0.0,0.0,0.0,-0.077,-0.0,-0.09,1.88,9.94,6.36,99.3,Normal
2026-07-02 21:13:54.080,Bologna,Košice,None,0,72.8,80,1305.8,11,0.35,0.0,0.0,-0.039,0.009,-0.173,1.88,9.95,6.36,99.3,Normal
2026-07-02 21:13:55.080,Bologna,Košice,None,0,73.5,80,1315.1,11,0.0,0.0,-1.0,0.046,0.074,-0.056,1.88,9.95,6.36,99.3,Normal
2026-07-02 21:15:20.112,Bologna,Košice,None,0,73.5,80,1315.1,11,0.19,0.0,-1.0,0.044,0.004,0.002,1.88,9.95,6.36,99.3,Normal
2026-07-02 21:15:21.132,Bologna,Košice,None,0,74.1,90,1330.9,11,0.65,0.0,0.0,-0.023,0.032,-0.371,1.88,9.95,6.36,99.3,Normal
2026-07-02 21:15:22.126,Bologna,Košice,None,0,75.6,90,1353.4,11,0.0,0.0,0.0,-0.044,-0.011,-0.235,1.88,9.95,6.36,99.3,Normal
2026-07-02 21:15:23.135,Bologna,Košice,None,0,75.9,90,1358.3,11,0.0,0.0,-1.0,-0.115,-0.125,-0.028,1.88,9.95,6.36,99.3,Normal
2026-07-02 21:15:24.138,Bologna,Košice,None,0,76.0,90,1360.6,11,0.0,0.0,-1.0,0.001,0.091,-0.053,1.88,9.95,6.36,99.3,Normal
2026-07-02 21:15:25.116,Bologna,Košice,None,0,76.2,90,1322.2,11,0.35,0.0,-1.0,-0.009,-0.114,-0.059,1.88,9.95,6.36,99.3,Normal
2026-07-02 21:15:26.116,Bologna,Košice,None,0,76.6,90,1063.1,12,0.0,0.0,-1.0,-0.033,-0.051,-0.13,1.88,9.96,6.36,99.3,Normal
2026-07-02 21:15:27.137,Bologna,Košice,None,0,77.0,90,1067.4,12,0.0,0.0,-1.0,-0.026,0.545,-0.112,1.88,9.96,6.36,99.3,Normal
2026-07-02 21:15:28.117,Bologna,Košice,None,0,77.4,90,1074.0,12,0.0,0.0,-1.0,0.031,0.095,-0.136,1.88,9.96,6.36,99.3,Normal
2026-07-02 21:15:29.137,Bologna,Košice,None,0,77.8,90,1078.8,12,0.0,0.0,-1.0,-0.043,0.025,-0.046,1.88,9.96,6.36,99.3,Normal
2026-07-02 21:15:30.117,Bologna,Košice,None,0,77.4,90,1072.3,12,0.0,0.0,-1.0,0.017,0.022,0.169,1.88,9.97,6.36,99.3,Normal
2026-07-02 21:15:31.133,Bologna,Košice,None,0,76.6,90,1062.4,12,0.0,0.0,-1.0,-0.006,0.016,0.212,1.88,9.97,6.36,99.3,Normal
2026-07-02 21:15:32.140,Bologna,Košice,None,0,75.9,90,1052.1,12,0.0,0.0,0.0,-0.07,0.061,0.193,1.88,9.97,6.36,99.3,Normal
2026-07-02 21:15:33.144,Bologna,Košice,None,0,75.2,90,1042.4,12,0.0,0.0,-1.0,0.036,0.131,0.179,1.88,9.97,6.36,99.3,Normal
2026-07-02 21:15:34.118,Bologna,Košice,None,0,74.3,90,1030.1,12,0.0,0.0,-1.0,0.038,0.001,0.251,1.88,9.97,6.36,99.3,Normal
2026-07-02 21:15:35.138,Bologna,Košice,None,0,73.4,90,1016.8,12,0.0,0.0,-1.0,0.011,0.007,0.284,1.88,9.97,6.36,99.3,Normal
2026-07-02 21:15:36.144,Bologna,Košice,None,0,72.2,90,999.9,12,0.0,0.0,-1.0,-0.021,-0.01,0.345,1.88,9.97,6.36,99.3,Normal
2026-07-02 21:15:37.120,Bologna,Košice,None,0,71.1,90,986.4,12,0.0,0.0,-1.0,-0.037,-0.06,0.193,1.88,9.97,6.36,99.3,Normal
2026-07-02 21:15:38.119,Bologna,Košice,None,0,70.7,90,1264.8,11,0.0,0.0,-1.0,0.183,-0.038,0.122,1.88,9.98,6.37,99.3,Normal
2026-07-02 21:15:39.138,Bologna,Košice,None,0,70.0,90,1253.1,11,0.0,0.0,-1.0,0.009,-0.003,0.22,1.88,9.98,6.37,99.3,Normal
2026-07-02 21:15:40.130,Bologna,Košice,None,0,69.2,90,1238.3,11,0.08,0.0,-1.0,-0.036,-0.03,0.222,1.88,9.98,6.37,99.3,Normal
2026-07-02 21:15:41.123,Bologna,Košice,None,0,68.4,90,1225.5,11,0.2,0.0,-1.0,0.013,0.008,0.18,1.88,9.98,6.37,99.3,Normal
2026-07-02 21:15:42.122,Bologna,Košice,None,0,67.8,90,1214.0,11,0.19,0.0,1.0,-0.162,-0.011,0.181,1.88,9.98,6.37,99.3,Normal
2026-07-02 21:15:43.123,Bologna,Košice,None,0,67.2,90,1203.1,11,0.0,0.0,1.0,0.005,-0.001,0.146,1.88,9.98,6.37,99.3,Normal
2026-07-02 21:15:44.122,Bologna,Košice,None,0,66.0,90,1181.0,11,0.0,0.0,1.0,-0.053,0.043,0.473,1.88,9.98,6.37,99.3,Normal
2026-07-02 21:15:45.124,Bologna,Košice,None,0,63.9,90,1141.9,11,0.0,0.0,-1.0,0.053,0.011,0.621,1.88,9.98,6.37,99.3,Normal
2026-07-02 21:15:46.134,Bologna,Košice,None,0,61.6,90,1100.1,11,0.0,0.0,-1.0,0.118,0.002,0.648,1.88,9.98,6.37,99.3,Normal
2026-07-02 21:15:47.134,Bologna,Košice,None,0,59.2,90,1058.0,11,0.0,0.0,-1.0,0.07,0.01,0.62,1.88,9.99,6.37,99.3,Normal
2026-07-02 21:15:48.135,Bologna,Košice,None,0,56.9,90,1016.5,11,0.0,0.0,-1.0,0.033,0.005,0.64,1.88,9.99,6.37,99.3,Normal
2026-07-02 21:15:49.124,Bologna,Košice,None,0,54.7,90,977.5,11,0.0,0.0,-1.0,0.017,0.021,0.596,1.88,9.99,6.37,99.3,Normal
2026-07-02 21:15:50.147,Bologna,Košice,None,0,52.6,90,1165.8,10,0.0,0.0,-1.0,0.003,-0.047,0.534,1.88,9.99,6.37,99.3,Normal
2026-07-02 21:15:51.126,Bologna,Košice,None,0,50.7,90,1123.6,10,0.0,0.0,-1.0,-0.035,-0.011,0.56,1.88,9.99,6.37,99.2,Normal
2026-07-02 21:15:52.150,Bologna,Košice,None,0,48.7,50,1077.2,10,0.0,0.0,-1.0,-0.039,0.074,0.543,1.88,9.99,6.37,99.2,Normal
2026-07-02 21:15:53.125,Bologna,Košice,None,0,46.7,50,1036.3,10,0.41,0.0,-1.0,0.073,-0.046,0.487,1.88,9.99,6.37,99.2,Normal
2026-07-02 21:15:54.126,Bologna,Košice,None,0,45.9,50,1021.6,10,0.46,0.0,-1.0,-0.013,0.017,0.14,1.88,10.0,6.37,99.2,Normal
2026-07-02 21:15:55.149,Bologna,Košice,None,0,45.7,50,1016.6,10,0.58,0.0,-1.0,-0.009,-0.036,0.052,1.88,10.0,6.37,99.2,Normal
2026-07-02 21:15:56.143,Bologna,Košice,None,0,45.3,50,1009.2,10,0.61,0.0,-1.0,0.036,-0.013,0.123,1.88,10.0,6.37,99.2,Normal
2026-07-02 21:15:57.127,Bologna,Košice,None,0,44.8,50,999.3,10,0.73,0.0,-1.0,0.072,-0.029,0.114,1.88,10.0,6.37,99.2,Normal
2026-07-02 21:15:58.127,Bologna,Košice,None,0,44.2,50,985.6,10,0.69,0.0,-1.0,0.053,-0.022,0.218,1.88,10.0,6.37,99.2,Normal
2026-07-02 21:15:59.129,Bologna,Košice,None,0,43.4,50,966.4,10,0.73,0.0,-1.0,0.033,-0.024,0.255,1.88,10.0,6.37,99.1,Normal
2026-07-02 21:16:00.151,Bologna,Košice,None,0,42.4,50,938.7,10,0.74,0.0,-1.0,0.005,-0.025,0.298,1.88,10.0,6.37,99.1,Normal
2026-07-02 21:16:01.130,Bologna,Košice,None,0,39.8,50,1137.8,9,0.73,0.0,-1.0,0.016,-0.001,0.858,1.88,10.0,6.37,99.1,Normal
2026-07-02 21:16:02.130,Bologna,Košice,None,0,38.4,50,1107.0,9,0.72,0.0,-1.0,0.008,-0.019,0.097,1.88,10.0,6.37,99.1,Normal
2026-07-02 21:16:03.130,Bologna,Košice,None,0,38.2,50,1101.7,9,0.73,0.0,-1.0,-0.038,-0.006,0.011,1.89,10.0,6.37,99.1,Normal
2026-07-02 21:16:04.147,Bologna,Košice,None,0,38.5,50,1111.5,9,0.84,0.0,-1.0,-0.144,-0.052,-0.167,1.89,10.0,6.37,99.1,Normal
2026-07-02 21:16:05.131,Bologna,Košice,None,0,39.3,50,1133.4,9,0.81,0.0,-1.0,-0.008,0.006,-0.257,1.89,10.0,6.37,99.0,Normal
2026-07-02 21:16:06.131,Bologna,Košice,None,0,40.6,50,1169.2,9,0.82,0.0,-1.0,0.01,-0.013,-0.408,1.89,10.0,6.37,99.0,Normal
2026-07-02 21:16:07.155,Bologna,Košice,None,0,42.4,50,1222.8,9,0.83,0.0,-1.0,-0.015,-0.018,-0.57,1.89,10.01,6.37,99.0,Normal
2026-07-02 21:16:08.152,Bologna,Košice,None,0,44.8,50,1289.4,9,0.83,0.0,-1.0,-0.121,0.037,-0.715,1.89,10.01,6.37,99.0,Normal
2026-07-02 21:16:09.131,Bologna,Košice,None,0,47.4,50,1366.2,9,0.81,0.0,-1.0,0.017,0.019,-0.784,1.89,10.01,6.37,98.9,Normal
2026-07-02 21:16:10.153,Bologna,Košice,None,0,50.1,50,1391.7,9,0.8,0.0,-1.0,0.007,0.009,-0.483,1.89,10.01,6.37,98.9,Normal
2026-07-02 21:16:11.148,Bologna,Košice,None,0,50.3,90,1118.0,10,0.73,0.0,-1.0,-0.087,0.013,0.041,1.89,10.01,6.37,98.9,Normal
2026-07-02 21:16:12.144,Bologna,Košice,None,0,51.6,90,1149.0,10,0.72,0.0,-1.0,-0.027,-0.021,-0.516,1.89,10.01,6.37,98.9,Normal
2026-07-02 21:16:13.133,Bologna,Košice,None,0,53.5,90,1191.9,10,0.72,0.0,-1.0,-0.017,-0.057,-0.552,1.89,10.01,6.37,98.9,Normal
2026-07-02 21:16:14.146,Bologna,Košice,None,0,55.4,90,1234.7,10,0.71,0.0,-1.0,-0.036,-0.014,-0.533,1.89,10.01,6.37,98.8,Normal
2026-07-02 21:16:15.150,Bologna,Košice,None,0,57.4,90,1277.3,10,0.71,0.0,-1.0,-0.005,0.04,-0.52,1.89,10.02,6.37,98.8,Normal
2026-07-02 21:16:16.134,Bologna,Košice,None,0,59.2,90,1317.8,10,0.7,0.0,-1.0,-0.019,-0.014,-0.522,1.89,10.02,6.37,98.8,Normal
2026-07-02 21:16:17.146,Bologna,Košice,None,0,61.0,90,1357.6,10,0.69,0.0,-1.0,0.024,-0.006,-0.48,1.89,10.02,6.37,98.8,Normal
2026-07-02 21:16:18.135,Bologna,Košice,None,0,62.5,90,1319.2,10,0.65,0.0,-1.0,0.035,-0.018,-0.237,1.89,10.02,6.37,98.7,Normal
2026-07-02 21:16:19.154,Bologna,Košice,None,0,62.5,90,1120.7,11,0.63,0.0,-1.0,0.01,0.068,0.028,1.89,10.02,6.37,98.7,Normal
2026-07-02 21:16:20.135,Bologna,Košice,None,0,63.3,90,1136.9,11,0.65,0.0,-1.0,0.013,0.063,-0.321,1.89,10.02,6.37,98.7,Normal
2026-07-02 21:16:21.136,Bologna,Košice,None,0,64.4,90,1157.6,11,0.61,0.0,-1.0,0.004,0.065,-0.318,1.89,10.02,6.37,98.7,Normal
2026-07-02 21:16:22.136,Bologna,Košice,None,0,65.6,90,1177.5,11,0.61,0.0,-1.0,0.006,0.064,-0.311,1.89,10.02,6.37,98.7,Normal
2026-07-02 21:16:23.136,Bologna,Košice,None,0,66.7,90,1197.5,11,0.56,0.0,-1.0,-0.048,-0.05,-0.307,1.89,10.02,6.37,98.7,Normal
2026-07-02 21:16:24.137,Bologna,Košice,None,0,67.7,90,1215.5,11,0.56,0.0,-1.0,0.04,-0.036,-0.276,1.89,10.03,6.37,98.6,Normal
2026-07-02 21:16:25.137,Bologna,Košice,None,0,68.7,90,1233.6,11,0.63,0.0,-1.0,-0.025,0.021,-0.286,1.89,10.03,6.37,98.6,Normal
2026-07-02 21:16:26.158,Bologna,Košice,None,0,69.8,90,1253.2,11,0.62,0.0,-1.0,0.006,0.023,-0.3,1.89,10.03,6.37,98.6,Normal
2026-07-02 21:16:27.149,Bologna,Košice,None,0,70.8,90,1271.0,11,0.59,0.0,-1.0,0.045,-0.006,-0.268,1.89,10.03,6.37,98.6,Normal
2026-07-02 21:16:28.138,Bologna,Košice,None,0,71.7,90,1286.7,11,0.62,0.0,0.0,-0.029,0.04,-0.237,1.89,10.03,6.37,98.6,Normal
2026-07-02 21:16:29.151,Bologna,Košice,None,0,72.6,90,1303.3,11,0.56,0.0,-1.0,-0.018,-0.122,-0.234,1.89,10.03,6.37,98.5,Normal
2026-07-02 21:16:30.160,Bologna,Košice,None,0,73.4,90,1316.8,11,0.55,0.0,-1.0,0.045,0.042,-0.219,1.89,10.03,6.37,98.5,Normal
2026-07-02 21:16:31.152,Bologna,Košice,None,0,74.0,90,1328.4,11,0.53,0.0,-1.0,-0.008,0.063,-0.17,1.89,10.03,6.37,98.5,Normal
2026-07-02 21:16:32.161,Bologna,Košice,None,0,74.6,90,1339.6,11,0.56,0.0,-1.0,-0.004,0.002,-0.194,1.89,10.04,6.37,98.5,Normal
2026-07-02 21:16:33.150,Bologna,Košice,None,0,75.3,90,1351.2,11,0.53,0.0,-1.0,0.027,-0.03,-0.169,1.89,10.04,6.37,98.5,Normal
2026-07-02 21:16:34.161,Bologna,Košice,None,0,76.0,90,1363.2,11,0.52,0.0,-1.0,-0.005,-0.069,-0.189,1.89,10.04,6.37,98.4,Normal
2026-07-02 21:16:35.151,Bologna,Košice,None,0,76.2,90,1156.4,11,0.52,0.0,-1.0,-0.019,0.098,0.102,1.89,10.04,6.37,98.4,Normal
2026-07-02 21:16:36.159,Bologna,Košice,None,0,75.8,90,1053.8,12,0.51,0.0,0.0,-0.071,-0.053,-0.001,1.89,10.04,6.37,98.4,Normal
2026-07-02 21:16:37.142,Bologna,Košice,None,0,76.1,90,1058.4,12,0.49,0.0,-1.0,0.114,0.029,-0.126,1.89,10.05,6.37,98.4,Normal
2026-07-02 21:16:38.160,Bologna,Košice,None,0,76.7,90,1066.2,12,0.47,0.0,-1.0,-0.041,-0.057,-0.151,1.89,10.05,6.37,98.4,Normal
2026-07-02 21:16:39.143,Bologna,Košice,None,0,77.3,90,1075.3,12,0.56,0.0,0.0,-0.053,0.019,-0.204,1.89,10.05,6.37,98.4,Normal
2026-07-02 21:16:40.164,Bologna,Košice,None,0,78.0,90,1085.5,12,0.57,0.0,-1.0,-0.004,0.097,-0.203,1.89,10.05,6.37,98.4,Normal
2026-07-02 21:16:41.143,Bologna,Košice,None,0,78.8,90,1096.7,12,0.63,0.0,-1.0,0.062,-0.009,-0.228,1.89,10.05,6.37,98.3,Normal
2026-07-02 21:16:42.165,Bologna,Košice,None,0,79.7,90,1108.5,12,0.62,0.0,-1.0,-0.019,-0.001,-0.229,1.89,10.05,6.37,98.3,Normal
2026-07-02 21:16:43.145,Bologna,Košice,None,0,80.5,90,1120.5,12,0.61,0.0,1.0,-0.057,-0.027,-0.269,1.89,10.05,6.37,98.3,Normal
2026-07-02 21:16:44.145,Bologna,Košice,None,0,81.3,90,1131.4,12,0.52,0.0,0.0,0.008,-0.044,-0.207,1.89,10.06,6.37,98.3,Normal
2026-07-02 21:16:45.145,Bologna,Košice,None,0,81.9,90,1135.2,12,0.0,0.0,1.0,-0.036,0.111,0.007,1.89,10.06,6.37,98.3,Normal
2026-07-02 21:16:46.145,Bologna,Košice,None,0,81.9,90,1140.2,12,0.81,0.0,0.0,0.019,-0.093,-0.197,1.89,10.06,6.37,98.3,Normal
2026-07-02 21:16:47.165,Bologna,Košice,None,0,82.9,90,1153.7,12,0.71,0.0,-1.0,0.059,-0.002,-0.285,1.89,10.06,6.37,98.2,Normal
2026-07-02 21:16:48.145,Bologna,Košice,None,0,83.8,90,1166.4,12,0.71,0.0,1.0,-0.043,0.002,-0.255,1.89,10.06,6.37,98.2,Normal
2026-07-02 21:16:49.146,Bologna,Košice,None,0,84.8,90,1179.7,12,0.7,0.0,1.0,-0.022,-0.084,-0.27,1.89,10.06,6.37,98.2,Normal
2026-07-02 21:16:50.147,Bologna,Košice,None,0,85.7,90,1193.4,12,0.75,0.0,0.0,0.008,0.054,-0.276,1.89,10.06,6.37,98.2,Normal
2026-07-02 21:16:51.168,Bologna,Košice,None,0,86.9,90,1210.3,12,0.9,0.0,0.0,0.01,-0.009,-0.348,1.89,10.07,6.37,98.1,Normal
2026-07-02 21:16:52.147,Bologna,Košice,None,0,88.1,90,1227.2,12,0.9,0.0,1.0,-0.007,-0.02,-0.348,1.89,10.07,6.37,98.1,Normal
2026-07-02 21:16:53.163,Bologna,Košice,None,0,89.3,90,1242.7,12,0.78,0.0,1.0,-0.067,-0.001,-0.292,1.89,10.07,6.37,98.1,Normal
2026-07-02 21:16:54.148,Bologna,Košice,None,0,90.2,90,1254.5,12,0.68,0.0,1.0,-0.04,0.07,-0.208,1.89,10.07,6.37,98.1,Normal
2026-07-02 21:16:55.148,Bologna,Košice,None,0,90.8,90,1263.5,12,0.66,0.0,0.0,0.074,0.027,-0.159,1.89,10.07,6.37,98.0,Normal
2026-07-02 21:16:56.150,Bologna,Košice,None,0,91.3,90,1270.2,12,0.77,0.0,1.0,0.03,-0.037,-0.142,1.89,10.08,6.37,98.0,Normal
2026-07-02 21:16:57.151,Bologna,Košice,None,0,91.9,90,1278.7,12,0.91,0.0,1.0,-0.003,0.035,-0.194,1.89,10.08,6.37,98.0,Normal
2026-07-02 21:16:58.149,Bologna,Košice,None,0,92.6,90,1288.6,12,0.91,0.0,1.0,-0.003,0.024,-0.192,1.89,10.08,6.37,98.0,Normal
2026-07-02 21:16:59.172,Bologna,Košice,None,0,93.2,90,1297.3,12,0.9,0.0,1.0,-0.012,0.068,-0.158,1.89,10.08,6.37,97.9,Normal
2026-07-02 21:17:00.168,Bologna,Košice,None,0,93.8,90,1305.2,12,0.89,0.0,1.0,0.036,-0.011,-0.141,1.89,10.08,6.37,97.9,Normal
2026-07-02 21:17:01.159,Bologna,Košice,None,0,93.7,90,1299.1,12,0.0,0.0,1.0,-0.011,0.03,0.272,1.89,10.08,6.37,97.9,Normal
2026-07-02 21:17:02.169,Bologna,Košice,None,0,92.4,90,1281.7,12,0.0,0.0,1.0,-0.056,0.047,0.374,1.89,10.09,6.37,97.9,Normal
2026-07-02 21:17:03.152,Bologna,Košice,None,0,91.1,90,1262.9,12,0.12,0.0,1.0,0.014,-0.033,0.39,1.89,10.09,6.37,97.9,Normal
2026-07-02 21:17:04.174,Bologna,Košice,None,0,90.1,90,1249.0,12,0.19,0.0,1.0,0.007,-0.029,0.297,1.89,10.09,6.37,97.9,Normal
2026-07-02 21:17:05.152,Bologna,Košice,None,0,89.0,90,1234.5,12,0.0,0.0,1.0,-0.009,-0.005,0.352,1.89,10.09,6.37,97.9,Normal
2026-07-02 21:17:06.152,Bologna,Košice,None,0,87.7,90,1216.2,12,0.37,0.0,1.0,0.044,0.051,0.389,1.9,10.09,6.37,97.9,Normal
2026-07-02 21:17:07.173,Bologna,Košice,None,0,87.0,90,1209.8,12,0.73,0.0,1.0,-0.01,0.052,0.051,1.9,10.09,6.37,97.9,Normal
2026-07-02 21:17:08.153,Bologna,Košice,None,0,87.1,90,1212.0,12,0.81,0.0,1.0,-0.026,-0.043,-0.064,1.9,10.1,6.37,97.8,Normal
2026-07-02 21:17:09.153,Bologna,Košice,None,0,87.4,90,1216.5,12,0.87,0.0,1.0,0.016,-0.04,-0.098,1.9,10.1,6.37,97.8,Normal
2026-07-02 21:17:10.153,Bologna,Košice,None,0,87.9,90,1223.5,12,0.95,0.0,1.0,0.004,0.008,-0.15,1.9,10.1,6.37,97.8,Normal
2026-07-02 21:17:11.169,Bologna,Košice,None,0,88.4,90,1231.0,12,0.92,0.0,1.0,-0.027,-0.011,-0.149,1.9,10.1,6.37,97.7,Normal
2026-07-02 21:17:12.164,Bologna,Košice,None,0,89.0,90,1239.1,12,0.93,0.0,1.0,0.032,-0.05,-0.179,1.9,10.1,6.37,97.7,Normal
2026-07-02 21:17:13.172,Bologna,Košice,None,0,89.6,90,1247.9,12,0.92,0.0,1.0,-0.048,0.018,-0.176,1.9,10.11,6.37,97.7,Normal
2026-07-02 21:17:14.154,Bologna,Košice,None,0,90.2,90,1256.3,12,0.92,0.0,1.0,-0.014,-0.012,-0.176,1.9,10.11,6.37,97.7,Normal
2026-07-02 21:17:15.155,Bologna,Košice,None,0,90.9,90,1264.9,12,0.93,0.0,1.0,0.033,-0.004,-0.169,1.9,10.11,6.37,97.6,Normal
2026-07-02 21:17:16.155,Bologna,Košice,None,0,91.5,90,1273.8,12,0.94,0.0,1.0,-0.001,-0.04,-0.173,1.9,10.11,6.37,97.6,Normal
2026-07-02 21:17:17.169,Bologna,Košice,None,0,92.2,90,1283.2,12,0.96,0.0,1.0,-0.006,0.003,-0.181,1.9,10.11,6.37,97.6,Normal
2026-07-02 21:17:18.180,Bologna,Košice,None,0,92.9,90,1293.0,12,0.95,0.0,1.0,-0.022,0.004,-0.188,1.9,10.11,6.37,97.5,Normal
2026-07-02 21:17:19.156,Bologna,Košice,None,0,93.5,90,1302.1,12,0.87,0.0,1.0,0.077,0.042,-0.19,1.9,10.12,6.37,97.5,Normal
2026-07-02 21:17:20.158,Bologna,Košice,None,0,94.1,90,1304.8,12,0.0,0.0,1.0,-0.014,0.018,-0.063,1.9,10.12,6.37,97.5,Normal
2026-07-02 21:17:21.167,Bologna,Košice,None,0,93.2,90,1292.2,12,0.0,0.0,1.0,-0.028,-0.084,0.301,1.9,10.12,6.37,97.5,Normal
2026-07-02 21:17:22.158,Bologna,Košice,None,0,92.1,90,1277.3,12,0.0,0.0,1.0,-0.015,0.073,0.287,1.9,10.12,6.37,97.5,Normal
2026-07-02 21:17:23.158,Bologna,Košice,None,0,91.0,90,1261.9,12,0.0,0.0,1.0,0.016,0.018,0.316,1.9,10.12,6.37,97.5,Normal
2026-07-02 21:17:24.159,Bologna,Košice,None,0,90.0,90,1247.7,12,0.02,0.0,0.0,0.073,-0.067,0.292,1.9,10.12,6.37,97.5,Normal
2026-07-02 21:17:25.159,Bologna,Košice,None,0,89.0,90,1233.4,12,0.0,0.0,1.0,0.021,-0.014,0.283,1.9,10.13,6.37,97.5,Normal
2026-07-02 21:17:26.179,Bologna,Košice,None,0,87.9,90,1219.1,12,0.0,0.0,1.0,-0.055,-0.036,0.284,1.9,10.13,6.37,97.5,Normal
2026-07-02 21:17:27.160,Bologna,Košice,None,0,87.0,90,1205.7,12,0.0,0.0,1.0,-0.069,0.004,0.27,1.9,10.13,6.37,97.5,Normal
2026-07-02 21:17:28.187,Bologna,Košice,None,0,86.0,90,1192.2,12,0.0,0.0,1.0,0.036,0.031,0.271,1.9,10.13,6.37,97.5,Normal
2026-07-02 21:17:29.180,Bologna,Košice,None,0,85.1,90,1182.0,12,0.29,0.0,0.0,0.07,0.035,0.185,1.9,10.14,6.37,97.5,Normal
2026-07-02 21:17:30.177,Bologna,Košice,None,0,84.9,90,1180.1,12,0.37,0.0,1.0,0.015,0.028,-0.007,1.9,10.14,6.37,97.5,Normal
2026-07-02 21:17:31.183,Bologna,Košice,None,0,85.0,90,1181.0,12,0.37,0.0,1.0,-0.053,-0.0,-0.024,1.9,10.14,6.37,97.5,Normal
2026-07-02 21:17:32.161,Bologna,Košice,None,0,85.2,90,1183.6,12,0.41,0.0,1.0,-0.012,-0.038,-0.065,1.9,10.14,6.37,97.4,Normal
2026-07-02 21:17:33.175,Bologna,Košice,None,0,85.4,90,1187.1,12,0.36,0.0,1.0,0.03,0.089,-0.091,1.9,10.14,6.37,97.4,Normal
2026-07-02 21:17:34.161,Bologna,Košice,None,0,85.6,90,1188.7,12,0.64,0.0,1.0,0.033,0.035,0.009,1.9,10.14,6.37,97.4,Normal
2026-07-02 21:17:35.183,Bologna,Košice,None,0,86.0,90,1196.6,12,0.56,0.0,-1.0,0.111,0.08,-0.179,1.9,10.14,6.37,97.4,Normal
2026-07-02 21:17:36.174,Bologna,Košice,None,0,86.7,90,1206.2,12,0.58,0.0,-1.0,-0.041,0.016,-0.2,1.9,10.15,6.37,97.4,Normal
2026-07-02 21:17:37.163,Bologna,Košice,None,0,87.5,90,1216.5,12,0.62,0.0,0.0,-0.013,0.065,-0.206,1.9,10.15,6.37,97.4,Normal
2026-07-02 21:17:38.174,Bologna,Košice,None,0,88.2,90,1227.0,12,0.59,0.0,-1.0,0.007,-0.002,-0.209,1.9,10.15,6.37,97.3,Normal
2026-07-02 21:17:39.180,Bologna,Košice,None,0,89.0,90,1237.5,12,0.61,0.0,0.0,-0.03,-0.029,-0.209,1.9,10.15,6.37,97.3,Normal
2026-07-02 21:17:40.188,Bologna,Košice,None,0,89.7,90,1247.9,12,0.58,0.0,0.0,-0.012,0.042,-0.202,1.9,10.15,6.37,97.3,Normal
2026-07-02 21:17:41.180,Bologna,Košice,None,0,90.4,90,1257.1,12,0.53,0.0,0.0,-0.014,0.086,-0.169,1.9,10.15,6.37,97.3,Normal
2026-07-02 21:17:42.185,Bologna,Košice,None,0,90.8,90,1262.6,12,0.51,0.0,-1.0,0.028,0.057,-0.103,1.9,10.15,6.37,97.3,Normal
2026-07-02 21:17:43.166,Bologna,Košice,None,0,91.1,90,1266.9,12,0.48,0.0,-1.0,0.014,0.064,-0.079,1.9,10.16,6.37,97.2,Normal
2026-07-02 21:17:44.167,Bologna,Košice,None,0,91.4,90,1271.2,12,0.49,0.0,-1.0,0.037,-0.003,-0.086,1.9,10.16,6.37,97.2,Normal
2026-07-02 21:17:45.168,Bologna,Košice,None,0,91.7,90,1275.2,12,0.46,0.0,-1.0,-0.033,-0.217,-0.074,1.9,10.16,6.37,97.2,Normal
2026-07-02 21:17:46.168,Bologna,Košice,None,0,92.0,90,1278.4,12,0.43,0.0,-1.0,0.061,0.004,-0.061,1.9,10.16,6.37,97.2,Normal
2026-07-02 21:17:47.168,Bologna,Košice,None,0,92.2,90,1280.9,12,0.42,0.0,-1.0,-0.034,-0.008,-0.059,1.9,10.17,6.37,97.2,Normal
2026-07-02 21:17:48.191,Bologna,Košice,None,0,92.3,90,1283.6,12,0.46,0.0,-1.0,-0.019,0.001,-0.095,1.9,10.17,6.37,97.2,Normal
2026-07-02 21:17:49.169,Bologna,Košice,None,0,92.8,90,1289.5,12,0.43,0.0,0.0,-0.068,0.013,-0.136,1.9,10.17,6.37,97.1,Normal
2026-07-02 21:17:50.180,Bologna,Košice,None,0,93.4,90,1297.6,12,0.43,0.0,-1.0,0.051,0.08,-0.187,1.9,10.17,6.37,97.1,Normal
2026-07-02 21:17:51.169,Bologna,Košice,None,0,94.0,90,1303.2,12,0.0,0.0,0.0,-0.045,0.016,-0.07,1.9,10.17,6.37,97.1,Normal
2026-07-02 21:17:52.191,Bologna,Košice,None,0,93.9,90,1302.1,12,0.0,0.0,0.0,-0.034,0.075,0.028,1.9,10.17,6.37,97.1,Normal
2026-07-02 21:17:53.189,Bologna,Košice,None,0,93.7,90,1299.9,12,0.0,0.0,-1.0,-0.002,0.086,0.027,1.9,10.18,6.38,97.1,Normal
2026-07-02 21:17:54.195,Bologna,Košice,None,0,93.6,90,1298.3,12,0.0,0.0,-1.0,0.009,-0.041,0.044,1.9,10.18,6.38,97.1,Normal
2026-07-02 21:17:55.192,Bologna,Košice,None,0,93.5,90,1296.4,12,0.0,0.0,-1.0,0.023,0.01,0.039,1.91,10.18,6.38,97.1,Normal
2026-07-02 21:17:56.170,Bologna,Košice,None,0,93.3,90,1294.4,12,0.0,0.0,-1.0,0.042,0.049,0.038,1.91,10.18,6.38,97.1,Normal
2026-07-02 21:17:57.184,Bologna,Košice,None,0,93.1,90,1291.7,12,0.0,0.0,-1.0,0.024,0.071,0.045,1.91,10.18,6.38,97.1,Normal
2026-07-02 21:17:58.195,Bologna,Košice,None,0,93.0,90,1289.4,12,0.0,0.0,-1.0,0.021,-0.001,0.042,1.91,10.18,6.38,97.1,Normal
2026-07-02 21:17:59.189,Bologna,Košice,None,0,92.8,90,1286.9,12,0.0,0.0,0.0,-0.099,0.038,0.043,1.91,10.19,6.38,97.1,Normal
2026-07-02 21:18:00.183,Bologna,Košice,None,0,92.7,90,1285.2,12,0.0,0.0,0.0,-0.04,0.076,0.024,1.91,10.19,6.38,97.1,Normal
2026-07-02 21:18:01.198,Bologna,Košice,None,0,92.5,90,1282.7,12,0.0,0.0,0.0,-0.031,0.146,0.039,1.91,10.19,6.38,97.1,Normal
2026-07-02 21:18:02.174,Bologna,Košice,None,0,92.3,90,1280.3,12,0.0,0.0,0.0,-0.025,0.063,0.051,1.91,10.19,6.38,97.1,Normal
2026-07-02 21:18:03.174,Bologna,Košice,None,0,92.1,90,1277.0,12,0.0,0.0,-1.0,0.059,-0.09,0.081,1.91,10.2,6.38,97.1,Normal
2026-07-02 21:18:04.175,Bologna,Košice,None,0,91.9,90,1274.4,12,0.0,0.0,0.0,-0.021,0.011,0.055,1.91,10.2,6.38,97.1,Normal
2026-07-02 21:18:05.175,Bologna,Košice,None,0,91.7,90,1272.3,12,0.0,0.0,0.0,-0.022,0.081,0.036,1.91,10.2,6.38,97.1,Normal
2026-07-02 21:18:06.187,Bologna,Košice,None,0,91.6,90,1270.4,12,0.0,0.0,0.0,-0.028,0.003,0.028,1.91,10.2,6.38,97.1,Normal
2026-07-02 21:18:07.201,Bologna,Košice,None,0,91.4,90,1268.2,12,0.0,0.0,0.0,-0.002,-0.001,0.046,1.91,10.2,6.38,97.1,Normal
2026-07-02 21:18:08.194,Bologna,Košice,None,0,91.2,90,1265.1,12,0.0,0.0,0.0,-0.004,-0.034,0.093,1.91,10.2,6.38,97.1,Normal
2026-07-02 21:18:09.176,Bologna,Košice,None,0,90.8,90,1259.4,12,0.0,0.0,0.0,0.001,0.007,0.135,1.91,10.21,6.38,97.1,Normal
2026-07-02 21:18:10.200,Bologna,Košice,None,0,90.2,90,1250.5,12,0.0,0.0,0.0,-0.002,-0.04,0.182,1.91,10.21,6.38,97.1,Normal
2026-07-02 21:18:11.177,Bologna,Košice,None,0,89.6,90,1243.9,12,0.18,0.0,0.0,0.009,-0.079,0.134,1.91,10.21,6.38,97.1,Normal
2026-07-02 21:18:12.178,Bologna,Košice,None,0,89.4,90,1241.6,12,0.36,0.0,0.0,-0.001,-0.087,0.025,1.91,10.21,6.38,97.1,Normal
2026-07-02 21:18:13.177,Bologna,Košice,None,0,89.4,90,1242.5,12,0.46,0.0,1.0,-0.032,-0.032,-0.063,1.91,10.21,6.38,97.1,Normal
2026-07-02 21:18:14.178,Bologna,Košice,None,0,89.9,90,1249.4,12,0.4,0.0,1.0,-0.065,0.048,-0.189,1.91,10.21,6.38,97.1,Normal
2026-07-02 21:18:15.179,Bologna,Košice,None,0,90.5,90,1258.8,12,0.53,0.0,1.0,0.005,0.014,-0.208,1.91,10.21,6.38,97.1,Normal
2026-07-02 21:18:16.179,Bologna,Košice,None,0,91.1,90,1263.5,12,0.0,0.0,1.0,-0.054,0.09,-0.041,1.91,10.22,6.38,97.0,Normal
2026-07-02 21:18:17.198,Bologna,Košice,None,0,91.3,90,1269.1,12,0.41,0.0,1.0,-0.034,-0.056,-0.175,1.91,10.22,6.38,97.0,Normal
2026-07-02 21:18:18.205,Bologna,Košice,None,0,92.0,90,1275.7,12,0.0,0.0,0.0,0.08,-0.019,-0.124,1.91,10.22,6.38,97.0,Normal
2026-07-02 21:18:19.199,Bologna,Košice,None,0,92.5,90,1282.8,12,0.0,0.0,-1.0,0.05,-0.043,-0.151,1.91,10.22,6.38,97.0,Normal
2026-07-02 21:18:20.195,Bologna,Košice,None,0,93.1,90,1291.0,12,0.0,0.0,0.0,0.05,0.094,-0.179,1.91,10.23,6.38,97.0,Normal
2026-07-02 21:18:21.181,Bologna,Košice,None,0,93.6,90,1299.2,12,0.0,0.0,1.0,-0.071,0.001,-0.171,1.91,10.23,6.38,97.0,Normal
2026-07-02 21:18:22.182,Bologna,Košice,None,0,94.2,90,1306.7,12,0.0,0.0,1.0,0.013,-0.077,-0.128,1.91,10.23,6.38,97.0,Normal
2026-07-02 21:18:23.203,Bologna,Košice,None,0,94.6,90,1312.3,12,0.0,0.0,1.0,-0.004,0.052,-0.094,1.91,10.23,6.38,97.0,Normal
2026-07-02 21:18:24.182,Bologna,Košice,None,0,94.8,90,1314.4,12,0.0,0.0,0.0,0.021,0.063,-0.024,1.91,10.23,6.38,97.0,Normal
2026-07-02 21:18:25.182,Bologna,Košice,None,0,94.6,90,1312.4,12,0.0,0.0,-1.0,-0.01,0.021,0.078,1.91,10.23,6.38,97.0,Normal
2026-07-02 21:18:26.204,Bologna,Košice,None,0,94.2,90,1307.2,12,0.0,0.0,0.0,0.019,0.039,0.115,1.91,10.24,6.38,97.0,Normal
2026-07-02 21:18:27.182,Bologna,Košice,None,0,93.8,90,1301.3,12,0.0,0.0,0.0,0.003,0.014,0.132,1.91,10.24,6.38,97.0,Normal
2026-07-02 21:18:28.201,Bologna,Košice,None,0,93.3,90,1294.0,12,0.0,0.0,-1.0,0.017,0.08,0.152,1.91,10.24,6.38,97.0,Normal
2026-07-02 21:18:29.183,Bologna,Košice,None,0,92.7,90,1286.2,12,0.0,0.0,0.0,-0.035,0.014,0.171,1.91,10.24,6.38,97.0,Normal
2026-07-02 21:18:30.183,Bologna,Košice,None,0,92.1,90,1277.8,12,0.0,0.0,0.0,-0.021,0.128,0.163,1.91,10.24,6.38,97.0,Normal
2026-07-02 21:18:31.183,Bologna,Košice,None,0,91.4,90,1268.2,12,0.0,0.0,-1.0,0.029,-0.027,0.206,1.91,10.24,6.38,97.0,Normal
2026-07-02 21:18:32.183,Bologna,Košice,None,0,90.7,90,1258.5,12,0.0,0.0,-1.0,0.065,0.082,0.199,1.91,10.25,6.38,97.0,Normal
2026-07-02 21:18:33.184,Bologna,Košice,None,0,89.9,90,1247.0,12,0.0,0.0,0.0,-0.061,-0.092,0.24,1.91,10.25,6.38,97.0,Normal
2026-07-02 21:18:34.185,Bologna,Košice,None,0,89.1,90,1235.6,12,0.0,0.0,-1.0,0.051,0.019,0.241,1.91,10.25,6.38,97.0,Normal
2026-07-02 21:18:35.200,Bologna,Košice,None,0,88.2,90,1223.2,12,0.0,0.0,-1.0,0.046,-0.014,0.25,1.91,10.25,6.38,97.0,Normal
2026-07-02 21:18:36.198,Bologna,Košice,None,0,87.4,90,1211.2,12,0.0,0.0,-1.0,-0.018,-0.038,0.259,1.91,10.25,6.38,97.0,Normal
2026-07-02 21:18:37.186,Bologna,Košice,None,0,86.4,90,1198.4,12,0.0,0.0,-1.0,0.024,-0.005,0.264,1.91,10.26,6.38,97.0,Normal
2026-07-02 21:18:38.186,Bologna,Košice,None,0,85.5,90,1185.3,12,0.0,0.0,-1.0,-0.034,-0.007,0.268,1.91,10.26,6.38,97.0,Normal
2026-07-02 21:18:39.209,Bologna,Košice,None,0,84.5,90,1171.9,12,0.0,0.0,-1.0,-0.004,-0.074,0.281,1.91,10.26,6.38,97.0,Normal
2026-07-02 21:18:40.187,Bologna,Košice,None,0,83.6,90,1158.6,12,0.0,0.0,-1.0,0.037,-0.092,0.287,1.91,10.26,6.38,97.0,Normal
2026-07-02 21:18:41.211,Bologna,Košice,None,0,82.6,90,1144.7,12,0.0,0.0,0.0,-0.032,-0.022,0.285,1.91,10.26,6.38,97.0,Normal
2026-07-02 21:18:42.187,Bologna,Košice,None,0,81.6,90,1131.2,12,0.0,0.0,0.0,-0.046,0.074,0.266,1.91,10.26,6.38,97.0,Normal
2026-07-02 21:18:43.188,Bologna,Košice,None,0,80.6,90,1117.0,12,0.0,0.0,-1.0,0.006,0.034,0.278,1.91,10.27,6.38,97.0,Normal
2026-07-02 21:18:44.188,Bologna,Košice,None,0,79.5,90,1102.7,12,0.0,0.0,-1.0,-0.02,-0.137,0.299,1.91,10.27,6.38,97.0,Normal
2026-07-02 21:18:45.189,Bologna,Košice,None,0,78.6,90,1089.2,12,0.0,0.0,-1.0,0.017,-0.077,0.287,1.91,10.27,6.38,97.0,Normal
2026-07-02 21:18:46.188,Bologna,Košice,None,0,77.5,90,1074.8,12,0.0,0.0,-1.0,-0.01,-0.095,0.292,1.92,10.27,6.38,97.0,Normal
2026-07-02 21:18:47.189,Bologna,Košice,None,0,76.6,90,1062.7,12,0.06,0.0,-1.0,-0.004,0.007,0.25,1.92,10.27,6.38,97.0,Normal
2026-07-02 21:18:48.189,Bologna,Košice,None,0,75.8,90,1052.4,12,0.12,0.0,-1.0,0.004,0.049,0.19,1.92,10.27,6.38,97.0,Normal
2026-07-02 21:18:49.207,Bologna,Košice,None,0,75.2,90,1043.0,12,0.03,0.0,-1.0,-0.009,0.022,0.173,1.92,10.27,6.38,97.0,Normal
2026-07-02 21:18:50.203,Bologna,Košice,None,0,74.4,90,1031.6,12,0.0,0.0,-1.0,0.008,0.027,0.224,1.92,10.27,6.38,97.0,Normal
2026-07-02 21:18:51.190,Bologna,Košice,None,0,73.7,90,1021.6,12,0.0,0.0,-1.0,-0.002,0.012,0.181,1.92,10.28,6.38,97.0,Normal
2026-07-02 21:18:52.210,Bologna,Košice,None,0,73.1,90,1013.6,12,0.0,0.0,0.0,-0.011,0.012,0.137,1.92,10.28,6.38,97.0,Normal
2026-07-02 21:18:53.204,Bologna,Košice,None,0,72.7,90,1008.0,12,0.0,0.0,0.0,-0.021,-0.006,0.104,1.92,10.28,6.38,97.0,Normal
2026-07-02 21:18:54.214,Bologna,Košice,None,0,72.4,90,1004.0,12,0.0,0.0,-1.0,0.022,-0.016,0.074,1.92,10.28,6.38,97.0,Normal
2026-07-02 21:18:55.192,Bologna,Košice,None,0,72.2,90,1001.4,12,0.0,0.0,-1.0,0.032,0.017,0.051,1.92,10.28,6.38,97.0,Normal
2026-07-02 21:18:56.217,Bologna,Košice,None,0,71.7,90,994.4,12,0.0,0.0,1.0,0.002,0.178,0.253,1.92,10.29,6.38,97.0,Normal
2026-07-02 21:18:57.193,Bologna,Košice,None,0,70.7,90,1086.3,12,0.0,0.0,1.0,-0.055,0.018,0.254,1.92,10.29,6.38,97.0,Normal
2026-07-02 21:18:58.193,Bologna,Košice,None,0,69.8,90,1248.2,11,0.0,0.0,1.0,-0.016,0.047,0.256,1.92,10.29,6.38,97.0,Normal
2026-07-02 21:18:59.206,Bologna,Košice,None,0,68.8,90,1229.8,11,0.0,0.0,1.0,-0.005,-0.008,0.287,1.92,10.29,6.38,97.0,Normal
2026-07-02 21:19:00.217,Bologna,Košice,None,0,67.8,90,1212.2,11,0.0,0.0,1.0,-0.005,-0.023,0.279,1.92,10.29,6.38,97.0,Normal
2026-07-02 21:19:01.195,Bologna,Košice,None,0,66.8,90,1195.0,11,0.0,0.0,0.0,0.024,0.001,0.268,1.92,10.29,6.38,97.0,Normal
2026-07-02 21:19:02.195,Bologna,Košice,None,0,65.9,90,1178.1,11,0.0,0.0,0.0,0.019,-0.055,0.294,1.92,10.29,6.38,97.0,Normal
2026-07-02 21:19:03.212,Bologna,Košice,None,0,64.9,90,1160.7,11,0.0,0.0,1.0,-0.032,-0.007,0.271,1.92,10.29,6.38,97.0,Normal
2026-07-02 21:19:04.196,Bologna,Košice,None,0,63.9,90,1142.3,11,0.0,0.19,0.0,0.027,0.026,0.307,1.92,10.3,6.38,97.0,Normal
2026-07-02 21:19:05.217,Bologna,Košice,None,0,57.9,90,1032.0,11,0.0,0.26,1.0,-0.008,0.097,2.011,1.92,10.3,6.38,97.0,Normal
2026-07-02 21:19:06.196,Bologna,Košice,None,0,51.8,90,1039.3,11,0.0,0.19,0.0,0.019,-0.078,1.506,1.92,10.3,6.38,97.0,Normal
2026-07-02 21:19:07.198,Bologna,Košice,None,0,47.7,90,1051.4,10,0.0,0.37,1.0,-0.055,0.068,1.52,1.92,10.3,6.38,97.0,Normal
2026-07-02 21:19:08.212,Bologna,Košice,None,0,40.8,90,1004.2,10,0.0,0.0,1.0,-0.016,-0.093,1.008,1.92,10.3,6.38,97.0,Normal
2026-07-02 21:19:09.198,Bologna,Košice,None,0,39.6,90,1131.7,9,0.0,0.0,1.0,-0.022,0.006,0.178,1.92,10.3,6.38,97.0,Normal
2026-07-02 21:19:10.198,Bologna,Košice,None,0,39.1,0,1119.1,9,0.0,0.0,1.0,-0.009,0.006,0.111,1.92,10.3,6.38,97.0,Normal
2026-07-02 21:19:11.212,Bologna,Košice,None,0,38.7,0,1105.9,9,0.0,0.0,0.0,0.043,0.003,0.126,1.92,10.3,6.38,97.0,Normal
2026-07-02 21:19:12.222,Bologna,Košice,None,0,37.7,0,1075.4,9,0.0,0.23,0.0,0.02,0.057,0.784,1.92,10.3,6.38,97.0,Normal
2026-07-02 21:19:13.198,Bologna,Košice,None,0,33.2,0,945.6,9,0.0,0.19,0.0,0.009,0.012,1.435,1.92,10.31,6.38,97.0,Normal
2026-07-02 21:19:14.198,Bologna,Košice,None,0,30.2,0,1107.4,8,0.0,0.0,0.0,0.005,-0.036,0.272,1.92,10.31,6.38,97.0,Normal
2026-07-02 21:19:15.200,Bologna,Košice,None,0,26.7,0,970.9,8,0.0,0.36,0.0,0.001,0.047,1.955,1.92,10.31,6.38,97.0,Normal
2026-07-02 21:19:16.220,Bologna,Košice,None,0,22.3,0,1296.9,8,0.0,0.0,-1.0,0.236,-0.022,0.335,1.92,10.31,6.38,97.0,Normal
2026-07-02 21:19:17.224,Bologna,Košice,None,0,21.5,0,1311.4,6,0.0,0.0,-1.0,0.134,0.017,0.256,1.92,10.31,6.38,97.0,Normal
2026-07-02 21:19:18.218,Bologna,Košice,None,0,20.6,0,1253.4,6,0.0,0.0,-1.0,0.019,0.001,0.268,1.92,10.31,6.38,97.0,Normal
2026-07-02 21:19:19.213,Bologna,Košice,None,0,19.6,0,1192.4,6,0.0,0.0,-1.0,0.034,0.012,0.283,1.92,10.31,6.38,97.0,Normal
2026-07-02 21:19:20.201,Bologna,Košice,None,0,18.6,0,1129.3,6,0.0,0.0,-1.0,-0.037,0.001,0.282,1.92,10.31,6.38,97.0,Normal
2026-07-02 21:19:21.202,Bologna,Košice,None,0,17.5,0,1066.7,6,0.0,0.0,-1.0,-0.097,-0.002,0.296,1.92,10.31,6.38,97.0,Normal
2026-07-02 21:19:22.202,Bologna,Košice,None,0,16.5,0,1001.3,6,0.0,0.0,-1.0,-0.108,0.007,0.294,1.92,10.31,6.38,97.0,Normal
2026-07-02 21:19:23.202,Bologna,Košice,None,0,15.5,0,940.1,6,0.0,0.0,1.0,-0.082,-0.01,0.272,1.92,10.31,6.38,97.0,Normal
2026-07-02 21:19:24.202,Bologna,Košice,None,0,14.5,0,880.1,6,0.0,0.0,1.0,-0.21,0.002,0.276,1.92,10.31,6.38,97.0,Normal
2026-07-02 21:19:25.218,Bologna,Košice,None,0,13.5,0,841.4,6,0.0,0.0,1.0,-0.303,-0.0,0.278,1.92,10.31,6.38,97.0,Normal
2026-07-02 21:19:26.203,Bologna,Košice,None,0,12.9,0,1253.4,4,0.0,0.0,1.0,-0.219,-0.001,0.182,1.92,10.31,6.38,97.0,Normal
2026-07-02 21:19:27.203,Bologna,Košice,None,0,11.7,0,1130.0,4,0.0,0.0,1.0,-0.12,0.003,0.372,1.92,10.31,6.38,97.0,Normal
2026-07-02 21:19:28.217,Bologna,Košice,None,0,10.5,0,1029.5,4,0.26,0.0,1.0,-0.105,0.024,0.08,1.92,10.31,6.38,97.0,Normal
2026-07-02 21:19:29.213,Bologna,Košice,None,0,12.2,0,1207.8,4,0.24,0.0,-1.0,0.119,-0.011,-0.572,1.92,10.31,6.38,97.0,Normal
2026-07-02 21:19:30.217,Bologna,Košice,None,0,14.1,0,1395.7,4,0.23,0.0,-1.0,0.334,0.001,-0.497,1.92,10.31,6.38,97.0,Normal
2026-07-02 21:19:31.229,Bologna,Košice,None,0,14.9,0,1243.1,4,0.22,0.0,-1.0,0.115,0.029,0.101,1.92,10.31,6.38,97.0,Normal
2026-07-02 21:19:32.223,Bologna,Košice,None,0,14.7,0,901.2,6,0.2,0.0,-1.0,0.111,-0.02,-0.145,1.92,10.31,6.38,97.0,Normal
2026-07-02 21:19:33.205,Bologna,Košice,None,0,15.8,0,969.9,6,0.2,0.0,-1.0,0.021,-0.002,-0.358,1.92,10.31,6.38,97.0,Normal
2026-07-02 21:19:34.224,Bologna,Košice,None,0,16.5,0,1006.1,6,0.0,0.0,-1.0,0.022,0.03,0.106,1.92,10.31,6.38,97.0,Normal
2026-07-02 21:19:35.222,Bologna,Košice,None,0,15.7,0,957.2,6,0.0,0.0,-1.0,0.014,0.004,0.243,1.92,10.31,6.38,97.0,Normal
2026-07-02 21:19:36.219,Bologna,Košice,None,0,14.9,0,904.0,6,0.0,0.0,-1.0,0.064,0.006,0.239,1.92,10.31,6.38,97.0,Normal
2026-07-02 21:19:37.219,Bologna,Košice,None,0,14.0,0,850.0,6,0.0,0.0,-1.0,0.087,-0.009,0.249,1.92,10.31,6.38,97.0,Normal
2026-07-02 21:19:38.207,Bologna,Košice,None,0,13.3,0,1286.1,4,0.0,0.0,1.0,-0.086,-0.008,0.1,1.92,10.31,6.38,97.0,Normal
2026-07-02 21:19:39.226,Bologna,Košice,None,0,12.6,0,1229.1,4,0.0,0.0,1.0,-0.103,0.007,0.289,1.92,10.31,6.38,97.0,Normal
2026-07-02 21:19:40.208,Bologna,Košice,None,0,11.8,0,1160.4,4,0.27,0.0,1.0,-0.011,0.009,-0.032,1.92,10.31,6.38,97.0,Normal
2026-07-02 21:19:41.226,Bologna,Košice,None,0,14.4,0,1425.1,4,0.38,0.0,-1.0,0.001,-0.018,-0.986,1.92,10.31,6.38,97.0,Normal
2026-07-02 21:19:42.209,Bologna,Košice,None,0,15.6,0,952.2,6,0.35,0.0,-1.0,0.019,0.021,0.012,1.92,10.31,6.38,97.0,Normal
2026-07-02 21:19:43.232,Bologna,Košice,None,0,16.4,0,1009.2,6,0.16,0.0,-1.0,0.014,-0.049,-0.504,1.92,10.31,6.38,96.9,Normal
2026-07-02 21:19:44.210,Bologna,Košice,None,0,16.4,0,1001.2,6,0.0,0.0,-1.0,0.053,-0.002,0.194,1.92,10.31,6.38,96.9,Normal
2026-07-02 21:19:45.209,Bologna,Košice,None,0,15.6,0,948.8,6,0.0,0.0,-1.0,-0.015,-0.0,0.238,1.92,10.31,6.38,96.9,Normal
2026-07-02 21:19:46.209,Bologna,Košice,None,0,14.7,0,894.1,6,0.0,0.12,0.0,-0.007,0.003,0.254,1.92,10.32,6.38,96.9,Normal
2026-07-02 21:19:47.224,Bologna,Košice,None,0,13.1,0,1021.1,6,0.0,0.19,0.0,-0.017,-0.029,0.53,1.92,10.32,6.38,96.9,Normal
2026-07-02 21:19:48.231,Bologna,Košice,None,0,8.7,0,835.6,4,0.0,0.0,1.0,-0.129,0.016,1.649,1.92,10.32,6.38,96.9,Normal
2026-07-02 21:19:49.210,Bologna,Košice,None,0,6.8,0,1420.7,1,0.33,0.0,1.0,-0.062,0.012,0.075,1.92,10.32,6.38,96.9,Normal
2026-07-02 21:19:50.234,Bologna,Košice,None,0,7.4,0,1378.3,1,0.38,0.0,1.0,-0.033,0.037,-0.012,1.92,10.32,6.38,96.9,Normal
2026-07-02 21:19:51.211,Bologna,Košice,None,0,7.0,0,871.1,3,0.0,0.0,1.0,-0.01,-0.01,0.237,1.92,10.32,6.38,96.9,Normal
2026-07-02 21:19:52.211,Bologna,Košice,None,0,5.8,0,705.5,3,0.0,0.0,1.0,-0.008,-0.003,0.362,1.92,10.32,6.38,96.9,Normal
2026-07-02 21:19:53.212,Bologna,Košice,None,0,5.1,0,1054.0,1,0.0,0.0,1.0,-0.078,-0.002,0.145,1.92,10.32,6.38,96.9,Normal
2026-07-02 21:19:54.233,Bologna,Košice,None,0,3.9,0,803.3,1,0.0,0.0,0.0,0.099,-0.001,0.364,1.92,10.32,6.38,96.9,Normal
2026-07-02 21:19:55.211,Bologna,Košice,None,0,2.7,0,552.5,1,0.0,0.0,-1.0,0.115,-0.001,0.345,1.92,10.32,6.38,96.9,Normal
2026-07-02 21:19:56.235,Bologna,Košice,None,0,4.3,0,926.7,1,0.17,0.0,-1.0,-0.059,-0.032,-0.777,1.92,10.32,6.38,96.9,Normal
2026-07-02 21:19:57.226,Bologna,Košice,None,0,4.1,0,867.2,1,0.29,0.0,-1.0,0.156,0.031,0.229,1.92,10.32,6.38,96.9,Normal
2026-07-02 21:19:58.212,Bologna,Košice,None,0,6.7,0,1397.0,1,0.0,0.0,1.0,0.007,-0.06,-0.619,1.92,10.32,6.38,96.9,Normal
2026-07-02 21:19:59.230,Bologna,Košice,None,0,6.8,0,1446.2,1,0.42,0.0,0.0,-0.006,-0.012,-0.749,1.92,10.32,6.38,96.9,Normal
2026-07-02 21:20:00.213,Bologna,Košice,None,0,6.9,0,1256.2,1,0.38,0.0,0.0,-0.009,-0.007,0.144,1.92,10.32,6.38,96.9,Normal
2026-07-02 21:20:01.214,Bologna,Košice,None,0,6.3,0,1204.1,2,0.0,0.0,0.0,-0.002,0.011,0.146,1.92,10.32,6.38,96.9,Normal
2026-07-02 21:20:02.214,Bologna,Košice,None,0,5.6,0,1157.2,1,0.0,0.0,0.0,0.007,0.007,0.335,1.92,10.32,6.38,96.9,Normal
2026-07-02 21:20:03.215,Bologna,Košice,None,0,4.3,0,884.6,1,0.0,0.0,0.0,-0.002,-0.002,0.351,1.92,10.32,6.38,96.9,Normal
2026-07-02 21:20:04.236,Bologna,Košice,None,0,3.0,0,623.2,1,0.0,0.0,1.0,-0.001,-0.003,0.331,1.92,10.32,6.38,96.9,Normal
2026-07-02 21:20:05.217,Bologna,Košice,None,0,2.6,0,550.8,1,0.0,0.0,0.0,0.001,-0.02,-0.024,1.92,10.32,6.38,96.9,Normal
2026-07-02 21:20:06.231,Bologna,Košice,None,0,2.5,0,535.5,1,0.0,0.16,0.0,-0.011,0.011,0.162,1.92,10.32,6.38,96.9,Normal
2026-07-02 21:20:07.242,Bologna,Košice,None,0,-0.0,0,550.0,1,0.0,0.47,1.0,0.013,0.169,-0.0,1.92,10.32,6.38,96.9,Normal
2026-07-02 21:20:08.218,Bologna,Košice,None,0,0.0,0,550.0,1,0.0,0.0,0.0,0.002,0.004,0.0,1.92,10.32,6.38,96.9,Normal
2026-07-02 21:20:09.218,Bologna,Košice,None,0,-0.0,0,550.0,1,0.0,0.0,0.0,0.001,0.0,0.0,1.92,10.32,6.38,96.9,Normal
2026-07-02 21:20:10.232,Bologna,Košice,None,0,-0.0,0,550.0,1,0.0,0.0,0.0,0.001,-0.001,0.0,1.92,10.32,6.38,96.9,Normal
2026-07-02 21:20:11.219,Bologna,Košice,None,0,1.4,0,617.4,1,0.0,0.0,0.0,-0.022,-0.074,-0.923,1.92,10.32,6.38,96.9,Normal
2026-07-02 21:20:12.229,Bologna,Košice,None,0,0.5,0,550.0,1,0.0,0.66,0.0,0.05,-0.148,1.66,1.92,10.32,6.38,96.9,Normal
2026-07-02 21:20:13.238,Bologna,Košice,None,0,-0.0,0,550.0,1,0.0,0.0,0.0,-0.006,0.006,0.016,1.92,10.32,6.38,96.9,Normal
2026-07-02 21:20:14.238,Bologna,Košice,None,0,-0.0,0,550.0,1,0.0,0.0,0.0,-0.0,0.0,-0.0,1.92,10.32,6.38,96.9,Normal
2026-07-02 21:20:15.242,Bologna,Košice,None,0,-0.0,0,550.0,0,0.0,0.0,0.0,-0.0,0.0,-0.0,1.92,10.32,6.38,96.9,Normal
2026-07-02 21:20:16.241,Bologna,Košice,None,0,-0.0,0,550.0,0,0.0,0.0,0.0,-0.0,-0.001,-0.0,1.92,10.32,6.38,96.9,Normal
2026-07-02 21:20:17.235,Bologna,Košice,None,0,-0.0,0,550.0,0,0.0,0.0,0.0,-0.0,0.0,-0.0,1.92,10.32,6.38,96.9,Normal
2026-07-02 21:20:18.239,Bologna,Košice,None,0,-0.0,0,0.0,0,0.0,0.0,0.0,0.0,-0.001,0.0,1.92,10.32,6.38,96.9,Normal
2026-07-02 21:20:27.224,Bologna,Košice,None,0,-0.0,0,0.0,0,0.0,0.0,0.0,-0.0,0.0,-0.0,1.92,10.32,6.38,96.9,Normal
2026-07-02 21:20:32.226,Bologna,Košice,None,0,-0.0,0,0.0,0,0.0,0.0,0.0,0.0,0.0,0.0,1.92,10.32,6.38,96.9,Normal
2026-07-02 21:20:33.227,Bologna,Košice,None,0,-0.0,0,550.0,0,0.0,0.0,0.0,0.001,-0.0,0.0,1.92,10.32,6.38,96.9,Normal
2026-07-02 21:20:34.239,Bologna,Košice,None,0,-0.0,0,550.0,0,0.0,0.0,0.0,-0.0,0.0,-0.0,1.92,10.32,6.38,96.9,Normal
2026-07-02 21:20:35.227,Bologna,Košice,None,0,-0.0,0,550.0,0,0.0,0.0,0.0,0.0,-0.001,0.0,1.92,10.32,6.38,96.9,Normal
2026-07-02 21:20:36.227,Bologna,Košice,None,0,-0.0,0,550.0,0,0.0,0.0,0.0,-0.0,-0.001,-0.0,1.92,10.32,6.38,96.9,Normal
2026-07-02 21:20:37.252,Bologna,Košice,None,0,-0.0,0,550.0,0,0.0,0.0,0.0,-0.001,0.001,0.0,1.92,10.32,6.38,96.9,Normal
2026-07-02 21:20:38.246,Bologna,Košice,None,0,-0.0,0,550.0,0,0.0,0.0,0.0,-0.0,-0.0,-0.0,1.92,10.32,6.38,96.9,Normal
2026-07-02 21:20:39.240,Bologna,Košice,None,0,-0.0,0,550.0,0,0.0,0.0,0.0,0.0,0.0,0.0,1.92,10.32,6.38,96.9,Normal
2026-07-02 21:20:40.249,Bologna,Košice,None,0,-0.0,0,550.0,0,0.0,0.0,0.0,0.001,0.001,0.0,1.92,10.32,6.38,96.9,Normal
2026-07-02 21:20:41.245,Bologna,Košice,None,0,-0.0,0,550.0,0,0.0,0.0,0.0,0.001,0.001,0.0,1.92,10.32,6.38,96.9,Normal
2026-07-02 21:20:42.254,Bologna,Košice,None,0,-0.0,0,550.0,0,0.0,0.0,0.0,-0.0,-0.002,0.0,1.92,10.32,6.38,96.9,Normal
2026-07-02 21:20:43.249,Bologna,Košice,None,0,-0.0,0,550.0,0,0.0,0.0,0.0,0.0,-0.0,0.0,1.92,10.32,6.38,96.9,Normal
2026-07-02 21:20:44.255,Bologna,Košice,None,0,-0.0,0,550.0,0,0.0,0.0,0.0,-0.001,0.002,-0.0,1.92,10.32,6.38,96.9,Normal
2026-07-02 21:20:45.254,Bologna,Košice,None,0,-0.0,0,550.0,0,0.0,0.0,0.0,-0.001,-0.0,0.0,1.92,10.32,6.38,96.9,Normal
2026-07-02 21:20:46.249,Bologna,Košice,None,0,-0.0,0,550.0,0,0.0,0.0,0.0,-0.001,-0.0,0.0,1.92,10.32,6.38,96.9,Normal
2026-07-02 21:20:47.255,Bologna,Košice,None,0,-0.0,0,550.0,0,0.0,0.0,0.0,-0.001,0.001,-0.0,1.92,10.32,6.38,96.9,Normal
2026-07-02 22:46:50.319,Bologna,Košice,None,0,-0.0,0,550.0,0,0.0,0.0,0.0,0.0,-0.0,-0.0,1.92,10.32,6.38,96.9,Normal
2026-07-02 22:46:51.339,Bologna,Košice,None,0,-0.0,0,550.0,0,0.0,0.0,0.0,-0.0,0.0,0.0,1.92,10.32,6.38,96.9,Normal
2026-07-02 22:46:52.332,Bologna,Košice,None,0,-0.0,0,550.0,0,0.0,0.0,0.0,0.0,-0.0,0.0,1.92,10.32,6.38,96.9,Normal
2026-07-02 22:46:53.343,Bologna,Košice,None,0,-0.0,0,550.0,0,0.0,0.0,0.0,0.001,0.001,0.0,1.92,10.32,6.38,96.9,Normal
2026-07-02 22:46:54.320,Bologna,Košice,None,0,-0.0,0,550.0,1,0.0,0.0,0.0,0.0,0.001,0.0,1.92,10.32,6.38,96.9,Normal
2026-07-02 22:46:55.344,Bologna,Košice,None,0,-0.0,0,686.6,1,0.26,0.0,0.0,0.002,0.0,-0.0,1.92,10.32,6.38,96.9,Normal
2026-07-02 22:46:56.320,Bologna,Košice,None,0,2.2,0,704.0,1,0.21,0.0,-1.0,0.001,-0.002,-0.973,1.92,10.32,6.38,96.9,Normal
2026-07-02 22:46:57.321,Bologna,Košice,None,0,5.6,0,1187.7,1,0.15,0.0,-1.0,0.015,0.038,-0.572,1.92,10.32,6.38,96.9,Normal
2026-07-02 22:46:58.333,Bologna,Košice,None,0,6.0,0,1252.7,1,0.08,0.0,-1.0,0.039,0.008,0.042,1.92,10.32,6.38,96.9,Normal
2026-07-02 22:46:59.322,Bologna,Košice,None,0,7.0,0,1480.3,1,0.25,0.0,-1.0,0.09,-0.007,-0.559,1.92,10.32,6.38,96.9,Normal
2026-07-02 22:47:00.323,Bologna,Košice,None,0,7.2,0,901.3,3,0.39,0.0,-1.0,0.011,-0.011,0.14,1.92,10.32,6.38,96.9,Normal
2026-07-02 22:47:01.322,Bologna,Košice,None,0,9.3,0,1203.2,3,0.4,0.0,-1.0,0.091,-0.054,-1.25,1.92,10.32,6.38,96.9,Normal
2026-07-02 22:47:02.323,Bologna,Košice,None,0,12.4,0,1353.7,3,0.34,0.0,-1.0,-0.067,0.053,-0.231,1.92,10.32,6.38,96.9,Normal
2026-07-02 22:47:03.323,Bologna,Košice,None,0,12.6,0,1003.4,5,0.32,0.0,0.0,-0.039,0.064,-0.281,1.92,10.32,6.38,96.8,Normal
2026-07-02 22:47:04.343,Bologna,Košice,None,0,14.4,0,1143.5,5,0.17,0.0,0.0,-0.037,0.041,-0.364,1.92,10.32,6.38,96.8,Normal
2026-07-02 22:47:05.327,Bologna,Košice,None,0,16.4,0,1304.8,5,0.27,0.0,0.0,-0.033,-0.052,-0.691,1.92,10.32,6.38,96.8,Normal
2026-07-02 22:47:06.342,Bologna,Košice,None,0,18.6,0,1425.3,5,0.31,0.0,1.0,-0.111,-0.021,-0.359,1.92,10.32,6.38,96.8,Normal
2026-07-02 22:47:07.339,Bologna,Košice,None,0,18.6,0,1136.9,6,0.29,0.0,0.0,0.015,0.003,0.05,1.92,10.32,6.38,96.8,Normal
2026-07-02 22:47:08.325,Bologna,Košice,None,0,19.5,0,1194.0,6,0.2,0.0,-1.0,0.01,-0.0,-0.335,1.92,10.32,6.38,96.8,Normal
2026-07-02 22:47:09.345,Bologna,Košice,None,0,21.4,0,1318.3,6,0.42,0.0,1.0,-0.11,-0.026,-0.79,1.92,10.32,6.38,96.8,Normal
2026-07-02 22:47:10.325,Bologna,Košice,None,0,23.8,0,1371.1,6,0.36,0.0,-1.0,0.054,0.004,-0.349,1.92,10.32,6.38,96.8,Normal
2026-07-02 22:47:11.325,Bologna,Košice,None,0,24.0,0,1137.8,7,0.35,0.0,-1.0,0.061,0.012,-0.02,1.92,10.32,6.38,96.8,Normal
2026-07-02 22:47:12.343,Bologna,Košice,None,0,25.4,0,1205.9,7,0.0,0.0,1.0,-0.022,-0.006,-0.529,1.92,10.32,6.38,96.8,Normal
2026-07-02 22:47:13.337,Bologna,Košice,None,0,25.3,0,1198.2,7,0.0,0.0,0.0,-0.009,0.017,0.188,1.92,10.32,6.38,96.8,Normal
2026-07-02 22:47:14.328,Bologna,Košice,None,0,24.6,0,1162.4,7,0.0,0.0,1.0,-0.238,0.011,0.213,1.92,10.32,6.38,96.8,Normal
2026-07-02 22:47:15.352,Bologna,Košice,None,0,23.8,0,1124.8,7,0.0,0.0,1.0,-0.147,0.004,0.222,1.92,10.32,6.38,96.8,Normal
2026-07-02 22:47:16.345,Bologna,Košice,None,0,23.0,0,1087.7,7,0.0,0.0,1.0,-0.089,0.001,0.235,1.92,10.32,6.38,96.8,Normal
2026-07-02 22:47:17.352,Bologna,Košice,None,0,22.2,0,1050.4,7,0.0,0.0,-1.0,0.406,-0.004,0.227,1.92,10.32,6.38,96.8,Normal
2026-07-02 22:47:18.329,Bologna,Košice,None,0,21.4,0,1009.5,7,0.0,0.0,-1.0,0.442,0.001,0.269,1.92,10.32,6.38,96.8,Normal
2026-07-02 22:47:19.328,Bologna,Košice,None,0,20.5,0,967.8,7,0.17,0.0,-1.0,-0.061,-0.01,0.219,1.92,10.32,6.38,96.8,Normal
2026-07-02 22:47:20.329,Bologna,Košice,None,0,21.4,0,1021.2,7,0.48,0.0,1.0,-0.241,-0.019,-0.6,1.92,10.32,6.38,96.8,Normal
2026-07-02 22:47:21.351,Bologna,Košice,None,0,24.2,0,1155.0,7,0.52,0.0,1.0,-0.135,-0.01,-0.861,1.92,10.32,6.38,96.7,Normal
2026-07-02 22:47:22.331,Bologna,Košice,None,0,27.2,0,1299.2,7,0.57,0.0,1.0,-0.128,-0.008,-0.946,1.92,10.33,6.38,96.7,Normal
2026-07-02 22:47:23.331,Bologna,Košice,None,0,30.2,0,1414.6,7,0.56,0.0,1.0,-0.036,-0.026,-0.697,1.92,10.33,6.38,96.7,Normal
2026-07-02 22:47:24.331,Bologna,Košice,None,0,30.6,0,1125.6,8,0.56,0.0,0.0,0.062,0.013,0.026,1.92,10.33,6.38,96.7,Normal
2026-07-02 22:47:25.331,Bologna,Košice,None,0,32.1,90,1185.0,8,0.53,0.0,-1.0,0.244,-0.015,-0.621,1.92,10.33,6.38,96.7,Normal
2026-07-02 22:47:26.331,Bologna,Košice,None,0,34.4,90,1270.8,8,0.53,0.0,-1.0,0.041,-0.026,-0.683,1.92,10.33,6.38,96.7,Normal
2026-07-02 22:47:27.351,Bologna,Košice,None,0,36.9,90,1361.2,8,0.52,0.0,-1.0,-0.012,0.008,-0.66,1.92,10.33,6.38,96.7,Normal
2026-07-02 22:47:28.331,Bologna,Košice,None,0,38.7,90,1264.4,8,0.5,0.0,-1.0,-0.005,0.076,-0.162,1.92,10.33,6.38,96.6,Normal
2026-07-02 22:47:29.332,Bologna,Košice,None,0,38.7,90,1111.2,9,0.5,0.0,-1.0,0.145,0.006,-0.112,1.92,10.33,6.38,96.6,Normal
2026-07-02 22:47:30.332,Bologna,Košice,None,0,40.1,90,1153.5,9,0.5,0.0,-1.0,-0.012,-0.005,-0.493,1.92,10.33,6.38,96.6,Normal
2026-07-02 22:47:31.332,Bologna,Košice,None,0,42.0,90,1206.3,9,0.49,0.0,0.0,-0.019,0.009,-0.516,1.92,10.33,6.38,96.6,Normal
2026-07-02 22:47:32.333,Bologna,Košice,None,0,43.7,90,1254.1,9,0.5,0.0,0.0,-0.007,-0.005,-0.474,1.92,10.33,6.38,96.6,Normal
2026-07-02 22:47:33.332,Bologna,Košice,None,0,45.3,90,1301.5,9,0.49,0.0,0.0,-0.017,-0.027,-0.481,1.92,10.34,6.38,96.6,Normal
2026-07-02 22:47:34.333,Bologna,Košice,None,0,46.9,90,1346.2,9,0.44,0.0,0.0,-0.003,0.0,-0.442,1.92,10.34,6.38,96.6,Normal
2026-07-02 22:47:35.358,Bologna,Košice,None,0,48.4,90,1389.6,9,0.45,0.0,0.0,-0.003,0.017,-0.415,1.92,10.34,6.38,96.5,Normal
2026-07-02 22:47:36.352,Bologna,Košice,None,0,48.8,90,1081.5,10,0.45,0.0,0.0,-0.022,0.031,0.046,1.92,10.34,6.38,96.5,Normal
2026-07-02 22:47:37.343,Bologna,Košice,None,0,49.0,90,1090.6,10,0.43,0.0,-1.0,0.032,-0.035,-0.235,1.92,10.34,6.38,96.5,Normal
2026-07-02 22:47:38.333,Bologna,Košice,None,0,50.1,90,1113.5,10,0.44,0.0,-1.0,0.01,0.006,-0.311,1.92,10.34,6.38,96.5,Normal
2026-07-02 22:47:39.334,Bologna,Košice,None,0,51.2,90,1138.2,10,0.43,0.0,-1.0,0.075,0.013,-0.307,1.92,10.34,6.38,96.5,Normal
2026-07-02 22:47:40.335,Bologna,Košice,None,0,52.2,90,1161.8,10,0.43,0.0,0.0,-0.019,0.002,-0.311,1.92,10.34,6.38,96.5,Normal
2026-07-02 22:47:41.335,Bologna,Košice,None,0,53.3,90,1185.9,10,0.45,0.0,0.0,0.003,0.017,-0.309,1.92,10.34,6.38,96.5,Normal
2026-07-02 22:47:42.334,Bologna,Košice,None,0,54.4,90,1208.9,10,0.39,0.0,0.0,-0.008,0.048,-0.277,1.92,10.34,6.38,96.5,Normal
2026-07-02 22:47:43.336,Bologna,Košice,None,0,55.3,90,1229.9,10,0.44,0.0,-1.0,0.046,-0.021,-0.268,1.92,10.34,6.38,96.4,Normal
2026-07-02 22:47:44.336,Bologna,Košice,None,0,56.4,90,1254.9,10,0.49,0.0,-1.0,-0.045,-0.037,-0.339,1.92,10.35,6.38,96.4,Normal
2026-07-02 22:47:45.336,Bologna,Košice,None,0,57.7,90,1284.4,10,0.59,0.0,1.0,-0.192,-0.038,-0.415,1.92,10.35,6.38,96.4,Normal
2026-07-02 22:47:46.337,Bologna,Košice,None,0,59.2,90,1317.0,10,0.57,0.0,0.0,0.004,0.009,-0.424,1.92,10.35,6.38,96.4,Normal
2026-07-02 22:47:47.337,Bologna,Košice,None,0,60.6,90,1348.9,10,0.63,0.0,1.0,0.041,-0.037,-0.4,1.92,10.35,6.38,96.4,Normal
2026-07-02 22:47:48.337,Bologna,Košice,None,0,62.2,90,1380.1,10,0.62,0.0,0.0,0.032,0.042,-0.433,1.92,10.35,6.38,96.3,Normal
2026-07-02 22:47:49.350,Bologna,Košice,None,0,62.4,90,1116.2,11,0.6,0.0,-1.0,0.07,-0.089,0.07,1.92,10.35,6.38,96.3,Normal
2026-07-02 22:47:50.361,Bologna,Košice,None,0,62.8,90,1128.4,11,0.59,0.0,-1.0,0.044,0.037,-0.293,1.92,10.35,6.38,96.3,Normal
2026-07-02 22:47:51.338,Bologna,Košice,None,0,64.0,90,1148.8,11,0.61,0.0,0.0,-0.076,-0.003,-0.344,1.92,10.35,6.38,96.3,Normal
2026-07-02 22:47:52.351,Bologna,Košice,None,0,65.2,90,1170.2,11,0.61,0.0,0.0,-0.017,0.018,-0.336,1.92,10.35,6.38,96.3,Normal
2026-07-02 22:47:53.338,Bologna,Košice,None,0,66.4,90,1191.5,11,0.7,0.0,-1.0,0.021,0.03,-0.336,1.92,10.35,6.38,96.3,Normal
2026-07-02 22:47:54.339,Bologna,Košice,None,0,67.7,90,1216.8,11,0.73,0.0,-1.0,0.007,-0.038,-0.431,1.92,10.36,6.38,96.2,Normal
2026-07-02 22:47:55.339,Bologna,Košice,None,0,69.1,90,1239.8,11,0.54,0.0,-1.0,0.02,-0.014,-0.339,1.92,10.36,6.38,96.2,Normal
2026-07-02 22:47:56.356,Bologna,Košice,None,0,70.1,90,1259.1,11,0.59,0.0,-1.0,-0.03,-0.025,-0.278,1.92,10.36,6.38,96.2,Normal
2026-07-02 22:47:57.352,Bologna,Košice,None,0,71.3,90,1279.4,11,0.56,0.0,-1.0,0.009,-0.057,-0.336,1.93,10.36,6.38,96.2,Normal
2026-07-02 22:47:58.341,Bologna,Košice,None,0,72.3,90,1297.6,11,0.69,0.0,0.0,-0.052,-0.056,-0.283,1.93,10.36,6.38,96.2,Normal
2026-07-02 22:47:59.341,Bologna,Košice,None,0,73.5,90,1320.4,11,0.69,0.0,0.0,-0.053,-0.09,-0.387,1.93,10.37,6.38,96.1,Normal
2026-07-02 22:48:00.341,Bologna,Košice,None,0,74.8,90,1342.1,11,0.37,0.0,-1.0,-0.045,-0.009,-0.343,1.93,10.37,6.38,96.1,Normal
2026-07-02 22:48:01.342,Bologna,Košice,None,0,74.8,90,1338.9,11,0.0,0.0,0.0,-0.041,-0.057,0.136,1.93,10.37,6.38,96.1,Normal
2026-07-02 22:48:02.343,Bologna,Košice,None,0,74.4,90,1331.7,11,0.0,0.0,-1.0,0.039,-0.007,0.118,1.93,10.37,6.38,96.1,Normal
2026-07-02 22:48:03.363,Bologna,Košice,None,0,73.9,90,1322.2,11,0.0,0.0,-1.0,-0.025,0.072,0.162,1.93,10.37,6.38,96.1,Normal
2026-07-02 22:48:04.343,Bologna,Košice,None,0,73.3,90,1311.6,11,0.0,0.0,-1.0,0.045,0.006,0.161,1.93,10.37,6.38,96.1,Normal
2026-07-02 22:48:05.364,Bologna,Košice,None,0,72.7,90,1300.9,11,0.0,0.0,0.0,-0.091,-0.015,0.165,1.93,10.37,6.38,96.1,Normal
2026-07-02 22:48:06.344,Bologna,Košice,None,0,72.1,90,1290.5,11,0.0,0.0,-1.0,-0.018,0.071,0.159,1.93,10.37,6.38,96.1,Normal
2026-07-02 22:48:07.345,Bologna,Košice,None,0,71.6,90,1280.4,11,0.0,0.0,-1.0,0.119,0.077,0.147,1.93,10.38,6.39,96.1,Normal
2026-07-02 22:48:08.344,Bologna,Košice,None,0,71.0,90,1269.8,11,0.0,0.0,-1.0,0.035,-0.017,0.173,1.93,10.38,6.39,96.1,Normal
2026-07-02 22:48:09.345,Bologna,Košice,None,0,70.2,90,1255.5,11,0.0,0.0,0.0,-0.108,0.053,0.262,1.93,10.38,6.39,96.1,Normal
2026-07-02 22:48:10.360,Bologna,Košice,None,0,69.2,90,1237.0,11,0.0,0.0,-1.0,-0.028,0.049,0.272,1.93,10.38,6.39,96.1,Normal
2026-07-02 22:48:11.345,Bologna,Košice,None,0,68.2,90,1219.8,11,0.0,0.0,-1.0,0.073,0.01,0.248,1.93,10.38,6.39,96.1,Normal
2026-07-02 22:48:12.363,Bologna,Košice,None,0,67.6,90,1209.0,11,0.0,0.0,-1.0,-0.004,-0.025,0.164,1.93,10.38,6.39,96.1,Normal
2026-07-02 22:48:13.357,Bologna,Košice,None,0,67.0,90,1198.3,11,0.0,0.0,0.0,-0.063,0.079,0.206,1.93,10.38,6.39,96.1,Normal
2026-07-02 22:48:14.346,Bologna,Košice,None,0,65.7,90,1175.5,11,0.0,0.0,-1.0,-0.016,0.047,0.402,1.93,10.38,6.39,96.1,Normal
2026-07-02 22:48:15.359,Bologna,Košice,None,0,64.2,90,1148.1,11,0.0,0.0,-1.0,-0.032,-0.02,0.433,1.93,10.38,6.39,96.1,Normal
2026-07-02 22:48:16.365,Bologna,Košice,None,0,63.2,90,1130.6,11,0.0,0.0,-1.0,0.087,-0.0,0.184,1.93,10.39,6.39,96.1,Normal
2026-07-02 22:48:17.357,Bologna,Košice,None,0,62.6,90,1120.2,11,0.0,0.0,0.0,-0.044,-0.029,0.151,1.93,10.39,6.39,96.1,Normal
2026-07-02 22:48:18.347,Bologna,Košice,None,0,62.1,90,1111.0,11,0.0,0.0,0.0,-0.02,0.045,0.142,1.93,10.39,6.39,96.1,Normal
2026-07-02 22:48:19.348,Bologna,Košice,None,0,61.6,90,1101.3,11,0.0,0.0,0.0,0.001,-0.054,0.157,1.93,10.39,6.39,96.1,Normal
2026-07-02 22:48:20.370,Bologna,Košice,None,0,60.7,90,1086.1,11,0.0,0.0,0.0,0.001,-0.067,0.368,1.93,10.39,6.39,96.1,Normal
2026-07-02 22:48:21.349,Bologna,Košice,None,0,59.1,90,1056.2,11,0.0,0.0,1.0,0.001,-0.04,0.552,1.93,10.39,6.39,96.1,Normal
2026-07-02 22:48:22.372,Bologna,Košice,None,0,57.2,80,1021.6,11,0.0,0.0,0.0,0.007,-0.082,0.462,1.93,10.4,6.39,96.1,Normal
2026-07-02 22:48:23.349,Bologna,Košice,None,0,56.2,80,1004.6,11,0.0,0.05,0.0,-0.013,-0.014,0.231,1.93,10.4,6.39,96.1,Normal
2026-07-02 22:48:24.372,Bologna,Košice,None,0,55.6,80,993.5,11,0.0,0.15,1.0,-0.224,-0.106,0.251,1.93,10.4,6.39,96.1,Normal
2026-07-02 22:48:25.350,Bologna,Košice,None,0,55.8,80,998.6,11,0.0,0.0,1.0,0.089,0.038,-0.463,1.93,10.4,6.39,96.1,Normal
2026-07-02 22:48:26.351,Bologna,Košice,None,0,57.8,80,1030.6,11,0.0,0.42,1.0,-0.055,-0.024,-0.334,1.93,10.4,6.39,96.1,Normal
2026-07-02 22:48:27.352,Bologna,Košice,None,0,51.8,80,993.1,11,0.0,0.49,1.0,0.133,-0.057,2.21,1.93,10.4,6.39,96.1,Normal
2026-07-02 22:48:28.351,Bologna,Košice,None,0,43.8,80,961.7,10,0.0,0.44,1.0,-0.003,-0.025,2.558,1.93,10.4,6.39,96.1,Normal
2026-07-02 22:48:29.352,Bologna,Košice,None,0,40.4,80,1155.2,9,0.0,0.0,1.0,-0.074,-0.03,0.214,1.93,10.4,6.39,96.1,Normal
2026-07-02 22:48:30.352,Bologna,Košice,None,0,40.9,80,1177.0,9,0.51,0.0,1.0,0.069,-0.043,-0.41,1.93,10.4,6.39,96.1,Normal
2026-07-02 22:48:31.352,Bologna,Košice,None,0,42.8,80,1231.0,9,0.59,0.0,1.0,0.037,0.001,-0.578,1.93,10.4,6.39,96.1,Normal
2026-07-02 22:48:32.352,Bologna,Košice,None,0,44.7,80,1286.2,9,0.59,0.0,1.0,-0.063,-0.006,-0.45,1.93,10.4,6.39,96.1,Normal
2026-07-02 22:48:33.352,Bologna,Košice,None,0,45.8,80,1318.6,9,0.63,0.0,1.0,0.073,-0.018,-0.251,1.93,10.4,6.39,96.0,Normal
2026-07-02 22:48:34.353,Bologna,Košice,None,0,46.6,80,1340.8,9,0.78,0.0,1.0,0.033,-0.021,-0.223,1.93,10.41,6.39,96.0,Normal
2026-07-02 22:48:35.353,Bologna,Košice,None,0,47.2,80,1359.8,9,0.79,0.0,1.0,-0.053,-0.021,-0.16,1.93,10.41,6.39,96.0,Normal
2026-07-02 22:48:36.353,Bologna,Košice,None,0,47.8,80,1375.6,9,0.88,0.0,1.0,0.039,-0.019,-0.169,1.93,10.41,6.39,96.0,Normal
2026-07-02 22:48:37.354,Bologna,Košice,None,0,48.5,80,1397.3,9,0.95,0.0,1.0,0.033,-0.008,-0.257,1.93,10.41,6.39,95.9,Normal
2026-07-02 22:48:38.353,Bologna,Košice,None,0,49.5,80,1424.9,9,0.92,0.0,1.0,0.057,0.005,-0.291,1.93,10.41,6.39,95.9,Normal
2026-07-02 22:48:39.354,Bologna,Košice,None,0,50.6,80,1456.3,9,0.93,0.0,1.0,0.031,-0.013,-0.298,1.93,10.41,6.39,95.9,Normal
2026-07-02 22:48:40.368,Bologna,Košice,None,0,51.4,80,1478.3,9,0.9,0.0,0.0,0.071,-0.042,-0.188,1.93,10.41,6.39,95.8,Normal
2026-07-02 22:48:41.354,Bologna,Košice,None,0,52.1,80,1497.0,9,0.91,0.0,-1.0,0.021,0.017,-0.213,1.93,10.41,6.39,95.8,Normal
2026-07-02 22:48:42.370,Bologna,Košice,None,0,53.2,80,1528.4,9,0.91,0.0,-1.0,0.025,-0.015,-0.354,1.93,10.41,6.39,95.8,Normal
2026-07-02 22:48:43.365,Bologna,Košice,None,0,54.4,80,1562.9,9,0.9,0.0,-1.0,0.072,0.013,-0.352,1.93,10.41,6.39,95.7,Normal
2026-07-02 22:48:44.375,Bologna,Košice,None,0,55.5,80,1476.9,9,0.9,0.0,-1.0,-0.011,0.1,0.014,1.93,10.41,6.39,95.7,Normal
2026-07-02 22:48:45.355,Bologna,Košice,None,0,54.9,80,1222.6,10,0.88,0.0,-1.0,0.061,0.108,0.01,1.93,10.41,6.39,95.7,Normal
2026-07-02 22:48:46.356,Bologna,Košice,None,0,56.6,80,1261.4,10,0.9,0.0,-1.0,0.016,0.004,-0.609,1.93,10.42,6.39,95.7,Normal
2026-07-02 22:48:47.356,Bologna,Košice,None,0,58.8,80,1311.7,10,0.9,0.0,-1.0,-0.002,-0.037,-0.649,1.93,10.42,6.39,95.6,Normal
2026-07-02 22:48:48.367,Bologna,Košice,None,0,61.1,90,1360.8,10,0.9,0.0,-1.0,-0.096,0.003,-0.625,1.93,10.42,6.39,95.6,Normal
2026-07-02 22:48:49.358,Bologna,Košice,None,0,63.3,90,1410.9,10,0.95,0.0,0.0,-0.048,-0.004,-0.662,1.93,10.42,6.39,95.6,Normal
2026-07-02 22:48:50.357,Bologna,Košice,None,0,65.6,90,1460.7,10,0.9,0.0,-1.0,0.01,-0.019,-0.626,1.93,10.42,6.39,95.6,Normal
2026-07-02 22:48:51.375,Bologna,Košice,None,0,66.2,90,1184.1,11,0.94,0.0,0.0,-0.004,0.005,0.056,1.93,10.42,6.39,95.6,Normal
2026-07-02 22:48:52.383,Bologna,Košice,None,0,66.8,90,1201.2,11,0.9,0.0,0.0,0.014,-0.008,-0.426,1.93,10.43,6.39,95.5,Normal
2026-07-02 22:48:53.359,Bologna,Košice,None,0,68.5,90,1232.0,11,0.9,0.0,0.0,0.006,-0.1,-0.519,1.93,10.43,6.39,95.5,Normal
2026-07-02 22:48:54.359,Bologna,Košice,None,0,70.2,90,1262.6,11,0.93,0.0,0.0,-0.002,0.029,-0.502,1.93,10.43,6.39,95.5,Normal
2026-07-02 22:48:55.360,Bologna,Košice,None,0,72.1,90,1294.9,11,0.9,0.0,-1.0,0.058,-0.067,-0.513,1.93,10.43,6.39,95.4,Normal
2026-07-02 22:48:56.361,Bologna,Košice,None,0,73.7,90,1324.7,11,0.85,0.0,-1.0,0.001,-0.054,-0.455,1.93,10.43,6.39,95.4,Normal
2026-07-02 22:48:57.359,Bologna,Košice,None,0,75.3,90,1353.5,11,0.85,0.0,-1.0,0.033,0.01,-0.465,1.93,10.43,6.39,95.4,Normal
2026-07-02 22:48:58.374,Bologna,Košice,None,0,76.8,90,1273.8,11,0.0,0.0,1.0,-0.148,0.127,-0.161,1.93,10.43,6.39,95.4,Normal
2026-07-02 22:48:59.381,Bologna,Košice,None,0,76.6,90,1062.0,12,0.0,0.0,-1.0,0.042,-0.05,0.126,1.93,10.43,6.39,95.4,Normal
2026-07-02 22:49:00.360,Bologna,Košice,None,0,76.1,90,1055.3,12,0.0,0.0,1.0,-0.094,0.15,0.134,1.93,10.44,6.39,95.4,Normal
2026-07-02 22:49:01.382,Bologna,Košice,None,0,75.5,90,1046.7,12,0.0,0.0,0.0,0.019,0.09,0.174,1.93,10.44,6.39,95.4,Normal
2026-07-02 22:49:02.361,Bologna,Košice,None,0,75.0,90,1040.0,12,0.0,0.0,0.0,0.015,-0.006,0.149,1.93,10.44,6.39,95.4,Normal
2026-07-02 22:49:03.361,Bologna,Košice,None,0,74.4,90,1032.4,12,0.0,0.0,-1.0,0.083,0.062,0.15,1.93,10.44,6.39,95.4,Normal
2026-07-02 22:49:04.374,Bologna,Košice,None,0,73.8,90,1022.8,12,0.0,0.0,-1.0,-0.027,0.031,0.269,1.93,10.44,6.39,95.4,Normal
2026-07-02 22:49:05.362,Bologna,Košice,None,0,72.4,90,1003.3,12,0.0,0.0,0.0,-0.034,0.068,0.436,1.93,10.44,6.39,95.4,Normal
2026-07-02 22:49:06.380,Bologna,Košice,None,0,70.8,90,957.9,12,0.0,0.0,1.0,-0.014,-0.018,0.435,1.93,10.44,6.39,95.4,Normal
2026-07-02 22:49:07.374,Bologna,Košice,None,0,69.7,90,1247.4,11,0.0,0.0,1.0,0.001,0.024,0.167,1.93,10.44,6.39,95.4,Normal
2026-07-02 22:49:08.385,Bologna,Košice,None,0,69.1,90,1236.7,11,0.0,0.0,1.0,-0.08,-0.016,0.212,1.94,10.45,6.39,95.4,Normal
2026-07-02 22:49:09.363,Bologna,Košice,None,0,68.0,90,1216.4,11,0.0,0.0,0.0,0.004,0.026,0.414,1.94,10.45,6.39,95.4,Normal
2026-07-02 22:49:10.373,Bologna,Košice,None,0,66.5,90,1187.4,11,0.0,0.15,0.0,0.016,-0.091,0.491,1.94,10.45,6.39,95.4,Normal
2026-07-02 22:49:11.382,Bologna,Košice,None,0,62.4,90,1110.5,11,0.0,0.43,-1.0,0.191,0.025,1.785,1.94,10.45,6.39,95.4,Normal
2026-07-02 22:49:12.364,Bologna,Košice,None,0,54.9,90,976.1,11,0.0,0.29,-1.0,0.07,-0.038,2.258,1.94,10.45,6.39,95.4,Normal
2026-07-02 22:49:13.367,Bologna,Košice,None,0,46.7,90,1027.8,10,0.0,0.24,0.0,-0.156,-0.065,2.168,1.94,10.45,6.39,95.4,Normal
2026-07-02 22:49:14.365,Bologna,Košice,None,0,42.1,40,917.7,10,0.0,0.0,-1.0,0.093,-0.031,0.861,1.94,10.46,6.39,95.4,Normal
2026-07-02 22:49:15.366,Bologna,Košice,None,0,40.3,40,1154.5,9,0.58,0.0,-1.0,-0.048,-0.055,0.333,1.94,10.46,6.39,95.4,Normal
2026-07-02 22:49:16.366,Bologna,Košice,None,0,40.7,40,1171.8,9,0.66,0.0,-1.0,-0.085,-0.006,-0.307,1.94,10.46,6.39,95.3,Normal
2026-07-02 22:49:17.366,Bologna,Košice,None,0,41.8,40,1202.5,9,1.0,0.0,-1.0,-0.013,0.005,-0.276,1.94,10.46,6.39,95.3,Normal
2026-07-02 22:49:18.367,Bologna,Košice,None,0,43.2,40,1244.0,9,1.0,0.0,-1.0,0.052,-0.019,-0.452,1.94,10.46,6.39,95.3,Normal
2026-07-02 22:49:19.367,Bologna,Košice,None,0,44.7,40,1288.4,9,1.0,0.0,-1.0,0.006,-0.046,-0.425,1.94,10.46,6.39,95.3,Normal
2026-07-02 22:49:20.383,Bologna,Košice,None,0,44.2,40,1261.0,9,0.0,0.0,-1.0,-0.006,0.031,0.655,1.94,10.46,6.39,95.3,Normal
2026-07-02 22:49:21.395,Bologna,Košice,None,0,42.0,40,1205.4,9,0.81,0.0,-1.0,-0.087,-0.126,0.305,1.94,10.46,6.39,95.2,Normal
2026-07-02 22:49:22.392,Bologna,Košice,None,0,42.4,40,1220.3,9,0.84,0.0,-1.0,-0.019,0.028,-0.247,1.94,10.46,6.39,95.2,Normal
2026-07-02 22:49:23.367,Bologna,Košice,None,0,43.4,40,1247.3,9,0.82,0.0,-1.0,0.01,0.019,-0.303,1.94,10.46,6.39,95.2,Normal
2026-07-02 22:49:24.368,Bologna,Košice,None,0,43.9,40,1255.9,9,0.0,0.0,-1.0,0.005,0.096,0.259,1.94,10.46,6.39,95.2,Normal
2026-07-02 22:49:25.368,Bologna,Košice,None,0,42.8,40,1229.5,9,0.6,0.0,-1.0,0.032,-0.094,0.026,1.94,10.46,6.39,95.2,Normal
2026-07-02 22:49:26.368,Bologna,Košice,None,0,43.5,90,1249.8,9,0.58,0.0,-1.0,0.01,-0.001,-0.269,1.94,10.46,6.39,95.1,Normal
2026-07-02 22:49:27.369,Bologna,Košice,None,0,43.4,90,1239.3,9,0.08,0.0,-1.0,-0.02,0.056,0.319,1.94,10.46,6.39,95.1,Normal
2026-07-02 22:49:28.369,Bologna,Košice,None,0,42.5,90,1218.2,9,0.39,0.0,-1.0,-0.005,0.052,0.025,1.94,10.47,6.39,95.1,Normal
2026-07-02 22:49:29.379,Bologna,Košice,None,0,43.4,90,1246.0,9,0.58,0.0,-1.0,-0.006,-0.055,-0.365,1.94,10.47,6.39,95.1,Normal
2026-07-02 22:49:30.370,Bologna,Košice,None,0,45.5,90,1310.2,9,1.0,0.0,0.0,-0.045,-0.062,-0.778,1.94,10.47,6.39,95.1,Normal
2026-07-02 22:49:31.370,Bologna,Košice,None,0,48.5,90,1397.4,9,1.0,0.0,0.0,-0.018,-0.043,-0.907,1.94,10.47,6.39,95.1,Normal
2026-07-02 22:49:32.382,Bologna,Košice,None,0,51.5,80,1475.1,9,1.0,0.0,0.0,-0.052,-0.014,-0.83,1.94,10.47,6.39,95.0,Normal
2026-07-02 22:49:33.371,Bologna,Košice,None,0,52.3,80,1159.8,10,1.0,0.0,0.0,-0.012,0.062,-0.083,1.94,10.47,6.39,95.0,Normal
2026-07-02 22:49:34.372,Bologna,Košice,None,0,54.1,80,1207.5,10,1.0,0.0,-1.0,0.039,-0.119,-0.847,1.94,10.47,6.39,95.0,Normal
2026-07-02 22:49:35.397,Bologna,Košice,None,0,57.4,80,1280.3,10,1.0,0.0,1.0,-0.045,0.022,-0.956,1.94,10.47,6.39,95.0,Normal
2026-07-02 22:49:36.372,Bologna,Košice,None,0,60.8,80,1355.3,10,1.0,0.0,1.0,-0.03,0.075,-0.99,1.94,10.47,6.39,95.0,Normal
2026-07-02 22:49:37.373,Bologna,Košice,None,0,64.4,80,1434.8,10,1.0,0.0,0.0,0.043,-0.041,-1.035,1.94,10.47,6.39,94.9,Normal
2026-07-02 22:49:38.372,Bologna,Košice,None,0,67.1,80,1247.8,10,1.0,0.0,0.0,0.017,0.024,-0.461,1.94,10.47,6.39,94.9,Normal
2026-07-02 22:49:39.373,Bologna,Košice,None,0,68.6,80,1232.8,11,1.0,0.0,0.0,0.018,-0.048,-0.647,1.94,10.48,6.39,94.9,Normal
2026-07-02 22:49:40.373,Bologna,Košice,None,0,71.7,80,1289.8,11,1.0,0.0,1.0,-0.026,0.047,-0.917,1.94,10.48,6.39,94.9,Normal
2026-07-02 22:49:41.374,Bologna,Košice,None,0,74.8,80,1345.3,11,1.0,0.0,1.0,-0.033,0.008,-0.894,1.94,10.48,6.39,94.8,Normal
2026-07-02 22:49:42.375,Bologna,Košice,None,0,77.8,80,1399.5,11,1.0,0.0,1.0,-0.049,-0.053,-0.846,1.94,10.48,6.39,94.8,Normal
2026-07-02 22:49:43.386,Bologna,Košice,None,0,80.6,80,1448.1,11,1.0,0.0,1.0,-0.013,0.019,-0.725,1.94,10.48,6.39,94.8,Normal
2026-07-02 22:49:44.397,Bologna,Košice,None,0,81.5,80,1131.0,12,0.0,0.0,1.0,-0.037,0.098,0.043,1.94,10.49,6.39,94.8,Normal
2026-07-02 22:49:45.395,Bologna,Košice,None,0,80.8,80,1120.8,12,0.0,0.0,-1.0,0.073,-0.078,0.211,1.94,10.49,6.39,94.8,Normal
2026-07-02 22:49:46.375,Bologna,Košice,None,0,80.2,80,1112.9,12,0.0,0.0,0.0,-0.019,-0.03,0.164,1.94,10.49,6.39,94.8,Normal
2026-07-02 22:49:47.376,Bologna,Košice,None,0,80.2,80,1114.7,12,0.0,0.0,1.0,-0.067,0.002,-0.112,1.94,10.49,6.39,94.8,Normal
2026-07-02 22:49:48.376,Bologna,Košice,None,0,80.5,80,1117.1,12,0.0,0.0,1.0,-0.045,0.066,-0.015,1.94,10.49,6.39,94.7,Normal
2026-07-02 22:49:49.389,Bologna,Košice,None,0,80.3,80,1115.3,12,0.0,0.0,0.0,-0.041,0.02,0.041,1.94,10.49,6.39,94.7,Normal
2026-07-02 22:49:50.396,Bologna,Košice,None,0,80.3,80,1114.4,12,0.0,0.0,1.0,-0.044,0.033,0.011,1.94,10.49,6.39,94.7,Normal
2026-07-02 22:49:51.377,Bologna,Košice,None,0,80.3,80,1114.4,12,0.0,0.0,1.0,-0.013,-0.042,0.005,1.94,10.5,6.39,94.7,Normal
2026-07-02 22:49:52.377,Bologna,Košice,None,0,80.2,80,1114.2,12,0.0,0.0,-1.0,0.012,0.057,-0.009,1.94,10.5,6.39,94.7,Normal
2026-07-02 22:49:53.377,Bologna,Košice,None,0,80.2,80,1114.2,12,0.0,0.0,-1.0,0.011,0.011,-0.015,1.94,10.5,6.39,94.7,Normal
2026-07-02 22:49:54.401,Bologna,Košice,None,0,80.2,80,1114.1,12,0.0,0.0,0.0,-0.048,-0.002,0.005,1.94,10.5,6.39,94.7,Normal
2026-07-02 22:49:55.377,Bologna,Košice,None,0,80.2,80,1114.0,12,0.0,0.0,-1.0,0.007,0.002,-0.007,1.94,10.5,6.39,94.7,Normal
2026-07-02 22:49:56.379,Bologna,Košice,None,0,80.2,80,1114.2,12,0.0,0.0,0.0,-0.04,-0.049,-0.009,1.94,10.5,6.39,94.7,Normal
2026-07-02 22:49:57.391,Bologna,Košice,None,0,80.2,80,1114.1,12,0.0,0.0,-1.0,0.018,0.023,-0.004,1.94,10.5,6.39,94.7,Normal
2026-07-02 22:49:58.398,Bologna,Košice,None,0,80.2,80,1113.9,12,0.0,0.0,0.0,-0.018,-0.001,0.011,1.94,10.5,6.39,94.7,Normal
2026-07-02 22:49:59.379,Bologna,Košice,None,0,80.2,80,1114.3,12,0.0,0.0,-1.0,0.019,-0.028,0.002,1.94,10.51,6.39,94.7,Normal
2026-07-02 22:50:00.400,Bologna,Košice,None,0,80.2,80,1114.0,12,0.0,0.0,0.0,-0.026,0.062,0.001,1.94,10.51,6.39,94.7,Normal
2026-07-02 22:50:01.380,Bologna,Košice,None,0,80.2,80,1114.0,12,0.0,0.0,0.0,-0.025,0.008,0.006,1.94,10.51,6.39,94.7,Normal
2026-07-02 22:50:02.381,Bologna,Košice,None,0,80.2,80,1113.9,12,0.0,0.0,-1.0,0.025,-0.034,0.008,1.94,10.51,6.39,94.6,Normal
2026-07-02 22:50:03.381,Bologna,Košice,None,0,80.2,80,1114.0,12,0.0,0.0,0.0,0.05,0.13,0.049,1.94,10.51,6.39,94.6,Normal
2026-07-02 22:50:04.381,Bologna,Košice,None,0,80.2,80,1114.0,12,0.0,0.0,0.0,-0.014,0.015,-0.007,1.94,10.52,6.39,94.6,Normal
2026-07-02 22:50:05.382,Bologna,Košice,None,0,80.2,80,1114.2,12,0.0,0.0,-1.0,0.093,0.003,0.004,1.94,10.52,6.39,94.6,Normal
2026-07-02 22:50:06.382,Bologna,Košice,None,0,80.2,80,1114.1,12,0.0,0.0,1.0,-0.043,-0.017,0.006,1.94,10.52,6.39,94.6,Normal
2026-07-02 22:50:07.405,Bologna,Košice,None,0,80.2,80,1114.1,12,0.0,0.0,0.0,-0.008,0.006,-0.001,1.94,10.52,6.39,94.6,Normal
2026-07-02 22:50:08.382,Bologna,Košice,None,0,80.2,80,1114.2,12,0.0,0.0,0.0,0.018,-0.067,-0.004,1.94,10.52,6.39,94.6,Normal
2026-07-02 22:50:09.383,Bologna,Košice,None,0,80.2,80,1114.1,12,0.0,0.0,0.0,-0.017,0.004,-0.002,1.94,10.52,6.39,94.6,Normal
2026-07-02 22:50:10.403,Bologna,Košice,None,0,80.2,80,1114.1,12,0.0,0.0,0.0,0.021,-0.047,0.004,1.94,10.52,6.39,94.6,Normal
2026-07-02 22:50:11.384,Bologna,Košice,None,0,80.2,80,1114.5,12,0.0,0.0,0.0,-0.042,0.08,-0.015,1.94,10.53,6.39,94.6,Normal
2026-07-02 22:50:12.384,Bologna,Košice,None,0,80.2,80,1114.3,12,0.0,0.0,0.0,0.003,0.049,-0.014,1.94,10.53,6.39,94.6,Normal
2026-07-02 22:50:13.385,Bologna,Košice,None,0,80.2,80,1113.9,12,0.0,0.0,0.0,0.008,-0.102,0.018,1.94,10.53,6.39,94.6,Normal
2026-07-02 22:50:14.385,Bologna,Košice,None,0,80.2,80,1114.5,12,0.0,0.0,-1.0,0.016,-0.134,0.002,1.94,10.53,6.39,94.6,Normal
2026-07-02 22:50:15.385,Bologna,Košice,None,0,80.2,80,1114.0,12,0.0,0.0,0.0,-0.008,-0.013,0.017,1.94,10.53,6.39,94.5,Normal
2026-07-02 22:50:16.396,Bologna,Košice,None,0,80.2,80,1114.4,12,0.0,0.0,0.0,-0.016,0.142,-0.025,1.94,10.53,6.39,94.5,Normal
2026-07-02 22:50:17.386,Bologna,Košice,None,0,80.2,80,1113.4,12,0.0,0.0,0.0,-0.031,0.071,0.031,1.94,10.53,6.39,94.5,Normal
2026-07-02 22:50:18.387,Bologna,Košice,None,0,80.1,80,1113.0,12,0.0,0.0,0.0,-0.001,-0.033,0.017,1.95,10.54,6.39,94.5,Normal
2026-07-02 22:50:19.404,Bologna,Košice,None,0,79.5,80,1102.5,12,0.0,0.0,0.0,-0.007,0.027,0.257,1.95,10.54,6.39,94.5,Normal
2026-07-02 22:50:20.388,Bologna,Košice,None,0,78.5,80,1088.5,12,0.0,0.0,1.0,-0.102,0.042,0.298,1.95,10.54,6.39,94.5,Normal
2026-07-02 22:50:21.388,Bologna,Košice,None,0,77.5,80,1074.0,12,0.0,0.0,-1.0,0.037,-0.005,0.3,1.95,10.54,6.39,94.5,Normal
2026-07-02 22:50:22.388,Bologna,Košice,None,0,76.5,80,1060.6,12,0.0,0.0,0.0,0.023,0.02,0.28,1.95,10.54,6.39,94.5,Normal
2026-07-02 22:50:23.406,Bologna,Košice,None,0,75.5,80,1047.3,12,0.0,0.0,1.0,-0.128,-0.011,0.245,1.95,10.55,6.39,94.5,Normal
2026-07-02 22:50:24.388,Bologna,Košice,None,0,74.8,80,1036.9,12,0.0,0.0,0.0,0.034,-0.026,0.203,1.95,10.55,6.39,94.5,Normal
2026-07-02 22:50:25.405,Bologna,Košice,None,0,74.2,80,1029.1,12,0.0,0.0,0.0,0.018,-0.01,0.156,1.95,10.55,6.39,94.5,Normal
2026-07-02 22:50:26.389,Bologna,Košice,None,0,73.7,80,1021.8,12,0.0,0.0,-1.0,0.006,0.042,0.149,1.95,10.55,6.39,94.5,Normal
2026-07-02 22:50:27.407,Bologna,Košice,None,0,73.2,80,1014.6,12,0.0,0.0,-1.0,0.07,-0.035,0.16,1.95,10.55,6.39,94.5,Normal
2026-07-02 22:50:28.390,Bologna,Košice,None,0,72.7,80,1007.7,12,0.0,0.0,-1.0,0.022,-0.002,0.103,1.95,10.55,6.39,94.5,Normal
2026-07-02 22:50:29.391,Bologna,Košice,None,0,72.1,80,999.7,12,0.0,0.0,-1.0,-0.016,0.079,0.244,1.95,10.55,6.39,94.5,Normal
2026-07-02 22:50:30.410,Bologna,Košice,None,0,71.2,80,987.2,12,0.0,0.0,-1.0,-0.002,0.079,0.22,1.95,10.55,6.39,94.5,Normal
2026-07-02 22:50:31.392,Bologna,Košice,None,0,70.5,80,1260.0,11,0.0,0.0,-1.0,-0.015,0.053,0.18,1.95,10.56,6.39,94.5,Normal
2026-07-02 22:50:32.392,Bologna,Košice,None,0,69.7,80,1246.1,11,0.0,0.0,0.0,-0.083,0.049,0.268,1.95,10.56,6.39,94.5,Normal
2026-07-02 22:50:33.393,Bologna,Košice,None,0,68.2,80,1218.6,11,0.0,0.0,-1.0,-0.015,0.002,0.532,1.95,10.56,6.39,94.5,Normal
2026-07-02 22:50:34.393,Bologna,Košice,None,0,66.2,80,1182.3,11,0.0,0.0,1.0,-0.063,-0.056,0.632,1.95,10.56,6.39,94.5,Normal
2026-07-02 22:50:35.394,Bologna,Košice,None,0,63.6,80,1137.1,11,0.0,0.0,0.0,-0.029,0.007,0.767,1.95,10.56,6.39,94.5,Normal
2026-07-02 22:50:36.410,Bologna,Košice,None,0,61.3,80,1095.5,11,0.0,0.0,0.0,-0.065,-0.053,0.606,1.95,10.56,6.39,94.5,Normal
2026-07-02 22:50:37.394,Bologna,Košice,None,0,59.9,80,1070.5,11,0.0,0.0,-1.0,0.043,-0.019,0.252,1.95,10.56,6.39,94.5,Normal
2026-07-02 22:50:38.394,Bologna,Košice,None,0,59.3,60,1058.8,11,0.0,0.0,0.0,-0.036,0.036,0.218,1.95,10.56,6.39,94.5,Normal
2026-07-02 22:50:39.396,Bologna,Košice,None,0,58.8,60,1050.7,11,0.0,0.01,1.0,-0.08,0.177,0.058,1.95,10.56,6.39,94.5,Normal
2026-07-02 22:50:40.418,Bologna,Košice,None,0,57.9,60,1034.7,11,0.0,0.05,1.0,-0.159,-0.052,0.418,1.95,10.56,6.39,94.5,Normal
2026-07-02 22:50:41.413,Bologna,Košice,None,0,56.9,60,1016.7,11,0.0,0.06,1.0,0.107,-0.039,0.276,1.95,10.57,6.39,94.5,Normal
2026-07-02 22:50:42.396,Bologna,Košice,None,0,55.8,60,997.0,11,0.0,0.0,1.0,-0.06,-0.037,0.182,1.95,10.57,6.39,94.5,Normal
2026-07-02 22:50:43.395,Bologna,Košice,None,0,54.3,60,967.8,11,0.0,0.21,1.0,-0.141,-0.047,0.977,1.95,10.57,6.39,94.5,Normal
2026-07-02 22:50:44.396,Bologna,Košice,None,0,51.7,60,1143.2,10,0.0,0.0,1.0,-0.067,-0.044,0.517,1.95,10.57,6.39,94.5,Normal
2026-07-02 22:50:45.420,Bologna,Košice,None,0,50.7,60,1125.1,10,0.13,0.0,1.0,0.052,-0.085,0.152,1.95,10.57,6.39,94.5,Normal
2026-07-02 22:50:46.397,Bologna,Košice,None,0,50.5,60,1123.0,10,0.37,0.0,1.0,0.026,-0.012,0.033,1.95,10.57,6.39,94.5,Normal
2026-07-02 22:50:47.410,Bologna,Košice,None,0,50.4,60,1120.6,10,0.62,0.0,1.0,-0.028,0.022,0.088,1.95,10.57,6.39,94.5,Normal
2026-07-02 22:50:48.421,Bologna,Košice,None,0,50.6,60,1129.2,10,0.93,0.0,1.0,0.172,-0.001,-0.136,1.95,10.58,6.4,94.5,Normal
2026-07-02 22:50:49.398,Bologna,Košice,None,0,51.0,60,1137.5,10,0.97,0.0,1.0,-0.003,0.004,-0.102,1.95,10.58,6.4,94.4,Normal
2026-07-02 22:50:50.399,Bologna,Košice,None,0,50.3,60,1364.0,10,0.97,0.0,1.0,0.019,0.065,0.564,1.95,10.58,6.4,94.4,Normal
2026-07-02 22:50:51.418,Bologna,Košice,None,0,48.5,60,1393.5,9,0.99,0.0,1.0,-0.079,-0.113,0.128,1.95,10.58,6.4,94.4,Normal
2026-07-02 22:50:52.399,Bologna,Košice,None,0,49.2,60,1416.4,9,1.0,0.0,1.0,0.05,-0.003,-0.33,1.95,10.58,6.4,94.4,Normal
2026-07-02 22:50:53.420,Bologna,Košice,None,0,50.6,60,1454.4,9,1.0,0.0,-1.0,0.132,-0.026,-0.347,1.95,10.58,6.4,94.3,Normal
2026-07-02 22:50:54.400,Bologna,Košice,None,0,51.5,60,1480.2,9,1.0,0.0,-1.0,0.041,-0.014,-0.252,1.95,10.58,6.4,94.3,Normal
2026-07-02 22:50:55.401,Bologna,Košice,None,0,52.4,80,1504.1,9,1.0,0.0,-1.0,0.011,-0.055,-0.256,1.95,10.58,6.4,94.3,Normal
2026-07-02 22:50:56.401,Bologna,Košice,None,0,53.5,80,1538.2,9,1.0,0.0,-1.0,-0.007,-0.032,-0.407,1.95,10.58,6.4,94.2,Normal
2026-07-02 22:50:57.402,Bologna,Košice,None,0,54.9,80,1578.3,9,1.0,0.0,-1.0,0.016,-0.029,-0.413,1.95,10.58,6.4,94.2,Normal
2026-07-02 22:50:58.402,Bologna,Košice,None,0,55.4,80,1342.0,9,1.0,0.0,-1.0,0.049,0.043,0.213,1.95,10.58,6.4,94.2,Normal
2026-07-02 22:50:59.402,Bologna,Košice,None,0,55.2,90,1231.2,10,1.0,0.0,-1.0,0.055,-0.025,-0.377,1.95,10.59,6.4,94.2,Normal
2026-07-02 22:51:00.402,Bologna,Košice,None,0,57.5,90,1281.5,10,1.0,0.0,-1.0,0.023,0.003,-0.681,1.95,10.59,6.4,94.2,Normal
2026-07-02 22:51:01.402,Bologna,Košice,None,0,59.9,90,1336.2,10,1.0,0.0,-1.0,0.015,-0.044,-0.709,1.95,10.59,6.4,94.1,Normal
2026-07-02 22:51:02.403,Bologna,Košice,None,0,62.2,90,1386.8,10,1.0,0.0,-1.0,-0.084,0.003,-0.666,1.95,10.59,6.4,94.1,Normal
2026-07-02 22:51:03.403,Bologna,Košice,None,0,64.6,90,1438.2,10,1.0,0.0,1.0,-0.174,-0.032,-0.662,1.95,10.59,6.4,94.1,Normal
2026-07-02 22:51:04.403,Bologna,Košice,None,0,66.2,90,1299.0,10,1.0,0.0,0.0,-0.05,0.004,-0.138,1.95,10.59,6.4,94.0,Normal
2026-07-02 22:51:05.423,Bologna,Košice,None,0,66.3,90,1190.5,11,1.0,0.0,1.0,0.001,-0.029,-0.161,1.95,10.59,6.4,94.0,Normal
2026-07-02 22:51:06.416,Bologna,Košice,None,0,67.8,90,1219.5,11,0.98,0.0,0.0,-0.019,-0.086,-0.526,1.95,10.59,6.4,94.0,Normal
2026-07-02 22:51:07.404,Bologna,Košice,None,0,69.7,90,1252.5,11,0.99,0.0,-1.0,0.021,0.016,-0.529,1.95,10.59,6.4,94.0,Normal
2026-07-02 22:51:08.405,Bologna,Košice,None,0,71.5,90,1286.0,11,1.0,0.0,-1.0,0.029,-0.017,-0.539,1.95,10.6,6.4,94.0,Normal
2026-07-02 22:51:09.406,Bologna,Košice,None,0,73.4,90,1320.0,11,1.0,0.0,-1.0,0.014,-0.047,-0.527,1.95,10.6,6.4,93.9,Normal
2026-07-02 22:51:10.425,Bologna,Košice,None,0,75.3,90,1354.1,11,1.0,0.0,-1.0,0.016,0.009,-0.529,1.95,10.6,6.4,93.9,Normal
2026-07-02 22:51:11.406,Bologna,Košice,None,0,77.1,90,1384.7,11,1.0,0.0,0.0,-0.034,-0.04,-0.529,1.95,10.6,6.4,93.9,Normal
2026-07-02 22:51:12.405,Bologna,Košice,None,0,78.9,90,1417.3,11,1.0,0.0,0.0,0.031,-0.003,-0.519,1.95,10.6,6.4,93.8,Normal
2026-07-02 22:51:13.407,Bologna,Košice,None,0,80.7,90,1450.6,11,0.97,0.0,0.0,-0.022,-0.097,-0.502,1.95,10.6,6.4,93.8,Normal
2026-07-02 22:51:14.407,Bologna,Košice,None,0,80.9,90,1123.0,12,1.0,0.0,0.0,-0.025,0.029,0.139,1.95,10.61,6.4,93.8,Normal
2026-07-02 22:51:15.426,Bologna,Košice,None,0,81.1,90,1129.5,12,1.0,0.0,0.0,-0.026,-0.084,-0.234,1.95,10.61,6.4,93.8,Normal
2026-07-02 22:51:16.407,Bologna,Košice,None,0,82.1,90,1143.7,12,1.0,0.0,0.0,-0.056,-0.157,-0.307,1.95,10.61,6.4,93.7,Normal
2026-07-02 22:51:17.421,Bologna,Košice,None,0,83.2,90,1159.0,12,0.99,0.0,-1.0,0.015,0.009,-0.302,1.95,10.61,6.4,93.7,Normal
2026-07-02 22:51:18.431,Bologna,Košice,None,0,84.2,90,1173.3,12,1.0,0.0,0.0,-0.016,0.067,-0.281,1.95,10.61,6.4,93.7,Normal
2026-07-02 22:51:19.408,Bologna,Košice,None,0,85.3,90,1187.2,12,1.0,0.0,-1.0,0.032,0.02,-0.275,1.95,10.61,6.4,93.7,Normal
2026-07-02 22:51:20.422,Bologna,Košice,None,0,86.3,90,1201.6,12,1.0,0.0,0.0,0.003,-0.004,-0.267,1.95,10.62,6.4,93.6,Normal
2026-07-02 22:51:21.407,Bologna,Košice,None,0,87.3,90,1215.2,12,1.0,0.0,0.0,-0.004,-0.072,-0.297,1.95,10.62,6.4,93.6,Normal
2026-07-02 22:51:22.408,Bologna,Košice,None,0,88.2,90,1227.7,12,1.0,0.0,-1.0,0.037,0.009,-0.243,1.95,10.62,6.4,93.6,Normal
2026-07-02 22:51:23.430,Bologna,Košice,None,0,89.1,90,1240.8,12,1.0,0.0,0.0,-0.032,0.009,-0.244,1.95,10.62,6.4,93.5,Normal
2026-07-02 22:51:24.410,Bologna,Košice,None,0,89.9,90,1248.5,12,0.0,0.0,0.0,-0.01,-0.036,-0.257,1.95,10.62,6.4,93.5,Normal
2026-07-02 22:51:25.410,Bologna,Košice,None,0,89.6,90,1243.6,12,0.0,0.0,-1.0,0.049,0.005,0.165,1.96,10.63,6.4,93.5,Normal
2026-07-02 22:51:26.410,Bologna,Košice,None,0,89.4,90,1244.1,12,0.0,0.0,-1.0,0.023,-0.018,-0.064,1.96,10.63,6.4,93.5,Normal
2026-07-02 22:51:27.410,Bologna,Košice,None,0,89.8,90,1248.3,12,0.0,0.0,-1.0,-0.024,0.002,-0.094,1.96,10.63,6.4,93.5,Normal
2026-07-02 22:51:28.411,Bologna,Košice,None,0,89.9,90,1249.9,12,0.0,0.0,-1.0,0.02,0.096,-0.026,1.96,10.63,6.4,93.4,Normal
2026-07-02 22:51:29.411,Bologna,Košice,None,0,89.9,90,1249.7,12,0.0,0.0,-1.0,-0.002,-0.093,0.017,1.96,10.63,6.4,93.4,Normal
2026-07-02 22:51:30.412,Bologna,Košice,None,0,89.9,90,1250.0,12,0.0,0.0,-1.0,0.056,-0.007,-0.01,1.96,10.63,6.4,93.4,Normal
2026-07-02 22:51:31.412,Bologna,Košice,None,0,89.9,90,1250.0,12,0.0,0.0,0.0,-0.059,0.039,-0.003,1.96,10.64,6.4,93.4,Normal
2026-07-02 22:51:32.412,Bologna,Košice,None,0,90.0,90,1250.0,12,0.0,0.0,-1.0,0.053,-0.07,0.005,1.96,10.64,6.4,93.4,Normal
2026-07-02 22:51:33.412,Bologna,Košice,None,0,90.0,90,1249.9,12,0.0,0.0,-1.0,0.022,-0.027,0.002,1.96,10.64,6.4,93.4,Normal
2026-07-02 22:51:34.412,Bologna,Košice,None,0,90.0,90,1250.1,12,0.0,0.0,-1.0,0.017,-0.009,-0.0,1.96,10.64,6.4,93.4,Normal
2026-07-02 22:51:35.425,Bologna,Košice,None,0,90.0,90,1250.0,12,0.0,0.0,-1.0,-0.013,-0.055,0.005,1.96,10.64,6.4,93.3,Normal
2026-07-02 22:51:36.413,Bologna,Košice,None,0,89.9,90,1249.6,12,0.0,0.0,-1.0,-0.005,-0.019,0.008,1.96,10.64,6.4,93.3,Normal
2026-07-02 22:51:37.427,Bologna,Košice,None,0,89.9,90,1249.7,12,0.0,0.0,-1.0,0.015,-0.008,-0.009,1.96,10.64,6.4,93.3,Normal
2026-07-02 22:51:38.414,Bologna,Košice,None,0,89.9,90,1249.6,12,0.0,0.0,0.0,-0.061,-0.017,0.004,1.96,10.65,6.4,93.3,Normal
2026-07-02 22:51:39.414,Bologna,Košice,None,0,89.9,90,1249.6,12,0.0,0.0,-1.0,-0.007,0.043,0.003,1.96,10.65,6.4,93.3,Normal
2026-07-02 22:51:40.429,Bologna,Košice,None,0,89.9,90,1249.5,12,0.0,0.0,-1.0,-0.048,0.024,-0.002,1.96,10.65,6.4,93.3,Normal
2026-07-02 22:51:41.426,Bologna,Košice,None,0,89.9,90,1249.3,12,0.0,0.0,0.0,-0.027,-0.008,0.015,1.96,10.65,6.4,93.3,Normal
2026-07-02 22:51:42.435,Bologna,Košice,None,0,89.9,90,1249.7,12,0.0,0.0,0.0,-0.032,-0.03,-0.006,1.96,10.66,6.4,93.2,Normal
2026-07-02 22:51:43.416,Bologna,Košice,None,0,89.9,90,1249.6,12,0.0,0.0,0.0,-0.013,0.017,-0.012,1.96,10.66,6.4,93.2,Normal
2026-07-02 22:51:44.427,Bologna,Košice,None,0,89.9,90,1249.2,12,0.0,0.0,0.0,-0.002,-0.043,0.004,1.96,10.66,6.4,93.2,Normal
2026-07-02 22:51:45.426,Bologna,Košice,None,0,89.9,90,1249.4,12,0.0,0.0,0.0,0.024,0.027,0.006,1.96,10.66,6.4,93.2,Normal
2026-07-02 22:51:46.416,Bologna,Košice,None,0,89.9,90,1249.3,12,0.0,0.0,-1.0,0.05,-0.068,0.006,1.96,10.66,6.4,93.2,Normal
2026-07-02 22:51:47.435,Bologna,Košice,None,0,89.9,90,1249.5,12,0.0,0.0,-1.0,0.031,-0.229,0.005,1.96,10.66,6.4,93.2,Normal
2026-07-02 22:51:48.431,Bologna,Košice,None,0,89.9,90,1249.4,12,0.0,0.0,-1.0,-0.009,0.008,-0.005,1.96,10.67,6.4,93.2,Normal
2026-07-02 22:51:49.417,Bologna,Košice,None,0,90.0,90,1249.8,12,0.0,0.0,-1.0,0.005,0.013,-0.012,1.96,10.67,6.4,93.1,Normal
2026-07-02 22:51:50.418,Bologna,Košice,None,0,90.0,90,1249.8,12,0.0,0.0,-1.0,-0.022,-0.045,-0.006,1.96,10.67,6.4,93.1,Normal
2026-07-02 22:51:51.418,Bologna,Košice,None,0,89.9,90,1249.2,12,0.0,0.0,-1.0,0.058,0.005,0.017,1.96,10.67,6.4,93.1,Normal
2026-07-02 22:51:52.434,Bologna,Košice,None,0,89.9,90,1248.7,12,0.0,0.0,-1.0,-0.032,0.006,0.021,1.96,10.67,6.4,93.1,Normal
2026-07-02 22:51:53.428,Bologna,Košice,None,0,89.8,90,1248.3,12,0.0,0.0,-1.0,-0.007,-0.026,0.027,1.96,10.67,6.4,93.1,Normal
2026-07-02 22:51:54.420,Bologna,Košice,None,0,89.8,90,1247.9,12,0.0,0.0,0.0,-0.021,0.072,0.015,1.96,10.67,6.4,93.1,Normal
2026-07-02 22:51:55.445,Bologna,Košice,None,0,89.8,90,1248.4,12,0.0,0.0,0.0,-0.057,0.047,0.004,1.96,10.68,6.4,93.1,Normal
2026-07-02 22:51:56.440,Bologna,Košice,None,0,89.8,90,1249.0,12,0.0,0.0,0.0,-0.013,-0.063,-0.014,1.96,10.68,6.4,93.0,Normal
2026-07-02 22:51:57.420,Bologna,Košice,None,0,89.8,90,1248.9,12,0.0,0.0,-1.0,0.02,0.026,-0.026,1.96,10.68,6.4,93.0,Normal
2026-07-02 22:51:58.421,Bologna,Košice,None,0,89.9,90,1250.1,12,0.0,0.0,0.0,-0.005,-0.009,-0.018,1.96,10.68,6.4,93.0,Normal
2026-07-02 22:51:59.422,Bologna,Košice,None,0,89.9,90,1250.4,12,0.0,0.0,0.0,-0.023,-0.086,-0.014,1.96,10.69,6.4,93.0,Normal
2026-07-02 22:52:00.421,Bologna,Košice,None,0,89.9,90,1250.3,12,0.0,0.0,0.0,-0.038,-0.038,-0.003,1.96,10.69,6.4,93.0,Normal
2026-07-02 22:52:01.435,Bologna,Košice,None,0,90.0,90,1250.7,12,0.0,0.0,0.0,-0.043,-0.004,-0.004,1.96,10.69,6.4,92.9,Normal
2026-07-02 22:52:02.447,Bologna,Košice,None,0,90.0,90,1251.0,12,0.0,0.0,0.0,-0.01,-0.061,-0.007,1.96,10.69,6.4,92.9,Normal
2026-07-02 22:52:03.442,Bologna,Košice,None,0,90.0,90,1251.1,12,0.0,0.0,-1.0,-0.007,-0.066,-0.005,1.96,10.69,6.4,92.9,Normal
2026-07-02 22:52:04.423,Bologna,Košice,None,0,90.0,90,1250.8,12,0.0,0.0,0.0,-0.028,-0.131,0.002,1.96,10.69,6.4,92.9,Normal
2026-07-02 22:52:05.444,Bologna,Košice,None,0,90.0,90,1250.7,12,0.0,0.0,-1.0,0.015,0.034,-0.015,1.96,10.7,6.4,92.9,Normal
2026-07-02 22:52:06.424,Bologna,Košice,None,0,90.0,90,1250.6,12,0.0,0.0,0.0,-0.017,-0.054,-0.002,1.96,10.7,6.4,92.8,Normal
2026-07-02 22:52:07.424,Bologna,Košice,None,0,90.0,90,1250.7,12,0.0,0.0,-1.0,0.044,0.041,-0.005,1.96,10.7,6.4,92.8,Normal
2026-07-02 22:52:08.425,Bologna,Košice,None,0,90.0,90,1250.4,12,0.0,0.0,-1.0,-0.014,0.075,0.002,1.96,10.7,6.4,92.8,Normal
2026-07-02 22:52:09.426,Bologna,Košice,None,0,90.0,90,1250.7,12,0.0,0.0,-1.0,0.019,0.027,-0.009,1.96,10.7,6.4,92.8,Normal
2026-07-02 22:52:10.439,Bologna,Košice,None,0,90.0,90,1250.5,12,0.0,0.0,-1.0,-0.05,0.085,-0.007,1.96,10.7,6.4,92.8,Normal
2026-07-02 22:52:11.436,Bologna,Košice,None,0,90.1,90,1250.5,12,0.0,0.0,-1.0,-0.003,-0.023,0.013,1.96,10.7,6.4,92.8,Normal
2026-07-02 22:52:12.426,Bologna,Košice,None,0,90.1,90,1250.1,12,0.0,0.0,-1.0,0.003,-0.112,0.024,1.96,10.71,6.4,92.8,Normal
2026-07-02 22:52:13.426,Bologna,Košice,None,0,90.0,90,1249.7,12,0.0,0.0,0.0,-0.04,-0.02,0.015,1.96,10.71,6.4,92.8,Normal
2026-07-02 22:52:14.427,Bologna,Košice,None,0,90.0,90,1249.1,12,0.0,0.0,-1.0,0.011,-0.056,0.011,1.96,10.71,6.4,92.7,Normal
2026-07-02 22:52:15.427,Bologna,Košice,None,0,90.0,90,1248.6,12,0.0,0.0,0.0,-0.078,0.005,0.029,1.96,10.71,6.4,92.7,Normal
2026-07-02 22:52:16.448,Bologna,Košice,None,0,89.9,90,1248.5,12,0.0,0.0,-1.0,-0.013,0.004,0.02,1.97,10.72,6.4,92.7,Normal
2026-07-02 22:52:17.428,Bologna,Košice,None,0,89.9,90,1248.5,12,0.0,0.0,0.0,-0.094,0.121,-0.006,1.97,10.72,6.4,92.7,Normal
2026-07-02 22:52:18.438,Bologna,Košice,None,0,89.9,90,1248.0,12,0.0,0.0,0.0,0.001,0.027,-0.002,1.97,10.72,6.4,92.7,Normal
2026-07-02 22:52:19.448,Bologna,Košice,None,0,89.9,90,1248.2,12,0.0,0.0,0.0,-0.006,0.052,0.003,1.97,10.72,6.4,92.7,Normal
2026-07-02 22:52:20.429,Bologna,Košice,None,0,89.9,90,1248.1,12,0.0,0.0,0.0,0.02,-0.047,0.018,1.97,10.72,6.4,92.7,Normal
2026-07-02 22:52:21.453,Bologna,Košice,None,0,89.8,90,1248.0,12,0.0,0.0,0.0,-0.097,-0.021,0.016,1.97,10.72,6.4,92.7,Normal
2026-07-02 22:52:22.431,Bologna,Košice,None,0,89.8,90,1248.0,12,0.0,0.0,0.0,-0.093,-0.013,-0.002,1.97,10.73,6.4,92.7,Normal
2026-07-02 22:52:23.432,Bologna,Košice,None,0,89.9,90,1248.7,12,0.0,0.0,0.0,-0.003,-0.013,-0.019,1.97,10.73,6.4,92.6,Normal
2026-07-02 22:52:24.431,Bologna,Košice,None,0,89.9,90,1249.4,12,0.0,0.0,0.0,0.019,-0.012,-0.017,1.97,10.73,6.4,92.6,Normal
2026-07-02 22:52:25.432,Bologna,Košice,None,0,89.9,90,1249.4,12,0.0,0.0,0.0,0.035,-0.052,-0.005,1.97,10.73,6.4,92.6,Normal
2026-07-02 22:52:26.433,Bologna,Košice,None,0,89.9,90,1249.4,12,0.0,0.0,0.0,0.019,0.023,0.001,1.97,10.73,6.4,92.6,Normal
2026-07-02 22:52:27.432,Bologna,Košice,None,0,89.9,90,1249.6,12,0.0,0.0,0.0,-0.004,0.055,0.001,1.97,10.73,6.4,92.6,Normal
2026-07-02 22:52:28.432,Bologna,Košice,None,0,89.9,90,1249.7,12,0.0,0.0,0.0,0.014,0.03,-0.008,1.97,10.74,6.4,92.6,Normal
2026-07-02 22:52:29.453,Bologna,Košice,None,0,89.9,90,1249.9,12,0.0,0.0,0.0,-0.009,-0.031,-0.007,1.97,10.74,6.4,92.5,Normal
2026-07-02 22:52:30.432,Bologna,Košice,None,0,89.9,90,1249.9,12,0.0,0.0,-1.0,-0.007,-0.09,-0.007,1.97,10.74,6.4,92.5,Normal
2026-07-02 22:52:31.433,Bologna,Košice,None,0,89.9,90,1250.1,12,0.0,0.0,0.0,-0.054,0.003,-0.013,1.97,10.74,6.4,92.5,Normal
2026-07-02 22:52:32.433,Bologna,Košice,None,0,89.9,90,1248.7,12,0.0,0.0,0.0,-0.005,0.093,0.006,1.97,10.74,6.4,92.5,Normal
2026-07-02 22:52:33.434,Bologna,Košice,None,0,89.2,90,1237.0,12,0.0,0.0,1.0,-0.01,0.061,0.279,1.97,10.75,6.4,92.5,Normal
2026-07-02 22:52:34.456,Bologna,Košice,None,0,88.2,90,1222.3,12,0.0,0.0,0.0,-0.005,-0.008,0.286,1.97,10.75,6.4,92.5,Normal
2026-07-02 22:52:35.434,Bologna,Košice,None,0,87.2,90,1208.6,12,0.0,0.0,0.0,0.007,-0.027,0.283,1.97,10.75,6.4,92.5,Normal
2026-07-02 22:52:36.455,Bologna,Košice,None,0,86.1,90,1194.1,12,0.0,0.0,-1.0,0.011,-0.015,0.293,1.97,10.75,6.4,92.5,Normal
2026-07-02 22:52:37.435,Bologna,Košice,None,0,85.2,90,1181.1,12,0.0,0.0,1.0,-0.06,-0.033,0.263,1.97,10.75,6.4,92.5,Normal
2026-07-02 22:52:38.446,Bologna,Košice,None,0,84.2,90,1168.3,12,0.0,0.0,0.0,0.031,0.009,0.243,1.97,10.75,6.4,92.5,Normal
2026-07-02 22:52:39.435,Bologna,Košice,None,0,83.4,90,1156.2,12,0.0,0.0,1.0,0.006,0.072,0.232,1.97,10.76,6.4,92.5,Normal
2026-07-02 22:52:40.436,Bologna,Košice,None,0,82.5,90,1143.5,12,0.0,0.0,0.0,0.0,-0.073,0.253,1.97,10.76,6.4,92.5,Normal
2026-07-02 22:52:41.452,Bologna,Košice,None,0,81.6,90,1131.5,12,0.0,0.0,1.0,-0.054,-0.085,0.248,1.97,10.76,6.4,92.5,Normal
2026-07-02 22:52:42.448,Bologna,Košice,None,0,80.8,90,1120.3,12,0.0,0.0,0.0,0.042,-0.011,0.226,1.97,10.76,6.4,92.5,Normal
2026-07-02 22:52:43.438,Bologna,Košice,None,0,80.0,90,1110.2,12,0.0,0.0,0.0,0.041,0.007,0.213,1.97,10.76,6.4,92.5,Normal
2026-07-02 22:52:44.438,Bologna,Košice,None,0,79.8,90,1109.2,12,0.0,0.0,1.0,-0.132,0.025,-0.065,1.97,10.76,6.4,92.5,Normal
2026-07-02 22:52:45.439,Bologna,Košice,None,0,80.1,90,1113.3,12,0.0,0.0,0.0,0.043,0.097,-0.074,1.97,10.76,6.4,92.5,Normal
2026-07-02 22:52:46.439,Bologna,Košice,None,0,80.2,90,1114.3,12,0.15,0.0,1.0,0.006,-0.073,-0.002,1.97,10.77,6.4,92.5,Normal
2026-07-02 22:52:47.439,Bologna,Košice,None,0,80.3,90,1114.8,12,0.1,0.0,1.0,-0.152,-0.011,-0.016,1.97,10.77,6.4,92.4,Normal
2026-07-02 22:52:48.440,Bologna,Košice,None,0,80.7,90,1123.3,12,0.71,0.0,1.0,-0.043,-0.013,-0.204,1.97,10.77,6.4,92.4,Normal
2026-07-02 22:52:49.440,Bologna,Košice,None,0,81.5,90,1134.2,12,0.62,0.0,1.0,0.072,-0.058,-0.217,1.97,10.77,6.4,92.4,Normal
2026-07-02 22:52:50.440,Bologna,Košice,None,0,82.2,90,1144.3,12,0.96,0.0,0.0,0.059,-0.012,-0.213,1.97,10.77,6.4,92.4,Normal
2026-07-02 22:52:51.465,Bologna,Košice,None,0,83.3,90,1160.7,12,1.0,0.0,1.0,-0.057,0.004,-0.347,1.97,10.78,6.41,92.4,Normal
2026-07-02 22:52:52.441,Bologna,Košice,None,0,84.6,90,1178.7,12,1.0,0.0,1.0,-0.029,0.002,-0.372,1.97,10.78,6.41,92.3,Normal
2026-07-02 22:52:53.441,Bologna,Košice,None,0,85.9,90,1196.6,12,1.0,0.0,1.0,-0.043,-0.053,-0.352,1.97,10.78,6.41,92.3,Normal
2026-07-02 22:52:54.452,Bologna,Košice,None,0,87.2,90,1214.3,12,1.0,0.0,1.0,-0.001,-0.019,-0.371,1.97,10.78,6.41,92.3,Normal
2026-07-02 22:52:55.460,Bologna,Košice,None,0,88.4,90,1231.2,12,1.0,0.0,1.0,0.051,0.029,-0.336,1.97,10.78,6.41,92.2,Normal
2026-07-02 22:52:56.467,Bologna,Košice,None,0,89.6,90,1248.3,12,1.0,0.0,1.0,-0.077,0.151,-0.343,1.97,10.78,6.41,92.2,Normal
2026-07-02 22:52:57.462,Bologna,Košice,None,0,90.9,90,1266.2,12,1.0,0.0,1.0,0.032,0.034,-0.35,1.97,10.78,6.41,92.2,Normal
2026-07-02 22:52:58.443,Bologna,Košice,None,0,92.2,90,1283.5,12,1.0,0.0,1.0,0.054,0.049,-0.381,1.97,10.79,6.41,92.2,Normal
2026-07-02 22:52:59.443,Bologna,Košice,None,0,93.5,90,1302.6,12,1.0,0.0,1.0,-0.023,0.025,-0.39,1.97,10.79,6.41,92.1,Normal
2026-07-02 22:53:00.461,Bologna,Košice,None,0,94.6,90,1312.5,12,0.0,0.0,0.0,0.009,0.118,-0.063,1.97,10.79,6.41,92.1,Normal
2026-07-02 22:53:01.462,Bologna,Košice,None,0,94.4,90,1309.1,12,0.0,0.0,0.0,0.045,-0.11,0.097,1.97,10.79,6.41,92.1,Normal
2026-07-02 22:53:02.461,Bologna,Košice,None,0,94.8,90,1319.1,12,0.0,0.0,1.0,-0.163,-0.126,-0.354,1.97,10.79,6.41,92.1,Normal
2026-07-02 22:53:03.462,Bologna,Košice,None,0,95.5,90,1324.9,12,0.0,0.0,1.0,0.025,0.007,-0.053,1.97,10.79,6.41,92.1,Speeding
2026-07-02 22:53:04.458,Bologna,Košice,None,0,95.7,90,1326.8,12,0.0,0.0,-1.0,0.066,0.073,-0.056,1.97,10.8,6.41,92.1,Speeding
2026-07-02 22:53:05.446,Bologna,Košice,None,0,95.9,90,1330.9,12,0.0,0.0,1.0,0.033,0.044,-0.118,1.97,10.8,6.41,92.1,Speeding
2026-07-02 22:53:06.446,Bologna,Košice,None,0,96.5,90,1338.6,12,0.0,0.0,1.0,-0.077,-0.0,-0.177,1.97,10.8,6.41,92.1,Speeding
2026-07-02 22:53:07.446,Bologna,Košice,None,0,97.3,90,1349.5,12,0.0,0.0,1.0,0.02,0.023,-0.224,1.97,10.8,6.41,92.1,Speeding
2026-07-02 22:53:08.446,Bologna,Košice,None,0,96.0,90,1331.3,12,0.0,0.0,1.0,-0.049,-0.132,0.5,1.98,10.81,6.41,92.1,Speeding
2026-07-02 22:53:09.448,Bologna,Košice,None,0,95.7,90,1327.8,12,0.0,0.0,0.0,0.096,-0.023,0.002,1.98,10.81,6.41,92.1,Speeding
2026-07-02 22:53:10.447,Bologna,Košice,None,0,95.0,90,1317.1,12,0.0,0.0,1.0,-0.025,0.031,0.314,1.98,10.81,6.41,92.1,Speeding
2026-07-02 22:53:11.448,Bologna,Košice,None,0,93.7,90,1298.7,12,0.0,0.0,0.0,0.114,0.029,0.376,1.98,10.81,6.41,92.1,Normal
2026-07-02 22:53:12.448,Bologna,Košice,None,0,92.7,90,1285.7,12,0.0,0.0,1.0,-0.025,0.041,0.198,1.98,10.81,6.41,92.1,Normal
2026-07-02 22:53:13.448,Bologna,Košice,None,0,92.1,90,1276.6,12,0.0,0.0,-1.0,0.108,0.041,0.171,1.98,10.81,6.41,92.1,Normal
2026-07-02 22:53:14.448,Bologna,Košice,None,0,92.6,90,1289.1,12,1.0,0.0,1.0,-0.028,-0.054,-0.428,1.98,10.82,6.41,92.1,Normal
2026-07-02 22:53:15.448,Bologna,Košice,None,0,94.3,90,1313.7,12,1.0,0.0,0.0,0.012,0.105,-0.521,1.98,10.82,6.41,92.0,Normal
2026-07-02 22:53:16.468,Bologna,Košice,None,0,95.2,90,1320.6,12,0.0,0.0,-1.0,0.017,-0.042,-0.016,1.98,10.82,6.41,92.0,Speeding
2026-07-02 22:53:17.449,Bologna,Košice,None,0,95.3,90,1322.1,12,0.0,0.0,0.0,-0.011,-0.031,-0.045,1.98,10.82,6.41,92.0,Speeding
2026-07-02 22:53:18.449,Bologna,Košice,None,0,95.6,90,1325.9,12,0.0,0.0,0.0,-0.013,0.045,-0.09,1.98,10.82,6.41,92.0,Speeding
2026-07-02 22:53:19.450,Bologna,Košice,None,0,95.8,90,1328.3,12,0.0,0.0,0.0,0.028,0.004,0.049,1.98,10.82,6.41,92.0,Speeding
2026-07-02 22:53:20.450,Bologna,Košice,None,0,94.9,90,1315.4,12,0.0,0.0,1.0,-0.119,-0.06,0.279,1.98,10.83,6.41,92.0,Normal
2026-07-02 22:53:21.451,Bologna,Košice,None,0,93.9,90,1301.7,12,0.0,0.0,1.0,-0.024,-0.043,0.309,1.98,10.83,6.41,92.0,Normal
2026-07-02 22:53:22.452,Bologna,Košice,None,0,92.6,90,1283.0,12,0.0,0.0,1.0,0.021,0.034,0.453,1.98,10.83,6.41,92.0,Normal
2026-07-02 22:53:23.452,Bologna,Košice,None,0,91.3,90,1269.4,12,1.0,0.0,1.0,0.036,0.048,0.17,1.98,10.83,6.41,92.0,Normal
2026-07-02 22:53:24.452,Bologna,Košice,None,0,92.0,90,1281.9,12,1.0,0.0,1.0,-0.108,0.02,-0.345,1.98,10.84,6.41,92.0,Normal
2026-07-02 22:53:25.452,Bologna,Košice,None,0,93.1,90,1296.2,12,1.0,0.0,1.0,-0.003,0.027,-0.258,1.98,10.84,6.41,92.0,Normal
2026-07-02 22:53:26.453,Bologna,Košice,None,0,93.6,90,1302.0,12,0.0,0.0,1.0,0.02,-0.053,-0.148,1.98,10.84,6.41,91.9,Normal
2026-07-02 22:53:27.453,Bologna,Košice,None,0,93.8,90,1302.9,12,0.0,0.0,1.0,0.012,-0.006,0.02,1.98,10.84,6.41,91.9,Normal
2026-07-02 22:53:28.476,Bologna,Košice,None,0,93.6,90,1299.9,12,0.0,0.0,-1.0,0.051,-0.039,0.047,1.98,10.84,6.41,91.9,Normal
2026-07-02 22:53:29.454,Bologna,Košice,None,0,93.6,90,1298.8,12,0.0,0.0,0.0,0.021,-0.007,-0.008,1.98,10.84,6.41,91.9,Normal
2026-07-02 22:53:30.465,Bologna,Košice,None,0,93.6,90,1298.3,12,0.0,0.0,-1.0,0.044,-0.084,0.045,1.98,10.85,6.41,91.9,Normal
2026-07-02 22:53:31.454,Bologna,Košice,None,0,93.4,90,1296.2,12,0.0,0.0,-1.0,0.072,-0.043,0.041,1.98,10.85,6.41,91.9,Normal
2026-07-02 22:53:32.455,Bologna,Košice,None,0,93.3,90,1294.9,12,0.0,0.0,-1.0,0.016,0.007,0.024,1.98,10.85,6.41,91.9,Normal
2026-07-02 22:53:33.469,Bologna,Košice,None,0,93.3,90,1294.5,12,0.0,0.0,-1.0,0.082,0.097,0.002,1.98,10.85,6.41,91.9,Normal
2026-07-02 22:53:34.468,Bologna,Košice,None,0,93.2,90,1294.2,12,0.0,0.0,-1.0,0.017,-0.038,0.011,1.98,10.85,6.41,91.9,Normal
2026-07-02 22:53:35.476,Bologna,Košice,None,0,93.2,90,1293.8,12,0.0,0.0,1.0,-0.124,0.016,0.017,1.98,10.85,6.41,91.9,Normal
2026-07-02 22:53:36.456,Bologna,Košice,None,0,93.2,90,1294.5,12,0.0,0.0,1.0,-0.094,0.107,-0.032,1.98,10.86,6.41,91.9,Normal
2026-07-02 22:53:37.456,Bologna,Košice,None,0,93.2,90,1294.9,12,0.0,0.0,-1.0,0.044,0.055,-0.016,1.98,10.86,6.41,91.8,Normal
2026-07-02 22:53:38.456,Bologna,Košice,None,0,93.2,90,1294.9,12,0.0,0.0,0.0,0.007,0.05,-0.005,1.98,10.86,6.41,91.8,Normal
2026-07-02 22:53:39.481,Bologna,Košice,None,0,93.2,90,1294.8,12,0.0,0.0,-1.0,0.022,0.014,-0.015,1.98,10.86,6.41,91.8,Normal
2026-07-02 22:53:40.473,Bologna,Košice,None,0,93.3,90,1295.0,12,0.0,0.0,-1.0,0.043,-0.03,0.004,1.98,10.87,6.41,91.8,Normal
2026-07-02 22:53:41.482,Bologna,Košice,None,0,93.3,90,1295.4,12,0.0,0.0,-1.0,0.026,-0.078,-0.004,1.98,10.87,6.41,91.8,Normal
2026-07-02 22:53:42.475,Bologna,Košice,None,0,93.3,90,1295.0,12,0.0,0.0,-1.0,0.102,0.03,-0.0,1.98,10.87,6.41,91.8,Normal
2026-07-02 22:53:43.471,Bologna,Košice,None,0,93.3,90,1295.3,12,0.0,0.0,-1.0,-0.003,0.108,-0.014,1.98,10.87,6.41,91.8,Normal
2026-07-02 22:53:44.458,Bologna,Košice,None,0,93.3,90,1295.3,12,0.0,0.0,-1.0,0.012,0.026,-0.011,1.98,10.87,6.41,91.8,Normal
2026-07-02 22:53:45.471,Bologna,Košice,None,0,93.3,90,1294.9,12,0.0,0.0,-1.0,0.009,-0.023,0.013,1.98,10.87,6.41,91.8,Normal
2026-07-02 22:53:46.482,Bologna,Košice,None,0,93.3,90,1295.2,12,0.0,0.0,-1.0,0.038,-0.056,0.012,1.98,10.88,6.41,91.7,Normal
2026-07-02 22:53:47.459,Bologna,Košice,None,0,93.3,90,1295.0,12,0.0,0.0,-1.0,0.023,0.02,-0.005,1.98,10.88,6.41,91.7,Normal
2026-07-02 22:53:48.479,Bologna,Košice,None,0,93.3,90,1295.3,12,0.0,0.0,0.0,-0.067,-0.032,-0.007,1.98,10.88,6.41,91.7,Normal
2026-07-02 22:53:49.460,Bologna,Košice,None,0,93.3,90,1295.0,12,0.0,0.0,-1.0,0.005,0.071,0.008,1.98,10.88,6.41,91.7,Normal
2026-07-02 22:53:50.460,Bologna,Košice,None,0,93.3,90,1295.4,12,0.0,0.0,-1.0,0.039,0.16,-0.013,1.98,10.88,6.41,91.7,Normal
2026-07-02 22:53:51.460,Bologna,Košice,None,0,93.1,90,1294.0,12,0.0,0.0,-1.0,-0.042,-0.044,0.036,1.98,10.88,6.41,91.7,Normal
2026-07-02 22:53:52.461,Bologna,Košice,None,0,93.1,90,1293.9,12,0.0,0.0,-1.0,-0.014,0.108,0.008,1.98,10.89,6.41,91.7,Normal
2026-07-02 22:53:53.485,Bologna,Košice,None,0,93.1,90,1294.7,12,0.0,0.0,-1.0,0.024,-0.013,-0.021,1.98,10.89,6.41,91.7,Normal
2026-07-02 22:53:54.480,Bologna,Košice,None,0,93.2,90,1295.3,12,0.0,0.0,-1.0,0.034,0.046,-0.013,1.99,10.89,6.41,91.6,Normal
2026-07-02 22:53:55.461,Bologna,Košice,None,0,93.2,90,1296.1,12,0.0,0.0,0.0,-0.064,-0.01,-0.023,1.99,10.89,6.41,91.6,Normal
2026-07-02 22:53:56.462,Bologna,Košice,None,0,93.3,90,1296.7,12,0.0,0.0,1.0,-0.096,0.017,-0.021,1.99,10.9,6.41,91.6,Normal
2026-07-02 22:53:57.462,Bologna,Košice,None,0,93.4,90,1297.3,12,0.0,0.0,0.0,0.082,-0.115,-0.036,1.99,10.9,6.41,91.6,Normal
2026-07-02 22:53:58.463,Bologna,Košice,None,0,93.4,90,1297.3,12,0.0,0.0,-1.0,0.029,0.106,0.004,1.99,10.9,6.41,91.6,Normal
2026-07-02 22:53:59.462,Bologna,Košice,None,0,93.3,90,1295.8,12,0.0,0.0,0.0,-0.05,-0.027,0.034,1.99,10.9,6.41,91.6,Normal
2026-07-02 22:54:00.463,Bologna,Košice,None,0,93.3,90,1295.4,12,0.0,0.0,0.0,-0.021,0.009,0.007,1.99,10.9,6.41,91.6,Normal
2026-07-02 22:54:01.463,Bologna,Košice,None,0,93.3,90,1295.2,12,0.0,0.0,1.0,-0.032,0.013,0.008,1.99,10.9,6.41,91.5,Normal
2026-07-02 22:54:02.463,Bologna,Košice,None,0,93.3,90,1295.0,12,0.0,0.0,1.0,-0.061,-0.046,0.009,1.99,10.9,6.41,91.5,Normal
2026-07-02 22:54:03.463,Bologna,Košice,None,0,93.3,90,1295.3,12,0.0,0.0,1.0,-0.03,0.047,-0.016,1.99,10.91,6.41,91.5,Normal
2026-07-02 22:54:04.463,Bologna,Košice,None,0,93.3,90,1295.8,12,0.0,0.0,1.0,-0.058,0.043,-0.02,1.99,10.91,6.41,91.5,Normal
2026-07-02 22:54:05.483,Bologna,Košice,None,0,93.4,90,1295.7,12,0.0,0.0,1.0,-0.092,0.007,0.002,1.99,10.91,6.41,91.5,Normal
2026-07-02 22:54:06.476,Bologna,Košice,None,0,93.4,90,1295.4,12,0.0,0.0,0.0,0.056,-0.025,0.012,1.99,10.91,6.41,91.5,Normal
2026-07-02 22:54:07.464,Bologna,Košice,None,0,93.3,90,1295.1,12,0.0,0.0,1.0,-0.014,0.061,-0.008,1.99,10.92,6.41,91.5,Normal
2026-07-02 22:54:08.481,Bologna,Košice,None,0,93.3,90,1294.8,12,0.0,0.0,1.0,0.003,-0.037,-0.001,1.99,10.92,6.41,91.5,Normal
2026-07-02 22:54:09.488,Bologna,Košice,None,0,93.3,90,1294.5,12,0.0,0.0,1.0,-0.024,0.086,0.004,1.99,10.92,6.41,91.5,Normal
2026-07-02 22:54:10.465,Bologna,Košice,None,0,93.2,90,1293.6,12,0.0,0.0,0.0,0.077,-0.188,0.01,1.99,10.92,6.41,91.5,Normal
2026-07-02 22:54:11.490,Bologna,Košice,None,0,93.3,90,1294.4,12,0.0,0.0,1.0,-0.001,-0.068,0.001,1.99,10.92,6.41,91.5,Normal
2026-07-02 22:54:12.482,Bologna,Košice,None,0,93.2,90,1293.7,12,0.0,0.0,1.0,-0.016,-0.061,0.017,1.99,10.92,6.41,91.5,Normal
2026-07-02 22:54:13.491,Bologna,Košice,None,0,93.2,90,1293.2,12,0.0,0.0,0.0,0.048,-0.023,0.028,1.99,10.93,6.41,91.5,Normal
2026-07-02 22:54:14.467,Bologna,Košice,None,0,93.1,90,1292.8,12,0.0,0.0,-1.0,0.055,-0.061,0.018,1.99,10.93,6.41,91.5,Normal
2026-07-02 22:54:15.489,Bologna,Košice,None,0,93.2,90,1293.8,12,0.0,0.0,-1.0,0.038,-0.102,-0.033,1.99,10.93,6.41,91.5,Normal
2026-07-02 22:54:16.468,Bologna,Košice,None,0,93.2,90,1294.1,12,0.0,0.0,0.0,-0.017,0.013,0.042,1.99,10.93,6.41,91.5,Normal
2026-07-02 22:54:17.468,Bologna,Košice,None,0,93.0,90,1293.1,12,0.0,0.0,0.0,-0.039,0.002,0.007,1.99,10.93,6.41,91.4,Normal
2026-07-02 22:54:18.469,Bologna,Košice,None,0,93.1,90,1294.5,12,0.0,0.0,1.0,-0.073,-0.018,-0.05,1.99,10.93,6.41,91.4,Normal
2026-07-02 22:54:19.491,Bologna,Košice,None,0,93.4,90,1297.2,12,0.0,0.0,1.0,0.039,0.053,-0.074,1.99,10.94,6.41,91.4,Normal
2026-07-02 22:54:20.469,Bologna,Košice,None,0,93.4,90,1296.4,12,0.0,0.0,1.0,-0.076,-0.026,0.057,1.99,10.94,6.41,91.4,Normal
2026-07-02 22:54:21.482,Bologna,Košice,None,0,93.3,90,1295.6,12,0.0,0.0,1.0,-0.147,0.054,0.009,1.99,10.94,6.41,91.4,Normal
2026-07-02 22:54:22.470,Bologna,Košice,None,0,93.3,90,1295.4,12,0.0,0.0,0.0,0.119,-0.078,-0.005,1.99,10.94,6.41,91.4,Normal
2026-07-02 22:54:23.471,Bologna,Košice,None,0,93.4,90,1296.0,12,0.0,0.0,1.0,-0.035,-0.026,-0.019,1.99,10.95,6.41,91.4,Normal
2026-07-02 22:54:24.471,Bologna,Košice,None,0,93.4,90,1296.5,12,0.0,0.0,1.0,0.009,0.02,-0.016,1.99,10.95,6.41,91.4,Normal
2026-07-02 22:54:25.471,Bologna,Košice,None,0,93.5,90,1296.4,12,0.0,0.0,1.0,-0.325,0.123,-0.017,1.99,10.95,6.41,91.4,Normal
2026-07-02 22:54:26.472,Bologna,Košice,None,0,93.6,90,1298.8,12,0.0,0.0,-1.0,0.175,0.071,-0.075,1.99,10.95,6.41,91.4,Normal
2026-07-02 22:54:27.471,Bologna,Košice,None,0,94.1,90,1304.9,12,0.0,0.0,-1.0,0.205,0.0,-0.127,1.99,10.95,6.41,91.4,Normal
2026-07-02 22:54:28.471,Bologna,Košice,None,0,94.5,90,1311.3,12,0.0,0.0,-1.0,0.078,0.142,-0.137,1.99,10.95,6.41,91.4,Normal
2026-07-02 22:54:29.492,Bologna,Košice,None,0,94.9,90,1317.0,12,0.0,0.0,0.0,-0.032,-0.143,-0.092,1.99,10.96,6.41,91.4,Normal
2026-07-02 22:54:30.472,Bologna,Košice,None,0,95.3,90,1321.6,12,0.0,0.0,0.0,-0.015,-0.03,-0.107,1.99,10.96,6.41,91.4,Speeding
2026-07-02 22:54:31.472,Bologna,Košice,None,0,94.7,90,1311.9,12,0.0,0.0,0.0,0.005,0.083,0.452,1.99,10.96,6.41,91.4,Normal
2026-07-02 22:54:32.493,Bologna,Košice,None,0,92.6,90,1282.2,12,0.0,0.1,-1.0,0.144,0.121,0.635,1.99,10.96,6.41,91.4,Normal
2026-07-02 22:54:33.491,Bologna,Košice,None,0,87.8,90,1214.9,12,0.0,0.0,-1.0,-0.084,-0.351,1.091,1.99,10.96,6.41,91.4,Normal
2026-07-02 22:54:34.473,Bologna,Košice,None,0,85.4,90,1183.1,12,0.0,0.0,-1.0,0.006,-0.002,0.525,1.99,10.96,6.41,91.4,Normal
2026-07-02 22:54:35.474,Bologna,Košice,None,0,84.5,90,1172.2,12,0.0,0.0,-1.0,-0.005,-0.072,-0.012,1.99,10.97,6.41,91.4,Normal
2026-07-02 22:54:36.487,Bologna,Košice,None,0,84.7,90,1174.8,12,0.25,0.0,0.0,-0.088,-0.022,-0.023,1.99,10.97,6.41,91.4,Normal
2026-07-02 22:54:37.475,Bologna,Košice,None,0,85.4,90,1187.5,12,0.52,0.0,-1.0,-0.014,-0.06,-0.301,1.99,10.97,6.41,91.3,Normal
2026-07-02 22:54:38.493,Bologna,Košice,None,0,86.0,90,1193.4,12,0.0,0.0,-1.0,-0.013,0.199,0.006,1.99,10.97,6.41,91.3,Normal
2026-07-02 22:54:39.492,Bologna,Košice,None,0,86.2,90,1200.1,12,0.0,0.0,-1.0,0.068,-0.156,-0.247,1.99,10.97,6.41,91.3,Normal
2026-07-02 22:54:40.476,Bologna,Košice,None,0,86.7,90,1202.3,12,0.0,0.0,0.0,-0.059,0.096,0.021,1.99,10.98,6.42,91.3,Normal
2026-07-02 22:54:41.477,Bologna,Košice,None,0,85.4,90,1183.2,12,0.0,0.0,-1.0,0.041,0.072,0.58,1.99,10.98,6.42,91.3,Normal
2026-07-02 22:54:42.477,Bologna,Košice,None,0,83.1,90,1150.9,12,0.0,0.0,0.0,-0.096,-0.014,0.684,1.99,10.98,6.42,91.3,Normal
2026-07-02 22:54:43.496,Bologna,Košice,None,0,80.5,90,1115.1,12,0.0,0.0,0.0,-0.007,0.009,0.744,1.99,10.98,6.42,91.3,Normal
2026-07-02 22:54:44.501,Bologna,Košice,None,0,77.7,90,1076.5,12,0.0,0.0,-1.0,0.089,0.036,0.752,2.0,10.98,6.42,91.3,Normal
2026-07-02 22:54:45.494,Bologna,Košice,None,0,75.4,90,1045.4,12,0.0,0.0,0.0,-0.058,-0.063,0.54,2.0,10.98,6.42,91.3,Normal
2026-07-02 22:54:46.478,Bologna,Košice,None,0,73.6,90,1020.0,12,0.0,0.0,-1.0,0.018,-0.059,0.527,2.0,10.98,6.42,91.3,Normal
2026-07-02 22:54:47.478,Bologna,Košice,None,0,71.7,90,993.5,12,0.0,0.0,-1.0,0.07,0.042,0.553,2.0,10.99,6.42,91.3,Normal
2026-07-02 22:54:48.491,Bologna,Košice,None,0,69.7,90,1238.2,12,0.0,0.0,-1.0,0.013,-0.013,0.54,2.0,10.99,6.42,91.3,Normal
2026-07-02 22:54:49.501,Bologna,Košice,None,0,67.8,90,1211.9,11,0.0,0.0,-1.0,-0.005,0.019,0.561,2.0,10.99,6.42,91.3,Normal
2026-07-02 22:54:50.480,Bologna,Košice,None,0,65.7,90,1174.7,11,0.0,0.0,0.0,-0.073,0.085,0.578,2.0,10.99,6.42,91.3,Normal
2026-07-02 22:54:51.480,Bologna,Košice,None,0,63.7,90,1138.8,11,0.0,0.0,-1.0,0.037,0.045,0.566,2.0,10.99,6.42,91.3,Normal
2026-07-02 22:54:52.490,Bologna,Košice,None,0,61.6,90,1102.1,11,0.0,0.0,0.0,-0.029,-0.089,0.569,2.0,10.99,6.42,91.3,Normal
2026-07-02 22:54:53.500,Bologna,Košice,None,0,59.7,90,1067.0,11,0.0,0.0,-1.0,-0.006,0.005,0.528,2.0,10.99,6.42,91.3,Normal
2026-07-02 22:54:54.493,Bologna,Košice,None,0,57.8,90,1033.2,11,0.0,0.0,0.0,-0.041,-0.003,0.527,2.0,10.99,6.42,91.3,Normal
2026-07-02 22:54:55.482,Bologna,Košice,None,0,56.0,90,1001.0,11,0.0,0.0,-1.0,0.09,-0.111,0.501,2.0,10.99,6.42,91.3,Normal
2026-07-02 22:54:56.481,Bologna,Košice,None,0,54.3,90,969.9,11,0.0,0.0,0.0,-0.061,-0.05,0.479,2.0,11.0,6.42,91.3,Normal
2026-07-02 22:54:57.482,Bologna,Košice,None,0,52.8,90,1169.8,10,0.47,0.0,0.0,-0.023,0.012,0.385,2.0,11.0,6.42,91.3,Normal
2026-07-02 22:54:58.494,Bologna,Košice,None,0,52.0,90,1155.6,10,0.59,0.0,0.0,-0.056,0.027,0.087,2.0,11.0,6.42,91.3,Normal
2026-07-02 22:54:59.482,Bologna,Košice,None,0,52.3,90,1161.1,10,0.37,0.0,-1.0,0.02,0.026,-0.076,2.0,11.0,6.42,91.3,Normal
2026-07-02 22:55:00.495,Bologna,Košice,None,0,52.4,90,1164.3,10,0.4,0.0,-1.0,-0.009,0.01,-0.047,2.0,11.0,6.42,91.2,Normal
2026-07-02 22:55:01.483,Bologna,Košice,None,0,52.7,90,1170.7,10,0.46,0.0,-1.0,-0.015,0.003,-0.101,2.0,11.0,6.42,91.2,Normal
2026-07-02 22:55:02.484,Bologna,Košice,None,0,53.2,90,1183.2,10,0.49,0.0,-1.0,0.048,-0.007,-0.19,2.0,11.0,6.42,91.2,Normal
2026-07-02 22:55:03.503,Bologna,Košice,None,0,54.2,90,1206.3,10,0.62,0.0,-1.0,-0.014,-0.019,-0.328,2.0,11.01,6.42,91.2,Normal
2026-07-02 22:55:04.498,Bologna,Košice,None,0,55.6,90,1237.1,10,0.6,0.0,-1.0,0.056,0.002,-0.412,2.0,11.01,6.42,91.2,Normal
2026-07-02 22:55:05.505,Bologna,Košice,None,0,57.2,90,1273.0,10,0.63,0.0,-1.0,0.028,0.005,-0.454,2.0,11.01,6.42,91.2,Normal
2026-07-02 22:55:06.501,Bologna,Košice,None,0,58.8,90,1309.1,10,0.63,0.0,-1.0,-0.021,0.035,-0.464,2.0,11.01,6.42,91.1,Normal
2026-07-02 22:55:07.505,Bologna,Košice,None,0,60.5,90,1346.3,10,0.67,0.0,1.0,-0.172,-0.009,-0.476,2.0,11.01,6.42,91.1,Normal
2026-07-02 22:55:08.485,Bologna,Košice,None,0,62.1,90,1382.7,10,0.65,0.0,-1.0,0.123,0.009,-0.468,2.0,11.01,6.42,91.1,Normal
2026-07-02 22:55:09.510,Bologna,Košice,None,0,62.4,90,1117.9,11,0.59,0.0,-1.0,0.073,0.018,0.055,2.0,11.01,6.42,91.1,Normal
2026-07-02 22:55:10.505,Bologna,Košice,None,0,63.0,90,1131.0,11,0.59,0.0,0.0,-0.1,-0.042,-0.321,2.0,11.01,6.42,91.1,Normal
2026-07-02 22:55:11.497,Bologna,Košice,None,0,64.4,90,1156.0,11,0.6,0.0,0.0,-0.043,-0.038,-0.418,2.0,11.01,6.42,91.0,Normal
2026-07-02 22:55:12.487,Bologna,Košice,None,0,65.9,90,1183.5,11,0.59,0.0,0.0,-0.024,0.012,-0.433,2.0,11.01,6.42,91.0,Normal
2026-07-02 22:55:13.509,Bologna,Košice,None,0,67.4,90,1211.1,11,0.59,0.0,-1.0,0.0,-0.048,-0.417,2.0,11.02,6.42,91.0,Normal
2026-07-02 22:55:14.487,Bologna,Košice,None,0,68.9,90,1236.7,11,0.58,0.0,-1.0,0.103,-0.022,-0.399,2.0,11.02,6.42,91.0,Normal
2026-07-02 22:55:15.511,Bologna,Košice,None,0,70.3,90,1262.4,11,0.58,0.0,0.0,-0.095,-0.027,-0.38,2.0,11.02,6.42,91.0,Normal
2026-07-02 22:55:16.489,Bologna,Košice,None,0,71.6,90,1285.6,11,0.63,0.0,0.0,-0.011,-0.059,-0.365,2.0,11.02,6.42,90.9,Normal
2026-07-02 22:55:17.513,Bologna,Košice,None,0,72.8,90,1306.5,11,0.63,0.0,0.0,0.015,-0.022,-0.313,2.0,11.02,6.42,90.9,Normal
2026-07-02 22:55:18.511,Bologna,Košice,None,0,73.8,90,1323.9,11,0.59,0.0,-1.0,0.015,0.021,-0.238,2.0,11.02,6.42,90.9,Normal
2026-07-02 22:55:19.507,Bologna,Košice,None,0,74.6,90,1338.1,11,0.63,0.0,1.0,-0.018,-0.038,-0.2,2.0,11.02,6.42,90.9,Normal
2026-07-02 22:55:20.490,Bologna,Košice,None,0,75.2,90,1349.1,11,0.62,0.0,0.0,0.014,-0.005,-0.158,2.0,11.02,6.42,90.9,Normal
2026-07-02 22:55:21.491,Bologna,Košice,None,0,75.7,90,1359.4,11,1.0,0.0,1.0,0.017,0.004,-0.177,2.0,11.03,6.42,90.8,Normal
2026-07-02 22:55:22.491,Bologna,Košice,None,0,76.5,90,1374.1,11,0.92,0.0,0.0,0.032,0.033,-0.214,2.0,11.03,6.42,90.8,Normal
2026-07-02 22:55:23.492,Bologna,Košice,None,0,77.3,90,1387.9,11,0.92,0.0,1.0,-0.008,-0.011,-0.211,2.0,11.03,6.42,90.8,Normal
2026-07-02 22:55:24.491,Bologna,Košice,None,0,77.9,90,1399.6,11,0.87,0.0,1.0,-0.021,-0.008,-0.185,2.0,11.03,6.42,90.7,Normal
2026-07-02 22:55:25.492,Bologna,Košice,None,0,78.6,90,1410.4,11,0.88,0.0,1.0,-0.006,0.003,-0.178,2.0,11.03,6.42,90.7,Normal
2026-07-02 22:55:26.492,Bologna,Košice,None,0,79.2,90,1422.3,11,0.86,0.0,1.0,-0.037,-0.031,-0.213,2.0,11.04,6.42,90.7,Normal
2026-07-02 22:55:27.492,Bologna,Košice,None,0,80.0,90,1435.7,11,0.85,0.0,1.0,-0.01,0.098,-0.195,2.0,11.04,6.42,90.6,Normal
2026-07-02 22:55:28.492,Bologna,Košice,None,0,80.8,90,1450.2,11,0.84,0.0,1.0,0.011,-0.047,-0.25,2.0,11.04,6.42,90.6,Normal
2026-07-02 22:55:29.493,Bologna,Košice,None,0,81.1,90,1273.3,11,0.83,0.0,1.0,-0.0,0.015,0.117,2.0,11.04,6.42,90.6,Normal
2026-07-02 22:55:30.512,Bologna,Košice,None,0,80.7,90,1123.7,12,0.82,0.0,1.0,-0.043,-0.067,-0.073,2.0,11.04,6.42,90.6,Normal
2026-07-02 22:55:31.507,Bologna,Košice,None,0,81.5,90,1135.5,12,0.82,0.0,1.0,0.016,-0.009,-0.285,2.0,11.04,6.42,90.6,Normal
2026-07-02 22:55:32.505,Bologna,Košice,None,0,82.5,90,1148.9,12,0.81,0.0,1.0,-0.008,0.023,-0.28,2.0,11.04,6.42,90.5,Normal
2026-07-02 22:55:33.514,Bologna,Košice,None,0,83.6,90,1162.1,12,0.75,0.0,0.0,0.081,0.063,-0.241,2.0,11.05,6.42,90.5,Normal
2026-07-02 22:55:34.494,Bologna,Košice,None,0,84.5,90,1176.0,12,0.78,0.0,1.0,-0.084,0.113,-0.287,2.0,11.05,6.42,90.5,Normal
2026-07-02 22:55:35.506,Bologna,Košice,None,0,85.5,90,1190.0,12,0.79,0.0,1.0,-0.04,0.053,-0.276,2.0,11.05,6.42,90.5,Normal
2026-07-02 22:55:36.496,Bologna,Košice,None,0,86.4,90,1203.2,12,0.8,0.0,1.0,-0.009,0.047,-0.273,2.0,11.05,6.42,90.4,Normal
2026-07-02 22:55:37.496,Bologna,Košice,None,0,87.5,90,1217.2,12,0.79,0.0,1.0,-0.033,-0.056,-0.284,2.0,11.05,6.42,90.4,Normal
2026-07-02 22:55:38.512,Bologna,Košice,None,0,88.4,90,1231.2,12,0.8,0.0,1.0,0.004,0.031,-0.279,2.0,11.05,6.42,90.4,Normal
2026-07-02 22:55:39.497,Bologna,Košice,None,0,89.4,90,1244.4,12,0.79,0.0,1.0,-0.027,-0.078,-0.283,2.0,11.06,6.42,90.4,Normal
2026-07-02 22:55:40.497,Bologna,Košice,None,0,90.4,90,1257.9,12,0.79,0.0,1.0,-0.029,-0.027,-0.272,2.0,11.06,6.42,90.3,Normal
2026-07-02 22:55:41.520,Bologna,Košice,None,0,91.4,90,1272.3,12,0.82,0.0,1.0,-0.024,0.064,-0.285,2.0,11.06,6.42,90.3,Normal
2026-07-02 22:55:42.498,Bologna,Košice,None,0,92.4,90,1286.5,12,0.83,0.0,1.0,0.026,-0.01,-0.307,2.0,11.06,6.42,90.3,Normal
2026-07-02 22:55:43.498,Bologna,Košice,None,0,92.1,90,1276.9,12,0.0,0.0,1.0,-0.031,0.108,0.398,2.0,11.06,6.42,90.3,Normal
2026-07-02 22:55:44.518,Bologna,Košice,None,0,90.3,90,1251.1,12,0.0,0.0,1.0,0.091,0.109,0.547,2.0,11.07,6.42,90.3,Normal
2026-07-02 22:55:45.498,Bologna,Košice,None,0,88.2,90,1222.8,12,0.0,0.0,1.0,-0.025,-0.236,0.514,2.0,11.07,6.42,90.3,Normal
2026-07-02 22:55:46.520,Bologna,Košice,None,0,86.3,90,1195.4,12,0.0,0.0,1.0,-0.008,0.051,0.522,2.0,11.07,6.42,90.3,Normal
2026-07-02 22:55:47.517,Bologna,Košice,None,0,84.5,90,1171.4,12,0.0,0.0,0.0,0.079,0.027,0.473,2.0,11.07,6.42,90.3,Normal
2026-07-02 22:55:48.499,Bologna,Košice,None,0,82.9,90,1149.2,12,0.0,0.0,-1.0,0.12,-0.064,0.473,2.01,11.07,6.42,90.3,Normal
2026-07-02 22:55:49.499,Bologna,Košice,None,0,82.1,90,1138.2,12,0.0,0.0,0.0,-0.012,-0.053,0.112,2.01,11.07,6.42,90.3,Normal
2026-07-02 22:55:50.525,Bologna,Košice,None,0,81.8,90,1134.9,12,0.0,0.0,0.0,-0.05,0.15,0.032,2.01,11.08,6.42,90.3,Normal
2026-07-02 22:55:51.519,Bologna,Košice,None,0,81.7,90,1133.1,12,0.0,0.0,1.0,-0.01,-0.033,0.015,2.01,11.08,6.42,90.3,Normal
2026-07-02 22:55:52.514,Bologna,Košice,None,0,81.7,90,1132.8,12,0.0,0.0,-1.0,0.063,0.04,-0.014,2.01,11.08,6.42,90.3,Normal
2026-07-02 22:55:53.501,Bologna,Košice,None,0,81.7,90,1133.7,12,0.0,0.0,-1.0,0.025,-0.077,-0.02,2.01,11.08,6.42,90.3,Normal
2026-07-02 22:55:54.512,Bologna,Košice,None,0,81.9,90,1135.9,12,0.0,0.0,-1.0,0.344,0.072,-0.057,2.01,11.08,6.42,90.3,Normal
2026-07-02 22:55:55.502,Bologna,Košice,None,0,82.2,90,1139.6,12,0.0,0.0,-1.0,-0.101,-0.054,-0.093,2.01,11.08,6.42,90.3,Normal
2026-07-02 22:55:56.502,Bologna,Košice,None,0,82.6,90,1145.2,12,0.0,0.0,-1.0,-0.13,-0.127,-0.12,2.01,11.08,6.42,90.3,Normal
2026-07-02 22:55:57.502,Bologna,Košice,None,0,83.1,90,1152.8,12,0.0,0.0,-1.0,0.037,-0.051,-0.16,2.01,11.08,6.42,90.3,Normal
2026-07-02 22:55:58.520,Bologna,Košice,None,0,83.7,90,1161.4,12,0.0,0.0,-1.0,0.07,-0.043,-0.169,2.01,11.09,6.42,90.3,Normal
2026-07-02 22:55:59.503,Bologna,Košice,None,0,84.3,90,1169.7,12,0.0,0.0,-1.0,-0.015,-0.014,-0.184,2.01,11.09,6.42,90.3,Normal
2026-07-02 22:56:00.503,Bologna,Košice,None,0,84.9,90,1178.4,12,0.0,0.0,-1.0,-0.008,-0.057,-0.181,2.01,11.09,6.42,90.3,Normal
2026-07-02 22:56:01.504,Bologna,Košice,None,0,85.6,90,1187.6,12,0.0,0.0,-1.0,0.044,-0.009,-0.184,2.01,11.09,6.42,90.3,Normal
2026-07-02 22:56:02.505,Bologna,Košice,None,0,86.3,90,1196.8,12,0.0,0.0,-1.0,0.001,-0.09,-0.183,2.01,11.1,6.42,90.3,Normal
2026-07-02 22:56:03.505,Bologna,Košice,None,0,86.9,90,1205.7,12,0.0,0.0,-1.0,0.007,-0.019,-0.143,2.01,11.1,6.42,90.3,Normal
2026-07-02 22:56:04.525,Bologna,Košice,None,0,87.5,90,1214.3,12,0.0,0.0,-1.0,-0.071,-0.0,-0.172,2.01,11.1,6.42,90.3,Normal
2026-07-02 22:56:05.524,Bologna,Košice,None,0,88.1,90,1222.2,12,0.0,0.0,-1.0,-0.021,0.001,-0.149,2.01,11.1,6.42,90.3,Normal
2026-07-02 22:56:06.506,Bologna,Košice,None,0,88.6,90,1229.1,12,0.0,0.0,-1.0,-0.015,-0.017,-0.13,2.01,11.1,6.42,90.3,Normal
2026-07-02 22:56:07.532,Bologna,Košice,None,0,89.0,90,1234.8,12,0.0,0.0,-1.0,-0.028,0.014,-0.111,2.01,11.1,6.42,90.3,Normal
2026-07-02 22:56:08.507,Bologna,Košice,None,0,89.3,90,1239.5,12,0.0,0.0,-1.0,-0.002,-0.026,-0.078,2.01,11.1,6.42,90.3,Normal
2026-07-02 22:56:09.508,Bologna,Košice,None,0,89.6,90,1242.8,12,0.0,0.0,-1.0,0.031,0.053,-0.067,2.01,11.11,6.42,90.3,Normal
2026-07-02 22:56:10.527,Bologna,Košice,None,0,89.8,90,1245.9,12,0.0,0.0,-1.0,-0.034,0.034,-0.062,2.01,11.11,6.42,90.3,Normal
2026-07-02 22:56:11.508,Bologna,Košice,None,0,89.9,90,1247.6,12,0.0,0.0,-1.0,0.045,0.021,-0.038,2.01,11.11,6.42,90.3,Normal
2026-07-02 22:56:12.530,Bologna,Košice,None,0,90.1,90,1251.3,12,0.0,0.0,0.0,-0.053,-0.01,-0.038,2.01,11.11,6.42,90.3,Normal
2026-07-02 22:56:13.522,Bologna,Košice,None,0,90.7,90,1258.0,12,0.0,0.0,-1.0,0.011,0.039,-0.131,2.01,11.11,6.42,90.3,Normal
2026-07-02 22:56:14.532,Bologna,Košice,None,0,90.8,90,1259.2,12,0.0,0.0,-1.0,0.008,-0.008,-0.001,2.01,11.11,6.42,90.3,Normal
2026-07-02 22:56:15.527,Bologna,Košice,None,0,90.8,90,1258.8,12,0.0,0.0,0.0,-0.011,-0.013,0.022,2.01,11.12,6.42,90.3,Normal
2026-07-02 22:56:16.520,Bologna,Košice,None,0,90.6,90,1257.1,12,0.0,0.0,0.0,-0.011,0.027,0.032,2.01,11.12,6.42,90.3,Normal
2026-07-02 22:56:17.531,Bologna,Košice,None,0,90.4,90,1254.4,12,0.0,0.0,1.0,-0.033,0.001,0.066,2.01,11.12,6.42,90.3,Normal
2026-07-02 22:56:18.511,Bologna,Košice,None,0,90.2,90,1251.5,12,0.0,0.0,0.0,-0.006,0.017,0.066,2.01,11.12,6.42,90.3,Normal
2026-07-02 22:56:19.512,Bologna,Košice,None,0,90.1,90,1250.1,12,0.0,0.0,0.0,0.022,-0.001,0.034,2.01,11.12,6.42,90.3,Normal
2026-07-02 22:56:20.513,Bologna,Košice,None,0,90.0,90,1249.7,12,0.0,0.0,0.0,-0.064,0.094,-0.018,2.01,11.13,6.42,90.3,Normal
2026-07-02 22:56:21.513,Bologna,Košice,None,0,90.0,90,1249.4,12,0.0,0.0,1.0,-0.029,-0.019,0.016,2.01,11.13,6.42,90.3,Normal
2026-07-02 22:56:22.513,Bologna,Košice,None,0,90.0,90,1249.3,12,0.0,0.0,1.0,-0.058,-0.085,0.01,2.01,11.13,6.42,90.3,Normal
2026-07-02 22:56:23.513,Bologna,Košice,None,0,90.0,90,1249.2,12,0.0,0.0,1.0,-0.023,-0.12,0.016,2.01,11.13,6.42,90.2,Normal
2026-07-02 22:56:24.514,Bologna,Košice,None,0,90.0,90,1250.0,12,0.0,0.0,1.0,0.03,0.039,-0.017,2.01,11.13,6.42,90.2,Normal
2026-07-02 22:56:25.513,Bologna,Košice,None,0,90.1,90,1250.2,12,0.0,0.0,0.0,0.028,0.076,-0.006,2.01,11.13,6.42,90.2,Normal
2026-07-02 22:56:26.527,Bologna,Košice,None,0,90.1,90,1250.4,12,0.0,0.0,0.0,-0.012,0.105,-0.013,2.01,11.14,6.42,90.2,Normal
2026-07-02 22:56:27.533,Bologna,Košice,None,0,90.1,90,1250.4,12,0.0,0.0,0.0,0.017,0.109,-0.009,2.01,11.14,6.42,90.2,Normal
2026-07-02 22:56:28.515,Bologna,Košice,None,0,90.1,90,1250.1,12,0.0,0.0,1.0,-0.008,-0.043,0.003,2.01,11.14,6.42,90.2,Normal
2026-07-02 22:56:29.533,Bologna,Košice,None,0,90.1,90,1250.2,12,0.0,0.0,1.0,0.008,0.071,-0.005,2.01,11.14,6.42,90.2,Normal
2026-07-02 22:56:30.540,Bologna,Košice,None,0,90.1,90,1249.9,12,0.0,0.0,1.0,-0.02,0.043,0.008,2.01,11.14,6.42,90.2,Normal
2026-07-02 22:56:31.515,Bologna,Košice,None,0,90.1,90,1249.8,12,0.0,0.0,1.0,0.028,0.087,-0.002,2.01,11.14,6.42,90.2,Normal
2026-07-02 22:56:32.541,Bologna,Košice,None,0,90.1,90,1250.0,12,0.0,0.0,1.0,0.033,-0.042,0.001,2.01,11.14,6.42,90.2,Normal
2026-07-02 22:56:33.517,Bologna,Košice,None,0,90.1,90,1249.9,12,0.0,0.0,0.0,0.05,0.043,-0.007,2.01,11.15,6.42,90.2,Normal
2026-07-02 22:56:34.518,Bologna,Košice,None,0,90.1,90,1249.8,12,0.0,0.0,1.0,-0.029,-0.031,0.002,2.01,11.15,6.42,90.2,Normal
2026-07-02 22:56:35.536,Bologna,Košice,None,0,90.0,90,1249.5,12,0.0,0.0,1.0,0.003,-0.047,0.006,2.01,11.15,6.42,90.2,Normal
2026-07-02 22:56:36.518,Bologna,Košice,None,0,90.0,90,1249.5,12,0.0,0.0,1.0,-0.013,0.069,0.002,2.01,11.15,6.42,90.2,Normal
2026-07-02 22:56:37.538,Bologna,Košice,None,0,90.0,90,1249.3,12,0.0,0.0,1.0,-0.002,-0.106,0.018,2.01,11.16,6.42,90.2,Normal
2026-07-02 22:56:38.520,Bologna,Košice,None,0,90.0,90,1249.4,12,0.0,0.0,1.0,-0.022,-0.056,0.004,2.01,11.16,6.42,90.2,Normal
2026-07-02 22:56:39.519,Bologna,Košice,None,0,90.0,90,1249.6,12,0.0,0.0,1.0,0.054,-0.044,0.011,2.02,11.16,6.42,90.2,Normal
2026-07-02 22:56:40.520,Bologna,Košice,None,0,90.0,90,1249.2,12,0.0,0.0,1.0,-0.004,-0.004,0.001,2.02,11.16,6.42,90.1,Normal
2026-07-02 22:56:41.532,Bologna,Košice,None,0,90.0,90,1249.0,12,0.0,0.0,0.0,0.005,-0.143,0.02,2.02,11.16,6.42,90.1,Normal
2026-07-02 22:56:42.521,Bologna,Košice,None,0,90.0,90,1249.4,12,0.0,0.0,0.0,0.026,-0.047,0.011,2.02,11.16,6.42,90.1,Normal
2026-07-02 22:56:43.520,Bologna,Košice,None,0,90.0,90,1249.6,12,0.0,0.0,1.0,-0.038,0.065,0.002,2.02,11.17,6.42,90.1,Normal
2026-07-02 22:56:44.539,Bologna,Košice,None,0,90.0,90,1249.5,12,0.0,0.0,1.0,-0.022,0.026,-0.004,2.02,11.17,6.42,90.1,Normal
2026-07-02 22:56:45.521,Bologna,Košice,None,0,90.0,90,1249.5,12,0.0,0.0,1.0,0.037,-0.062,0.002,2.02,11.17,6.42,90.1,Normal
2026-07-02 22:56:46.521,Bologna,Košice,None,0,90.0,90,1249.5,12,0.0,0.0,1.0,-0.038,-0.028,-0.001,2.02,11.17,6.42,90.1,Normal
2026-07-02 22:56:47.540,Bologna,Košice,None,0,90.0,90,1249.4,12,0.0,0.0,1.0,-0.009,0.002,-0.001,2.02,11.17,6.42,90.1,Normal
2026-07-02 22:56:48.544,Bologna,Košice,None,0,90.0,90,1249.7,12,0.0,0.0,1.0,-0.031,0.029,-0.002,2.02,11.17,6.43,90.1,Normal
2026-07-02 22:56:49.522,Bologna,Košice,None,0,90.0,90,1249.7,12,0.0,0.0,0.0,0.061,0.083,-0.007,2.02,11.17,6.43,90.1,Normal
2026-07-02 22:56:50.522,Bologna,Košice,None,0,90.0,90,1249.8,12,0.0,0.0,1.0,0.001,0.084,-0.006,2.02,11.18,6.43,90.1,Normal
2026-07-02 22:56:51.536,Bologna,Košice,None,0,90.0,90,1250.0,12,0.0,0.0,1.0,-0.023,0.047,-0.006,2.02,11.18,6.43,90.1,Normal
2026-07-02 22:56:52.523,Bologna,Košice,None,0,90.0,90,1250.0,12,0.0,0.0,0.0,0.049,0.026,0.003,2.02,11.18,6.43,90.1,Normal
2026-07-02 22:56:53.535,Bologna,Košice,None,0,90.0,90,1250.2,12,0.0,0.0,-1.0,0.029,0.06,-0.009,2.02,11.18,6.43,90.0,Normal
2026-07-02 22:56:54.524,Bologna,Košice,None,0,90.0,90,1250.2,12,0.0,0.0,-1.0,0.028,0.005,0.006,2.02,11.19,6.43,90.0,Normal
2026-07-02 22:56:55.540,Bologna,Košice,None,0,90.0,90,1250.5,12,0.0,0.0,-1.0,-0.013,0.051,-0.007,2.02,11.19,6.43,90.0,Normal
2026-07-02 22:56:56.548,Bologna,Košice,None,0,90.0,90,1250.3,12,0.0,0.0,0.0,-0.006,0.06,-0.016,2.02,11.19,6.43,90.0,Normal
2026-07-02 22:56:57.550,Bologna,Košice,None,0,90.0,90,1250.3,12,0.0,0.0,0.0,0.011,-0.004,0.002,2.02,11.19,6.43,90.0,Normal
2026-07-02 22:56:58.538,Bologna,Košice,None,0,90.0,90,1250.1,12,0.0,0.0,-1.0,0.029,0.052,-0.001,2.02,11.19,6.43,90.0,Normal
2026-07-02 22:56:59.545,Bologna,Košice,None,0,90.0,90,1250.2,12,0.0,0.0,1.0,-0.066,0.045,0.007,2.02,11.19,6.43,90.0,Normal
2026-07-02 22:57:00.547,Bologna,Košice,None,0,90.0,90,1250.5,12,0.0,0.0,0.0,-0.002,0.01,-0.012,2.02,11.19,6.43,90.0,Normal
2026-07-02 22:57:01.547,Bologna,Košice,None,0,90.0,90,1250.4,12,0.0,0.0,0.0,0.0,0.073,-0.01,2.02,11.2,6.43,90.0,Normal
2026-07-02 22:57:02.547,Bologna,Košice,None,0,90.0,90,1250.3,12,0.0,0.0,0.0,0.005,0.008,0.006,2.02,11.2,6.43,90.0,Normal
2026-07-02 22:57:03.553,Bologna,Košice,None,0,90.0,90,1250.1,12,0.0,0.0,0.0,0.012,-0.004,0.009,2.02,11.2,6.43,90.0,Normal
2026-07-02 22:57:04.541,Bologna,Košice,None,0,90.0,90,1250.4,12,0.0,0.0,1.0,-0.014,0.091,-0.015,2.02,11.2,6.43,89.9,Normal
2026-07-02 22:57:05.529,Bologna,Košice,None,0,90.0,90,1250.3,12,0.0,0.0,-1.0,0.024,-0.07,-0.006,2.02,11.21,6.43,89.9,Normal
2026-07-02 22:57:06.539,Bologna,Košice,None,0,90.1,90,1250.8,12,0.0,0.0,0.0,-0.009,-0.154,-0.021,2.02,11.21,6.43,89.9,Normal
2026-07-02 22:57:07.550,Bologna,Košice,None,0,90.1,90,1250.8,12,0.0,0.0,0.0,0.005,0.051,-0.023,2.02,11.21,6.43,89.9,Normal
2026-07-02 22:57:08.554,Bologna,Košice,None,0,90.0,90,1250.0,12,0.0,0.0,-1.0,0.025,-0.002,-0.008,2.02,11.21,6.43,89.9,Normal
2026-07-02 22:57:09.529,Bologna,Košice,None,0,90.0,90,1250.2,12,0.0,0.0,0.0,0.023,-0.074,0.008,2.02,11.21,6.43,89.9,Normal
2026-07-02 22:57:10.529,Bologna,Košice,None,0,90.1,90,1250.5,12,0.0,0.0,-1.0,0.072,-0.047,-0.006,2.02,11.21,6.43,89.9,Normal
2026-07-02 22:57:11.531,Bologna,Košice,None,0,90.0,90,1250.1,12,0.0,0.0,0.0,-0.008,-0.074,0.013,2.02,11.21,6.43,89.9,Normal
2026-07-02 22:57:12.530,Bologna,Košice,None,0,90.0,90,1250.2,12,0.0,0.0,0.0,0.024,-0.034,0.007,2.02,11.22,6.43,89.9,Normal
2026-07-02 22:57:13.531,Bologna,Košice,None,0,90.0,90,1250.1,12,0.0,0.0,0.0,-0.016,0.031,-0.002,2.02,11.22,6.43,89.9,Normal
2026-07-02 22:57:14.532,Bologna,Košice,None,0,90.0,90,1250.1,12,0.0,0.0,-1.0,0.009,0.046,0.0,2.02,11.22,6.43,89.8,Normal
2026-07-02 22:57:15.532,Bologna,Košice,None,0,90.0,90,1250.3,12,0.0,0.0,0.0,-0.006,-0.007,0.001,2.02,11.22,6.43,89.8,Normal
2026-07-02 22:57:16.531,Bologna,Košice,None,0,90.0,90,1250.3,12,0.0,0.0,0.0,0.014,0.004,-0.0,2.02,11.22,6.43,89.8,Normal
2026-07-02 22:57:17.534,Bologna,Košice,None,0,90.0,90,1250.2,12,0.0,0.0,1.0,-0.075,0.01,-0.001,2.02,11.22,6.43,89.8,Normal
2026-07-02 22:57:18.533,Bologna,Košice,None,0,90.0,90,1250.5,12,0.0,0.0,1.0,-0.086,0.079,-0.014,2.02,11.23,6.43,89.8,Normal
2026-07-02 22:57:19.558,Bologna,Košice,None,0,90.0,90,1249.7,12,0.0,0.0,1.0,-0.078,0.066,0.033,2.02,11.23,6.43,89.8,Normal
2026-07-02 22:57:20.535,Bologna,Košice,None,0,89.8,90,1248.7,12,0.0,0.0,1.0,-0.014,0.104,0.026,2.02,11.23,6.43,89.8,Normal
2026-07-02 22:57:21.535,Bologna,Košice,None,0,89.9,90,1249.4,12,0.0,0.0,1.0,-0.068,-0.09,-0.004,2.02,11.23,6.43,89.8,Normal
2026-07-02 22:57:22.534,Bologna,Košice,None,0,89.9,90,1250.3,12,0.0,0.0,0.0,0.074,0.004,-0.022,2.02,11.24,6.43,89.7,Normal
2026-07-02 22:57:23.535,Bologna,Košice,None,0,90.0,90,1251.0,12,0.0,0.0,0.0,0.004,0.006,-0.006,2.02,11.24,6.43,89.7,Normal
2026-07-02 22:57:24.536,Bologna,Košice,None,0,90.0,90,1248.3,12,0.0,0.0,0.0,0.059,-0.024,0.059,2.02,11.24,6.43,89.7,Normal
2026-07-02 22:57:25.537,Bologna,Košice,None,0,89.1,90,1235.8,12,0.0,0.0,1.0,-0.064,-0.081,0.296,2.02,11.24,6.43,89.7,Normal
2026-07-02 22:57:26.536,Bologna,Košice,None,0,88.2,80,1222.3,12,0.0,0.0,0.0,0.043,0.005,0.288,2.02,11.24,6.43,89.7,Speeding
2026-07-02 22:57:27.536,Bologna,Košice,None,0,87.1,80,1208.4,12,0.0,0.0,-1.0,-0.001,0.015,0.245,2.02,11.24,6.43,89.7,Speeding
2026-07-02 22:57:28.536,Bologna,Košice,None,0,84.2,80,1166.4,12,0.0,0.0,0.0,0.019,-0.199,0.755,2.02,11.24,6.43,89.7,Normal
2026-07-02 22:57:29.537,Bologna,Košice,None,0,83.1,80,1152.7,12,0.0,0.0,-1.0,-0.03,0.045,0.171,2.02,11.25,6.43,89.7,Normal
2026-07-02 22:57:30.537,Bologna,Košice,None,0,82.7,80,1146.9,12,0.0,0.0,-1.0,0.037,-0.089,0.114,2.02,11.25,6.43,89.7,Normal
2026-07-02 22:57:31.537,Bologna,Košice,None,0,82.4,80,1143.4,12,0.0,0.0,-1.0,0.012,0.132,0.043,2.03,11.25,6.43,89.7,Normal
2026-07-02 22:57:32.559,Bologna,Košice,None,0,82.3,80,1141.0,12,0.0,0.0,-1.0,0.112,0.0,0.028,2.03,11.25,6.43,89.7,Normal
2026-07-02 22:57:33.554,Bologna,Košice,None,0,82.2,80,1140.9,12,0.0,0.0,0.0,-0.077,0.136,-0.018,2.03,11.25,6.43,89.7,Normal
2026-07-02 22:57:34.538,Bologna,Košice,None,0,82.3,80,1141.5,12,0.0,0.0,0.0,-0.035,0.128,-0.03,2.03,11.25,6.43,89.7,Normal
2026-07-02 22:57:35.538,Bologna,Košice,None,0,82.3,80,1142.0,12,0.0,0.0,-1.0,0.039,0.111,-0.026,2.03,11.25,6.43,89.7,Normal
2026-07-02 22:57:36.540,Bologna,Košice,None,0,82.3,80,1142.3,12,0.0,0.0,-1.0,0.054,0.092,0.004,2.03,11.26,6.43,89.7,Normal
2026-07-02 22:57:37.563,Bologna,Košice,None,0,82.1,80,1139.2,12,0.0,0.0,-1.0,0.078,0.027,0.076,2.03,11.26,6.43,89.7,Normal
2026-07-02 22:57:38.540,Bologna,Košice,None,0,81.8,80,1134.5,12,0.0,0.0,-1.0,-0.107,0.009,0.117,2.03,11.26,6.43,89.7,Normal
2026-07-02 22:57:39.564,Bologna,Košice,None,0,81.3,80,1127.2,12,0.0,0.0,-1.0,-0.02,-0.013,0.163,2.03,11.26,6.43,89.7,Normal
2026-07-02 22:57:40.541,Bologna,Košice,None,0,80.7,80,1118.4,12,0.0,0.0,-1.0,0.064,-0.003,0.2,2.03,11.26,6.43,89.7,Normal
2026-07-02 22:57:41.542,Bologna,Košice,None,0,79.9,80,1108.2,12,0.0,0.0,0.0,-0.148,-0.0,0.217,2.03,11.27,6.43,89.7,Normal
2026-07-02 22:57:42.543,Bologna,Košice,None,0,79.3,80,1102.5,12,0.0,0.0,-1.0,0.01,-0.087,0.078,2.03,11.27,6.43,89.7,Normal
2026-07-02 22:57:43.542,Bologna,Košice,None,0,79.5,80,1106.5,12,0.0,0.0,0.0,-0.091,0.018,-0.116,2.03,11.27,6.43,89.7,Normal
2026-07-02 22:57:44.542,Bologna,Košice,None,0,79.8,80,1109.2,12,0.0,0.0,0.0,-0.072,-0.0,-0.039,2.03,11.27,6.43,89.7,Normal
2026-07-02 22:57:45.543,Bologna,Košice,None,0,79.8,80,1109.2,12,0.0,0.0,-1.0,0.1,0.144,0.011,2.03,11.27,6.43,89.7,Normal
2026-07-02 22:57:46.568,Bologna,Košice,None,0,79.8,80,1109.6,12,0.0,0.0,-1.0,0.052,0.089,-0.024,2.03,11.27,6.43,89.7,Normal
2026-07-02 22:57:47.543,Bologna,Košice,None,0,79.9,80,1110.1,12,0.0,0.0,-1.0,-0.081,0.04,-0.019,2.03,11.27,6.43,89.6,Normal
2026-07-02 22:57:48.562,Bologna,Košice,None,0,79.9,80,1110.3,12,0.0,0.0,-1.0,-0.036,0.045,-0.005,2.03,11.28,6.43,89.6,Normal
2026-07-02 22:57:49.544,Bologna,Košice,None,0,79.9,80,1109.7,12,0.0,0.0,-1.0,0.018,-0.059,0.005,2.03,11.28,6.43,89.6,Normal
2026-07-02 22:57:50.544,Bologna,Košice,None,0,79.9,80,1109.4,12,0.0,0.0,-1.0,0.0,0.035,0.0,2.03,11.28,6.43,89.6,Normal
2026-07-02 22:57:51.570,Bologna,Košice,None,0,79.9,80,1108.9,12,0.0,0.0,-1.0,0.141,-0.077,0.022,2.03,11.28,6.43,89.6,Normal
2026-07-02 22:57:52.545,Bologna,Košice,None,0,79.9,80,1108.9,12,0.0,0.0,-1.0,0.019,0.065,0.0,2.03,11.28,6.43,89.6,Normal
2026-07-02 22:57:53.546,Bologna,Košice,None,0,79.8,80,1108.5,12,0.0,0.0,-1.0,-0.016,0.044,-0.0,2.03,11.28,6.43,89.6,Normal
2026-07-02 22:57:54.569,Bologna,Košice,None,0,79.8,80,1108.8,12,0.0,0.0,-1.0,0.065,-0.091,-0.006,2.03,11.28,6.43,89.6,Normal
2026-07-02 22:57:55.565,Bologna,Košice,None,0,79.8,80,1108.0,12,0.0,0.0,0.0,-0.127,0.025,0.019,2.03,11.29,6.43,89.6,Normal
2026-07-02 22:57:56.562,Bologna,Košice,None,0,79.8,80,1108.2,12,0.0,0.0,0.0,-0.045,0.026,-0.011,2.03,11.29,6.43,89.6,Normal
2026-07-02 22:57:57.547,Bologna,Košice,None,0,79.8,80,1108.5,12,0.0,0.0,0.0,-0.003,0.054,-0.013,2.03,11.29,6.43,89.6,Normal
2026-07-02 22:57:58.549,Bologna,Košice,None,0,79.8,80,1108.7,12,0.0,0.0,1.0,-0.07,0.093,-0.009,2.03,11.29,6.43,89.6,Normal
2026-07-02 22:57:59.549,Bologna,Košice,None,0,79.8,80,1108.5,12,0.0,0.0,1.0,0.006,0.071,-0.004,2.03,11.29,6.43,89.6,Normal
2026-07-02 22:58:00.570,Bologna,Košice,None,0,79.8,80,1108.6,12,0.0,0.0,-1.0,0.065,-0.044,0.003,2.03,11.3,6.43,89.6,Normal
2026-07-02 22:58:01.552,Bologna,Košice,None,0,79.8,80,1108.7,12,0.0,0.0,0.0,0.024,-0.06,-0.0,2.03,11.3,6.43,89.5,Normal
2026-07-02 22:58:02.550,Bologna,Košice,None,0,79.8,80,1108.4,12,0.0,0.0,1.0,-0.024,-0.049,0.011,2.03,11.3,6.43,89.5,Normal
2026-07-02 22:58:03.550,Bologna,Košice,None,0,79.8,80,1108.4,12,0.0,0.0,1.0,-0.014,0.041,-0.007,2.03,11.3,6.43,89.5,Normal
2026-07-02 22:58:04.550,Bologna,Košice,None,0,79.8,80,1108.6,12,0.0,0.0,1.0,-0.067,0.034,0.004,2.03,11.3,6.43,89.5,Normal
2026-07-02 22:58:05.551,Bologna,Košice,None,0,79.8,80,1108.5,12,0.0,0.0,1.0,0.012,-0.012,0.01,2.03,11.3,6.43,89.5,Normal
2026-07-02 22:58:06.551,Bologna,Košice,None,0,79.8,80,1108.5,12,0.0,0.0,1.0,-0.026,-0.028,0.009,2.03,11.3,6.43,89.5,Normal
2026-07-02 22:58:07.551,Bologna,Košice,None,0,79.8,80,1108.6,12,0.0,0.0,0.0,0.013,0.049,-0.001,2.03,11.3,6.43,89.5,Normal
2026-07-02 22:58:08.551,Bologna,Košice,None,0,79.8,80,1108.4,12,0.0,0.0,0.0,0.014,0.065,-0.008,2.03,11.31,6.43,89.5,Normal
2026-07-02 22:58:09.552,Bologna,Košice,None,0,79.8,80,1108.5,12,0.0,0.0,1.0,-0.067,0.004,-0.002,2.03,11.31,6.43,89.5,Normal
2026-07-02 22:58:10.571,Bologna,Košice,None,0,79.8,80,1108.7,12,0.0,0.0,-1.0,0.137,-0.02,-0.004,2.03,11.31,6.43,89.5,Normal
2026-07-02 22:58:11.567,Bologna,Košice,None,0,79.8,80,1108.7,12,0.0,0.0,1.0,-0.052,-0.012,0.001,2.03,11.31,6.43,89.5,Normal
2026-07-02 22:58:12.553,Bologna,Košice,None,0,79.8,80,1108.6,12,0.0,0.0,0.0,0.06,0.032,-0.006,2.03,11.31,6.43,89.5,Normal
2026-07-02 22:58:13.554,Bologna,Košice,None,0,79.8,80,1108.7,12,0.0,0.0,1.0,-0.126,0.025,0.008,2.03,11.31,6.43,89.5,Normal
2026-07-02 22:58:14.554,Bologna,Košice,None,0,79.8,80,1108.6,12,0.0,0.0,1.0,-0.034,-0.066,0.008,2.03,11.31,6.43,89.4,Normal
2026-07-02 22:58:15.572,Bologna,Košice,None,0,79.8,80,1108.7,12,0.0,0.0,0.0,0.094,0.021,-0.005,2.03,11.32,6.43,89.4,Normal
2026-07-02 22:58:16.554,Bologna,Košice,None,0,79.8,80,1108.6,12,0.0,0.0,1.0,0.015,0.006,-0.002,2.03,11.32,6.43,89.4,Normal
2026-07-02 22:58:17.555,Bologna,Košice,None,0,79.8,80,1108.6,12,0.0,0.0,1.0,-0.099,0.06,-0.007,2.03,11.32,6.43,89.4,Normal
2026-07-02 22:58:18.555,Bologna,Košice,None,0,79.8,80,1108.9,12,0.0,0.0,1.0,-0.06,0.01,-0.006,2.03,11.32,6.43,89.4,Normal
2026-07-02 22:58:19.556,Bologna,Košice,None,0,79.8,80,1108.6,12,0.0,0.0,0.0,0.077,-0.086,0.006,2.03,11.32,6.43,89.4,Normal
2026-07-02 22:58:20.570,Bologna,Košice,None,0,79.8,80,1108.6,12,0.0,0.0,0.0,0.038,-0.04,0.004,2.03,11.33,6.43,89.4,Normal
2026-07-02 22:58:21.557,Bologna,Košice,None,0,79.8,80,1108.6,12,0.0,0.0,0.0,0.02,0.088,-0.003,2.03,11.33,6.43,89.4,Normal
2026-07-02 22:58:22.557,Bologna,Košice,None,0,79.9,80,1108.7,12,0.0,0.0,1.0,-0.012,0.002,-0.003,2.03,11.33,6.43,89.4,Normal
2026-07-02 22:58:23.584,Bologna,Košice,None,0,79.8,80,1108.6,12,0.0,0.0,1.0,-0.04,-0.009,0.005,2.03,11.33,6.43,89.4,Normal
2026-07-02 22:58:24.580,Bologna,Košice,None,0,79.8,80,1108.6,12,0.0,0.0,1.0,-0.081,-0.056,-0.001,2.03,11.33,6.43,89.4,Normal
2026-07-02 22:58:25.558,Bologna,Košice,None,0,79.8,80,1108.7,12,0.0,0.0,1.0,0.038,0.023,-0.011,2.03,11.33,6.43,89.4,Normal
2026-07-02 22:58:26.558,Bologna,Košice,None,0,79.8,80,1108.7,12,0.0,0.0,0.0,0.031,0.026,-0.004,2.03,11.33,6.43,89.4,Normal
2026-07-02 22:58:27.578,Bologna,Košice,None,0,79.8,80,1108.6,12,0.0,0.0,0.0,0.014,-0.018,0.004,2.04,11.34,6.43,89.3,Normal
2026-07-02 22:58:28.584,Bologna,Košice,None,0,79.8,80,1108.8,12,0.0,0.0,0.0,0.006,-0.126,0.004,2.04,11.34,6.43,89.3,Normal
2026-07-02 22:58:29.560,Bologna,Košice,None,0,79.8,80,1108.6,12,0.0,0.0,0.0,0.02,-0.018,0.002,2.04,11.34,6.43,89.3,Normal
2026-07-02 22:58:30.560,Bologna,Košice,None,0,79.8,80,1108.7,12,0.0,0.0,0.0,-0.016,0.034,-0.005,2.04,11.34,6.43,89.3,Normal
2026-07-02 22:58:31.560,Bologna,Košice,None,0,79.8,80,1108.8,12,0.0,0.0,1.0,-0.007,-0.016,-0.007,2.04,11.34,6.43,89.3,Normal
2026-07-02 22:58:32.561,Bologna,Košice,None,0,79.8,80,1108.8,12,0.0,0.0,0.0,0.031,0.068,-0.009,2.04,11.34,6.43,89.3,Normal
2026-07-02 22:58:33.561,Bologna,Košice,None,0,79.5,80,1102.0,12,0.0,0.0,1.0,-0.008,0.073,0.281,2.04,11.34,6.43,89.3,Normal
2026-07-02 22:58:34.573,Bologna,Košice,None,0,77.9,80,1079.9,12,0.0,0.0,0.0,0.041,0.048,0.469,2.04,11.35,6.43,89.3,Normal
2026-07-02 22:58:35.584,Bologna,Košice,None,0,76.4,80,1059.7,12,0.0,0.0,0.0,0.006,-0.058,0.339,2.04,11.35,6.43,89.3,Normal
2026-07-02 22:58:36.563,Bologna,Košice,None,0,75.7,80,1050.3,12,0.08,0.0,1.0,-0.027,-0.004,0.177,2.04,11.35,6.43,89.3,Normal
2026-07-02 22:58:37.563,Bologna,Košice,None,0,75.4,80,1045.9,12,0.11,0.0,1.0,-0.123,-0.049,0.069,2.04,11.35,6.43,89.3,Normal
2026-07-02 22:58:38.563,Bologna,Košice,None,0,75.2,80,1042.3,12,0.0,0.0,1.0,-0.024,0.017,0.078,2.04,11.35,6.43,89.3,Normal
2026-07-02 22:58:39.564,Bologna,Košice,None,0,74.7,80,1035.7,12,0.0,0.0,1.0,-0.012,0.081,0.138,2.04,11.35,6.43,89.3,Normal
2026-07-02 22:58:40.564,Bologna,Košice,None,0,74.1,80,1027.9,12,0.0,0.0,1.0,-0.003,0.04,0.159,2.04,11.36,6.43,89.3,Normal
2026-07-02 22:58:41.564,Bologna,Košice,None,0,73.1,80,1012.0,12,0.0,0.0,1.0,-0.086,0.079,0.428,2.04,11.36,6.43,89.3,Normal
2026-07-02 22:58:42.564,Bologna,Košice,None,0,71.4,80,989.0,12,0.0,0.0,1.0,-0.083,0.091,0.455,2.04,11.36,6.43,89.3,Normal
2026-07-02 22:58:43.565,Bologna,Košice,None,0,69.9,80,1248.2,11,0.0,0.0,1.0,-0.151,-0.038,0.403,2.04,11.36,6.43,89.3,Normal
2026-07-02 22:58:44.593,Bologna,Košice,None,0,68.5,80,1224.8,11,0.0,0.0,1.0,0.139,0.079,0.369,2.04,11.36,6.43,89.3,Normal
2026-07-02 22:58:45.565,Bologna,Košice,None,0,68.2,80,1222.9,11,0.44,0.0,1.0,0.159,-0.195,-0.07,2.04,11.36,6.43,89.3,Normal
2026-07-02 22:58:46.567,Bologna,Košice,None,0,69.3,80,1244.7,11,0.61,0.0,1.0,0.058,-0.048,-0.436,2.04,11.36,6.43,89.3,Normal
2026-07-02 22:58:47.566,Bologna,Košice,None,0,71.2,80,1280.0,11,0.67,0.0,1.0,-0.017,-0.004,-0.598,2.04,11.36,6.43,89.2,Normal
2026-07-02 22:58:48.567,Bologna,Košice,None,0,73.4,80,1319.7,11,0.76,0.0,1.0,0.046,0.039,-0.655,2.04,11.37,6.43,89.2,Normal
2026-07-02 22:58:49.578,Bologna,Košice,None,0,75.9,80,1364.0,11,0.75,0.0,1.0,-0.019,-0.003,-0.709,2.04,11.37,6.43,89.2,Normal
2026-07-02 22:58:50.567,Bologna,Košice,None,0,78.2,80,1313.1,11,0.76,0.0,1.0,0.019,0.153,-0.516,2.04,11.37,6.43,89.2,Normal
2026-07-02 22:58:51.580,Bologna,Košice,None,0,79.8,80,1107.2,12,0.0,0.0,0.0,0.067,0.076,-0.465,2.04,11.37,6.43,89.2,Normal
2026-07-02 22:58:52.567,Bologna,Košice,None,0,81.4,80,1129.1,12,0.0,0.0,-1.0,0.116,0.058,-0.494,2.04,11.37,6.43,89.2,Normal
2026-07-02 22:58:53.587,Bologna,Košice,None,0,83.1,80,1153.4,12,0.0,0.0,-1.0,0.106,0.007,-0.483,2.04,11.37,6.44,89.2,Normal
2026-07-02 22:58:54.579,Bologna,Košice,None,0,84.5,80,1172.3,12,0.0,0.0,-1.0,0.085,0.115,-0.327,2.04,11.37,6.44,89.2,Normal
2026-07-02 22:58:55.594,Bologna,Košice,None,0,85.0,80,1177.9,12,0.0,0.0,-1.0,-0.002,0.057,0.065,2.04,11.38,6.44,89.2,Normal
2026-07-02 22:58:56.586,Bologna,Košice,None,0,83.8,80,1161.4,12,0.0,0.0,-1.0,0.001,-0.091,0.461,2.04,11.38,6.44,89.2,Normal
2026-07-02 22:58:57.570,Bologna,Košice,None,0,82.7,80,1148.1,12,0.22,0.0,-1.0,-0.006,-0.09,0.189,2.04,11.38,6.44,89.2,Normal
2026-07-02 22:58:58.588,Bologna,Košice,None,0,82.5,80,1145.3,12,0.2,0.0,-1.0,0.007,-0.005,0.029,2.04,11.38,6.44,89.2,Normal
2026-07-02 22:58:59.570,Bologna,Košice,None,0,82.5,80,1145.3,12,0.28,0.0,-1.0,-0.019,-0.06,0.0,2.04,11.38,6.44,89.2,Normal
2026-07-02 22:59:00.571,Bologna,Košice,None,0,82.6,80,1148.4,12,0.39,0.0,-1.0,0.0,-0.002,-0.072,2.04,11.39,6.44,89.1,Normal
2026-07-02 22:59:01.571,Bologna,Košice,None,0,83.0,80,1153.5,12,0.35,0.0,-1.0,-0.07,-0.008,-0.095,2.04,11.39,6.44,89.1,Normal
2026-07-02 22:59:02.571,Bologna,Košice,None,0,83.3,80,1157.5,12,0.35,0.0,-1.0,0.007,0.008,-0.065,2.04,11.39,6.44,89.1,Normal
2026-07-02 22:59:03.571,Bologna,Košice,None,0,83.6,80,1162.7,12,0.51,0.0,0.0,-0.068,-0.034,-0.117,2.04,11.39,6.44,89.1,Normal
2026-07-02 22:59:04.571,Bologna,Košice,None,0,83.6,80,1159.7,12,0.0,0.0,0.0,-0.024,-0.007,0.109,2.04,11.39,6.44,89.1,Normal
2026-07-02 22:59:05.573,Bologna,Košice,None,0,83.5,80,1159.6,12,0.0,0.0,0.0,-0.01,-0.012,-0.027,2.04,11.39,6.44,89.1,Normal
2026-07-02 22:59:06.572,Bologna,Košice,None,0,83.6,80,1161.8,12,0.0,0.0,1.0,-0.033,0.049,-0.037,2.04,11.39,6.44,89.1,Normal
2026-07-02 22:59:07.572,Bologna,Košice,None,0,83.7,80,1162.8,12,0.0,0.0,0.0,-0.012,-0.059,-0.018,2.04,11.4,6.44,89.1,Normal
2026-07-02 22:59:08.572,Bologna,Košice,None,0,83.8,80,1163.2,12,0.0,0.0,0.0,0.002,0.017,-0.011,2.04,11.4,6.44,89.1,Normal
2026-07-02 22:59:09.597,Bologna,Košice,None,0,83.8,80,1163.4,12,0.0,0.0,0.0,0.001,0.002,-0.003,2.04,11.4,6.44,89.1,Normal
2026-07-02 22:59:10.592,Bologna,Košice,None,0,83.8,80,1163.5,12,0.0,0.0,0.0,-0.033,0.023,-0.006,2.04,11.4,6.44,89.1,Normal
2026-07-02 22:59:11.573,Bologna,Košice,None,0,83.8,80,1163.1,12,0.0,0.0,0.0,0.032,0.036,-0.003,2.04,11.4,6.44,89.1,Normal
2026-07-02 22:59:12.573,Bologna,Košice,None,0,83.8,80,1162.9,12,0.0,0.0,0.0,-0.014,0.008,0.005,2.04,11.4,6.44,89.0,Normal
2026-07-02 22:59:13.574,Bologna,Košice,None,0,83.8,80,1162.7,12,0.0,0.0,1.0,-0.007,-0.024,0.01,2.04,11.4,6.44,89.0,Normal
2026-07-02 22:59:14.574,Bologna,Košice,None,0,83.7,80,1162.3,12,0.0,0.0,0.0,-0.041,-0.047,-0.014,2.04,11.41,6.44,89.0,Normal
2026-07-02 22:59:15.585,Bologna,Košice,None,0,83.8,80,1162.6,12,0.0,0.0,1.0,-0.103,-0.039,-0.008,2.04,11.41,6.44,89.0,Normal
2026-07-02 22:59:16.594,Bologna,Košice,None,0,83.7,80,1162.1,12,0.0,0.0,1.0,0.011,0.04,0.008,2.04,11.41,6.44,89.0,Normal
2026-07-02 22:59:17.589,Bologna,Košice,None,0,83.8,80,1162.5,12,0.0,0.0,0.0,0.003,-0.031,-0.0,2.04,11.41,6.44,89.0,Normal
2026-07-02 22:59:18.598,Bologna,Košice,None,0,83.8,80,1162.6,12,0.0,0.0,0.0,0.022,-0.091,-0.011,2.04,11.42,6.44,89.0,Normal
2026-07-02 22:59:19.576,Bologna,Košice,None,0,83.8,80,1162.5,12,0.0,0.0,0.0,0.023,0.017,-0.022,2.04,11.42,6.44,89.0,Normal
2026-07-02 22:59:20.577,Bologna,Košice,None,0,83.7,80,1161.9,12,0.0,0.0,0.0,-0.008,-0.117,0.022,2.04,11.42,6.44,89.0,Normal
2026-07-02 22:59:21.577,Bologna,Košice,None,0,83.7,80,1162.0,12,0.0,0.0,1.0,0.022,-0.054,0.002,2.04,11.42,6.44,89.0,Normal
2026-07-02 22:59:22.577,Bologna,Košice,None,0,83.7,80,1162.0,12,0.0,0.0,1.0,-0.06,-0.021,0.009,2.04,11.42,6.44,89.0,Normal
2026-07-02 22:59:23.597,Bologna,Košice,None,0,83.7,80,1161.8,12,0.0,0.0,1.0,-0.0,-0.01,-0.003,2.04,11.42,6.44,89.0,Normal
2026-07-02 22:59:24.577,Bologna,Košice,None,0,83.7,80,1161.5,12,0.0,0.0,1.0,0.012,-0.058,0.02,2.04,11.42,6.44,89.0,Normal
2026-07-02 22:59:25.599,Bologna,Košice,None,0,83.8,80,1163.4,12,0.0,0.0,1.0,0.034,0.009,-0.093,2.05,11.43,6.44,89.0,Normal
2026-07-02 22:59:26.593,Bologna,Košice,None,0,83.9,80,1163.3,12,0.0,0.0,0.0,0.05,-0.043,0.04,2.05,11.43,6.44,89.0,Normal
2026-07-02 22:59:27.579,Bologna,Košice,None,0,83.8,80,1162.3,12,0.0,0.0,1.0,0.013,-0.053,0.022,2.05,11.43,6.44,89.0,Normal
2026-07-02 22:59:28.579,Bologna,Košice,None,0,83.8,80,1162.4,12,0.0,0.0,1.0,-0.017,-0.014,-0.003,2.05,11.43,6.44,89.0,Normal
2026-07-02 22:59:29.602,Bologna,Košice,None,0,83.8,80,1162.4,12,0.0,0.0,0.0,0.027,-0.045,0.006,2.05,11.43,6.44,89.0,Normal
2026-07-02 22:59:30.579,Bologna,Košice,None,0,83.8,80,1162.2,12,0.0,0.0,1.0,0.023,0.018,-0.002,2.05,11.43,6.44,89.0,Normal
2026-07-02 22:59:31.580,Bologna,Košice,None,0,83.7,80,1162.0,12,0.0,0.0,1.0,-0.018,-0.132,0.027,2.05,11.43,6.44,89.0,Normal
2026-07-02 22:59:32.580,Bologna,Košice,None,0,83.7,80,1161.7,12,0.0,0.0,0.0,0.038,-0.02,0.02,2.05,11.44,6.44,89.0,Normal
2026-07-02 22:59:33.581,Bologna,Košice,None,0,83.7,80,1161.8,12,0.0,0.0,0.0,-0.033,-0.205,0.032,2.05,11.44,6.44,89.0,Normal
2026-07-02 22:59:34.596,Bologna,Košice,None,0,83.6,80,1161.1,12,0.0,0.0,0.0,-0.022,-0.032,-0.004,2.05,11.44,6.44,89.0,Normal
2026-07-02 22:59:35.583,Bologna,Košice,None,0,83.7,80,1162.1,12,0.0,0.0,0.0,-0.011,-0.083,-0.019,2.05,11.44,6.44,88.9,Normal
2026-07-02 22:59:36.595,Bologna,Košice,None,0,83.7,80,1162.6,12,0.0,0.0,0.0,-0.006,-0.106,-0.001,2.05,11.44,6.44,88.9,Normal
2026-07-02 22:59:37.583,Bologna,Košice,None,0,83.7,80,1162.9,12,0.0,0.0,0.0,-0.009,0.037,-0.008,2.05,11.45,6.44,88.9,Normal
2026-07-02 22:59:38.584,Bologna,Košice,None,0,83.7,80,1162.9,12,0.0,0.0,0.0,0.009,0.014,-0.001,2.05,11.45,6.44,88.9,Normal
2026-07-02 22:59:39.585,Bologna,Košice,None,0,83.7,80,1162.7,12,0.0,0.0,0.0,-0.215,-0.497,0.014,2.05,11.45,6.44,88.9,Normal
2026-07-02 22:59:40.584,Bologna,Košice,None,0,83.7,80,1162.5,12,0.0,0.0,0.0,0.01,0.13,0.089,2.05,11.45,6.44,88.9,Normal
2026-07-02 22:59:41.585,Bologna,Košice,None,0,83.6,80,1161.5,12,0.0,0.0,-1.0,0.014,-0.07,0.007,2.05,11.45,6.44,88.9,Normal
2026-07-02 22:59:42.585,Bologna,Košice,None,0,83.6,80,1162.4,12,0.0,0.0,0.0,-0.023,-0.012,-0.03,2.05,11.45,6.44,88.9,Normal
2026-07-02 22:59:43.586,Bologna,Košice,None,0,83.7,80,1163.5,12,0.0,0.0,1.0,-0.058,0.012,-0.032,2.05,11.45,6.44,88.9,Normal
2026-07-02 22:59:44.586,Bologna,Košice,None,0,83.7,80,1163.9,12,0.0,0.0,-1.0,-0.014,0.013,-0.003,2.05,11.46,6.44,88.8,Normal
2026-07-02 22:59:45.586,Bologna,Košice,None,0,83.7,80,1163.8,12,0.0,0.0,0.0,-0.021,-0.016,-0.002,2.05,11.46,6.44,88.8,Normal
2026-07-02 22:59:46.587,Bologna,Košice,None,0,83.7,80,1163.9,12,0.0,0.0,1.0,-0.009,-0.027,-0.003,2.05,11.46,6.44,88.8,Normal
2026-07-02 22:59:47.587,Bologna,Košice,None,0,83.9,80,1166.5,12,0.0,0.0,0.0,0.031,0.113,-0.14,2.05,11.46,6.44,88.8,Normal
2026-07-02 22:59:48.604,Bologna,Košice,None,0,83.9,80,1165.3,12,0.0,0.0,1.0,0.054,0.022,0.04,2.05,11.46,6.44,88.8,Normal
2026-07-02 22:59:49.587,Bologna,Košice,None,0,83.7,80,1163.2,12,0.0,0.0,1.0,-0.1,0.003,0.032,2.05,11.46,6.44,88.8,Normal
2026-07-02 22:59:50.602,Bologna,Košice,None,0,83.7,80,1163.1,12,0.0,0.0,1.0,0.01,-0.064,0.008,2.05,11.46,6.44,88.8,Normal
2026-07-02 22:59:51.606,Bologna,Košice,None,0,83.7,80,1163.2,12,0.0,0.0,0.0,0.048,-0.001,-0.005,2.05,11.47,6.44,88.8,Normal
2026-07-02 22:59:52.600,Bologna,Košice,None,0,83.7,80,1163.2,12,0.0,0.0,0.0,0.025,-0.036,0.001,2.05,11.47,6.44,88.7,Normal
2026-07-02 22:59:53.589,Bologna,Košice,None,0,83.7,80,1162.0,12,0.0,0.0,1.0,-0.059,0.014,-0.012,2.05,11.47,6.44,88.7,Normal
2026-07-02 22:59:54.590,Bologna,Košice,None,0,83.2,80,1153.0,12,0.0,0.0,1.0,-0.043,0.101,0.225,2.05,11.47,6.44,88.7,Normal
2026-07-02 22:59:55.590,Bologna,Košice,None,0,82.3,80,1141.2,12,0.0,0.0,0.0,0.031,0.052,0.228,2.05,11.47,6.44,88.7,Normal
2026-07-02 22:59:56.590,Bologna,Košice,None,0,81.5,80,1129.6,12,0.0,0.0,0.0,-0.012,0.027,0.228,2.05,11.48,6.44,88.7,Normal
2026-07-02 22:59:57.591,Bologna,Košice,None,0,80.6,80,1118.1,12,0.0,0.0,0.0,0.004,-0.005,0.237,2.05,11.48,6.44,88.7,Normal
2026-07-02 22:59:58.591,Bologna,Košice,None,0,79.9,80,1107.7,12,0.0,0.0,0.0,-0.025,0.051,0.212,2.05,11.48,6.44,88.7,Normal
2026-07-02 22:59:59.590,Bologna,Košice,None,0,79.3,80,1102.1,12,0.0,0.0,0.0,0.058,0.056,0.052,2.05,11.48,6.44,88.7,Normal
2026-07-02 23:00:00.593,Bologna,Košice,None,0,79.5,80,1105.1,12,0.0,0.0,-1.0,-0.008,0.092,-0.128,2.05,11.48,6.44,88.7,Normal
2026-07-02 23:00:01.592,Bologna,Košice,None,0,79.8,80,1108.5,12,0.0,0.0,-1.0,-0.002,0.047,-0.056,2.05,11.48,6.44,88.7,Normal
2026-07-02 23:00:02.605,Bologna,Košice,None,0,79.9,80,1108.5,12,0.0,0.0,-1.0,0.038,0.041,0.016,2.05,11.48,6.44,88.7,Normal
2026-07-02 23:00:03.592,Bologna,Košice,None,0,79.8,80,1107.6,12,0.0,0.0,0.0,-0.03,-0.042,0.024,2.05,11.49,6.44,88.7,Normal
2026-07-02 23:00:04.592,Bologna,Košice,None,0,79.7,80,1107.0,12,0.0,0.0,-1.0,0.022,0.008,0.013,2.05,11.49,6.44,88.7,Normal
2026-07-02 23:00:05.593,Bologna,Košice,None,0,79.7,80,1106.2,12,0.0,0.0,-1.0,-0.0,-0.024,0.028,2.05,11.49,6.44,88.7,Normal
2026-07-02 23:00:06.594,Bologna,Košice,None,0,79.6,80,1105.7,12,0.0,0.0,0.0,-0.009,-0.04,0.029,2.05,11.49,6.44,88.7,Normal
2026-07-02 23:00:07.594,Bologna,Košice,None,0,79.5,80,1105.0,12,0.0,0.0,-1.0,0.109,-0.002,0.022,2.05,11.49,6.44,88.7,Normal
2026-07-02 23:00:08.594,Bologna,Košice,None,0,79.5,80,1105.3,12,0.0,0.0,0.0,0.021,0.001,0.004,2.05,11.5,6.44,88.7,Normal
2026-07-02 23:00:09.611,Bologna,Košice,None,0,79.5,80,1106.3,12,0.0,0.0,0.0,-0.019,-0.002,-0.023,2.05,11.5,6.44,88.6,Normal
2026-07-02 23:00:10.594,Bologna,Košice,None,0,79.6,80,1107.1,12,0.0,0.0,0.0,-0.019,-0.026,-0.02,2.05,11.5,6.44,88.6,Normal
2026-07-02 23:00:11.595,Bologna,Košice,None,0,79.6,80,1107.9,12,0.0,0.0,0.0,0.003,0.004,-0.018,2.05,11.5,6.44,88.6,Normal
2026-07-02 23:00:12.595,Bologna,Košice,None,0,79.7,80,1109.1,12,0.0,0.0,1.0,-0.04,-0.029,-0.027,2.05,11.5,6.44,88.6,Normal
2026-07-02 23:00:13.595,Bologna,Košice,None,0,79.8,80,1110.3,12,0.0,0.0,0.0,0.044,0.003,-0.044,2.05,11.5,6.44,88.6,Normal
2026-07-02 23:00:14.596,Bologna,Košice,None,0,79.9,80,1110.0,12,0.0,0.0,0.0,0.023,0.108,0.016,2.05,11.5,6.44,88.5,Normal
2026-07-02 23:00:15.621,Bologna,Košice,None,0,79.8,80,1109.5,12,0.0,0.0,0.0,0.001,-0.013,0.016,2.05,11.51,6.44,88.5,Normal
2026-07-02 23:00:16.597,Bologna,Košice,None,0,79.8,80,1109.1,12,0.0,0.0,0.0,0.016,0.005,0.001,2.05,11.51,6.44,88.5,Normal
2026-07-02 23:00:17.597,Bologna,Košice,None,0,79.8,80,1109.2,12,0.0,0.0,0.0,0.03,0.082,-0.001,2.05,11.51,6.44,88.5,Normal
2026-07-02 23:00:18.597,Bologna,Košice,None,0,79.8,80,1109.2,12,0.0,0.0,0.0,0.012,-0.033,-0.006,2.05,11.51,6.44,88.5,Normal
2026-07-02 23:00:19.598,Bologna,Košice,None,0,79.8,80,1108.8,12,0.0,0.0,0.0,-0.001,0.039,0.003,2.05,11.51,6.44,88.5,Normal
2026-07-02 23:00:20.620,Bologna,Košice,None,0,79.8,80,1108.6,12,0.0,0.0,-1.0,0.005,-0.03,0.019,2.05,11.51,6.44,88.5,Normal
2026-07-02 23:00:21.599,Bologna,Košice,None,0,79.7,80,1108.0,12,0.0,0.0,0.0,-0.023,0.026,0.0,2.05,11.51,6.44,88.4,Normal
2026-07-02 23:00:22.599,Bologna,Košice,None,0,79.8,80,1108.3,12,0.0,0.0,-1.0,0.043,0.035,-0.013,2.06,11.52,6.44,88.4,Normal
2026-07-02 23:00:23.600,Bologna,Košice,None,0,79.8,80,1109.0,12,0.0,0.0,-1.0,-0.011,-0.024,-0.015,2.06,11.52,6.44,88.4,Normal
2026-07-02 23:00:24.600,Bologna,Košice,None,0,79.9,80,1109.4,12,0.0,0.0,-1.0,-0.058,-0.088,-0.01,2.06,11.52,6.44,88.4,Normal
2026-07-02 23:00:25.600,Bologna,Košice,None,0,79.9,80,1109.0,12,0.0,0.0,-1.0,0.04,-0.095,-0.013,2.06,11.52,6.44,88.4,Normal
2026-07-02 23:00:26.601,Bologna,Košice,None,0,80.1,80,1111.1,12,0.0,0.0,-1.0,0.032,-0.015,-0.077,2.06,11.52,6.44,88.4,Normal
2026-07-02 23:00:27.601,Bologna,Košice,None,0,80.7,80,1118.9,12,0.0,0.0,-1.0,-0.039,0.011,-0.184,2.06,11.53,6.44,88.4,Normal
2026-07-02 23:00:28.602,Bologna,Košice,None,0,81.4,80,1128.7,12,0.0,0.0,-1.0,-0.07,-0.067,-0.172,2.06,11.53,6.44,88.4,Normal
2026-07-02 23:00:29.602,Bologna,Košice,None,0,81.5,80,1131.1,12,0.0,0.0,-1.0,0.015,-0.011,0.066,2.06,11.53,6.44,88.4,Normal
2026-07-02 23:00:30.603,Bologna,Košice,None,0,81.0,80,1123.7,12,0.0,0.0,1.0,-0.066,0.061,0.117,2.06,11.53,6.44,88.4,Normal
2026-07-02 23:00:31.622,Bologna,Košice,None,0,81.0,80,1123.0,12,0.0,0.0,0.0,-0.011,-0.128,-0.011,2.06,11.53,6.44,88.4,Normal
2026-07-02 23:00:32.616,Bologna,Košice,None,0,81.0,80,1124.1,12,0.0,0.0,0.0,0.072,-0.008,-0.019,2.06,11.53,6.44,88.4,Normal
2026-07-02 23:00:33.604,Bologna,Košice,None,0,81.1,80,1124.7,12,0.0,0.0,-1.0,0.052,0.011,-0.01,2.06,11.53,6.44,88.4,Normal
2026-07-02 23:00:34.621,Bologna,Košice,None,0,81.1,80,1125.3,12,0.0,0.0,1.0,-0.035,-0.064,0.01,2.06,11.54,6.44,88.4,Normal
2026-07-02 23:00:35.603,Bologna,Košice,None,0,81.1,80,1124.6,12,0.0,0.0,1.0,-0.157,0.062,0.014,2.06,11.54,6.44,88.4,Normal
2026-07-02 23:00:36.604,Bologna,Košice,None,0,80.9,80,1122.5,12,0.0,0.0,0.0,0.067,0.002,0.054,2.06,11.54,6.44,88.4,Normal
2026-07-02 23:00:37.605,Bologna,Košice,None,0,80.7,80,1118.8,12,0.0,0.0,1.0,-0.012,-0.012,0.092,2.06,11.54,6.44,88.4,Normal
2026-07-02 23:00:38.626,Bologna,Košice,None,0,80.3,80,1113.7,12,0.0,0.0,1.0,0.053,-0.014,0.109,2.06,11.54,6.44,88.4,Normal
2026-07-02 23:00:39.607,Bologna,Košice,None,0,80.0,80,1110.2,12,0.0,0.0,0.0,-0.037,0.017,0.066,2.06,11.54,6.44,88.4,Normal
2026-07-02 23:00:40.606,Bologna,Košice,None,0,79.8,80,1108.4,12,0.0,0.0,0.0,0.03,0.028,0.026,2.06,11.54,6.44,88.4,Normal
2026-07-02 23:00:41.607,Bologna,Košice,None,0,79.7,80,1107.3,12,0.0,0.0,1.0,-0.066,-0.102,0.029,2.06,11.55,6.44,88.4,Normal
2026-07-02 23:00:42.606,Bologna,Košice,None,0,79.7,80,1107.4,12,0.0,0.0,0.0,0.043,-0.01,0.0,2.06,11.55,6.44,88.4,Normal
2026-07-02 23:00:43.607,Bologna,Košice,None,0,79.7,80,1107.5,12,0.0,0.0,0.0,0.035,-0.037,0.0,2.06,11.55,6.44,88.4,Normal
2026-07-02 23:00:44.607,Bologna,Košice,None,0,79.7,80,1107.5,12,0.0,0.0,1.0,-0.004,0.023,-0.005,2.06,11.55,6.44,88.4,Normal
2026-07-02 23:00:45.607,Bologna,Košice,None,0,79.8,80,1107.7,12,0.0,0.0,0.0,-0.02,0.043,-0.007,2.06,11.55,6.44,88.4,Normal
2026-07-02 23:00:46.607,Bologna,Košice,None,0,79.8,80,1107.7,12,0.0,0.0,-1.0,-0.015,0.094,-0.006,2.06,11.56,6.44,88.3,Normal
2026-07-02 23:00:47.608,Bologna,Košice,None,0,79.8,80,1107.4,12,0.0,0.0,0.0,-0.022,0.021,0.01,2.06,11.56,6.44,88.3,Normal
2026-07-02 23:00:48.609,Bologna,Košice,None,0,79.8,80,1107.4,12,0.0,0.0,0.0,-0.054,-0.032,0.002,2.06,11.56,6.44,88.3,Normal
2026-07-02 23:00:49.632,Bologna,Košice,None,0,79.7,80,1107.3,12,0.0,0.0,0.0,-0.01,-0.081,0.006,2.06,11.56,6.44,88.3,Normal
2026-07-02 23:00:50.609,Bologna,Košice,None,0,79.7,80,1107.1,12,0.0,0.0,0.0,-0.029,-0.077,0.004,2.06,11.56,6.44,88.3,Normal
2026-07-02 23:00:51.610,Bologna,Košice,None,0,79.7,80,1107.2,12,0.0,0.0,0.0,0.027,-0.058,0.009,2.06,11.56,6.44,88.3,Normal
2026-07-02 23:00:52.625,Bologna,Košice,None,0,79.7,80,1107.2,12,0.0,0.0,0.0,0.02,-0.017,0.003,2.06,11.56,6.44,88.3,Normal
2026-07-02 23:00:53.610,Bologna,Košice,None,0,79.7,80,1107.5,12,0.0,0.0,1.0,-0.086,0.023,-0.007,2.06,11.56,6.44,88.3,Normal
2026-07-02 23:00:54.612,Bologna,Košice,None,0,79.7,80,1107.3,12,0.0,0.0,-1.0,0.074,-0.003,0.003,2.06,11.56,6.44,88.3,Normal
2026-07-02 23:00:55.611,Bologna,Košice,None,0,79.7,80,1107.3,12,0.0,0.0,0.0,0.013,-0.007,-0.006,2.06,11.56,6.44,88.3,Normal
2026-07-02 23:00:56.611,Bologna,Košice,None,0,79.7,80,1107.3,12,0.0,0.0,0.0,0.031,0.052,-0.002,2.06,11.56,6.44,88.3,Normal
2026-07-02 23:00:57.612,Bologna,Košice,None,0,79.7,80,1107.1,12,0.0,0.0,-1.0,0.019,-0.084,0.01,2.06,11.56,6.44,88.3,Normal
2026-07-02 23:00:58.628,Bologna,Košice,None,0,79.7,80,1107.2,12,0.0,0.0,0.0,-0.003,-0.023,0.001,2.06,11.56,6.44,88.3,Normal
2026-07-02 23:00:59.633,Bologna,Košice,None,0,79.7,80,1107.3,12,0.0,0.0,1.0,-0.026,-0.055,0.001,2.06,11.56,6.44,88.3,Normal
2026-07-02 23:01:00.613,Bologna,Košice,None,0,79.7,80,1107.3,12,0.0,0.0,0.0,0.02,-0.014,-0.001,2.06,11.56,6.44,88.3,Normal
2026-07-02 23:01:01.633,Bologna,Košice,None,0,79.7,80,1107.2,12,0.0,0.0,1.0,0.015,-0.022,-0.003,2.06,11.56,6.44,88.3,Normal
2026-07-02 23:01:02.613,Bologna,Košice,None,0,79.7,80,1107.4,12,0.0,0.0,0.0,0.019,0.017,-0.008,2.06,11.57,6.44,88.3,Normal
2026-07-02 23:01:03.625,Bologna,Košice,None,0,79.7,80,1107.3,12,0.0,0.0,1.0,-0.027,0.049,-0.005,2.06,11.57,6.44,88.3,Normal
2026-07-02 23:01:04.625,Bologna,Košice,None,0,79.7,80,1107.1,12,0.0,0.0,0.0,-0.007,-0.074,0.021,2.06,11.57,6.44,88.3,Normal
2026-07-02 23:01:05.614,Bologna,Košice,None,0,79.7,80,1107.4,12,0.0,0.0,0.0,0.014,0.059,-0.01,2.06,11.57,6.44,88.3,Normal
2026-07-02 23:01:06.614,Bologna,Košice,None,0,79.7,80,1107.0,12,0.0,0.0,0.0,0.007,0.002,0.015,2.06,11.57,6.44,88.3,Normal
2026-07-02 23:01:07.615,Bologna,Košice,None,0,79.7,80,1107.1,12,0.0,0.0,0.0,-0.001,-0.113,0.025,2.06,11.57,6.44,88.3,Normal
2026-07-02 23:01:08.615,Bologna,Košice,None,0,79.7,80,1107.2,12,0.0,0.0,0.0,0.004,-0.06,0.014,2.06,11.57,6.44,88.3,Normal
2026-07-02 23:01:09.625,Bologna,Košice,None,0,79.7,80,1107.5,12,0.0,0.0,0.0,-0.008,-0.051,0.023,2.06,11.57,6.44,88.3,Normal
2026-07-02 23:01:10.615,Bologna,Košice,None,0,79.7,80,1107.3,12,0.0,0.0,1.0,-0.052,0.098,-0.003,2.06,11.57,6.44,88.3,Normal
2026-07-02 23:01:11.616,Bologna,Košice,None,0,79.7,80,1107.2,12,0.0,0.0,0.0,-0.003,-0.005,-0.002,2.06,11.57,6.44,88.3,Normal
2026-07-02 23:01:12.642,Bologna,Košice,None,0,79.7,80,1107.3,12,0.0,0.0,1.0,-0.014,0.022,-0.001,2.06,11.57,6.44,88.3,Normal
2026-07-02 23:01:13.616,Bologna,Košice,None,0,79.7,80,1107.4,12,0.0,0.0,-1.0,0.014,-0.065,-0.005,2.06,11.57,6.44,88.3,Normal
2026-07-02 23:01:14.617,Bologna,Košice,None,0,79.7,80,1107.4,12,0.0,0.0,0.0,-0.002,0.07,-0.005,2.06,11.57,6.44,88.3,Normal
2026-07-02 23:01:15.617,Bologna,Košice,None,0,79.7,80,1107.3,12,0.0,0.0,-1.0,0.049,0.087,-0.005,2.06,11.57,6.44,88.3,Normal
2026-07-02 23:01:16.618,Bologna,Košice,None,0,79.8,80,1107.7,12,0.0,0.0,0.0,-0.057,0.09,-0.057,2.06,11.57,6.44,88.3,Normal
2026-07-02 23:01:17.619,Bologna,Košice,None,0,80.0,80,1110.0,12,0.0,0.0,0.0,0.043,0.052,-0.057,2.06,11.57,6.44,88.3,Normal
2026-07-02 23:01:18.636,Bologna,Košice,None,0,80.3,80,1114.2,12,0.0,0.0,-1.0,-0.022,-0.042,-0.114,2.06,11.57,6.44,88.3,Normal
2026-07-02 23:01:19.629,Bologna,Košice,None,0,80.8,80,1120.5,12,0.0,0.0,-1.0,0.033,0.093,-0.144,2.06,11.57,6.45,88.3,Normal
2026-07-02 23:01:20.619,Bologna,Košice,None,0,81.2,80,1126.9,12,0.0,0.0,0.0,-0.045,0.259,-0.118,2.06,11.57,6.45,88.3,Normal
2026-07-02 23:01:21.636,Bologna,Košice,None,0,81.5,80,1130.9,12,0.0,0.0,0.0,-0.022,0.089,-0.063,2.06,11.58,6.45,88.3,Normal
2026-07-02 23:01:22.619,Bologna,Košice,None,0,81.5,80,1130.8,12,0.0,0.0,-1.0,0.035,0.02,0.016,2.06,11.58,6.45,88.3,Normal
2026-07-02 23:01:23.643,Bologna,Košice,None,0,81.4,80,1129.5,12,0.0,0.0,-1.0,-0.014,0.01,0.022,2.06,11.58,6.45,88.3,Normal
2026-07-02 23:01:24.639,Bologna,Košice,None,0,81.3,80,1128.1,12,0.0,0.0,-1.0,0.016,-0.067,0.039,2.06,11.58,6.45,88.3,Normal
2026-07-02 23:01:25.621,Bologna,Košice,None,0,81.2,80,1126.4,12,0.0,0.0,-1.0,0.003,-0.041,0.047,2.06,11.58,6.45,88.3,Normal
2026-07-02 23:01:26.621,Bologna,Košice,None,0,81.0,80,1123.9,12,0.0,0.0,-1.0,0.008,-0.01,0.057,2.06,11.59,6.45,88.3,Normal
2026-07-02 23:01:27.632,Bologna,Košice,None,0,80.8,80,1121.0,12,0.0,0.0,-1.0,0.003,0.001,0.075,2.06,11.59,6.45,88.3,Normal
2026-07-02 23:01:28.621,Bologna,Košice,None,0,80.5,80,1116.7,12,0.0,0.0,-1.0,-0.015,0.063,0.087,2.06,11.59,6.45,88.3,Normal
2026-07-02 23:01:29.622,Bologna,Košice,None,0,80.2,80,1112.5,12,0.0,0.0,0.0,-0.035,0.081,0.086,2.06,11.59,6.45,88.3,Normal
2026-07-02 23:01:30.622,Bologna,Košice,None,0,80.1,80,1113.2,12,0.0,0.0,-1.0,0.055,-0.072,-0.054,2.06,11.59,6.45,88.3,Normal
2026-07-02 23:01:31.622,Bologna,Košice,None,0,80.2,80,1113.9,12,0.0,0.0,0.0,-0.036,0.009,0.005,2.06,11.59,6.45,88.3,Normal
2026-07-02 23:01:32.637,Bologna,Košice,None,0,80.2,80,1113.9,12,0.0,0.0,-1.0,0.005,-0.0,-0.002,2.06,11.59,6.45,88.2,Normal
2026-07-02 23:01:33.623,Bologna,Košice,None,0,80.2,80,1113.9,12,0.0,0.0,-1.0,0.052,-0.057,0.011,2.06,11.6,6.45,88.2,Normal
2026-07-02 23:01:34.623,Bologna,Košice,None,0,80.2,80,1113.7,12,0.0,0.0,0.0,-0.024,-0.023,0.012,2.06,11.6,6.45,88.2,Normal
2026-07-02 23:01:35.647,Bologna,Košice,None,0,80.2,80,1113.8,12,0.0,0.0,-1.0,0.015,0.021,0.0,2.06,11.6,6.45,88.2,Normal
2026-07-02 23:01:36.643,Bologna,Košice,None,0,80.1,80,1113.3,12,0.0,0.0,0.0,-0.006,-0.005,0.022,2.06,11.6,6.45,88.2,Normal
2026-07-02 23:01:37.624,Bologna,Košice,None,0,80.1,80,1113.6,12,0.0,0.0,-1.0,0.087,-0.089,0.001,2.06,11.6,6.45,88.2,Normal
2026-07-02 23:01:38.625,Bologna,Košice,None,0,80.0,80,1113.2,12,0.0,0.0,-1.0,0.01,-0.066,0.02,2.07,11.6,6.45,88.2,Normal
2026-07-02 23:01:39.644,Bologna,Košice,None,0,80.0,80,1113.3,12,0.0,0.0,-1.0,-0.01,-0.117,0.009,2.07,11.6,6.45,88.2,Normal
2026-07-02 23:01:40.637,Bologna,Košice,None,0,79.9,80,1112.9,12,0.0,0.0,-1.0,-0.066,-0.012,0.028,2.07,11.61,6.45,88.1,Normal
2026-07-02 23:01:41.625,Bologna,Košice,None,0,79.8,80,1111.6,12,0.0,0.0,-1.0,0.027,-0.063,0.035,2.07,11.61,6.45,88.1,Normal
2026-07-02 23:01:42.626,Bologna,Košice,None,0,79.6,80,1108.2,12,0.0,0.0,-1.0,0.001,-0.066,0.078,2.07,11.61,6.45,88.1,Normal
2026-07-02 23:01:43.626,Bologna,Košice,None,0,79.2,80,1102.4,12,0.0,0.0,-1.0,0.006,-0.034,0.125,2.07,11.61,6.45,88.1,Normal
2026-07-02 23:01:44.645,Bologna,Košice,None,0,78.6,80,1094.1,12,0.0,0.0,1.0,-0.071,-0.061,0.164,2.07,11.61,6.45,88.0,Normal
2026-07-02 23:01:45.626,Bologna,Košice,None,0,77.9,80,1085.1,12,0.0,0.0,0.0,-0.014,0.06,0.198,2.07,11.62,6.45,88.0,Normal
2026-07-02 23:01:46.627,Bologna,Košice,None,0,77.3,80,1076.0,12,0.0,0.0,0.0,0.017,-0.024,0.196,2.07,11.62,6.45,88.0,Normal
2026-07-02 23:01:47.643,Bologna,Košice,None,0,76.6,80,1066.4,12,0.0,0.0,0.0,0.017,0.091,0.198,2.07,11.62,6.45,87.9,Normal
2026-07-02 23:01:48.640,Bologna,Košice,None,0,76.0,80,1057.9,12,0.0,0.0,-1.0,0.022,0.031,0.157,2.07,11.62,6.45,87.9,Normal
2026-07-02 23:01:49.628,Bologna,Košice,None,0,75.2,80,1094.9,12,0.0,0.0,0.0,0.021,0.066,0.448,2.07,11.62,6.45,87.9,Normal
2026-07-02 23:01:50.629,Bologna,Košice,None,0,72.8,80,1306.4,11,0.0,0.0,0.0,-0.01,0.005,0.648,2.07,11.62,6.45,87.9,Normal
2026-07-02 23:01:51.643,Bologna,Košice,None,0,71.9,80,1291.6,11,0.0,0.0,1.0,-0.048,-0.002,0.128,2.07,11.62,6.45,87.9,Normal
2026-07-02 23:01:52.630,Bologna,Košice,None,0,71.5,80,1284.6,11,0.0,0.0,1.0,-0.056,0.047,0.116,2.07,11.62,6.45,87.8,Normal
2026-07-02 23:01:53.631,Bologna,Košice,None,0,71.2,80,1278.7,11,0.0,0.0,1.0,-0.065,0.042,0.088,2.07,11.63,6.45,87.8,Normal
2026-07-02 23:01:54.631,Bologna,Košice,None,0,70.9,80,1274.0,11,0.0,0.0,1.0,0.043,0.011,0.067,2.07,11.63,6.45,87.8,Normal
2026-07-02 23:01:55.631,Bologna,Košice,None,0,70.8,80,1272.5,11,0.0,0.0,1.0,0.052,-0.004,-0.011,2.07,11.63,6.45,87.7,Normal
2026-07-02 23:01:56.631,Bologna,Košice,None,0,70.9,80,1273.7,11,0.0,0.0,1.0,0.036,0.08,-0.033,2.07,11.63,6.45,87.7,Normal
2026-07-02 23:01:57.631,Bologna,Košice,None,0,71.2,80,1280.1,11,0.0,0.0,1.0,-0.026,-0.063,-0.13,2.07,11.63,6.45,87.7,Normal
2026-07-02 23:01:58.631,Bologna,Košice,None,0,71.8,80,1291.0,11,0.0,0.0,0.0,0.102,0.005,-0.202,2.07,11.63,6.45,87.7,Normal
2026-07-02 23:01:59.632,Bologna,Košice,None,0,72.7,80,1307.6,11,0.0,0.0,0.0,0.038,0.12,-0.286,2.07,11.63,6.45,87.6,Normal
2026-07-02 23:02:00.643,Bologna,Košice,None,0,73.9,80,1327.6,11,0.0,0.0,0.0,0.051,-0.029,-0.356,2.07,11.63,6.45,87.6,Normal
2026-07-02 23:02:01.632,Bologna,Košice,None,0,75.2,80,1351.6,11,0.0,0.0,0.0,0.026,0.029,-0.396,2.07,11.64,6.45,87.6,Normal
2026-07-02 23:02:02.632,Bologna,Košice,None,0,76.3,80,1226.6,11,0.0,0.0,0.0,0.018,0.073,-0.028,2.07,11.64,6.45,87.5,Normal
2026-07-02 23:02:03.632,Bologna,Košice,None,0,75.9,80,1057.2,12,0.0,0.0,1.0,-0.018,0.029,0.023,2.07,11.64,6.45,87.5,Normal
2026-07-02 23:02:04.633,Bologna,Košice,None,0,76.7,80,1069.1,12,0.0,0.0,1.0,-0.035,0.068,-0.297,2.07,11.64,6.45,87.5,Normal
2026-07-02 23:02:05.651,Bologna,Košice,None,0,77.9,80,1085.1,12,0.0,0.0,0.0,0.058,-0.057,-0.322,2.07,11.64,6.45,87.5,Normal
2026-07-02 23:02:06.646,Bologna,Košice,None,0,78.9,80,1098.3,12,0.0,0.0,0.0,0.031,0.045,-0.26,2.07,11.65,6.45,87.5,Normal
2026-07-02 23:02:07.634,Bologna,Košice,None,0,79.6,80,1108.3,12,0.0,0.0,0.0,0.025,-0.057,-0.163,2.07,11.65,6.45,87.4,Normal
2026-07-02 23:02:08.634,Bologna,Košice,None,0,79.9,80,1111.9,12,0.0,0.0,1.0,-0.037,-0.046,-0.068,2.07,11.65,6.45,87.4,Normal
2026-07-02 23:02:09.657,Bologna,Košice,None,0,80.2,80,1114.7,12,0.0,0.0,1.0,-0.034,-0.018,-0.062,2.07,11.65,6.45,87.4,Normal
2026-07-02 23:02:10.636,Bologna,Košice,None,0,80.3,80,1116.0,12,0.0,0.0,1.0,0.022,-0.024,-0.021,2.07,11.65,6.45,87.4,Normal
2026-07-02 23:02:11.635,Bologna,Košice,None,0,80.4,80,1116.1,12,0.0,0.0,0.0,0.038,-0.013,-0.003,2.07,11.65,6.45,87.4,Normal
2026-07-02 23:02:12.660,Bologna,Košice,None,0,80.4,80,1115.7,12,0.0,0.0,1.0,-0.049,-0.034,0.014,2.07,11.65,6.45,87.4,Normal
2026-07-02 23:02:13.656,Bologna,Košice,None,0,80.3,80,1115.3,12,0.0,0.0,0.0,0.053,0.062,0.001,2.07,11.66,6.45,87.4,Normal
2026-07-02 23:02:14.636,Bologna,Košice,None,0,80.3,80,1115.0,12,0.0,0.0,1.0,-0.005,-0.004,0.003,2.07,11.66,6.45,87.4,Normal
2026-07-02 23:02:15.636,Bologna,Košice,None,0,80.3,80,1114.5,12,0.0,0.0,1.0,-0.004,-0.049,0.016,2.07,11.66,6.45,87.4,Normal
2026-07-02 23:02:16.636,Bologna,Košice,None,0,80.3,80,1114.2,12,0.0,0.0,1.0,-0.021,-0.095,0.02,2.07,11.66,6.45,87.3,Normal
2026-07-02 23:02:17.637,Bologna,Košice,None,0,80.3,80,1113.8,12,0.0,0.0,1.0,0.013,0.031,0.001,2.07,11.66,6.45,87.3,Normal
2026-07-02 23:02:18.637,Bologna,Košice,None,0,80.3,80,1114.4,12,0.0,0.0,-1.0,0.106,0.046,-0.029,2.07,11.66,6.45,87.3,Normal
2026-07-02 23:02:19.637,Bologna,Košice,None,0,80.4,80,1114.7,12,0.0,0.0,1.0,-0.087,-0.001,-0.009,2.07,11.66,6.45,87.3,Normal
2026-07-02 23:02:20.637,Bologna,Košice,None,0,80.5,80,1116.4,12,0.0,0.0,0.0,0.053,0.031,-0.048,2.07,11.67,6.45,87.3,Normal
2026-07-02 23:02:21.638,Bologna,Košice,None,0,80.7,80,1119.2,12,0.0,0.0,1.0,-0.027,0.012,-0.075,2.07,11.67,6.45,87.3,Normal
2026-07-02 23:02:22.638,Bologna,Košice,None,0,80.9,80,1123.0,12,0.0,0.0,1.0,0.043,0.015,-0.075,2.07,11.67,6.45,87.3,Normal
2026-07-02 23:02:23.649,Bologna,Košice,None,0,81.2,80,1127.0,12,0.0,0.0,1.0,-0.107,0.017,-0.081,2.07,11.67,6.45,87.3,Normal
2026-07-02 23:02:24.639,Bologna,Košice,None,0,81.5,80,1131.0,12,0.0,0.0,1.0,0.071,-0.029,-0.075,2.07,11.67,6.45,87.3,Normal
2026-07-02 23:02:25.639,Bologna,Košice,None,0,81.8,80,1134.6,12,0.0,0.0,1.0,0.045,0.012,-0.067,2.07,11.68,6.45,87.3,Normal
2026-07-02 23:02:26.663,Bologna,Košice,None,0,82.0,80,1137.4,12,0.0,0.0,1.0,-0.062,-0.018,-0.031,2.07,11.68,6.45,87.3,Normal
2026-07-02 23:02:27.640,Bologna,Košice,None,0,82.1,80,1139.1,12,0.0,0.0,1.0,0.054,0.063,-0.048,2.07,11.68,6.45,87.3,Normal
2026-07-02 23:02:28.665,Bologna,Košice,None,0,82.2,80,1140.4,12,0.0,0.0,1.0,-0.059,-0.046,-0.028,2.07,11.68,6.45,87.3,Normal
2026-07-02 23:02:29.657,Bologna,Košice,None,0,82.3,80,1142.1,12,0.0,0.0,0.0,0.079,0.061,-0.033,2.07,11.68,6.45,87.3,Normal
2026-07-02 23:02:30.640,Bologna,Košice,None,0,82.5,80,1143.7,12,0.0,0.0,1.0,0.018,-0.049,-0.027,2.07,11.68,6.45,87.3,Normal
2026-07-02 23:02:31.641,Bologna,Košice,None,0,82.6,80,1145.4,12,0.0,0.0,1.0,-0.041,0.058,-0.034,2.07,11.68,6.45,87.3,Normal
2026-07-02 23:02:32.660,Bologna,Košice,None,0,82.7,80,1146.9,12,0.0,0.0,1.0,-0.027,0.034,-0.031,2.07,11.69,6.45,87.3,Normal
2026-07-02 23:02:33.642,Bologna,Košice,None,0,82.8,80,1148.4,12,0.0,0.0,0.0,0.043,-0.006,-0.028,2.07,11.69,6.45,87.3,Normal
2026-07-02 23:02:34.666,Bologna,Košice,None,0,82.9,80,1150.0,12,0.0,0.0,0.0,0.05,-0.05,-0.028,2.07,11.69,6.45,87.3,Normal
2026-07-02 23:02:35.659,Bologna,Košice,None,0,83.0,80,1151.2,12,0.0,0.0,1.0,-0.018,-0.009,-0.021,2.07,11.69,6.45,87.3,Normal
2026-07-02 23:02:36.665,Bologna,Košice,None,0,83.1,80,1152.7,12,0.0,0.0,0.0,0.015,-0.017,-0.028,2.08,11.69,6.45,87.3,Normal
2026-07-02 23:02:37.661,Bologna,Košice,None,0,83.2,80,1154.1,12,0.0,0.0,0.0,-0.027,0.006,-0.027,2.08,11.69,6.45,87.3,Normal
2026-07-02 23:02:38.653,Bologna,Košice,None,0,83.3,80,1155.1,12,0.0,0.0,0.0,-0.015,0.013,-0.016,2.08,11.69,6.45,87.3,Normal
2026-07-02 23:02:39.644,Bologna,Košice,None,0,83.3,80,1156.2,12,0.0,0.0,-1.0,0.063,0.017,-0.025,2.08,11.7,6.45,87.3,Normal
2026-07-02 23:02:40.644,Bologna,Košice,None,0,83.4,80,1156.8,12,0.0,0.0,-1.0,0.156,-0.057,-0.015,2.08,11.7,6.45,87.3,Normal
2026-07-02 23:02:41.667,Bologna,Košice,None,0,83.5,80,1157.9,12,0.0,0.0,-1.0,-0.052,0.111,-0.034,2.08,11.7,6.45,87.3,Normal
2026-07-02 23:02:42.645,Bologna,Košice,None,0,83.6,80,1159.3,12,0.0,0.0,-1.0,-0.042,-0.038,-0.025,2.08,11.7,6.45,87.3,Normal
2026-07-02 23:02:43.645,Bologna,Košice,None,0,83.7,80,1160.9,12,0.0,0.0,-1.0,0.018,0.172,-0.056,2.08,11.71,6.45,87.3,Normal
2026-07-02 23:02:44.665,Bologna,Košice,None,0,83.8,80,1162.3,12,0.0,0.0,-1.0,0.017,-0.034,-0.037,2.08,11.71,6.45,87.3,Normal
2026-07-02 23:02:45.656,Bologna,Košice,None,0,84.0,80,1164.8,12,0.0,0.0,-1.0,0.014,-0.066,-0.05,2.08,11.71,6.45,87.3,Normal
2026-07-02 23:02:46.665,Bologna,Košice,None,0,84.2,80,1168.0,12,0.0,0.0,-1.0,0.052,-0.226,-0.07,2.08,11.71,6.45,87.3,Normal
2026-07-02 23:02:47.646,Bologna,Košice,None,0,84.4,80,1171.3,12,0.0,0.0,-1.0,-0.091,-0.021,-0.071,2.08,11.71,6.45,87.3,Normal
2026-07-02 23:02:48.671,Bologna,Košice,None,0,84.7,80,1175.5,12,0.0,0.0,0.0,-0.093,0.013,-0.09,2.08,11.71,6.45,87.3,Normal
2026-07-02 23:02:49.665,Bologna,Košice,None,0,85.0,80,1179.3,12,0.0,0.0,0.0,-0.03,-0.093,-0.082,2.08,11.71,6.45,87.3,Speeding
2026-07-02 23:02:50.664,Bologna,Košice,None,0,84.7,80,1174.4,12,0.0,0.0,0.0,0.102,0.12,0.204,2.08,11.72,6.45,87.3,Normal
2026-07-02 23:02:51.673,Bologna,Košice,None,0,83.7,80,1160.9,12,0.0,0.0,0.0,-0.101,0.026,0.276,2.08,11.72,6.45,87.3,Normal
2026-07-02 23:02:52.649,Bologna,Košice,None,0,83.3,80,1155.2,12,0.0,0.0,0.0,0.013,0.127,-0.019,2.08,11.72,6.45,87.3,Normal
2026-07-02 23:02:53.650,Bologna,Košice,None,0,83.6,80,1161.0,12,0.0,0.0,0.0,0.015,-0.077,-0.267,2.08,11.72,6.45,87.3,Normal
2026-07-02 23:02:54.650,Bologna,Košice,None,0,84.0,80,1164.5,12,0.0,0.0,1.0,-0.205,-0.018,0.008,2.08,11.72,6.45,87.3,Normal
2026-07-02 23:02:55.650,Bologna,Košice,None,0,83.7,80,1160.3,12,0.0,0.0,1.0,-0.041,0.001,0.133,2.08,11.72,6.45,87.3,Normal
2026-07-02 23:02:56.664,Bologna,Košice,None,0,83.0,80,1150.7,12,0.0,0.0,1.0,0.053,0.016,0.231,2.08,11.72,6.45,87.3,Normal
2026-07-02 23:02:57.651,Bologna,Košice,None,0,82.0,80,1137.0,12,0.0,0.0,1.0,0.013,0.019,0.301,2.08,11.73,6.45,87.3,Normal
2026-07-02 23:02:58.652,Bologna,Košice,None,0,81.0,80,1124.0,12,0.0,0.0,1.0,-0.041,0.021,0.27,2.08,11.73,6.45,87.3,Normal
2026-07-02 23:02:59.664,Bologna,Košice,None,0,80.4,80,1117.2,12,0.0,0.0,1.0,0.003,0.034,0.114,2.08,11.73,6.45,87.3,Normal
2026-07-02 23:03:00.674,Bologna,Košice,None,0,80.1,80,1114.5,12,0.0,0.0,1.0,0.001,0.053,0.043,2.08,11.73,6.45,87.3,Normal
2026-07-02 23:03:01.654,Bologna,Košice,None,0,80.1,80,1113.7,12,0.0,0.0,1.0,-0.043,-0.028,0.004,2.08,11.73,6.45,87.3,Normal
2026-07-02 23:03:02.652,Bologna,Košice,None,0,80.1,80,1113.5,12,0.0,0.0,1.0,0.044,-0.015,0.003,2.08,11.74,6.45,87.3,Normal
2026-07-02 23:03:03.653,Bologna,Košice,None,0,80.1,80,1114.0,12,0.0,0.0,1.0,0.004,-0.007,-0.014,2.08,11.74,6.45,87.2,Normal
2026-07-02 23:03:04.655,Bologna,Košice,None,0,80.0,80,1113.1,12,0.0,0.0,1.0,0.015,0.004,0.024,2.08,11.74,6.45,87.2,Normal
2026-07-02 23:03:05.665,Bologna,Košice,None,0,80.0,80,1112.5,12,0.0,0.0,1.0,-0.022,-0.024,0.0,2.08,11.74,6.45,87.2,Normal
2026-07-02 23:03:06.676,Bologna,Košice,None,0,79.9,80,1112.2,12,0.0,0.0,1.0,-0.026,0.039,0.004,2.08,11.74,6.45,87.2,Normal
2026-07-02 23:03:07.654,Bologna,Košice,None,0,79.9,80,1112.1,12,0.0,0.0,0.0,0.022,0.058,0.01,2.08,11.74,6.45,87.2,Normal
2026-07-02 23:03:08.665,Bologna,Košice,None,0,79.9,80,1112.2,12,0.0,0.0,1.0,-0.008,-0.016,0.007,2.08,11.74,6.45,87.1,Normal
2026-07-02 23:03:09.654,Bologna,Košice,None,0,79.9,80,1112.3,12,0.0,0.0,0.0,0.028,-0.076,-0.015,2.08,11.75,6.45,87.1,Normal
2026-07-02 23:03:10.655,Bologna,Košice,None,0,79.9,80,1112.4,12,0.0,0.0,1.0,-0.004,-0.005,-0.004,2.08,11.75,6.45,87.1,Normal
2026-07-02 23:03:11.655,Bologna,Košice,None,0,79.9,80,1112.1,12,0.0,0.0,0.0,0.039,0.049,0.015,2.08,11.75,6.45,87.1,Normal
2026-07-02 23:03:12.655,Bologna,Košice,None,0,79.8,80,1111.2,12,0.0,0.0,-1.0,0.077,0.052,0.032,2.08,11.75,6.45,87.0,Normal
2026-07-02 23:03:13.666,Bologna,Košice,None,0,79.7,80,1109.3,12,0.0,0.0,0.0,0.006,0.09,0.048,2.08,11.75,6.45,87.0,Normal
2026-07-02 23:03:14.656,Bologna,Košice,None,0,79.5,80,1106.6,12,0.0,0.0,-1.0,0.13,-0.02,0.07,2.08,11.75,6.45,87.0,Normal
2026-07-02 23:03:15.656,Bologna,Košice,None,0,79.2,80,1102.5,12,0.0,0.0,-1.0,0.055,-0.032,0.068,2.08,11.75,6.45,87.0,Normal
2026-07-02 23:03:16.657,Bologna,Košice,None,0,78.8,80,1097.3,12,0.0,0.0,-1.0,0.007,0.031,0.109,2.08,11.76,6.45,86.9,Normal
2026-07-02 23:03:17.657,Bologna,Košice,None,0,78.4,80,1092.3,12,0.0,0.0,-1.0,0.01,0.005,0.103,2.08,11.76,6.45,86.9,Normal
2026-07-02 23:03:18.677,Bologna,Košice,None,0,78.0,80,1086.8,12,0.0,0.0,-1.0,-0.02,-0.0,0.141,2.08,11.76,6.45,86.9,Normal
2026-07-02 23:03:19.670,Bologna,Košice,None,0,77.4,80,1077.6,12,0.0,0.0,-1.0,-0.036,0.013,0.21,2.08,11.76,6.45,86.9,Normal
2026-07-02 23:03:20.658,Bologna,Košice,None,0,76.3,80,1161.0,12,0.0,0.0,-1.0,0.097,0.097,0.534,2.08,11.76,6.45,86.8,Normal
2026-07-02 23:03:21.659,Bologna,Košice,None,0,73.9,80,1326.2,11,0.0,0.0,-1.0,-0.054,-0.021,0.622,2.08,11.77,6.45,86.8,Normal
2026-07-02 23:03:22.673,Bologna,Košice,None,0,73.1,80,1312.3,11,0.0,0.0,-1.0,-0.074,-0.032,0.119,2.08,11.77,6.45,86.8,Normal
2026-07-02 23:03:23.672,Bologna,Košice,None,0,72.8,80,1308.1,11,0.0,0.0,-1.0,0.014,-0.013,0.051,2.08,11.77,6.45,86.8,Normal
2026-07-02 23:03:24.660,Bologna,Košice,None,0,72.8,80,1308.5,11,0.0,0.0,-1.0,-0.017,-0.047,-0.048,2.08,11.77,6.45,86.7,Normal
2026-07-02 23:03:25.660,Bologna,Košice,None,0,72.9,80,1309.2,11,0.0,0.0,0.0,0.245,-0.052,0.0,2.08,11.77,6.45,86.7,Normal
2026-07-02 23:03:26.660,Bologna,Košice,None,0,72.8,80,1307.9,11,0.0,0.0,0.0,-0.077,-0.074,0.02,2.08,11.77,6.46,86.7,Normal
2026-07-02 23:03:27.680,Bologna,Košice,None,0,72.8,80,1306.7,11,0.0,0.0,-1.0,0.022,0.001,0.003,2.08,11.77,6.46,86.7,Normal
2026-07-02 23:03:28.681,Bologna,Košice,None,0,72.8,80,1307.5,11,0.0,0.0,0.0,-0.024,-0.0,-0.029,2.08,11.77,6.46,86.6,Normal
2026-07-02 23:03:29.661,Bologna,Košice,None,0,73.1,80,1312.6,11,0.0,0.0,-1.0,0.046,-0.06,-0.119,2.08,11.78,6.46,86.6,Normal
2026-07-02 23:03:30.662,Bologna,Košice,None,0,73.6,80,1322.9,11,0.0,0.0,0.0,-0.062,-0.041,-0.203,2.08,11.78,6.46,86.6,Normal
2026-07-02 23:03:31.663,Bologna,Košice,None,0,74.7,80,1342.1,11,0.0,0.0,1.0,-0.046,0.207,-0.329,2.08,11.78,6.46,86.5,Normal
2026-07-02 23:03:32.663,Bologna,Košice,None,0,75.6,80,1357.6,11,0.0,0.0,1.0,-0.051,0.092,-0.233,2.09,11.78,6.46,86.5,Normal
2026-07-02 23:03:33.663,Bologna,Košice,None,0,76.5,80,1374.3,11,0.0,0.0,0.0,0.007,0.064,-0.24,2.09,11.78,6.46,86.5,Normal
2026-07-02 23:03:34.686,Bologna,Košice,None,0,77.4,80,1390.8,11,0.0,0.0,-1.0,0.037,-0.047,-0.268,2.09,11.78,6.46,86.4,Normal
2026-07-02 23:03:35.675,Bologna,Košice,None,0,78.3,80,1406.7,11,0.0,0.0,0.0,-0.004,-0.107,-0.258,2.09,11.78,6.46,86.4,Normal
2026-07-02 23:03:36.664,Bologna,Košice,None,0,79.2,80,1421.6,11,0.0,0.0,0.0,0.009,-0.011,-0.268,2.09,11.78,6.46,86.4,Normal
2026-07-02 23:03:37.665,Bologna,Košice,None,0,79.6,80,1351.3,11,0.0,0.0,0.0,-0.053,0.084,0.095,2.09,11.79,6.46,86.3,Normal
2026-07-02 23:03:38.666,Bologna,Košice,None,0,78.7,80,1094.1,12,0.0,0.0,0.0,0.049,0.067,0.276,2.09,11.79,6.46,86.3,Normal
2026-07-02 23:03:39.666,Bologna,Košice,None,0,78.8,80,1097.5,12,0.0,0.0,0.0,0.03,0.053,-0.132,2.09,11.79,6.46,86.3,Normal
2026-07-02 23:03:40.666,Bologna,Košice,None,0,79.5,80,1106.3,12,0.0,0.0,0.0,0.018,0.094,-0.214,2.09,11.79,6.46,86.3,Normal
2026-07-02 23:03:41.680,Bologna,Košice,None,0,80.1,80,1113.7,12,0.0,0.0,0.0,0.023,0.146,-0.167,2.09,11.79,6.46,86.3,Normal
2026-07-02 23:03:42.687,Bologna,Košice,None,0,80.3,80,1114.7,12,0.0,0.0,1.0,-0.069,0.075,0.036,2.09,11.8,6.46,86.3,Normal
2026-07-02 23:03:43.667,Bologna,Košice,None,0,80.1,80,1111.9,12,0.0,0.0,-1.0,0.079,0.003,0.056,2.09,11.8,6.46,86.3,Normal
2026-07-02 23:03:44.692,Bologna,Košice,None,0,80.0,80,1111.1,12,0.0,0.0,0.0,-0.04,-0.114,0.002,2.09,11.8,6.46,86.3,Normal
2026-07-02 23:03:45.684,Bologna,Košice,None,0,80.1,80,1112.7,12,0.0,0.0,0.0,-0.048,0.178,-0.072,2.09,11.8,6.46,86.2,Normal
2026-07-02 23:03:46.678,Bologna,Košice,None,0,80.4,80,1114.7,12,0.0,0.0,1.0,-0.017,0.158,-0.07,2.09,11.8,6.46,86.2,Normal
2026-07-02 23:03:47.691,Bologna,Košice,None,0,80.5,80,1117.2,12,0.0,0.0,1.0,0.003,0.001,-0.047,2.09,11.8,6.46,86.2,Normal
2026-07-02 23:03:48.687,Bologna,Košice,None,0,80.7,80,1119.9,12,0.0,0.0,1.0,-0.013,0.008,-0.056,2.09,11.8,6.46,86.2,Normal
2026-07-02 23:03:49.670,Bologna,Košice,None,0,80.9,80,1122.5,12,0.0,0.0,0.0,0.016,-0.113,-0.043,2.09,11.81,6.46,86.2,Normal
2026-07-02 23:03:50.671,Bologna,Košice,None,0,81.2,80,1125.7,12,0.0,0.0,0.0,0.001,0.045,-0.073,2.09,11.81,6.46,86.2,Normal
2026-07-02 23:03:51.671,Bologna,Košice,None,0,81.5,80,1130.3,12,0.0,0.0,-1.0,0.016,-0.115,-0.079,2.09,11.81,6.46,86.2,Normal
2026-07-02 23:03:52.696,Bologna,Košice,None,0,81.8,80,1135.3,12,0.0,0.0,-1.0,0.004,-0.074,-0.102,2.09,11.81,6.46,86.2,Normal
2026-07-02 23:03:53.671,Bologna,Košice,None,0,82.2,80,1140.3,12,0.0,0.0,0.0,0.04,-0.204,-0.081,2.09,11.82,6.46,86.2,Normal
2026-07-02 23:03:54.672,Bologna,Košice,None,0,82.5,80,1144.4,12,0.0,0.0,1.0,-0.062,-0.033,-0.05,2.09,11.82,6.46,86.2,Normal
2026-07-02 23:03:55.672,Bologna,Košice,None,0,82.7,80,1147.3,12,0.0,0.0,1.0,-0.034,0.1,-0.038,2.09,11.82,6.46,86.2,Normal
2026-07-02 23:03:56.672,Bologna,Košice,None,0,82.4,80,1142.8,12,0.0,0.0,1.0,-0.03,0.075,0.105,2.09,11.82,6.46,86.2,Normal
2026-07-02 23:03:57.672,Bologna,Košice,None,0,81.8,80,1134.7,12,0.0,0.0,1.0,-0.033,0.144,0.173,2.09,11.82,6.46,86.2,Normal
2026-07-02 23:03:58.688,Bologna,Košice,None,0,81.0,80,1124.0,12,0.0,0.0,1.0,0.089,-0.02,0.221,2.09,11.82,6.46,86.2,Normal
2026-07-02 23:03:59.672,Bologna,Košice,None,0,80.4,80,1117.0,12,0.0,0.0,1.0,0.058,-0.084,0.126,2.09,11.82,6.46,86.2,Normal
2026-07-02 23:04:00.674,Bologna,Košice,None,0,80.2,80,1114.7,12,0.0,0.0,0.0,0.043,0.037,0.025,2.09,11.83,6.46,86.2,Normal
2026-07-02 23:04:01.673,Bologna,Košice,None,0,80.0,80,1112.5,12,0.0,0.0,1.0,-0.009,-0.003,0.066,2.09,11.83,6.46,86.2,Normal
2026-07-02 23:04:02.674,Bologna,Košice,None,0,79.9,80,1110.9,12,0.0,0.0,0.0,0.021,0.008,0.033,2.09,11.83,6.46,86.2,Normal
2026-07-02 23:04:03.689,Bologna,Košice,None,0,79.9,80,1111.1,12,0.0,0.0,0.0,0.004,0.013,-0.003,2.09,11.83,6.46,86.2,Normal
2026-07-02 23:04:04.675,Bologna,Košice,None,0,79.9,80,1111.9,12,0.0,0.0,0.0,0.026,0.029,-0.019,2.09,11.83,6.46,86.2,Normal
2026-07-02 23:04:05.695,Bologna,Košice,None,0,80.0,80,1113.1,12,0.0,0.0,0.0,0.004,0.035,-0.034,2.09,11.83,6.46,86.1,Normal
2026-07-02 23:04:06.676,Bologna,Košice,None,0,80.2,80,1114.2,12,0.0,0.0,-1.0,0.01,0.013,-0.016,2.09,11.83,6.46,86.1,Normal
2026-07-02 23:04:07.676,Bologna,Košice,None,0,80.0,80,1113.0,12,0.0,0.0,-1.0,0.094,0.054,0.045,2.09,11.83,6.46,86.1,Normal
2026-07-02 23:04:08.690,Bologna,Košice,None,0,79.9,80,1111.9,12,0.0,0.0,-1.0,-0.036,0.1,0.01,2.09,11.84,6.46,86.1,Normal
2026-07-02 23:04:09.697,Bologna,Košice,None,0,79.9,80,1112.0,12,0.0,0.0,-1.0,0.03,0.057,-0.003,2.09,11.84,6.46,86.1,Normal
2026-07-02 23:04:10.677,Bologna,Košice,None,0,80.0,80,1112.7,12,0.0,0.0,-1.0,0.02,0.038,-0.016,2.09,11.84,6.46,86.0,Normal
2026-07-02 23:04:11.678,Bologna,Košice,None,0,80.1,80,1113.4,12,0.0,0.0,-1.0,0.036,0.087,-0.002,2.09,11.84,6.46,86.0,Normal
2026-07-02 23:04:12.694,Bologna,Košice,None,0,80.1,80,1113.7,12,0.0,0.0,0.0,-0.083,0.103,0.006,2.09,11.85,6.46,86.0,Normal
2026-07-02 23:04:13.690,Bologna,Košice,None,0,80.0,80,1112.2,12,0.0,0.0,0.0,-0.061,0.046,0.036,2.09,11.85,6.46,86.0,Normal
2026-07-02 23:04:14.679,Bologna,Košice,None,0,80.0,80,1112.3,12,0.0,0.0,-1.0,0.031,0.039,-0.02,2.09,11.85,6.46,86.0,Normal
2026-07-02 23:04:15.680,Bologna,Košice,None,0,79.6,80,1104.2,12,0.0,0.0,-1.0,0.061,0.098,0.234,2.09,11.85,6.46,86.0,Normal
2026-07-02 23:04:16.680,Bologna,Košice,None,0,78.8,80,1092.1,12,0.0,0.0,-1.0,-0.014,0.016,0.211,2.09,11.85,6.46,86.0,Normal
2026-07-02 23:04:17.680,Bologna,Košice,None,0,78.2,80,1085.0,12,0.0,0.0,0.0,-0.034,0.044,0.108,2.09,11.85,6.46,86.0,Normal
2026-07-02 23:04:18.681,Bologna,Košice,None,0,78.2,80,1084.0,12,0.0,0.0,-1.0,0.111,0.035,-0.053,2.09,11.85,6.46,86.0,Normal
2026-07-02 23:04:19.681,Bologna,Košice,None,0,78.8,80,1093.2,12,0.0,0.0,-1.0,-0.005,0.007,-0.265,2.09,11.85,6.46,86.0,Normal
2026-07-02 23:04:20.681,Bologna,Košice,None,0,80.0,80,1110.6,12,0.0,0.0,-1.0,0.016,0.032,-0.407,2.09,11.86,6.46,86.0,Normal
2026-07-02 23:04:21.705,Bologna,Košice,None,0,81.7,80,1133.6,12,0.0,0.0,0.0,-0.04,0.082,-0.495,2.09,11.86,6.46,86.0,Normal
2026-07-02 23:04:22.682,Bologna,Košice,None,0,83.4,80,1157.2,12,0.0,0.0,-1.0,0.009,0.038,-0.474,2.09,11.86,6.46,86.0,Normal
2026-07-02 23:04:23.682,Bologna,Košice,None,0,84.9,80,1177.9,12,0.0,0.0,0.0,-0.041,0.094,-0.388,2.09,11.86,6.46,86.0,Normal
2026-07-02 23:04:24.682,Bologna,Košice,None,0,85.4,80,1183.6,12,0.0,0.0,0.0,-0.008,0.091,0.096,2.09,11.86,6.46,86.0,Speeding
2026-07-02 23:04:25.704,Bologna,Košice,None,0,84.3,80,1169.0,12,0.0,0.0,0.0,-0.035,0.091,0.39,2.09,11.86,6.46,86.0,Normal
2026-07-02 23:04:26.683,Bologna,Košice,None,0,83.1,80,1152.2,12,0.0,0.0,-1.0,0.054,0.063,0.316,2.09,11.86,6.46,86.0,Normal
2026-07-02 23:04:27.700,Bologna,Košice,None,0,82.6,80,1146.1,12,0.0,0.0,1.0,-0.019,0.116,0.057,2.09,11.87,6.46,86.0,Normal
2026-07-02 23:04:28.694,Bologna,Košice,None,0,82.4,80,1142.9,12,0.0,0.0,1.0,-0.073,0.091,0.061,2.09,11.87,6.46,86.0,Normal
2026-07-02 23:04:29.704,Bologna,Košice,None,0,82.1,80,1138.2,12,0.0,0.0,1.0,-0.031,0.059,0.097,2.1,11.87,6.46,86.0,Normal
2026-07-02 23:04:30.697,Bologna,Košice,None,0,81.7,80,1132.6,12,0.0,0.0,1.0,-0.021,-0.065,0.138,2.1,11.87,6.46,86.0,Normal
2026-07-02 23:04:31.685,Bologna,Košice,None,0,81.2,80,1125.9,12,0.0,0.0,1.0,-0.027,0.033,0.152,2.1,11.88,6.46,86.0,Normal
2026-07-02 23:04:32.706,Bologna,Košice,None,0,80.6,80,1117.1,12,0.0,0.0,0.0,0.06,-0.028,0.183,2.1,11.88,6.46,86.0,Normal
2026-07-02 23:04:33.686,Bologna,Košice,None,0,79.9,80,1108.1,12,0.0,0.0,0.0,0.089,-0.013,0.201,2.1,11.88,6.46,86.0,Normal
2026-07-02 23:04:34.703,Bologna,Košice,None,0,79.6,80,1106.4,12,0.0,0.0,1.0,-0.041,-0.044,-0.027,2.1,11.88,6.46,86.0,Normal
2026-07-02 23:04:35.698,Bologna,Košice,None,0,79.8,80,1110.0,12,0.0,0.0,1.0,-0.032,0.0,-0.083,2.1,11.88,6.46,85.9,Normal
2026-07-02 23:04:36.713,Bologna,Košice,None,0,80.0,80,1111.3,12,0.0,0.0,1.0,-0.143,0.084,-0.004,2.1,11.88,6.46,85.9,Normal
2026-07-02 23:04:37.709,Bologna,Košice,None,0,79.9,80,1111.1,12,0.0,0.0,1.0,-0.043,0.006,0.013,2.1,11.88,6.46,85.9,Normal
2026-07-02 23:04:38.688,Bologna,Košice,None,0,79.9,80,1111.1,12,0.0,0.0,0.0,0.091,-0.027,0.0,2.1,11.88,6.46,85.9,Normal
2026-07-02 23:04:39.688,Bologna,Košice,None,0,79.9,80,1111.5,12,0.0,0.0,1.0,0.055,-0.016,0.0,2.1,11.89,6.46,85.9,Normal
2026-07-02 23:04:40.688,Bologna,Košice,None,0,79.9,80,1111.0,12,0.0,0.0,1.0,0.014,0.069,0.053,2.1,11.89,6.46,85.9,Normal
2026-07-02 23:04:41.710,Bologna,Košice,None,0,79.9,80,1111.4,12,0.0,0.0,0.0,0.076,-0.054,0.003,2.1,11.89,6.46,85.9,Normal
2026-07-02 23:04:42.703,Bologna,Košice,None,0,79.9,80,1111.7,12,0.0,0.0,1.0,-0.037,0.005,-0.008,2.1,11.89,6.46,85.8,Normal
2026-07-02 23:04:43.690,Bologna,Košice,None,0,80.0,80,1112.8,12,0.0,0.0,-1.0,0.135,-0.006,-0.017,2.1,11.89,6.46,85.8,Normal
2026-07-02 23:04:44.709,Bologna,Košice,None,0,80.0,80,1113.2,12,0.0,0.0,0.0,-0.021,-0.003,0.001,2.1,11.89,6.46,85.8,Normal
2026-07-02 23:04:45.702,Bologna,Košice,None,0,80.0,80,1113.4,12,0.0,0.0,0.0,-0.005,-0.011,-0.025,2.1,11.89,6.46,85.8,Normal
2026-07-02 23:04:46.691,Bologna,Košice,None,0,80.1,80,1114.1,12,0.0,0.0,0.0,0.018,0.032,-0.013,2.1,11.9,6.46,85.7,Normal
2026-07-02 23:04:47.703,Bologna,Košice,None,0,80.1,80,1113.9,12,0.0,0.0,-1.0,0.037,0.035,0.007,2.1,11.9,6.46,85.7,Normal
2026-07-02 23:04:48.713,Bologna,Košice,None,0,80.1,80,1113.4,12,0.0,0.0,1.0,-0.11,-0.0,0.015,2.1,11.9,6.46,85.7,Normal
2026-07-02 23:04:49.692,Bologna,Košice,None,0,80.0,80,1113.0,12,0.0,0.0,0.0,-0.006,0.003,0.015,2.1,11.9,6.46,85.7,Normal
2026-07-02 23:04:50.693,Bologna,Košice,None,0,77.5,80,1074.0,12,0.0,0.0,0.0,-0.004,0.04,0.943,2.1,11.9,6.46,85.7,Normal
2026-07-02 23:04:51.693,Bologna,Košice,None,0,71.7,80,993.2,12,0.0,0.0,0.0,-0.029,-0.06,1.762,2.1,11.91,6.46,85.7,Normal
2026-07-02 23:04:52.694,Bologna,Košice,None,0,69.9,80,1250.4,11,0.83,0.0,0.0,-0.127,-0.003,0.19,2.1,11.91,6.46,85.7,Normal
2026-07-02 23:04:53.714,Bologna,Košice,None,0,70.1,80,1259.2,11,1.0,0.0,0.0,-0.018,-0.115,-0.338,2.1,11.91,6.46,85.7,Normal
2026-07-02 23:04:54.695,Bologna,Košice,None,0,71.8,80,1290.6,11,0.95,0.0,0.0,-0.013,-0.054,-0.542,2.1,11.91,6.46,85.6,Normal
2026-07-02 23:04:55.695,Bologna,Košice,None,0,73.6,80,1321.5,11,0.9,0.0,0.0,-0.064,0.155,-0.532,2.1,11.91,6.46,85.6,Normal
2026-07-02 23:04:56.695,Bologna,Košice,None,0,75.6,80,1357.6,11,0.62,0.0,0.0,-0.099,-0.051,-0.584,2.1,11.91,6.46,85.6,Normal
2026-07-02 23:04:57.708,Bologna,Košice,None,0,77.0,80,1121.9,11,0.64,0.0,0.0,0.014,0.073,-0.183,2.1,11.91,6.46,85.6,Normal
2026-07-02 23:04:58.721,Bologna,Košice,None,0,77.6,80,1080.2,12,0.53,0.0,-1.0,0.046,-0.019,-0.305,2.1,11.92,6.46,85.6,Normal
2026-07-02 23:04:59.697,Bologna,Košice,None,0,78.8,80,1096.0,12,0.37,0.0,-1.0,0.024,0.013,-0.308,2.1,11.92,6.46,85.6,Normal
2026-07-02 23:05:00.697,Bologna,Košice,None,0,80.2,80,1116.8,12,0.74,0.0,0.0,-0.047,-0.002,-0.473,2.1,11.92,6.46,85.5,Normal
2026-07-02 23:05:01.709,Bologna,Košice,None,0,81.8,80,1135.2,12,0.0,0.0,-1.0,0.033,0.097,-0.296,2.1,11.92,6.46,85.5,Normal
2026-07-02 23:05:02.699,Bologna,Košice,None,0,82.3,80,1142.0,12,0.0,0.0,-1.0,0.053,0.022,-0.113,2.1,11.92,6.46,85.5,Normal
2026-07-02 23:05:03.700,Bologna,Košice,None,0,82.5,80,1143.9,12,0.0,0.0,0.0,0.005,0.053,0.088,2.1,11.92,6.46,85.5,Normal
2026-07-02 23:05:04.724,Bologna,Košice,None,0,81.2,80,1124.6,12,0.0,0.0,-1.0,-0.017,0.042,0.413,2.1,11.92,6.46,85.5,Normal
2026-07-02 23:05:05.715,Bologna,Košice,None,0,79.3,80,1099.7,12,0.0,0.0,-1.0,0.042,-0.349,0.351,2.1,11.92,6.46,85.5,Normal
2026-07-02 23:05:06.700,Bologna,Košice,None,0,77.2,80,1068.6,12,0.0,0.0,-1.0,0.218,0.067,0.647,2.1,11.93,6.46,85.5,Normal
2026-07-02 23:05:07.700,Bologna,Košice,None,0,74.8,80,1034.7,12,0.0,0.0,-1.0,-0.012,0.088,0.698,2.1,11.93,6.46,85.5,Normal
2026-07-02 23:05:08.724,Bologna,Košice,None,0,72.1,80,998.3,12,0.0,0.0,-1.0,-0.07,0.001,0.735,2.1,11.93,6.46,85.5,Normal
2026-07-02 23:05:09.719,Bologna,Košice,None,0,69.7,80,1190.6,12,0.0,0.0,0.0,-0.059,0.046,0.617,2.1,11.93,6.46,85.5,Normal
2026-07-02 23:05:10.724,Bologna,Košice,None,0,67.6,80,1208.8,11,0.0,0.0,0.0,-0.047,0.033,0.551,2.1,11.93,6.46,85.5,Normal
2026-07-02 23:05:11.721,Bologna,Košice,None,0,65.9,80,1177.3,11,0.0,0.0,-1.0,0.002,-0.062,0.511,2.1,11.94,6.46,85.5,Normal
2026-07-02 23:05:12.702,Bologna,Košice,None,0,64.2,80,1148.5,11,0.0,0.0,-1.0,0.029,0.096,0.449,2.1,11.94,6.46,85.5,Normal
2026-07-02 23:05:13.702,Bologna,Košice,None,0,62.6,80,1118.8,11,0.0,0.0,0.0,-0.014,0.027,0.443,2.1,11.94,6.46,85.5,Normal
2026-07-02 23:05:14.702,Bologna,Košice,None,0,60.9,80,1088.5,11,0.0,0.0,0.0,-0.008,0.039,0.46,2.1,11.94,6.46,85.5,Normal
2026-07-02 23:05:15.702,Bologna,Košice,None,0,59.3,80,1060.1,11,0.0,0.0,0.0,0.067,0.009,0.405,2.1,11.94,6.46,85.5,Normal
2026-07-02 23:05:16.703,Bologna,Košice,None,0,57.0,80,1017.5,11,0.0,0.1,-1.0,0.024,0.036,0.919,2.1,11.94,6.46,85.5,Normal
2026-07-02 23:05:17.703,Bologna,Košice,None,0,52.9,80,1007.1,11,0.0,0.19,-1.0,0.041,0.07,1.266,2.1,11.94,6.46,85.5,Normal
2026-07-02 23:05:18.724,Bologna,Košice,None,0,48.7,80,1073.2,10,0.0,0.16,-1.0,0.266,-1.402,1.283,2.1,11.94,6.46,85.5,Normal
2026-07-02 23:05:19.723,Bologna,Košice,None,0,44.6,80,985.9,10,0.0,0.18,1.0,-0.116,-0.402,1.107,2.1,11.94,6.46,85.5,Normal
2026-07-02 23:05:20.718,Bologna,Košice,None,0,40.0,80,1085.8,10,0.0,0.16,1.0,-0.021,-0.086,1.213,2.1,11.94,6.46,85.5,Normal
2026-07-02 23:05:21.704,Bologna,Košice,None,0,37.7,80,1077.9,9,0.0,0.0,0.0,-0.012,0.236,0.231,2.1,11.95,6.46,85.5,Normal
2026-07-02 23:05:22.705,Bologna,Košice,None,0,37.1,80,1056.9,9,0.0,0.21,1.0,0.004,-0.039,0.525,2.1,11.95,6.46,85.5,Normal
2026-07-02 23:05:23.723,Bologna,Košice,None,0,32.7,80,931.6,9,0.0,0.26,-1.0,0.009,0.02,1.412,2.1,11.95,6.46,85.5,Normal
2026-07-02 23:05:24.706,Bologna,Košice,None,0,26.7,80,972.8,8,0.0,0.3,-1.0,0.115,-0.028,1.8,2.1,11.95,6.46,85.5,Normal
2026-07-02 23:05:25.706,Bologna,Košice,None,0,24.0,80,986.9,8,0.0,0.0,-1.0,0.203,0.008,0.066,2.1,11.95,6.46,85.5,Normal
2026-07-02 23:05:26.707,Bologna,Košice,None,0,24.4,80,1154.3,7,0.0,0.0,-1.0,0.169,-0.014,-0.079,2.1,11.95,6.46,85.5,Normal
2026-07-02 23:05:27.717,Bologna,Košice,None,0,24.6,80,1159.4,7,0.0,0.0,-1.0,0.126,-0.004,-0.054,2.1,11.95,6.46,85.5,Normal
2026-07-02 23:05:28.725,Bologna,Košice,None,0,24.9,80,1187.6,7,0.75,0.0,-1.0,0.114,-0.18,-0.316,2.1,11.95,6.46,85.5,Normal
2026-07-02 23:05:29.721,Bologna,Košice,None,0,29.0,80,1398.6,7,1.0,0.0,0.0,-0.155,-0.173,-1.41,2.1,11.95,6.46,85.5,Normal
2026-07-02 23:05:30.731,Bologna,Košice,None,0,32.1,80,1286.8,7,1.0,0.0,1.0,-0.249,0.307,-0.011,2.1,11.95,6.46,85.5,Normal
2026-07-02 23:05:31.708,Bologna,Košice,None,0,31.6,80,1169.0,8,1.0,0.0,1.0,-0.204,-0.136,-0.311,2.1,11.95,6.46,85.4,Normal
2026-07-02 23:05:32.708,Bologna,Košice,None,0,34.2,80,1263.4,8,1.0,0.0,1.0,-0.045,-0.023,-0.786,2.1,11.95,6.46,85.4,Normal
2026-07-02 23:05:33.720,Bologna,Košice,None,0,36.9,80,1363.8,8,1.0,0.0,1.0,0.014,-0.08,-0.743,2.1,11.95,6.46,85.4,Normal
2026-07-02 23:05:34.709,Bologna,Košice,None,0,39.3,80,1451.4,8,1.0,0.0,1.0,0.03,-0.05,-0.662,2.1,11.95,6.46,85.4,Normal
2026-07-02 23:05:35.710,Bologna,Košice,None,0,41.5,80,1533.4,8,1.0,0.0,1.0,-0.095,-0.041,-0.588,2.1,11.95,6.46,85.3,Normal
2026-07-02 23:05:36.710,Bologna,Košice,None,0,43.5,80,1603.8,8,1.0,0.0,1.0,-0.038,0.185,-0.565,2.1,11.95,6.46,85.3,Normal
2026-07-02 23:05:37.711,Bologna,Košice,None,0,42.8,80,1224.2,9,1.0,0.0,1.0,-0.054,0.155,0.466,2.1,11.95,6.46,85.3,Normal
2026-07-02 23:05:38.723,Bologna,Košice,None,0,42.9,80,1237.7,9,1.0,0.0,1.0,0.029,-0.297,-0.413,2.1,11.95,6.46,85.3,Normal
2026-07-02 23:05:39.711,Bologna,Košice,None,0,42.8,80,1225.0,9,0.68,0.0,1.0,0.138,-0.146,0.439,2.1,11.96,6.46,85.3,Normal
2026-07-02 23:05:40.729,Bologna,Košice,None,0,42.7,80,1225.3,9,0.88,0.0,1.0,0.076,0.003,0.108,2.1,11.96,6.46,85.2,Normal
2026-07-02 23:05:41.711,Bologna,Košice,None,0,43.7,80,1259.3,9,0.94,0.0,1.0,-0.049,0.173,-0.485,2.1,11.96,6.46,85.2,Normal
2026-07-02 23:05:42.712,Bologna,Košice,None,0,45.6,80,1314.2,9,0.94,0.0,1.0,0.058,0.05,-0.569,2.1,11.96,6.46,85.2,Normal
2026-07-02 23:05:43.712,Bologna,Košice,None,0,46.2,80,1320.6,9,0.08,0.0,-1.0,0.374,-0.07,0.287,2.11,11.96,6.46,85.2,Normal
2026-07-02 23:05:44.712,Bologna,Košice,None,0,45.5,80,1302.1,9,0.07,0.0,-1.0,0.006,0.007,0.06,2.11,11.96,6.46,85.2,Normal
2026-07-02 23:05:45.723,Bologna,Košice,None,0,44.7,80,1277.2,9,0.0,0.0,-1.0,0.088,0.218,0.266,2.11,11.96,6.46,85.2,Normal
2026-07-02 23:05:46.731,Bologna,Košice,None,0,43.8,80,1252.7,9,0.0,0.0,-1.0,0.124,0.093,0.293,2.11,11.96,6.46,85.2,Normal
2026-07-02 23:05:47.727,Bologna,Košice,None,0,43.4,80,1247.9,9,0.53,0.0,-1.0,0.094,-0.228,-0.172,2.11,11.97,6.46,85.2,Normal
2026-07-02 23:05:48.713,Bologna,Košice,None,0,44.4,80,1278.1,9,0.52,0.0,-1.0,-0.011,-0.008,-0.363,2.11,11.97,6.46,85.1,Normal
2026-07-02 23:05:49.714,Bologna,Košice,None,0,46.0,80,1322.0,9,0.51,0.0,-1.0,-0.044,0.027,-0.488,2.11,11.97,6.46,85.1,Normal
2026-07-02 23:05:50.735,Bologna,Košice,None,0,47.8,80,1375.2,9,0.52,0.0,-1.0,0.005,-0.021,-0.559,2.11,11.97,6.46,85.1,Normal
2026-07-02 23:05:51.714,Bologna,Košice,None,0,49.2,80,1123.0,9,0.47,0.0,-1.0,-0.079,-0.003,-0.174,2.11,11.97,6.46,85.1,Normal
2026-07-02 23:05:52.714,Bologna,Košice,None,0,50.0,80,1111.6,10,0.37,0.0,1.0,-0.118,0.043,-0.334,2.11,11.97,6.46,85.1,Normal
2026-07-02 23:05:53.716,Bologna,Košice,None,0,51.7,80,1149.4,10,0.38,0.0,1.0,-0.119,0.007,-0.51,2.11,11.97,6.46,85.1,Normal
2026-07-02 23:05:54.716,Bologna,Košice,None,0,53.5,80,1190.5,10,0.39,0.0,-1.0,0.047,0.03,-0.523,2.11,11.97,6.46,85.1,Normal
2026-07-02 23:05:55.716,Bologna,Košice,None,0,55.5,80,1233.9,10,0.43,0.0,-1.0,0.005,-0.013,-0.572,2.11,11.97,6.47,85.0,Normal
2026-07-02 23:05:56.730,Bologna,Košice,None,0,57.6,80,1280.9,10,0.51,0.0,0.0,-0.057,0.258,-0.577,2.11,11.97,6.47,85.0,Normal
2026-07-02 23:05:57.717,Bologna,Košice,None,0,59.8,80,1331.0,10,0.56,0.0,-1.0,-0.008,-0.304,-0.616,2.11,11.97,6.47,85.0,Normal
2026-07-02 23:05:58.717,Bologna,Košice,None,0,61.9,70,1377.0,10,0.68,0.0,0.0,-0.065,-0.121,-0.619,2.11,11.97,6.47,85.0,Normal
2026-07-02 23:05:59.717,Bologna,Košice,None,0,63.1,70,1130.3,11,0.67,0.0,-1.0,0.08,0.027,-0.118,2.11,11.98,6.47,85.0,Normal
2026-07-02 23:06:00.719,Bologna,Košice,None,0,63.8,70,1146.2,11,0.68,0.0,-1.0,0.009,-0.019,-0.383,2.11,11.98,6.47,85.0,Normal
2026-07-02 23:06:01.718,Bologna,Košice,None,0,65.4,70,1175.9,11,0.7,0.0,-1.0,-0.04,-0.04,-0.483,2.11,11.98,6.47,84.9,Normal
2026-07-02 23:06:02.719,Bologna,Košice,None,0,66.8,70,1195.7,11,0.0,0.0,0.0,-0.045,0.059,-0.146,2.11,11.98,6.47,84.9,Normal
2026-07-02 23:06:03.719,Bologna,Košice,None,0,66.7,70,1194.5,11,0.0,0.0,-1.0,0.043,0.065,0.046,2.11,11.98,6.47,84.9,Normal
2026-07-02 23:06:04.719,Bologna,Košice,None,0,66.6,70,1191.8,11,0.0,0.0,-1.0,0.053,0.064,0.013,2.11,11.98,6.47,84.9,Normal
2026-07-02 23:06:05.743,Bologna,Košice,None,0,66.6,70,1191.9,11,0.0,0.0,0.0,-0.072,-0.06,0.013,2.11,11.98,6.47,84.9,Normal
2026-07-02 23:06:06.719,Bologna,Košice,None,0,66.3,70,1186.5,11,0.0,0.0,-1.0,0.083,-0.001,0.115,2.11,11.98,6.47,84.9,Normal
2026-07-02 23:06:07.721,Bologna,Košice,None,0,66.1,70,1182.3,11,0.0,0.0,-1.0,0.055,0.091,0.043,2.11,11.99,6.47,84.9,Normal
2026-07-02 23:06:08.720,Bologna,Košice,None,0,66.0,70,1179.9,11,0.0,0.0,-1.0,0.083,-0.009,0.056,2.11,11.99,6.47,84.9,Normal
2026-07-02 23:06:09.742,Bologna,Košice,None,0,65.3,70,1166.9,11,0.0,0.0,-1.0,0.095,0.247,0.238,2.11,11.99,6.47,84.9,Normal
2026-07-02 23:06:10.722,Bologna,Košice,None,0,63.9,70,1140.3,11,0.0,0.0,-1.0,0.027,0.052,0.479,2.11,11.99,6.47,84.9,Normal
2026-07-02 23:06:11.743,Bologna,Košice,None,0,61.7,70,1101.6,11,0.0,0.0,-1.0,-0.115,-0.051,0.657,2.11,11.99,6.47,84.9,Normal
2026-07-02 23:06:12.722,Bologna,Košice,None,0,59.1,70,1056.5,11,0.0,0.0,-1.0,-0.006,-0.015,0.712,2.11,11.99,6.47,84.9,Normal
2026-07-02 23:06:13.722,Bologna,Košice,None,0,57.5,70,1029.8,11,0.43,0.0,-1.0,0.001,-0.019,0.354,2.11,12.0,6.47,84.9,Normal
2026-07-02 23:06:14.724,Bologna,Košice,None,0,57.0,70,1024.0,11,0.57,0.0,1.0,-0.15,0.025,0.013,2.11,12.0,6.47,84.9,Normal
2026-07-02 23:06:15.739,Bologna,Košice,None,0,57.2,70,1027.5,11,0.64,0.0,1.0,-0.123,-0.047,-0.083,2.11,12.0,6.47,84.9,Normal
2026-07-02 23:06:16.724,Bologna,Košice,None,0,57.5,70,1033.8,11,0.7,0.0,1.0,-0.014,0.017,-0.119,2.11,12.0,6.47,84.9,Normal
2026-07-02 23:06:17.724,Bologna,Košice,None,0,58.0,70,1042.9,11,0.71,0.0,1.0,-0.017,0.026,-0.16,2.11,12.0,6.47,84.9,Normal
2026-07-02 23:06:18.724,Bologna,Košice,None,0,58.6,70,1053.8,11,0.73,0.0,1.0,0.019,0.026,-0.19,2.11,12.0,6.47,84.8,Normal
2026-07-02 23:06:19.741,Bologna,Košice,None,0,59.4,70,1067.8,11,0.73,0.0,1.0,0.011,0.015,-0.219,2.11,12.0,6.47,84.8,Normal
2026-07-02 23:06:20.747,Bologna,Košice,None,0,60.2,70,1081.4,11,0.69,0.0,1.0,-0.029,0.005,-0.214,2.11,12.0,6.47,84.8,Normal
2026-07-02 23:06:21.726,Bologna,Košice,None,0,60.9,70,1094.4,11,0.85,0.0,1.0,0.039,-0.018,-0.2,2.11,12.0,6.47,84.8,Normal
2026-07-02 23:06:22.726,Bologna,Košice,None,0,61.8,70,1111.8,11,0.95,0.0,0.0,0.039,0.024,-0.3,2.11,12.0,6.47,84.7,Normal
2026-07-02 23:06:23.725,Bologna,Košice,None,0,61.7,70,1367.5,10,1.0,0.0,1.0,0.028,0.02,0.242,2.11,12.01,6.47,84.7,Normal
2026-07-02 23:06:24.740,Bologna,Košice,None,0,61.9,70,1377.4,10,1.0,0.0,1.0,-0.07,-0.083,-0.373,2.11,12.01,6.47,84.7,Normal
2026-07-02 23:06:25.726,Bologna,Košice,None,0,63.5,70,1414.8,10,1.0,0.0,1.0,-0.036,-0.018,-0.507,2.11,12.01,6.47,84.7,Normal
2026-07-02 23:06:26.726,Bologna,Košice,None,0,65.2,70,1452.7,10,1.0,0.0,1.0,0.043,0.012,-0.466,2.11,12.01,6.47,84.6,Normal
2026-07-02 23:06:27.727,Bologna,Košice,None,0,65.8,70,1193.8,10,0.97,0.0,0.0,0.04,0.049,0.157,2.11,12.01,6.47,84.6,Normal
2026-07-02 23:06:28.727,Bologna,Košice,None,0,65.4,70,1175.6,11,1.0,0.0,1.0,-0.047,-0.123,-0.171,2.11,12.01,6.47,84.6,Normal
2026-07-02 23:06:29.728,Bologna,Košice,None,0,66.6,70,1197.7,11,1.0,0.0,1.0,-0.042,-0.014,-0.396,2.11,12.01,6.47,84.6,Normal
2026-07-02 23:06:30.729,Bologna,Košice,None,0,68.0,70,1223.4,11,1.0,0.0,1.0,-0.024,-0.003,-0.396,2.11,12.01,6.47,84.6,Normal
2026-07-02 23:06:31.730,Bologna,Košice,None,0,69.4,70,1248.0,11,1.0,0.0,1.0,0.002,-0.01,-0.386,2.11,12.01,6.47,84.5,Normal
2026-07-02 23:06:32.747,Bologna,Košice,None,0,70.7,80,1271.4,11,1.0,0.0,1.0,-0.004,0.001,-0.359,2.11,12.02,6.47,84.5,Normal
2026-07-02 23:06:33.748,Bologna,Košice,None,0,71.9,80,1292.8,11,1.0,0.0,1.0,-0.05,-0.006,-0.302,2.11,12.02,6.47,84.5,Normal
2026-07-02 23:06:34.749,Bologna,Košice,None,0,72.7,80,1307.4,11,1.0,0.0,1.0,0.007,-0.018,-0.207,2.11,12.02,6.47,84.4,Normal
2026-07-02 23:06:35.740,Bologna,Košice,None,0,73.7,80,1324.4,11,1.0,0.0,1.0,0.068,0.055,-0.345,2.11,12.02,6.47,84.4,Normal
2026-07-02 23:06:36.730,Bologna,Košice,None,0,75.3,80,1353.9,11,1.0,0.0,1.0,0.0,-0.006,-0.51,2.11,12.02,6.47,84.4,Normal
2026-07-02 23:06:37.732,Bologna,Košice,None,0,77.3,80,1390.0,11,1.0,0.0,1.0,0.063,0.001,-0.587,2.11,12.03,6.47,84.4,Normal
2026-07-02 23:06:38.732,Bologna,Košice,None,0,79.5,80,1428.9,11,1.0,0.0,0.0,0.037,0.031,-0.633,2.11,12.03,6.47,84.3,Normal
2026-07-02 23:06:39.732,Bologna,Košice,None,0,81.4,80,1312.0,11,1.0,0.0,1.0,-0.035,0.115,-0.235,2.11,12.03,6.47,84.3,Normal
2026-07-02 23:06:40.732,Bologna,Košice,None,0,81.7,80,1137.4,12,1.0,0.0,1.0,-0.011,-0.045,-0.156,2.11,12.03,6.47,84.3,Normal
2026-07-02 23:06:41.732,Bologna,Košice,None,0,83.0,80,1156.5,12,1.0,0.0,0.0,0.025,0.014,-0.401,2.11,12.03,6.47,84.3,Normal
2026-07-02 23:06:42.733,Bologna,Košice,None,0,84.4,80,1171.1,12,0.0,0.0,1.0,-0.057,-0.023,-0.366,2.11,12.03,6.47,84.2,Normal
2026-07-02 23:06:43.744,Bologna,Košice,None,0,84.3,80,1168.8,12,0.0,0.0,0.0,0.033,-0.015,0.148,2.11,12.03,6.47,84.2,Normal
2026-07-02 23:06:44.758,Bologna,Košice,None,0,83.7,80,1160.7,12,0.0,0.0,0.0,0.026,-0.044,0.18,2.11,12.04,6.47,84.2,Normal
2026-07-02 23:06:45.735,Bologna,Košice,None,0,83.1,80,1152.1,12,0.0,0.0,0.0,-0.044,-0.037,0.18,2.11,12.04,6.47,84.2,Normal
2026-07-02 23:06:46.735,Bologna,Košice,None,0,82.5,80,1143.6,12,0.0,0.0,-1.0,0.055,-0.073,0.183,2.11,12.04,6.47,84.2,Normal
2026-07-02 23:06:47.747,Bologna,Košice,None,0,81.8,80,1134.8,12,0.0,0.0,0.0,-0.022,0.035,0.173,2.11,12.04,6.47,84.2,Normal
2026-07-02 23:06:48.736,Bologna,Košice,None,0,81.3,80,1127.0,12,0.0,0.0,0.0,-0.054,-0.005,0.172,2.11,12.04,6.47,84.2,Normal
2026-07-02 23:06:49.735,Bologna,Košice,None,0,80.7,80,1118.9,12,0.0,0.0,-1.0,0.012,0.121,0.144,2.11,12.04,6.47,84.2,Normal
2026-07-02 23:06:50.736,Bologna,Košice,None,0,80.1,80,1111.6,12,0.0,0.0,0.0,0.016,-0.006,0.16,2.11,12.04,6.47,84.2,Normal
2026-07-02 23:06:51.736,Bologna,Košice,None,0,80.0,80,1110.8,12,0.0,0.0,1.0,-0.046,-0.016,-0.022,2.12,12.05,6.47,84.2,Normal
2026-07-02 23:06:52.736,Bologna,Košice,None,0,80.1,80,1113.2,12,0.0,0.0,-1.0,0.051,0.057,-0.052,2.12,12.05,6.47,84.2,Normal
2026-07-02 23:06:53.749,Bologna,Košice,None,0,80.2,80,1113.5,12,0.0,0.0,1.0,-0.017,0.04,0.013,2.12,12.05,6.47,84.2,Normal
2026-07-02 23:06:54.761,Bologna,Košice,None,0,80.2,80,1113.7,12,0.0,0.0,0.0,0.062,-0.043,-0.001,2.12,12.05,6.47,84.2,Normal
2026-07-02 23:06:55.738,Bologna,Košice,None,0,80.2,80,1113.8,12,0.0,0.0,-1.0,0.03,0.026,-0.002,2.12,12.05,6.47,84.2,Normal
2026-07-02 23:06:56.738,Bologna,Košice,None,0,80.2,80,1114.3,12,0.0,0.0,1.0,-0.007,-0.064,-0.012,2.12,12.06,6.47,84.2,Normal
2026-07-02 23:06:57.738,Bologna,Košice,None,0,80.3,80,1114.4,12,0.0,0.0,1.0,-0.025,0.008,-0.009,2.12,12.06,6.47,84.2,Normal
2026-07-02 23:06:58.739,Bologna,Košice,None,0,80.3,80,1114.4,12,0.0,0.0,1.0,-0.001,0.042,-0.006,2.12,12.06,6.47,84.2,Normal
2026-07-02 23:06:59.758,Bologna,Košice,None,0,80.2,80,1114.1,12,0.0,0.0,1.0,-0.003,0.065,-0.002,2.12,12.06,6.47,84.2,Normal
2026-07-02 23:07:00.753,Bologna,Košice,None,0,80.2,80,1113.7,12,0.0,0.0,1.0,-0.071,0.013,0.014,2.12,12.06,6.47,84.2,Normal
2026-07-02 23:07:01.740,Bologna,Košice,None,0,80.2,80,1113.5,12,0.0,0.0,0.0,0.052,-0.056,0.013,2.12,12.06,6.47,84.2,Normal
2026-07-02 23:07:02.741,Bologna,Košice,None,0,80.2,80,1113.5,12,0.0,0.0,1.0,-0.04,0.065,0.012,2.12,12.06,6.47,84.1,Normal
2026-07-02 23:07:03.740,Bologna,Košice,None,0,80.1,80,1113.5,12,0.0,0.0,-1.0,0.118,0.052,0.004,2.12,12.07,6.47,84.1,Normal
2026-07-02 23:07:04.741,Bologna,Košice,None,0,80.1,80,1113.0,12,0.0,0.0,1.0,-0.021,0.01,0.013,2.12,12.07,6.47,84.1,Normal
2026-07-02 23:07:05.764,Bologna,Košice,None,0,80.1,80,1113.1,12,0.0,0.0,1.0,-0.056,-0.133,0.002,2.12,12.07,6.47,84.1,Normal
2026-07-02 23:07:06.761,Bologna,Košice,None,0,80.1,80,1113.7,12,0.0,0.0,1.0,0.011,-0.002,-0.013,2.12,12.07,6.47,84.1,Normal
2026-07-02 23:07:07.742,Bologna,Košice,None,0,80.2,80,1115.1,12,0.0,0.0,1.0,-0.038,-0.017,-0.03,2.12,12.07,6.47,84.1,Normal
2026-07-02 23:07:08.742,Bologna,Košice,None,0,80.3,80,1116.2,12,0.0,0.0,1.0,-0.013,-0.0,-0.032,2.12,12.07,6.47,84.1,Normal
2026-07-02 23:07:09.759,Bologna,Košice,None,0,80.4,80,1117.2,12,0.0,0.0,1.0,-0.026,0.038,-0.038,2.12,12.07,6.47,84.0,Normal
2026-07-02 23:07:10.768,Bologna,Košice,None,0,80.5,80,1117.0,12,0.0,0.0,1.0,-0.011,-0.059,0.003,2.12,12.07,6.47,84.0,Normal
2026-07-02 23:07:11.766,Bologna,Košice,None,0,80.4,80,1116.4,12,0.0,0.0,0.0,0.071,0.009,0.012,2.12,12.08,6.47,84.0,Normal
2026-07-02 23:07:12.744,Bologna,Košice,None,0,80.4,80,1115.5,12,0.0,0.0,1.0,0.006,-0.047,0.019,2.12,12.08,6.47,84.0,Normal
2026-07-02 23:07:13.770,Bologna,Košice,None,0,80.4,80,1114.9,12,0.0,0.0,1.0,-0.02,0.029,0.018,2.12,12.08,6.47,84.0,Normal
2026-07-02 23:07:14.745,Bologna,Košice,None,0,80.3,80,1114.3,12,0.0,0.0,0.0,0.087,0.085,-0.003,2.12,12.08,6.47,84.0,Normal
2026-07-02 23:07:15.746,Bologna,Košice,None,0,80.2,80,1113.4,12,0.0,0.0,1.0,0.007,0.013,0.009,2.12,12.09,6.47,84.0,Normal
2026-07-02 23:07:16.766,Bologna,Košice,None,0,80.2,80,1113.3,12,0.0,0.0,1.0,0.042,0.02,0.01,2.12,12.09,6.47,84.0,Normal
2026-07-02 23:07:17.746,Bologna,Košice,None,0,80.2,80,1113.1,12,0.0,0.0,1.0,0.002,0.006,0.012,2.12,12.09,6.47,84.0,Normal
2026-07-02 23:07:18.746,Bologna,Košice,None,0,80.2,80,1113.4,12,0.0,0.0,1.0,0.048,-0.027,0.009,2.12,12.09,6.47,84.0,Normal
2026-07-02 23:07:19.747,Bologna,Košice,None,0,80.2,80,1113.6,12,0.0,0.0,0.0,0.077,-0.006,0.005,2.12,12.09,6.47,84.0,Normal
2026-07-02 23:07:20.772,Bologna,Košice,None,0,80.2,80,1113.9,12,0.0,0.0,1.0,0.026,-0.071,-0.004,2.12,12.09,6.47,84.0,Normal
2026-07-02 23:07:21.748,Bologna,Košice,None,0,80.3,80,1113.9,12,0.0,0.0,1.0,-0.016,0.035,-0.013,2.12,12.09,6.47,84.0,Normal
2026-07-02 23:07:22.759,Bologna,Košice,None,0,80.3,80,1113.8,12,0.0,0.0,1.0,-0.048,-0.008,-0.008,2.12,12.1,6.47,84.0,Normal
2026-07-02 23:07:23.748,Bologna,Košice,None,0,80.4,80,1114.7,12,0.0,0.0,-1.0,0.083,-0.039,-0.028,2.12,12.1,6.47,84.0,Normal
2026-07-02 23:07:24.766,Bologna,Košice,None,0,80.6,80,1117.6,12,0.0,0.0,1.0,-0.07,-0.03,-0.066,2.12,12.1,6.47,84.0,Normal
2026-07-02 23:07:25.749,Bologna,Košice,None,0,80.8,80,1121.2,12,0.0,0.0,1.0,0.027,0.132,-0.096,2.12,12.1,6.47,84.0,Normal
2026-07-02 23:07:26.774,Bologna,Košice,None,0,81.0,80,1123.7,12,0.0,0.0,1.0,-0.021,0.031,-0.045,2.12,12.1,6.47,84.0,Normal
2026-07-02 23:07:27.750,Bologna,Košice,None,0,80.9,80,1122.6,12,0.0,0.0,1.0,-0.05,0.065,0.042,2.12,12.11,6.47,84.0,Normal
2026-07-02 23:07:28.750,Bologna,Košice,None,0,80.5,80,1118.1,12,0.0,0.0,0.0,0.035,0.051,0.132,2.12,12.11,6.47,84.0,Normal
2026-07-02 23:07:29.751,Bologna,Košice,None,0,80.0,80,1112.2,12,0.0,0.0,1.0,0.007,-0.436,0.147,2.12,12.11,6.47,84.0,Normal
2026-07-02 23:07:30.751,Bologna,Košice,None,0,79.9,80,1111.6,12,0.0,0.0,1.0,-0.003,0.048,0.037,2.12,12.11,6.47,83.9,Normal
2026-07-02 23:07:31.751,Bologna,Košice,None,0,80.0,80,1113.3,12,0.0,0.0,1.0,-0.015,-0.009,-0.048,2.12,12.11,6.47,83.9,Normal
2026-07-02 23:07:32.751,Bologna,Košice,None,0,80.1,80,1115.2,12,0.0,0.0,0.0,0.05,-0.002,-0.019,2.12,12.11,6.47,83.9,Normal
2026-07-02 23:07:33.752,Bologna,Košice,None,0,80.2,80,1116.1,12,0.0,0.0,0.0,0.017,-0.002,-0.01,2.12,12.11,6.47,83.9,Normal
2026-07-02 23:07:34.752,Bologna,Košice,None,0,80.3,80,1116.8,12,0.0,0.0,0.0,0.001,0.009,-0.04,2.12,12.12,6.47,83.9,Normal
2026-07-02 23:07:35.773,Bologna,Košice,None,0,80.3,80,1117.5,12,0.0,0.0,0.0,-0.014,-0.01,-0.016,2.12,12.12,6.47,83.8,Normal
2026-07-02 23:07:36.753,Bologna,Košice,None,0,80.3,80,1116.7,12,0.0,0.0,1.0,-0.035,-0.05,0.028,2.12,12.12,6.47,83.8,Normal
2026-07-02 23:07:37.753,Bologna,Košice,None,0,80.3,80,1116.1,12,0.0,0.0,1.0,0.011,0.01,0.007,2.12,12.12,6.47,83.8,Normal
2026-07-02 23:07:38.753,Bologna,Košice,None,0,80.3,80,1116.5,12,0.0,0.0,0.0,-0.034,-0.013,-0.074,2.12,12.12,6.47,83.8,Normal
2026-07-02 23:07:39.771,Bologna,Košice,None,0,80.4,80,1117.4,12,0.0,0.0,0.0,0.016,0.511,-0.064,2.12,12.12,6.47,83.8,Normal
2026-07-02 23:07:40.754,Bologna,Košice,None,0,80.6,80,1118.6,12,0.0,0.0,0.0,0.0,0.041,0.016,2.12,12.12,6.47,83.8,Normal
2026-07-02 23:07:41.755,Bologna,Košice,None,0,80.4,80,1115.9,12,0.0,0.0,1.0,-0.011,-0.045,0.068,2.12,12.12,6.47,83.8,Normal
2026-07-02 23:07:42.776,Bologna,Košice,None,0,80.3,80,1115.1,12,0.0,0.0,1.0,-0.014,0.005,-0.002,2.12,12.13,6.47,83.8,Normal
2026-07-02 23:07:43.755,Bologna,Košice,None,0,80.3,80,1115.0,12,0.0,0.0,0.0,0.066,0.118,-0.088,2.12,12.13,6.47,83.7,Normal
2026-07-02 23:07:44.755,Bologna,Košice,None,0,80.6,80,1117.5,12,0.0,0.0,-1.0,0.026,0.044,-0.072,2.12,12.13,6.47,83.7,Normal
2026-07-02 23:07:45.755,Bologna,Košice,None,0,80.8,80,1120.4,12,0.0,0.0,1.0,-0.002,-0.017,-0.049,2.12,12.13,6.47,83.7,Normal
2026-07-02 23:07:46.755,Bologna,Košice,None,0,81.0,80,1123.3,12,0.0,0.0,1.0,-0.007,0.083,-0.063,2.12,12.14,6.47,83.7,Normal
2026-07-02 23:07:47.767,Bologna,Košice,None,0,81.1,80,1125.4,12,0.0,0.0,0.0,0.024,0.015,-0.055,2.12,12.14,6.47,83.7,Normal
2026-07-02 23:07:48.756,Bologna,Košice,None,0,81.4,80,1128.5,12,0.0,0.0,-1.0,-0.034,-0.102,-0.05,2.12,12.14,6.47,83.7,Normal
2026-07-02 23:07:49.756,Bologna,Košice,None,0,81.7,80,1132.9,12,0.0,0.0,1.0,-0.044,-0.077,-0.088,2.13,12.14,6.47,83.7,Normal
2026-07-02 23:07:50.757,Bologna,Košice,None,0,82.0,80,1137.9,12,0.0,0.0,0.0,0.013,0.018,-0.102,2.13,12.14,6.47,83.7,Normal
2026-07-02 23:07:51.757,Bologna,Košice,None,0,82.4,80,1142.7,12,0.0,0.0,1.0,-0.004,0.111,-0.137,2.13,12.14,6.47,83.7,Normal
2026-07-02 23:07:52.758,Bologna,Košice,None,0,82.7,80,1147.1,12,0.0,0.0,-1.0,0.056,-0.199,-0.073,2.13,12.14,6.47,83.7,Normal
2026-07-02 23:07:53.758,Bologna,Košice,None,0,82.7,80,1146.6,12,0.0,0.0,-1.0,-0.002,0.214,0.099,2.13,12.15,6.47,83.7,Normal
2026-07-02 23:07:54.776,Bologna,Košice,None,0,82.3,80,1141.6,12,0.0,0.0,-1.0,0.028,0.057,0.139,2.13,12.15,6.47,83.7,Normal
2026-07-02 23:07:55.759,Bologna,Košice,None,0,81.8,80,1133.9,12,0.0,0.0,-1.0,0.017,0.085,0.18,2.13,12.15,6.47,83.7,Normal
2026-07-02 23:07:56.780,Bologna,Košice,None,0,81.0,80,1124.6,12,0.0,0.0,-1.0,-0.006,0.023,0.182,2.13,12.15,6.47,83.7,Normal
2026-07-02 23:07:57.760,Bologna,Košice,None,0,80.6,80,1119.2,12,0.0,0.0,0.0,0.002,0.004,0.089,2.13,12.15,6.47,83.7,Normal
2026-07-02 23:07:58.761,Bologna,Košice,None,0,80.4,80,1117.3,12,0.0,0.0,-1.0,0.014,0.052,0.01,2.13,12.15,6.47,83.7,Normal
2026-07-02 23:07:59.761,Bologna,Košice,None,0,80.4,80,1117.0,12,0.0,0.0,1.0,-0.047,-0.038,-0.015,2.13,12.15,6.47,83.7,Normal
2026-07-02 23:08:00.761,Bologna,Košice,None,0,80.4,80,1116.3,12,0.0,0.0,0.0,-0.048,-0.054,-0.009,2.13,12.16,6.47,83.7,Normal
2026-07-02 23:08:01.762,Bologna,Košice,None,0,80.5,80,1116.3,12,0.0,0.0,-1.0,0.058,-0.081,-0.013,2.13,12.16,6.47,83.7,Normal
2026-07-02 23:08:02.762,Bologna,Košice,None,0,80.6,80,1117.6,12,0.0,0.0,-1.0,-0.044,0.05,-0.061,2.13,12.16,6.47,83.7,Normal
2026-07-02 23:08:03.762,Bologna,Košice,None,0,80.8,80,1121.1,12,0.0,0.0,0.0,-0.033,-0.015,-0.089,2.13,12.16,6.47,83.7,Normal
2026-07-02 23:08:04.775,Bologna,Košice,None,0,81.2,80,1126.4,12,0.0,0.0,0.0,-0.015,-0.047,-0.117,2.13,12.16,6.47,83.7,Normal
2026-07-02 23:08:05.788,Bologna,Košice,None,0,81.7,80,1133.2,12,0.0,0.0,1.0,-0.057,0.044,-0.14,2.13,12.17,6.47,83.7,Normal
2026-07-02 23:08:06.783,Bologna,Košice,None,0,82.2,80,1139.7,12,0.0,0.0,1.0,-0.061,0.025,-0.131,2.13,12.17,6.47,83.7,Normal
2026-07-02 23:08:07.782,Bologna,Košice,None,0,82.5,80,1144.8,12,0.0,0.0,1.0,-0.043,-0.021,-0.084,2.13,12.17,6.47,83.7,Normal
2026-07-02 23:08:08.784,Bologna,Košice,None,0,82.5,80,1143.8,12,0.0,0.0,1.0,-0.024,0.029,0.172,2.13,12.17,6.47,83.7,Normal
2026-07-02 23:08:09.774,Bologna,Košice,None,0,81.7,80,1132.8,12,0.0,0.0,1.0,-0.017,-0.061,0.171,2.13,12.17,6.47,83.7,Normal
2026-07-02 23:08:10.764,Bologna,Košice,None,0,81.4,80,1129.1,12,0.0,0.0,0.0,0.112,-0.045,0.086,2.13,12.17,6.48,83.7,Normal
2026-07-02 23:08:11.765,Bologna,Košice,None,0,81.1,80,1124.1,12,0.0,0.0,1.0,-0.034,-0.053,0.116,2.13,12.17,6.48,83.7,Normal
2026-07-02 23:08:12.764,Bologna,Košice,None,0,80.6,80,1117.5,12,0.0,0.0,1.0,-0.018,-0.028,0.152,2.13,12.18,6.48,83.7,Normal
2026-07-02 23:08:13.764,Bologna,Košice,None,0,80.0,80,1109.7,12,0.0,0.0,0.0,0.056,0.026,0.17,2.13,12.18,6.48,83.7,Normal
2026-07-02 23:08:14.789,Bologna,Košice,None,0,80.1,80,1115.2,12,0.0,0.0,1.0,-0.185,-0.109,-0.239,2.13,12.18,6.48,83.7,Normal
2026-07-02 23:08:15.783,Bologna,Košice,None,0,80.6,80,1118.8,12,0.0,0.0,0.0,0.096,0.046,-0.012,2.13,12.18,6.48,83.7,Normal
2026-07-02 23:08:16.788,Bologna,Košice,None,0,80.2,80,1114.0,12,0.0,0.0,1.0,-0.03,0.044,0.117,2.13,12.18,6.48,83.7,Normal
2026-07-02 23:08:17.766,Bologna,Košice,None,0,80.0,80,1111.3,12,0.0,0.0,1.0,-0.03,0.005,0.024,2.13,12.18,6.48,83.7,Normal
2026-07-02 23:08:18.766,Bologna,Košice,None,0,79.9,80,1110.3,12,0.0,0.0,1.0,-0.018,0.072,0.029,2.13,12.18,6.48,83.7,Normal
2026-07-02 23:08:19.785,Bologna,Košice,None,0,79.9,80,1110.1,12,0.0,0.0,1.0,-0.118,0.032,0.014,2.13,12.19,6.48,83.6,Normal
2026-07-02 23:08:20.768,Bologna,Košice,None,0,79.9,80,1109.7,12,0.0,0.0,1.0,0.049,-0.082,0.006,2.13,12.19,6.48,83.6,Normal
2026-07-02 23:08:21.768,Bologna,Košice,None,0,79.9,80,1109.9,12,0.0,0.0,1.0,-0.006,-0.112,0.006,2.13,12.19,6.48,83.6,Normal
2026-07-02 23:08:22.769,Bologna,Košice,None,0,79.8,80,1109.7,12,0.0,0.0,0.0,0.052,-0.1,0.005,2.13,12.19,6.48,83.6,Normal
2026-07-02 23:08:23.769,Bologna,Košice,None,0,79.8,80,1109.6,12,0.0,0.0,1.0,-0.056,-0.036,0.011,2.13,12.19,6.48,83.6,Normal
2026-07-02 23:08:24.769,Bologna,Košice,None,0,79.8,80,1109.6,12,0.0,0.0,1.0,0.013,-0.013,-0.008,2.13,12.2,6.48,83.6,Normal
2026-07-02 23:08:25.770,Bologna,Košice,None,0,79.7,80,1109.3,12,0.0,0.0,1.0,0.022,0.091,0.045,2.13,12.2,6.48,83.6,Normal
2026-07-02 23:08:26.791,Bologna,Košice,None,0,79.6,80,1108.1,12,0.0,0.0,1.0,0.021,-0.031,0.055,2.13,12.2,6.48,83.5,Normal
2026-07-02 23:08:27.782,Bologna,Košice,None,0,79.5,80,1107.9,12,0.0,0.0,1.0,-0.046,0.119,-0.005,2.13,12.2,6.48,83.5,Normal
2026-07-02 23:08:28.770,Bologna,Košice,None,0,79.7,80,1109.7,12,0.0,0.0,1.0,0.023,0.023,-0.044,2.13,12.2,6.48,83.5,Normal
2026-07-02 23:08:29.771,Bologna,Košice,None,0,79.9,80,1112.7,12,0.0,0.0,0.0,0.037,0.01,-0.074,2.13,12.2,6.48,83.5,Normal
2026-07-02 23:08:30.770,Bologna,Košice,None,0,80.2,80,1115.7,12,0.0,0.0,-1.0,0.068,0.02,-0.094,2.13,12.2,6.48,83.4,Normal
2026-07-02 23:08:31.771,Bologna,Košice,None,0,80.4,80,1116.6,12,0.0,0.0,-1.0,0.038,0.071,-0.023,2.13,12.2,6.48,83.4,Normal
2026-07-02 23:08:32.771,Bologna,Košice,None,0,80.2,80,1113.5,12,0.0,0.0,1.0,-0.104,-0.04,0.095,2.13,12.21,6.48,83.4,Normal
2026-07-02 23:08:33.772,Bologna,Košice,None,0,80.0,80,1110.8,12,0.0,0.0,-1.0,0.023,-0.083,0.048,2.13,12.21,6.48,83.4,Normal
2026-07-02 23:08:34.773,Bologna,Košice,None,0,80.0,80,1110.2,12,0.0,0.0,0.0,0.023,0.016,0.012,2.13,12.21,6.48,83.4,Normal
2026-07-02 23:08:35.773,Bologna,Košice,None,0,79.3,80,1098.8,12,0.0,0.0,1.0,-0.028,-0.052,0.295,2.13,12.21,6.48,83.4,Normal
2026-07-02 23:08:36.797,Bologna,Košice,None,0,78.2,80,1084.5,12,0.0,0.0,0.0,0.014,-0.023,0.299,2.13,12.21,6.48,83.4,Normal
2026-07-02 23:08:37.774,Bologna,Košice,None,0,77.2,80,1070.5,12,0.0,0.0,1.0,-0.021,0.056,0.279,2.13,12.21,6.48,83.4,Normal
2026-07-02 23:08:38.775,Bologna,Košice,None,0,76.3,80,1057.9,12,0.0,0.0,1.0,-0.053,0.044,0.205,2.13,12.21,6.48,83.4,Normal
2026-07-02 23:08:39.774,Bologna,Košice,None,0,75.7,80,1050.0,12,0.0,0.0,1.0,0.009,0.158,0.11,2.13,12.21,6.48,83.4,Normal
2026-07-02 23:08:40.774,Bologna,Košice,None,0,75.3,80,1044.4,12,0.0,0.0,1.0,0.023,0.071,0.081,2.13,12.21,6.48,83.4,Normal
2026-07-02 23:08:41.795,Bologna,Košice,None,0,75.0,80,1039.8,12,0.0,0.0,1.0,-0.046,0.047,0.082,2.13,12.21,6.48,83.4,Normal
2026-07-02 23:08:42.789,Bologna,Košice,None,0,74.6,80,1034.9,12,0.0,0.0,0.0,0.039,-0.012,0.115,2.13,12.21,6.48,83.4,Normal
2026-07-02 23:08:43.775,Bologna,Košice,None,0,74.2,80,1028.2,12,0.0,0.0,1.0,-0.02,0.027,0.176,2.13,12.21,6.48,83.4,Normal
2026-07-02 23:08:44.777,Bologna,Košice,None,0,73.3,80,1016.1,12,0.0,0.0,1.0,-0.007,-0.044,0.268,2.13,12.21,6.48,83.4,Normal
2026-07-02 23:08:45.776,Bologna,Košice,None,0,72.3,80,1002.1,12,0.0,0.0,-1.0,0.054,-0.011,0.304,2.13,12.21,6.48,83.4,Normal
2026-07-02 23:08:46.776,Bologna,Košice,None,0,71.2,80,986.8,12,0.0,0.0,1.0,-0.032,-0.033,0.334,2.13,12.21,6.48,83.4,Normal
2026-07-02 23:08:47.777,Bologna,Košice,None,0,70.0,80,1252.9,11,0.0,0.0,1.0,0.024,-0.052,0.322,2.13,12.21,6.48,83.4,Normal
2026-07-02 23:08:48.801,Bologna,Košice,None,0,68.8,80,1229.7,11,0.0,0.0,0.0,0.047,-0.086,0.391,2.13,12.21,6.48,83.4,Normal
2026-07-02 23:08:49.777,Bologna,Košice,None,0,67.5,80,1207.1,11,0.0,0.0,1.0,-0.043,-0.068,0.385,2.13,12.21,6.48,83.4,Normal
2026-07-02 23:08:50.792,Bologna,Košice,None,0,66.1,80,1182.4,11,0.0,0.0,1.0,0.022,0.013,0.356,2.13,12.22,6.48,83.4,Normal
2026-07-02 23:08:51.778,Bologna,Košice,None,0,64.8,80,1158.9,11,0.0,0.0,0.0,0.013,-0.035,0.383,2.13,12.22,6.48,83.4,Normal
2026-07-02 23:08:52.779,Bologna,Košice,None,0,63.4,80,1133.0,11,0.0,0.0,1.0,-0.076,-0.085,0.424,2.13,12.22,6.48,83.4,Normal
2026-07-02 23:08:53.793,Bologna,Košice,None,0,61.7,80,1103.3,11,0.0,0.0,0.0,0.011,0.044,0.544,2.13,12.22,6.48,83.4,Normal
2026-07-02 23:08:54.779,Bologna,Košice,None,0,59.3,80,1059.8,11,0.0,0.0,0.0,0.025,0.063,0.672,2.13,12.22,6.48,83.4,Normal
2026-07-02 23:08:55.780,Bologna,Košice,None,0,57.0,80,1018.8,11,0.0,0.0,-1.0,0.047,0.023,0.614,2.13,12.22,6.48,83.4,Normal
2026-07-02 23:08:56.797,Bologna,Košice,None,0,55.0,80,983.5,11,0.0,0.0,-1.0,0.036,0.059,0.531,2.14,12.23,6.48,83.4,Normal
2026-07-02 23:08:57.780,Bologna,Košice,None,0,53.2,80,1156.0,11,0.0,0.0,-1.0,0.044,0.13,0.543,2.14,12.23,6.48,83.4,Normal
2026-07-02 23:08:58.780,Bologna,Košice,None,0,51.2,80,1132.4,10,0.0,0.0,-1.0,0.064,0.018,0.604,2.14,12.23,6.48,83.4,Normal
2026-07-02 23:08:59.780,Bologna,Košice,None,0,49.1,80,1086.8,10,0.0,0.0,-1.0,0.019,0.111,0.545,2.14,12.23,6.48,83.4,Normal
2026-07-02 23:09:00.805,Bologna,Košice,None,0,47.3,80,1045.4,10,0.0,0.0,-1.0,-0.061,0.187,0.483,2.14,12.23,6.48,83.4,Normal
2026-07-02 23:09:01.781,Bologna,Košice,None,0,46.1,80,1021.7,10,0.0,0.0,0.0,-0.076,-0.145,0.196,2.14,12.23,6.48,83.4,Normal
2026-07-02 23:09:02.782,Bologna,Košice,None,0,45.6,80,1007.9,10,0.0,0.0,-1.0,0.089,0.152,0.108,2.14,12.23,6.48,83.4,Normal
2026-07-02 23:09:03.782,Bologna,Košice,None,0,45.8,80,1014.5,10,0.0,0.0,-1.0,0.019,-0.111,-0.175,2.14,12.23,6.48,83.4,Normal
2026-07-02 23:09:04.782,Bologna,Košice,None,0,47.2,80,1047.5,10,0.0,0.0,-1.0,-0.045,0.126,-0.55,2.14,12.23,6.48,83.4,Normal
2026-07-02 23:09:05.783,Bologna,Košice,None,0,49.5,80,1099.2,10,0.0,0.0,-1.0,-0.033,0.024,-0.688,2.14,12.23,6.48,83.4,Normal
2026-07-02 23:09:06.783,Bologna,Košice,None,0,51.9,80,1152.5,10,0.0,0.0,-1.0,-0.008,0.204,-0.683,2.14,12.23,6.48,83.4,Normal
2026-07-02 23:09:07.783,Bologna,Košice,None,0,54.1,80,1200.9,10,0.0,0.0,-1.0,-0.025,0.317,-0.565,2.14,12.23,6.48,83.4,Normal
2026-07-02 23:09:08.783,Bologna,Košice,None,0,55.6,80,1236.3,10,0.27,0.0,-1.0,-0.008,0.286,-0.388,2.14,12.24,6.48,83.4,Normal
2026-07-02 23:09:09.784,Bologna,Košice,None,0,57.0,80,1267.8,10,0.23,0.0,-1.0,0.014,-0.026,-0.384,2.14,12.24,6.48,83.4,Normal
2026-07-02 23:09:10.807,Bologna,Košice,None,0,58.0,80,1288.9,10,0.32,0.0,-1.0,0.001,-0.005,-0.249,2.14,12.24,6.48,83.4,Normal
2026-07-02 23:09:11.785,Bologna,Košice,None,0,59.0,80,1311.5,10,0.52,0.0,0.0,-0.103,0.013,-0.333,2.14,12.24,6.48,83.4,Normal
2026-07-02 23:09:12.809,Bologna,Košice,None,0,61.1,80,1360.8,10,0.65,0.0,0.0,-0.068,0.084,-0.69,2.14,12.24,6.48,83.4,Normal
2026-07-02 23:09:13.806,Bologna,Košice,None,0,63.0,80,1178.6,10,0.64,0.0,-1.0,0.004,0.082,-0.219,2.14,12.24,6.48,83.3,Normal
2026-07-02 23:09:14.801,Bologna,Košice,None,0,63.4,80,1138.1,11,0.69,0.0,-1.0,-0.13,-0.232,-0.219,2.14,12.24,6.48,83.3,Normal
2026-07-02 23:09:15.785,Bologna,Košice,None,0,64.6,80,1160.8,11,0.74,0.0,0.0,-0.045,0.008,-0.389,2.14,12.24,6.48,83.3,Normal
2026-07-02 23:09:16.786,Bologna,Košice,None,0,66.1,80,1187.7,11,0.72,0.0,0.0,-0.01,0.058,-0.435,2.14,12.24,6.48,83.3,Normal
2026-07-02 23:09:17.807,Bologna,Košice,None,0,68.0,80,1221.7,11,0.67,0.0,-1.0,0.033,0.013,-0.57,2.14,12.25,6.48,83.3,Normal
2026-07-02 23:09:18.798,Bologna,Košice,None,0,70.2,80,1261.9,11,0.74,0.0,0.0,-0.013,-0.0,-0.668,2.14,12.25,6.48,83.3,Normal
2026-07-02 23:09:19.803,Bologna,Košice,None,0,72.9,80,1309.8,11,0.76,0.0,1.0,-0.054,0.041,-0.793,2.14,12.25,6.48,83.2,Normal
2026-07-02 23:09:20.787,Bologna,Košice,None,0,75.7,80,1360.7,11,0.75,0.0,1.0,-0.021,-0.053,-0.809,2.14,12.25,6.48,83.2,Normal
2026-07-02 23:09:21.800,Bologna,Košice,None,0,78.1,80,1235.6,11,0.75,0.0,1.0,-0.023,0.123,-0.391,2.14,12.25,6.48,83.2,Normal
2026-07-02 23:09:22.788,Bologna,Košice,None,0,79.0,80,1099.1,12,0.75,0.0,1.0,-0.015,-0.014,-0.273,2.14,12.25,6.48,83.2,Normal
2026-07-02 23:09:23.808,Bologna,Košice,None,0,80.4,80,1115.0,12,0.0,0.0,0.0,0.047,0.116,-0.263,2.14,12.26,6.48,83.2,Normal
2026-07-02 23:11:52.840,Bologna,Košice,None,0,80.7,80,1119.7,12,0.0,0.0,0.0,0.023,-0.013,-0.04,2.14,12.26,6.48,83.2,Normal
2026-07-02 23:11:53.858,Bologna,Košice,None,0,80.8,80,1121.4,12,0.0,0.0,0.0,-0.001,0.05,-0.032,2.14,12.26,6.48,83.2,Normal
2026-07-02 23:11:54.842,Bologna,Košice,None,0,80.9,80,1122.3,12,0.0,0.0,-1.0,0.067,-0.065,-0.005,2.14,12.26,6.48,83.2,Normal
2026-07-02 23:11:55.842,Bologna,Košice,None,0,80.9,80,1122.5,12,0.0,0.0,-1.0,0.089,0.006,0.006,2.14,12.26,6.48,83.2,Normal
2026-07-02 23:11:56.842,Bologna,Košice,None,0,80.8,80,1120.8,12,0.0,0.0,-1.0,0.026,0.099,0.032,2.14,12.26,6.48,83.2,Normal
2026-07-02 23:11:57.865,Bologna,Košice,None,0,80.6,80,1117.7,12,0.0,0.0,-1.0,0.065,-0.064,0.096,2.14,12.27,6.48,83.2,Normal
2026-07-02 23:11:58.842,Bologna,Košice,None,0,80.3,80,1114.7,12,0.0,0.0,0.0,-0.028,-0.023,0.069,2.14,12.27,6.48,83.2,Normal
2026-07-02 23:11:59.843,Bologna,Košice,None,0,80.1,80,1113.0,12,0.0,0.0,-1.0,-0.008,0.015,0.04,2.14,12.27,6.48,83.2,Normal
2026-07-02 23:12:00.843,Bologna,Košice,None,0,80.0,80,1112.0,12,0.0,0.0,0.0,-0.051,0.033,0.026,2.14,12.27,6.48,83.1,Normal
2026-07-02 23:12:01.843,Bologna,Košice,None,0,80.0,80,1112.1,12,0.0,0.0,-1.0,0.067,0.027,-0.009,2.14,12.27,6.48,83.1,Normal
2026-07-02 23:12:02.862,Bologna,Košice,None,0,80.0,80,1112.7,12,0.0,0.0,-1.0,0.004,0.046,-0.012,2.14,12.27,6.48,83.1,Normal
2026-07-02 23:12:03.844,Bologna,Košice,None,0,80.1,80,1113.4,12,0.0,0.0,-1.0,-0.007,-0.019,-0.036,2.14,12.27,6.48,83.1,Normal
2026-07-02 23:12:04.857,Bologna,Košice,None,0,80.1,80,1114.1,12,0.0,0.0,-1.0,0.028,0.02,-0.021,2.14,12.27,6.48,83.1,Normal
2026-07-02 23:12:05.865,Bologna,Košice,None,0,80.2,80,1114.6,12,0.0,0.0,0.0,-0.085,0.024,-0.031,2.14,12.28,6.48,83.1,Normal
2026-07-02 23:12:06.860,Bologna,Košice,None,0,80.2,80,1115.0,12,0.0,0.0,-1.0,0.052,-0.044,0.007,2.14,12.28,6.48,83.0,Normal
2026-07-02 23:12:07.845,Bologna,Košice,None,0,80.2,80,1114.3,12,0.0,0.0,-1.0,0.038,0.031,0.012,2.14,12.28,6.48,83.0,Normal
2026-07-02 23:12:08.866,Bologna,Košice,None,0,80.1,80,1114.0,12,0.0,0.0,-1.0,-0.021,0.02,0.006,2.14,12.28,6.48,83.0,Normal
2026-07-02 23:12:09.845,Bologna,Košice,None,0,80.1,80,1114.2,12,0.0,0.0,-1.0,-0.057,-0.003,-0.006,2.14,12.29,6.48,83.0,Normal
2026-07-02 23:12:10.870,Bologna,Košice,None,0,80.2,80,1114.5,12,0.0,0.0,-1.0,0.068,-0.009,-0.0,2.14,12.29,6.48,83.0,Normal
2026-07-02 23:12:11.867,Bologna,Košice,None,0,80.2,80,1114.7,12,0.0,0.0,-1.0,0.01,-0.01,-0.006,2.14,12.29,6.48,83.0,Normal
2026-07-02 23:12:12.865,Bologna,Košice,None,0,80.2,80,1114.7,12,0.0,0.0,-1.0,0.004,-0.08,0.01,2.14,12.29,6.48,83.0,Normal
2026-07-02 23:12:13.865,Bologna,Košice,None,0,80.2,80,1115.0,12,0.0,0.0,-1.0,0.016,-0.079,-0.004,2.14,12.29,6.48,82.9,Normal
2026-07-02 23:12:14.848,Bologna,Košice,None,0,80.3,80,1115.4,12,0.0,0.0,-1.0,0.01,-0.102,-0.014,2.14,12.29,6.48,82.9,Normal
2026-07-02 23:12:15.848,Bologna,Košice,None,0,80.3,80,1115.1,12,0.0,0.0,0.0,-0.03,0.019,-0.004,2.14,12.29,6.48,82.9,Normal
2026-07-02 23:12:16.848,Bologna,Košice,None,0,80.3,80,1114.9,12,0.0,0.0,0.0,-0.037,0.055,0.013,2.14,12.29,6.48,82.9,Normal
2026-07-02 23:12:17.850,Bologna,Košice,None,0,80.2,80,1113.8,12,0.0,0.0,-1.0,0.023,-0.015,0.025,2.14,12.29,6.48,82.9,Normal
2026-07-02 23:12:18.850,Bologna,Košice,None,0,80.2,80,1113.4,12,0.0,0.0,1.0,-0.049,-0.039,0.007,2.14,12.29,6.48,82.9,Normal
2026-07-02 23:12:19.850,Bologna,Košice,None,0,80.2,80,1113.3,12,0.0,0.0,0.0,-0.005,-0.052,-0.0,2.14,12.29,6.48,82.9,Normal
2026-07-02 23:12:20.869,Bologna,Košice,None,0,80.2,80,1113.3,12,0.0,0.0,1.0,-0.041,-0.094,0.011,2.14,12.29,6.48,82.9,Normal
2026-07-02 23:12:21.851,Bologna,Košice,None,0,80.2,80,1113.2,12,0.0,0.0,0.0,-0.008,-0.04,-0.003,2.14,12.29,6.48,82.9,Normal
2026-07-02 23:12:22.851,Bologna,Košice,None,0,80.2,80,1113.1,12,0.0,0.0,0.0,-0.003,0.01,0.003,2.14,12.3,6.48,82.9,Normal
2026-07-02 23:12:23.850,Bologna,Košice,None,0,80.2,80,1113.5,12,0.0,0.0,0.0,0.004,0.098,-0.011,2.14,12.3,6.48,82.9,Normal
2026-07-02 23:12:24.851,Bologna,Košice,None,0,80.2,80,1113.2,12,0.0,0.0,0.0,0.027,0.071,0.002,2.14,12.3,6.48,82.9,Normal
2026-07-02 23:12:25.851,Bologna,Košice,None,0,80.2,80,1113.0,12,0.0,0.0,0.0,-0.009,0.023,0.005,2.14,12.3,6.48,82.9,Normal
2026-07-02 23:12:26.851,Bologna,Košice,None,0,80.2,80,1113.1,12,0.0,0.0,0.0,0.021,0.041,0.003,2.14,12.3,6.48,82.9,Normal
2026-07-02 23:12:27.851,Bologna,Košice,None,0,80.2,80,1113.1,12,0.0,0.0,0.0,0.003,0.045,-0.004,2.14,12.3,6.48,82.9,Normal
2026-07-02 23:12:28.864,Bologna,Košice,None,0,80.2,80,1113.1,12,0.0,0.0,0.0,0.021,-0.08,0.003,2.14,12.3,6.48,82.9,Normal
2026-07-02 23:12:29.852,Bologna,Košice,None,0,80.2,80,1113.2,12,0.0,0.0,0.0,0.001,-0.092,0.01,2.14,12.3,6.48,82.9,Normal
2026-07-02 23:12:30.852,Bologna,Košice,None,0,80.2,80,1113.3,12,0.0,0.0,0.0,-0.004,0.041,-0.002,2.14,12.3,6.48,82.9,Normal
2026-07-02 23:12:31.869,Bologna,Košice,None,0,80.2,80,1113.2,12,0.0,0.0,0.0,-0.026,0.039,-0.006,2.14,12.3,6.48,82.9,Normal
2026-07-02 23:12:32.878,Bologna,Košice,None,0,80.2,80,1113.3,12,0.0,0.0,0.0,0.015,-0.018,-0.004,2.14,12.3,6.48,82.9,Normal
2026-07-02 23:12:33.852,Bologna,Košice,None,0,80.2,80,1113.1,12,0.0,0.0,0.0,-0.022,-0.067,0.004,2.14,12.3,6.48,82.9,Normal
2026-07-02 23:12:34.853,Bologna,Košice,None,0,80.2,80,1113.3,12,0.0,0.0,0.0,-0.004,0.096,-0.01,2.14,12.3,6.48,82.9,Normal
2026-07-02 23:12:35.854,Bologna,Košice,None,0,80.2,80,1113.3,12,0.0,0.0,0.0,-0.028,-0.004,-0.002,2.14,12.3,6.48,82.9,Normal
2026-07-02 23:12:36.855,Bologna,Košice,None,0,80.2,80,1113.1,12,0.0,0.0,1.0,-0.017,-0.053,0.004,2.14,12.3,6.48,82.9,Normal
2026-07-02 23:12:37.855,Bologna,Košice,None,0,80.2,80,1113.3,12,0.0,0.0,0.0,0.03,0.063,-0.008,2.14,12.3,6.48,82.9,Normal
2026-07-02 23:12:38.855,Bologna,Košice,None,0,80.2,80,1113.1,12,0.0,0.0,1.0,-0.006,-0.01,-0.0,2.14,12.3,6.48,82.9,Normal
2026-07-02 23:12:39.876,Bologna,Košice,None,0,80.2,80,1113.2,12,0.0,0.0,-1.0,0.067,-0.008,0.002,2.14,12.3,6.48,82.9,Normal
2026-07-02 23:12:40.855,Bologna,Košice,None,0,80.2,80,1113.1,12,0.0,0.0,0.0,-0.023,0.063,-0.006,2.14,12.3,6.48,82.9,Normal
2026-07-02 23:12:41.856,Bologna,Košice,None,0,80.2,80,1113.2,12,0.0,0.0,0.0,-0.005,-0.029,0.002,2.14,12.3,6.48,82.9,Normal
2026-07-02 23:12:42.856,Bologna,Košice,None,0,80.2,80,1113.1,12,0.0,0.0,1.0,-0.028,0.094,-0.007,2.14,12.3,6.48,82.9,Normal
2026-07-02 23:12:43.857,Bologna,Košice,None,0,80.2,80,1113.3,12,0.0,0.0,1.0,-0.019,0.051,-0.017,2.14,12.3,6.48,82.9,Normal
2026-07-02 23:12:44.857,Bologna,Košice,None,0,80.3,80,1113.9,12,0.0,0.0,1.0,-0.045,-0.002,-0.021,2.14,12.3,6.48,82.9,Normal
2026-07-02 23:12:45.857,Bologna,Košice,None,0,80.3,80,1113.8,12,0.0,0.0,1.0,0.055,0.01,0.003,2.14,12.3,6.48,82.9,Normal
2026-07-02 23:12:46.880,Bologna,Košice,None,0,80.2,80,1113.3,12,0.0,0.0,1.0,-0.091,0.041,0.003,2.14,12.3,6.48,82.9,Normal
2026-07-02 23:12:47.872,Bologna,Košice,None,0,80.2,80,1112.9,12,0.0,0.0,1.0,0.007,-0.083,0.018,2.14,12.3,6.48,82.9,Normal
2026-07-02 23:12:48.857,Bologna,Košice,None,0,80.1,80,1112.4,12,0.0,0.0,1.0,-0.016,0.005,0.0,2.14,12.3,6.48,82.9,Normal
2026-07-02 23:12:49.883,Bologna,Košice,None,0,80.1,80,1112.1,12,0.0,0.0,1.0,0.018,-0.018,0.015,2.14,12.3,6.48,82.9,Normal
2026-07-02 23:12:50.858,Bologna,Košice,None,0,80.0,80,1111.7,12,0.0,0.0,1.0,-0.028,-0.004,0.016,2.14,12.3,6.48,82.9,Normal
2026-07-02 23:12:51.876,Bologna,Košice,None,0,80.0,80,1111.7,12,0.0,0.0,1.0,-0.007,0.026,0.005,2.14,12.3,6.48,82.9,Normal
2026-07-02 23:12:52.870,Bologna,Košice,None,0,80.0,80,1112.2,12,0.0,0.0,1.0,-0.075,0.023,0.002,2.14,12.3,6.48,82.9,Normal
2026-07-02 23:12:53.880,Bologna,Košice,None,0,80.0,80,1112.7,12,0.0,0.0,1.0,0.02,-0.062,0.002,2.14,12.31,6.48,82.8,Normal
2026-07-02 23:12:54.861,Bologna,Košice,None,0,80.1,80,1113.0,12,0.0,0.0,1.0,0.007,-0.064,-0.005,2.14,12.31,6.48,82.8,Normal
2026-07-02 23:12:55.884,Bologna,Košice,None,0,80.0,80,1113.1,12,0.0,0.0,1.0,0.011,-0.011,0.004,2.14,12.31,6.48,82.8,Normal
2026-07-02 23:12:56.880,Bologna,Košice,None,0,80.1,80,1113.5,12,0.0,0.0,1.0,0.002,-0.032,0.002,2.14,12.31,6.48,82.8,Normal
2026-07-02 23:12:57.862,Bologna,Košice,None,0,80.1,80,1114.0,12,0.0,0.0,1.0,-0.058,0.039,-0.003,2.14,12.31,6.48,82.8,Normal
2026-07-02 23:12:58.881,Bologna,Košice,None,0,80.0,80,1113.3,12,0.0,0.0,1.0,-0.014,-0.018,0.026,2.15,12.32,6.48,82.8,Normal
2026-07-02 23:12:59.878,Bologna,Košice,None,0,79.9,80,1112.7,12,0.0,0.0,0.0,0.092,0.015,0.017,2.15,12.32,6.48,82.7,Normal
2026-07-02 23:13:00.876,Bologna,Košice,None,0,80.0,80,1113.3,12,0.0,0.0,-1.0,0.069,-0.038,-0.018,2.15,12.32,6.48,82.7,Normal
2026-07-02 23:13:01.863,Bologna,Košice,None,0,80.1,80,1114.7,12,0.0,0.0,0.0,0.005,-0.015,-0.054,2.15,12.32,6.48,82.7,Normal
2026-07-02 23:13:02.863,Bologna,Košice,None,0,80.2,80,1115.8,12,0.0,0.0,-1.0,0.075,-0.016,-0.022,2.15,12.32,6.48,82.7,Normal
2026-07-02 23:13:03.864,Bologna,Košice,None,0,80.3,80,1117.2,12,0.0,0.0,-1.0,0.005,-0.044,-0.039,2.15,12.32,6.48,82.6,Normal
2026-07-02 23:13:04.864,Bologna,Košice,None,0,80.4,80,1118.0,12,0.0,0.0,-1.0,-0.013,-0.013,-0.024,2.15,12.32,6.48,82.6,Normal
2026-07-02 23:13:05.864,Bologna,Košice,None,0,80.5,80,1118.0,12,0.0,0.0,0.0,-0.068,0.108,-0.002,2.15,12.33,6.48,82.6,Normal
2026-07-02 23:13:06.888,Bologna,Košice,None,0,80.5,80,1117.9,12,0.0,0.0,-1.0,-0.031,0.102,0.018,2.15,12.33,6.48,82.6,Normal
2026-07-02 23:13:07.867,Bologna,Košice,None,0,80.4,80,1116.2,12,0.0,0.0,-1.0,0.043,-0.008,0.031,2.15,12.33,6.48,82.6,Normal
2026-07-02 23:13:08.878,Bologna,Košice,None,0,80.3,80,1114.7,12,0.0,0.0,-1.0,-0.038,0.056,0.022,2.15,12.33,6.48,82.6,Normal
2026-07-02 23:13:09.866,Bologna,Košice,None,0,80.1,80,1112.6,12,0.0,0.0,-1.0,-0.013,-0.079,0.055,2.15,12.33,6.48,82.6,Normal
2026-07-02 23:13:10.866,Bologna,Košice,None,0,80.0,80,1111.7,12,0.0,0.0,-1.0,0.092,-0.043,0.035,2.15,12.33,6.48,82.6,Normal
2026-07-02 23:13:11.891,Bologna,Košice,None,0,79.9,80,1111.2,12,0.0,0.0,-1.0,-0.056,-0.018,0.011,2.15,12.33,6.48,82.6,Normal
2026-07-02 23:13:12.866,Bologna,Košice,None,0,79.9,80,1111.9,12,0.0,0.0,-1.0,0.012,-0.018,-0.023,2.15,12.34,6.48,82.5,Normal
2026-07-02 23:13:13.867,Bologna,Košice,None,0,80.0,80,1112.9,12,0.0,0.0,-1.0,0.045,-0.094,-0.019,2.15,12.34,6.48,82.5,Normal
2026-07-02 23:13:14.883,Bologna,Košice,None,0,80.0,80,1113.9,12,0.0,0.0,-1.0,0.026,0.072,-0.027,2.15,12.34,6.48,82.5,Normal
2026-07-02 23:13:15.868,Bologna,Košice,None,0,80.2,80,1114.9,12,0.0,0.0,-1.0,-0.024,0.048,-0.028,2.15,12.34,6.48,82.5,Normal
2026-07-02 23:13:16.868,Bologna,Košice,None,0,80.2,80,1115.9,12,0.0,0.0,-1.0,0.005,0.055,-0.031,2.15,12.34,6.48,82.5,Normal
2026-07-02 23:13:17.892,Bologna,Košice,None,0,80.3,80,1116.5,12,0.0,0.0,-1.0,0.033,-0.03,-0.018,2.15,12.35,6.48,82.5,Normal
2026-07-02 23:13:18.870,Bologna,Košice,None,0,80.3,80,1116.0,12,0.0,0.0,-1.0,0.017,0.022,0.01,2.15,12.35,6.48,82.4,Normal
2026-07-02 23:13:19.869,Bologna,Košice,None,0,80.3,80,1115.0,12,0.0,0.0,1.0,-0.084,0.076,0.011,2.15,12.35,6.48,82.4,Normal
2026-07-02 23:13:20.870,Bologna,Košice,None,0,80.2,80,1114.5,12,0.0,0.0,-1.0,-0.001,0.202,0.014,2.15,12.35,6.48,82.4,Normal
2026-07-02 23:13:21.871,Bologna,Košice,None,0,80.2,80,1114.3,12,0.0,0.0,-1.0,0.034,0.065,0.005,2.15,12.35,6.48,82.4,Normal
2026-07-02 23:13:22.889,Bologna,Košice,None,0,80.2,80,1114.3,12,0.0,0.0,-1.0,0.021,0.028,-0.007,2.15,12.35,6.48,82.4,Normal
2026-07-02 23:13:23.871,Bologna,Košice,None,0,80.2,80,1113.7,12,0.0,0.0,-1.0,0.036,0.018,0.001,2.15,12.35,6.48,82.4,Normal
2026-07-02 23:13:24.871,Bologna,Košice,None,0,80.2,80,1113.6,12,0.0,0.0,-1.0,0.011,-0.009,0.003,2.15,12.36,6.48,82.4,Normal
2026-07-02 23:13:25.872,Bologna,Košice,None,0,80.1,80,1113.2,12,0.0,0.0,-1.0,0.024,-0.089,0.011,2.15,12.36,6.48,82.4,Normal
2026-07-02 23:13:26.872,Bologna,Košice,None,0,80.2,80,1113.4,12,0.0,0.0,-1.0,0.016,0.007,-0.001,2.15,12.36,6.48,82.4,Normal
2026-07-02 23:13:27.872,Bologna,Košice,None,0,80.2,80,1113.6,12,0.0,0.0,-1.0,-0.019,-0.039,-0.0,2.15,12.36,6.48,82.4,Normal
2026-07-02 23:13:28.885,Bologna,Košice,None,0,80.2,80,1113.7,12,0.0,0.0,-1.0,0.007,-0.077,-0.003,2.15,12.36,6.48,82.3,Normal
2026-07-02 23:13:29.894,Bologna,Košice,None,0,80.2,80,1113.5,12,0.0,0.0,1.0,-0.078,0.001,0.002,2.15,12.36,6.48,82.3,Normal
2026-07-02 23:13:30.874,Bologna,Košice,None,0,80.2,80,1113.4,12,0.0,0.0,0.0,-0.044,0.01,0.007,2.15,12.36,6.48,82.3,Normal
2026-07-02 23:13:31.883,Bologna,Košice,None,0,80.2,80,1113.4,12,0.0,0.0,1.0,-0.027,-0.085,0.015,2.15,12.37,6.48,82.3,Normal
2026-07-02 23:13:32.874,Bologna,Košice,None,0,80.2,80,1113.5,12,0.0,0.0,1.0,-0.004,0.012,-0.003,2.15,12.37,6.48,82.3,Normal
2026-07-02 23:13:33.890,Bologna,Košice,None,0,80.2,80,1113.5,12,0.0,0.0,1.0,-0.025,-0.014,0.002,2.15,12.37,6.48,82.3,Normal
2026-07-02 23:13:34.885,Bologna,Košice,None,0,80.2,80,1113.6,12,0.0,0.0,1.0,-0.349,0.023,-0.003,2.15,12.37,6.49,82.3,Normal
2026-07-02 23:13:35.896,Bologna,Košice,None,0,80.2,80,1113.6,12,0.0,0.0,0.0,0.025,-0.035,0.001,2.15,12.37,6.49,82.3,Normal
2026-07-02 23:13:36.876,Bologna,Košice,None,0,80.2,80,1113.5,12,0.0,0.0,0.0,0.018,0.063,-0.013,2.15,12.38,6.49,82.3,Normal
2026-07-02 23:13:37.877,Bologna,Košice,None,0,80.1,80,1113.0,12,0.0,0.0,0.0,0.035,-0.025,0.022,2.15,12.38,6.49,82.3,Normal
2026-07-02 23:13:38.894,Bologna,Košice,None,0,80.1,80,1112.8,12,0.0,0.0,0.0,0.05,-0.001,0.076,2.15,12.38,6.49,82.2,Normal
2026-07-02 23:13:39.888,Bologna,Košice,None,0,80.2,80,1113.9,12,0.0,0.0,0.0,0.028,0.111,-0.039,2.15,12.38,6.49,82.2,Normal
2026-07-02 23:13:40.878,Bologna,Košice,None,0,80.3,80,1114.4,12,0.0,0.0,0.0,0.021,0.085,-0.016,2.15,12.38,6.49,82.2,Normal
2026-07-02 23:13:41.878,Bologna,Košice,None,0,80.3,80,1114.5,12,0.0,0.0,0.0,0.007,-0.017,0.002,2.15,12.38,6.49,82.2,Normal
2026-07-02 23:13:42.879,Bologna,Košice,None,0,80.4,80,1115.4,12,0.0,0.0,1.0,-0.03,-0.062,-0.02,2.15,12.38,6.49,82.2,Normal
2026-07-02 23:13:43.903,Bologna,Košice,None,0,80.7,80,1119.7,12,0.0,0.0,0.0,0.015,0.003,-0.106,2.15,12.39,6.49,82.2,Normal
2026-07-02 23:13:44.879,Bologna,Košice,None,0,81.2,80,1126.2,12,0.0,0.0,0.0,0.016,0.022,-0.154,2.15,12.39,6.49,82.2,Normal
2026-07-02 23:13:45.879,Bologna,Košice,None,0,81.7,80,1133.7,12,0.0,0.0,1.0,-0.002,0.016,-0.153,2.15,12.39,6.49,82.2,Normal
2026-07-02 23:13:46.896,Bologna,Košice,None,0,82.2,80,1140.5,12,0.0,0.0,0.0,0.043,0.023,-0.121,2.15,12.39,6.49,82.2,Normal
2026-07-02 23:13:47.881,Bologna,Košice,None,0,82.5,80,1144.0,12,0.0,0.0,1.0,-0.041,0.01,-0.046,2.15,12.39,6.49,82.2,Normal
2026-07-02 23:13:48.880,Bologna,Košice,None,0,82.4,80,1142.9,12,0.0,0.0,1.0,-0.037,0.014,0.072,2.15,12.4,6.49,82.2,Normal
2026-07-02 23:13:49.881,Bologna,Košice,None,0,81.8,80,1134.4,12,0.0,0.0,1.0,-0.006,-0.03,0.219,2.15,12.4,6.49,82.2,Normal
2026-07-02 23:13:50.881,Bologna,Košice,None,0,80.8,80,1121.9,12,0.0,0.0,1.0,-0.036,-0.106,0.334,2.15,12.4,6.49,82.2,Normal
2026-07-02 23:13:51.893,Bologna,Košice,None,0,79.8,80,1111.5,12,0.0,0.0,1.0,0.086,-0.093,0.195,2.15,12.4,6.49,82.2,Normal
2026-07-02 23:13:52.903,Bologna,Košice,None,0,79.2,80,1102.9,12,0.0,0.0,1.0,0.049,0.029,0.175,2.15,12.4,6.49,82.2,Normal
2026-07-02 23:13:53.882,Bologna,Košice,None,0,78.6,80,1094.0,12,0.0,0.0,-1.0,0.043,0.014,0.173,2.15,12.4,6.49,82.1,Normal
2026-07-02 23:13:54.906,Bologna,Košice,None,0,78.1,80,1087.3,12,0.0,0.0,0.0,0.027,0.039,0.09,2.15,12.4,6.49,82.1,Normal
2026-07-02 23:13:55.895,Bologna,Košice,None,0,78.1,80,1087.6,12,0.0,0.0,1.0,-0.115,0.037,-0.074,2.16,12.41,6.49,82.1,Normal
2026-07-02 23:13:56.907,Bologna,Košice,None,0,78.8,80,1097.7,12,0.0,0.0,1.0,-0.097,-0.029,-0.223,2.16,12.41,6.49,82.1,Normal
2026-07-02 23:13:57.884,Bologna,Košice,None,0,79.6,80,1108.1,12,0.0,0.0,0.0,0.084,-0.064,-0.228,2.16,12.41,6.49,82.0,Normal
2026-07-02 23:13:58.885,Bologna,Košice,None,0,80.2,80,1114.4,12,0.0,0.0,-1.0,0.014,0.035,-0.113,2.16,12.41,6.49,82.0,Normal
2026-07-02 23:13:59.885,Bologna,Košice,None,0,80.4,80,1115.3,12,0.0,0.0,-1.0,0.063,0.015,-0.012,2.16,12.41,6.49,82.0,Normal
2026-07-02 23:14:00.886,Bologna,Košice,None,0,80.4,80,1114.9,12,0.0,0.0,-1.0,-0.003,-0.022,0.001,2.16,12.41,6.49,82.0,Normal
2026-07-02 23:14:01.886,Bologna,Košice,None,0,80.4,80,1115.7,12,0.0,0.0,-1.0,-0.021,0.03,-0.036,2.16,12.41,6.49,82.0,Normal
2026-07-02 23:14:02.887,Bologna,Košice,None,0,80.7,80,1119.3,12,0.0,0.0,-1.0,-0.019,0.007,-0.139,2.16,12.42,6.49,82.0,Normal
2026-07-02 23:14:03.897,Bologna,Košice,None,0,81.5,80,1130.4,12,0.0,0.0,-1.0,-0.081,-0.023,-0.265,2.16,12.42,6.49,82.0,Normal
2026-07-02 23:14:04.907,Bologna,Košice,None,0,82.6,80,1146.0,12,0.0,0.0,-1.0,-0.035,-0.072,-0.335,2.16,12.42,6.49,82.0,Normal
2026-07-02 23:14:05.900,Bologna,Košice,None,0,83.8,80,1161.9,12,0.0,0.0,-1.0,0.031,0.076,-0.286,2.16,12.42,6.49,82.0,Normal
2026-07-02 23:14:06.908,Bologna,Košice,None,0,83.9,80,1163.3,12,0.0,0.0,-1.0,0.004,0.009,0.045,2.16,12.42,6.49,82.0,Normal
2026-07-02 23:14:07.887,Bologna,Košice,None,0,83.5,80,1157.9,12,0.0,0.0,-1.0,-0.007,0.102,0.134,2.16,12.43,6.49,82.0,Normal
2026-07-02 23:14:08.888,Bologna,Košice,None,0,83.0,80,1150.3,12,0.0,0.0,-1.0,-0.002,-0.068,0.155,2.16,12.43,6.49,82.0,Normal
2026-07-02 23:14:09.888,Bologna,Košice,None,0,82.5,80,1144.9,12,0.0,0.0,-1.0,-0.02,0.177,0.009,2.16,12.43,6.49,82.0,Normal
2026-07-02 23:14:10.901,Bologna,Košice,None,0,82.9,80,1150.7,12,0.0,0.0,-1.0,0.02,0.096,-0.138,2.16,12.43,6.49,82.0,Normal
2026-07-02 23:14:11.889,Bologna,Košice,None,0,83.3,80,1155.8,12,0.0,0.0,-1.0,-0.038,0.008,-0.089,2.16,12.43,6.49,82.0,Normal
2026-07-02 23:14:12.889,Bologna,Košice,None,0,83.4,80,1156.4,12,0.0,0.0,-1.0,0.018,-0.119,0.014,2.16,12.43,6.49,82.0,Normal
2026-07-02 23:14:13.890,Bologna,Košice,None,0,83.1,80,1152.0,12,0.0,0.0,-1.0,0.043,0.037,0.139,2.16,12.43,6.49,82.0,Normal
2026-07-02 23:14:14.890,Bologna,Košice,None,0,82.2,80,1139.5,12,0.0,0.0,-1.0,-0.038,-0.026,0.327,2.16,12.44,6.49,82.0,Normal
2026-07-02 23:14:15.891,Bologna,Košice,None,0,80.7,80,1118.8,12,0.0,0.0,0.0,-0.078,-0.052,0.462,2.16,12.44,6.49,82.0,Normal
2026-07-02 23:14:16.890,Bologna,Košice,None,0,79.7,80,1110.5,12,0.0,0.0,0.0,-0.037,-0.109,0.065,2.16,12.44,6.49,82.0,Normal
2026-07-02 23:14:17.891,Bologna,Košice,None,0,79.7,80,1110.2,12,0.0,0.0,1.0,-0.111,-0.053,-0.004,2.16,12.44,6.49,82.0,Normal
2026-07-02 23:14:18.891,Bologna,Košice,None,0,79.8,80,1111.7,12,0.0,0.0,1.0,-0.105,0.029,-0.038,2.16,12.44,6.49,81.9,Normal
2026-07-02 23:14:19.892,Bologna,Košice,None,0,80.1,80,1116.0,12,0.0,0.0,1.0,-0.023,0.127,-0.102,2.16,12.44,6.49,81.9,Normal
2026-07-02 23:14:20.892,Bologna,Košice,None,0,80.5,80,1120.6,12,0.0,0.0,0.0,0.074,0.135,-0.07,2.16,12.44,6.49,81.9,Normal
2026-07-02 23:14:21.892,Bologna,Košice,None,0,80.7,80,1121.1,12,0.0,0.0,1.0,0.013,0.071,0.011,2.16,12.45,6.49,81.9,Normal
2026-07-02 23:14:22.892,Bologna,Košice,None,0,80.6,80,1120.1,12,0.0,0.0,0.0,0.067,-0.025,0.02,2.16,12.45,6.49,81.9,Normal
2026-07-02 23:14:23.893,Bologna,Košice,None,0,80.5,80,1119.3,12,0.0,0.0,1.0,-0.067,0.01,0.01,2.16,12.45,6.49,81.9,Normal
2026-07-02 23:14:24.892,Bologna,Košice,None,0,80.5,80,1118.8,12,0.0,0.0,1.0,-0.008,-0.006,0.014,2.16,12.45,6.49,81.8,Normal
2026-07-02 23:14:25.893,Bologna,Košice,None,0,80.5,80,1118.7,12,0.0,0.0,1.0,0.019,-0.009,-0.0,2.16,12.45,6.49,81.8,Normal
2026-07-02 23:14:26.893,Bologna,Košice,None,0,80.5,80,1118.6,12,0.0,0.0,1.0,0.035,-0.018,0.013,2.16,12.46,6.49,81.8,Normal
2026-07-02 23:14:27.907,Bologna,Košice,None,0,80.5,80,1118.5,12,0.0,0.0,1.0,0.005,0.071,0.005,2.16,12.46,6.49,81.8,Normal
2026-07-02 23:14:28.893,Bologna,Košice,None,0,80.5,80,1118.7,12,0.0,0.0,1.0,0.003,-0.065,0.006,2.16,12.46,6.49,81.8,Normal
2026-07-02 23:14:29.916,Bologna,Košice,None,0,80.5,80,1118.8,12,0.0,0.0,0.0,0.068,-0.002,-0.006,2.16,12.46,6.49,81.8,Normal
2026-07-02 23:14:30.911,Bologna,Košice,None,0,80.5,80,1118.4,12,0.0,0.0,1.0,-0.007,-0.008,0.011,2.16,12.46,6.49,81.7,Normal
2026-07-02 23:14:31.913,Bologna,Košice,None,0,80.4,80,1118.3,12,0.0,0.0,1.0,-0.03,-0.046,0.012,2.16,12.46,6.49,81.7,Normal
2026-07-02 23:14:32.894,Bologna,Košice,None,0,80.4,80,1117.9,12,0.0,0.0,0.0,0.065,-0.07,-0.002,2.16,12.46,6.49,81.7,Normal
2026-07-02 23:14:33.906,Bologna,Košice,None,0,80.4,80,1118.2,12,0.0,0.0,1.0,-0.004,-0.118,0.016,2.16,12.47,6.49,81.7,Normal
2026-07-02 23:14:34.895,Bologna,Košice,None,0,80.5,80,1118.6,12,0.0,0.0,1.0,0.005,0.029,-0.017,2.16,12.47,6.49,81.7,Normal
2026-07-02 23:14:35.920,Bologna,Košice,None,0,80.5,80,1118.9,12,0.0,0.0,1.0,-0.015,0.027,-0.005,2.16,12.47,6.49,81.7,Normal
2026-07-02 23:14:36.910,Bologna,Košice,None,0,80.6,80,1118.9,12,0.0,0.0,1.0,0.0,-0.031,-0.007,2.16,12.47,6.49,81.7,Normal
2026-07-02 23:14:37.908,Bologna,Košice,None,0,80.6,80,1119.1,12,0.0,0.0,0.0,0.043,0.01,-0.016,2.16,12.47,6.49,81.6,Normal
2026-07-02 23:14:38.896,Bologna,Košice,None,0,80.6,80,1118.6,12,0.0,0.0,0.0,0.011,-0.086,0.024,2.16,12.47,6.49,81.6,Normal
2026-07-02 23:14:39.922,Bologna,Košice,None,0,80.5,80,1117.8,12,0.0,0.0,0.0,0.003,-0.069,0.015,2.16,12.47,6.49,81.6,Normal
2026-07-02 23:14:40.920,Bologna,Košice,None,0,80.5,80,1117.4,12,0.0,0.0,1.0,-0.011,-0.042,0.004,2.16,12.47,6.49,81.6,Normal
2026-07-02 23:14:41.912,Bologna,Košice,None,0,80.5,80,1117.2,12,0.0,0.0,1.0,-0.004,-0.045,0.007,2.16,12.47,6.49,81.6,Normal
2026-07-02 23:14:42.910,Bologna,Košice,None,0,80.5,80,1117.3,12,0.0,0.0,0.0,0.039,-0.004,-0.006,2.16,12.47,6.49,81.6,Normal
2026-07-02 23:14:43.923,Bologna,Košice,None,0,80.4,80,1117.1,12,0.0,0.0,0.0,-0.031,-0.056,0.008,2.16,12.47,6.49,81.6,Normal
2026-07-02 23:14:44.916,Bologna,Košice,None,0,80.5,80,1117.2,12,0.0,0.0,0.0,-0.071,0.063,-0.004,2.16,12.47,6.49,81.6,Normal
2026-07-02 23:14:45.899,Bologna,Košice,None,0,80.5,80,1117.6,12,0.0,0.0,1.0,-0.013,0.204,-0.021,2.16,12.47,6.49,81.6,Normal
2026-07-02 23:14:46.923,Bologna,Košice,None,0,80.4,80,1117.2,12,0.0,0.0,1.0,-0.013,0.155,-0.007,2.16,12.47,6.49,81.6,Normal
2026-07-02 23:14:47.901,Bologna,Košice,None,0,80.4,80,1116.9,12,0.0,0.0,-1.0,0.037,0.042,-0.001,2.16,12.47,6.49,81.6,Normal
2026-07-02 23:14:48.900,Bologna,Košice,None,0,80.5,80,1117.4,12,0.0,0.0,0.0,-0.032,0.149,-0.012,2.16,12.47,6.49,81.6,Normal
2026-07-02 23:14:49.901,Bologna,Košice,None,0,80.4,80,1116.8,12,0.0,0.0,1.0,-0.015,0.006,0.009,2.16,12.47,6.49,81.6,Normal
2026-07-02 23:14:50.901,Bologna,Košice,None,0,80.5,80,1117.2,12,0.0,0.0,-1.0,0.15,-0.082,-0.003,2.16,12.47,6.49,81.6,Normal
2026-07-02 23:14:51.926,Bologna,Košice,None,0,80.4,80,1117.2,12,0.0,0.0,0.0,-0.02,0.022,-0.005,2.16,12.48,6.49,81.6,Normal
2026-07-02 23:14:52.920,Bologna,Košice,None,0,80.4,80,1117.0,12,0.0,0.0,0.0,-0.0,0.071,-0.005,2.16,12.48,6.49,81.6,Normal
2026-07-02 23:14:53.912,Bologna,Košice,None,0,80.4,80,1117.1,12,0.0,0.0,1.0,-0.005,-0.005,0.007,2.16,12.48,6.49,81.6,Normal
2026-07-02 23:14:54.902,Bologna,Košice,None,0,80.4,80,1117.1,12,0.0,0.0,1.0,0.009,0.068,-0.007,2.16,12.48,6.49,81.6,Normal
2026-07-02 23:14:55.919,Bologna,Košice,None,0,80.5,80,1117.2,12,0.0,0.0,1.0,-0.013,-0.023,-0.008,2.16,12.48,6.49,81.6,Normal
2026-07-02 23:14:56.903,Bologna,Košice,None,0,80.4,80,1117.0,12,0.0,0.0,1.0,-0.026,0.018,-0.012,2.16,12.48,6.49,81.6,Normal
2026-07-02 23:14:57.922,Bologna,Košice,None,0,80.4,80,1117.1,12,0.0,0.0,1.0,-0.048,0.034,0.003,2.16,12.48,6.49,81.6,Normal
2026-07-02 23:14:58.915,Bologna,Košice,None,0,80.4,80,1117.1,12,0.0,0.0,1.0,-0.028,0.116,-0.004,2.16,12.48,6.49,81.6,Normal
2026-07-02 23:14:59.928,Bologna,Košice,None,0,80.4,80,1117.1,12,0.0,0.0,1.0,-0.078,0.037,-0.004,2.16,12.48,6.49,81.6,Normal
2026-07-02 23:15:00.923,Bologna,Košice,None,0,80.4,80,1117.3,12,0.0,0.0,1.0,0.063,-0.083,-0.003,2.16,12.48,6.49,81.6,Normal
2026-07-02 23:15:01.924,Bologna,Košice,None,0,80.4,80,1116.9,12,0.0,0.0,1.0,0.039,-0.054,0.007,2.16,12.48,6.49,81.6,Normal
2026-07-02 23:15:02.918,Bologna,Košice,None,0,80.4,80,1117.0,12,0.0,0.0,1.0,0.031,0.015,-0.009,2.16,12.48,6.49,81.6,Normal
2026-07-02 23:15:03.905,Bologna,Košice,None,0,80.5,80,1117.3,12,0.0,0.0,1.0,-0.05,0.001,-0.006,2.16,12.48,6.49,81.6,Normal
2026-07-02 23:15:04.906,Bologna,Košice,None,0,80.5,80,1117.6,12,0.0,0.0,1.0,0.053,-0.013,-0.005,2.16,12.48,6.49,81.6,Normal
2026-07-02 23:15:05.907,Bologna,Košice,None,0,80.5,80,1117.4,12,0.0,0.0,-1.0,0.082,-0.03,0.001,2.16,12.48,6.49,81.6,Normal
2026-07-02 23:15:06.907,Bologna,Košice,None,0,80.5,80,1117.7,12,0.0,0.0,1.0,0.021,0.069,-0.014,2.16,12.48,6.49,81.6,Normal
2026-07-02 23:15:07.908,Bologna,Košice,None,0,80.5,80,1117.8,12,0.0,0.0,1.0,-0.077,0.059,-0.007,2.16,12.48,6.49,81.6,Normal
2026-07-02 23:15:08.908,Bologna,Košice,None,0,80.5,80,1117.6,12,0.0,0.0,1.0,-0.055,-0.019,-0.001,2.16,12.48,6.49,81.6,Normal
2026-07-02 23:15:09.908,Bologna,Košice,None,0,80.5,80,1117.6,12,0.0,0.0,1.0,-0.006,0.033,-0.012,2.16,12.48,6.49,81.6,Normal
2026-07-02 23:15:10.908,Bologna,Košice,None,0,80.5,80,1116.8,12,0.0,0.0,1.0,0.002,0.111,-0.046,2.16,12.49,6.49,81.6,Normal
2026-07-02 23:15:11.922,Bologna,Košice,None,0,80.6,80,1117.6,12,0.0,0.0,-1.0,0.209,0.002,-0.001,2.16,12.49,6.49,81.6,Normal
2026-07-02 23:15:12.909,Bologna,Košice,None,0,80.5,80,1116.9,12,0.0,0.0,-1.0,0.044,-0.002,0.017,2.16,12.49,6.49,81.6,Normal
2026-07-02 23:15:13.911,Bologna,Košice,None,0,80.4,80,1116.0,12,0.0,0.0,-1.0,-0.001,-0.006,0.043,2.16,12.49,6.49,81.6,Normal
2026-07-02 23:15:14.933,Bologna,Košice,None,0,80.4,80,1116.0,12,0.0,0.0,-1.0,0.045,0.04,0.004,2.16,12.49,6.49,81.6,Normal
2026-07-02 23:15:15.912,Bologna,Košice,None,0,80.4,80,1115.6,12,0.0,0.0,-1.0,-0.003,0.025,0.018,2.17,12.49,6.49,81.6,Normal
2026-07-02 23:15:16.911,Bologna,Košice,None,0,80.3,80,1115.4,12,0.0,0.0,-1.0,-0.03,0.007,0.006,2.17,12.49,6.49,81.6,Normal
2026-07-02 23:15:17.912,Bologna,Košice,None,0,80.3,80,1115.8,12,0.0,0.0,-1.0,-0.001,-0.013,-0.009,2.17,12.5,6.49,81.6,Normal
2026-07-02 23:15:18.931,Bologna,Košice,None,0,80.4,80,1116.1,12,0.0,0.0,-1.0,-0.005,-0.021,-0.004,2.17,12.5,6.49,81.6,Normal
2026-07-02 23:15:19.911,Bologna,Košice,None,0,80.4,80,1116.6,12,0.0,0.0,-1.0,0.0,0.038,-0.011,2.17,12.5,6.49,81.6,Normal
2026-07-02 23:15:20.911,Bologna,Košice,None,0,80.4,80,1116.8,12,0.0,0.0,-1.0,0.068,-0.003,-0.005,2.17,12.5,6.49,81.6,Normal
2026-07-02 23:15:21.913,Bologna,Košice,None,0,80.4,80,1117.3,12,0.0,0.0,-1.0,0.068,-0.067,-0.007,2.17,12.5,6.49,81.5,Normal
2026-07-02 23:15:22.912,Bologna,Košice,None,0,80.5,80,1117.4,12,0.0,0.0,-1.0,0.057,0.004,-0.009,2.17,12.5,6.49,81.5,Normal
2026-07-02 23:15:23.914,Bologna,Košice,None,0,80.5,80,1117.4,12,0.0,0.0,-1.0,0.001,0.011,0.001,2.17,12.5,6.49,81.5,Normal
2026-07-02 23:15:24.938,Bologna,Košice,None,0,80.5,80,1117.1,12,0.0,0.0,-1.0,0.003,-0.037,0.013,2.17,12.5,6.49,81.5,Normal
2026-07-02 23:15:25.932,Bologna,Košice,None,0,80.5,80,1117.3,12,0.0,0.0,-1.0,-0.014,-0.044,-0.001,2.17,12.51,6.49,81.5,Normal
2026-07-02 23:15:26.914,Bologna,Košice,None,0,80.5,80,1117.3,12,0.0,0.0,-1.0,-0.016,0.064,-0.012,2.17,12.51,6.49,81.5,Normal
2026-07-02 23:15:27.938,Bologna,Košice,None,0,80.4,80,1117.1,12,0.0,0.0,-1.0,0.008,0.022,0.004,2.17,12.51,6.49,81.5,Normal
2026-07-02 23:15:28.916,Bologna,Košice,None,0,80.4,80,1116.9,12,0.0,0.0,-1.0,0.044,-0.01,0.006,2.17,12.51,6.49,81.5,Normal
2026-07-02 23:15:29.916,Bologna,Košice,None,0,80.4,80,1116.8,12,0.0,0.0,0.0,-0.061,-0.051,0.003,2.17,12.52,6.49,81.5,Normal
2026-07-02 23:15:30.916,Bologna,Košice,None,0,80.5,80,1117.3,12,0.0,0.0,-1.0,-0.042,-0.055,-0.007,2.17,12.52,6.49,81.5,Normal
2026-07-02 23:15:31.917,Bologna,Košice,None,0,80.5,80,1117.7,12,0.0,0.0,0.0,-0.074,0.054,-0.02,2.17,12.52,6.49,81.5,Normal
2026-07-02 23:15:32.917,Bologna,Košice,None,0,80.5,80,1117.6,12,0.0,0.0,-1.0,0.012,0.04,-0.005,2.17,12.52,6.49,81.5,Normal
2026-07-02 23:15:33.917,Bologna,Košice,None,0,80.5,80,1117.7,12,0.0,0.0,-1.0,0.019,0.025,-0.007,2.17,12.52,6.49,81.4,Normal
2026-07-02 23:15:34.938,Bologna,Košice,None,0,80.6,80,1118.2,12,0.0,0.0,0.0,-0.04,-0.02,0.003,2.17,12.52,6.49,81.4,Normal
2026-07-02 23:15:35.916,Bologna,Košice,None,0,80.7,80,1119.0,12,0.0,0.0,-1.0,0.047,0.039,-0.026,2.17,12.52,6.49,81.4,Normal
2026-07-02 23:15:36.930,Bologna,Košice,None,0,80.8,80,1120.2,12,0.0,0.0,-1.0,0.006,-0.04,-0.007,2.17,12.53,6.49,81.4,Normal
2026-07-02 23:15:37.940,Bologna,Košice,None,0,80.8,80,1121.4,12,0.0,0.0,0.0,-0.031,-0.042,-0.001,2.17,12.53,6.49,81.4,Normal
2026-07-02 23:15:38.938,Bologna,Košice,None,0,80.7,80,1119.9,12,0.0,0.0,-1.0,0.085,0.022,0.043,2.17,12.53,6.49,81.4,Normal
2026-07-02 23:15:39.937,Bologna,Košice,None,0,80.5,80,1117.2,12,0.0,0.0,-1.0,-0.008,0.041,0.07,2.17,12.53,6.49,81.4,Normal
2026-07-02 23:15:40.917,Bologna,Košice,None,0,80.3,80,1115.3,12,0.0,0.0,-1.0,-0.012,-0.047,0.051,2.17,12.53,6.49,81.4,Normal
2026-07-02 23:15:41.934,Bologna,Košice,None,0,80.1,80,1114.1,12,0.0,0.0,-1.0,0.029,-0.072,0.036,2.17,12.53,6.49,81.4,Normal
2026-07-02 23:15:42.918,Bologna,Košice,None,0,80.0,80,1114.3,12,0.0,0.0,0.0,-0.042,-0.029,-0.018,2.17,12.53,6.49,81.4,Normal
2026-07-02 23:15:43.930,Bologna,Košice,None,0,80.0,80,1114.1,12,0.0,0.0,0.0,-0.0,0.123,-0.006,2.17,12.53,6.49,81.4,Normal
2026-07-02 23:15:44.939,Bologna,Košice,None,0,80.0,80,1114.4,12,0.0,0.0,0.0,-0.002,0.028,0.008,2.17,12.54,6.49,81.3,Normal
2026-07-02 23:15:45.920,Bologna,Košice,None,0,80.0,80,1113.8,12,0.0,0.0,1.0,-0.066,-0.019,0.014,2.17,12.54,6.49,81.3,Normal
2026-07-02 23:15:46.940,Bologna,Košice,None,0,80.0,80,1114.0,12,0.0,0.0,1.0,0.022,0.006,-0.012,2.17,12.54,6.49,81.3,Normal
2026-07-02 23:15:47.920,Bologna,Košice,None,0,80.2,80,1116.6,12,0.0,0.0,0.0,0.037,-0.015,-0.051,2.17,12.54,6.49,81.3,Normal
2026-07-02 23:15:48.943,Bologna,Košice,None,0,80.3,80,1117.5,12,0.0,0.0,0.0,0.037,0.093,-0.009,2.17,12.55,6.49,81.2,Normal
2026-07-02 23:15:49.921,Bologna,Košice,None,0,80.4,80,1118.9,12,0.0,0.0,1.0,-0.01,-0.016,-0.005,2.17,12.55,6.49,81.2,Normal
2026-07-02 23:15:50.922,Bologna,Košice,None,0,80.4,80,1119.5,12,0.0,0.0,1.0,-0.009,-0.001,-0.008,2.17,12.55,6.49,81.2,Normal
2026-07-02 23:15:51.922,Bologna,Košice,None,0,80.5,80,1120.3,12,0.0,0.0,1.0,-0.045,-0.032,0.03,2.17,12.55,6.49,81.2,Normal
2026-07-02 23:15:52.922,Bologna,Košice,None,0,80.6,80,1121.5,12,0.0,0.0,1.0,-0.023,-0.004,-0.036,2.17,12.55,6.49,81.1,Normal
2026-07-02 23:15:53.942,Bologna,Košice,None,0,80.7,80,1122.2,12,0.0,0.0,0.0,0.038,0.043,-0.015,2.17,12.55,6.49,81.1,Normal
2026-07-02 23:15:54.923,Bologna,Košice,None,0,80.8,80,1122.7,12,0.0,0.0,0.0,0.013,-0.06,-0.02,2.17,12.55,6.49,81.1,Normal
2026-07-02 23:15:55.947,Bologna,Košice,None,0,80.7,80,1121.7,12,0.0,0.0,1.0,-0.055,0.006,0.02,2.17,12.56,6.49,81.1,Normal
2026-07-02 23:15:56.923,Bologna,Košice,None,0,80.7,80,1120.5,12,0.0,0.0,1.0,-0.055,-0.053,0.03,2.17,12.56,6.49,81.1,Normal
2026-07-02 23:15:57.949,Bologna,Košice,None,0,80.5,80,1119.0,12,0.0,0.0,0.0,0.05,0.019,0.027,2.17,12.56,6.49,81.1,Normal
2026-07-02 23:15:58.924,Bologna,Košice,None,0,80.4,80,1117.7,12,0.0,0.0,1.0,-0.071,-0.021,0.034,2.17,12.56,6.49,81.0,Normal
2026-07-02 23:15:59.924,Bologna,Košice,None,0,80.3,80,1116.8,12,0.0,0.0,1.0,-0.006,-0.033,0.029,2.17,12.56,6.49,81.0,Normal
2026-07-02 23:16:00.947,Bologna,Košice,None,0,80.2,80,1116.4,12,0.0,0.0,1.0,-0.023,0.0,0.01,2.17,12.56,6.49,81.0,Normal
2026-07-02 23:16:01.925,Bologna,Košice,None,0,79.7,80,1105.6,12,0.0,0.0,0.0,0.044,0.009,0.352,2.17,12.56,6.49,81.0,Normal
2026-07-02 23:16:02.938,Bologna,Košice,None,0,78.1,80,1082.6,12,0.0,0.0,0.0,0.03,-0.066,0.486,2.17,12.56,6.49,81.0,Normal
2026-07-02 23:16:03.946,Bologna,Košice,None,0,76.4,80,1058.8,12,0.0,0.0,0.0,0.018,0.001,0.458,2.17,12.57,6.49,81.0,Normal
2026-07-02 23:16:04.950,Bologna,Košice,None,0,74.7,80,1035.5,12,0.0,0.0,1.0,-0.037,-0.028,0.455,2.17,12.57,6.49,81.0,Normal
2026-07-02 23:16:05.944,Bologna,Košice,None,0,73.2,80,1014.3,12,0.0,0.0,0.0,0.04,-0.076,0.445,2.17,12.57,6.5,81.0,Normal
2026-07-02 23:16:06.926,Bologna,Košice,None,0,71.6,80,992.5,12,0.0,0.0,1.0,-0.013,0.115,0.445,2.17,12.57,6.5,81.0,Normal
2026-07-02 23:16:07.928,Bologna,Košice,None,0,69.9,80,1241.7,12,0.39,0.0,0.0,0.043,-0.002,0.444,2.17,12.57,6.5,81.0,Normal
2026-07-02 23:16:08.928,Bologna,Košice,None,0,68.7,80,1232.8,11,0.68,0.0,0.0,0.019,-0.054,0.14,2.17,12.58,6.5,81.0,Normal
2026-07-02 23:16:09.928,Bologna,Košice,None,0,68.8,80,1234.1,11,0.35,0.0,-1.0,0.01,-0.028,-0.092,2.17,12.58,6.5,81.0,Normal
2026-07-02 23:16:10.928,Bologna,Košice,None,0,67.9,80,1215.2,11,0.0,0.0,0.0,-0.03,0.032,0.354,2.17,12.58,6.5,81.0,Normal
2026-07-02 23:16:11.929,Bologna,Košice,None,0,66.6,80,1191.9,11,0.0,0.0,-1.0,0.105,-0.001,0.326,2.17,12.58,6.5,81.0,Normal
2026-07-02 23:16:12.928,Bologna,Košice,None,0,65.5,80,1170.7,11,0.0,0.0,-1.0,-0.017,-0.028,0.338,2.17,12.58,6.5,81.0,Normal
2026-07-02 23:16:13.929,Bologna,Košice,None,0,64.0,80,1144.7,11,0.0,0.0,-1.0,0.072,-0.039,0.422,2.18,12.58,6.5,81.0,Normal
2026-07-02 23:16:14.930,Bologna,Košice,None,0,62.5,80,1117.2,11,0.0,0.05,-1.0,0.046,-0.078,0.437,2.18,12.58,6.5,81.0,Normal
2026-07-02 23:16:15.930,Bologna,Košice,None,0,58.8,80,1046.5,11,0.0,0.39,-1.0,0.038,0.02,1.722,2.18,12.58,6.5,81.0,Normal
2026-07-02 23:16:16.930,Bologna,Košice,None,0,50.6,80,1027.2,11,0.0,0.29,-1.0,0.046,-0.091,2.172,2.18,12.58,6.5,81.0,Normal
2026-07-02 23:16:17.956,Bologna,Košice,None,0,45.1,40,997.0,10,0.0,0.0,-1.0,-0.069,-0.049,0.756,2.18,12.59,6.5,81.0,Speeding
2026-07-02 23:16:18.931,Bologna,Košice,None,0,43.7,40,968.7,10,0.0,0.0,-1.0,-0.026,-0.024,0.231,2.18,12.59,6.5,81.0,Normal
2026-07-02 23:16:19.931,Bologna,Košice,None,0,43.0,40,952.6,10,0.0,0.0,0.0,-0.044,-0.008,0.199,2.18,12.59,6.5,81.0,Normal
2026-07-02 23:16:20.944,Bologna,Košice,None,0,42.1,40,1161.2,10,0.0,0.0,-1.0,0.123,-0.008,0.217,2.18,12.59,6.5,81.0,Normal
2026-07-02 23:16:21.932,Bologna,Košice,None,0,41.3,40,1181.4,9,0.0,0.0,0.0,-0.055,0.007,0.272,2.18,12.59,6.5,81.0,Normal
2026-07-02 23:16:22.933,Bologna,Košice,None,0,40.3,40,1152.5,9,0.0,0.0,-1.0,-0.011,-0.011,0.28,2.18,12.59,6.5,81.0,Normal
2026-07-02 23:16:23.933,Bologna,Košice,None,0,39.3,40,1123.6,9,0.0,0.0,-1.0,-0.0,-0.011,0.283,2.18,12.59,6.5,81.0,Normal
2026-07-02 23:16:24.934,Bologna,Košice,None,0,38.3,40,1095.0,9,0.0,0.0,-1.0,-0.015,0.053,0.274,2.18,12.59,6.5,81.0,Normal
2026-07-02 23:16:25.952,Bologna,Košice,None,0,37.3,40,1066.3,9,0.0,0.0,0.0,0.004,-0.033,0.295,2.18,12.59,6.5,81.0,Normal
2026-07-02 23:16:26.951,Bologna,Košice,None,0,36.3,40,1038.6,9,0.0,0.0,-1.0,0.002,-0.039,0.278,2.18,12.59,6.5,81.0,Normal
2026-07-02 23:16:27.956,Bologna,Košice,None,0,35.1,40,1003.0,9,0.0,0.0,0.0,-0.025,0.027,0.389,2.18,12.59,6.5,81.0,Normal
2026-07-02 23:16:28.936,Bologna,Košice,None,0,33.6,40,960.9,9,0.0,0.0,1.0,-0.062,0.066,0.424,2.18,12.59,6.5,81.0,Normal
2026-07-02 23:16:29.946,Bologna,Košice,None,0,32.2,40,919.2,9,0.0,0.0,1.0,-0.064,0.032,0.381,2.18,12.59,6.5,81.0,Normal
2026-07-02 23:16:30.936,Bologna,Košice,None,0,31.1,40,1139.1,8,0.0,0.0,1.0,-0.034,-0.001,0.221,2.18,12.59,6.5,81.0,Normal
2026-07-02 23:16:31.937,Bologna,Košice,None,0,30.3,40,1109.0,8,0.0,0.0,1.0,-0.058,-0.002,0.246,2.18,12.6,6.5,81.0,Normal
2026-07-02 23:16:32.937,Bologna,Košice,None,0,29.6,40,1083.2,8,0.0,0.0,1.0,-0.143,-0.036,0.153,2.18,12.6,6.5,81.0,Normal
2026-07-02 23:16:33.955,Bologna,Košice,None,0,29.1,40,1065.6,8,0.0,0.0,1.0,0.092,0.003,0.097,2.18,12.6,6.5,81.0,Normal
2026-07-02 23:16:34.937,Bologna,Košice,None,0,28.8,40,1056.1,8,0.0,0.0,0.0,0.1,0.158,0.043,2.18,12.6,6.5,81.0,Normal
2026-07-02 23:16:35.938,Bologna,Košice,None,0,28.9,40,1057.5,8,0.0,0.0,1.0,0.058,0.293,-0.08,2.18,12.6,6.5,81.0,Normal
2026-07-02 23:16:36.958,Bologna,Košice,None,0,29.5,40,1080.7,8,0.0,0.0,1.0,-0.029,-0.012,-0.171,2.18,12.6,6.5,81.0,Normal
2026-07-02 23:16:37.952,Bologna,Košice,None,0,30.2,40,1107.9,8,0.0,0.0,1.0,-0.18,0.126,-0.199,2.18,12.6,6.5,81.0,Normal
2026-07-02 23:16:38.962,Bologna,Košice,None,0,30.7,40,1125.9,8,0.0,0.0,1.0,-0.087,0.059,-0.107,2.18,12.6,6.5,81.0,Normal
2026-07-02 23:16:39.958,Bologna,Košice,None,0,31.1,40,1138.8,8,0.0,0.0,1.0,-0.068,0.195,-0.114,2.18,12.6,6.5,81.0,Normal
2026-07-02 23:16:40.953,Bologna,Košice,None,0,31.9,40,1170.1,8,0.0,0.0,1.0,-0.01,0.029,-0.167,2.18,12.6,6.5,81.0,Normal
2026-07-02 23:16:41.940,Bologna,Košice,None,0,33.1,40,1212.1,8,0.0,0.0,1.0,0.067,0.845,-0.367,2.18,12.6,6.5,81.0,Normal
2026-07-02 23:16:42.941,Bologna,Košice,None,0,35.0,40,1286.5,8,0.0,0.0,1.0,-0.138,-0.043,-0.576,2.18,12.6,6.5,81.0,Normal
2026-07-02 23:16:43.964,Bologna,Košice,None,0,37.0,40,1355.9,8,0.0,0.0,1.0,0.095,0.072,-0.506,2.18,12.6,6.5,81.0,Normal
2026-07-02 23:16:44.942,Bologna,Košice,None,0,38.6,40,1398.7,8,0.0,0.0,1.0,0.023,0.086,-0.538,2.18,12.61,6.5,81.0,Normal
2026-07-02 23:16:45.941,Bologna,Košice,None,0,41.0,40,1175.3,9,0.79,0.0,1.0,0.058,0.124,-0.614,2.18,12.61,6.5,80.9,Normal
2026-07-02 23:16:46.942,Bologna,Košice,None,0,45.0,40,1294.3,9,0.0,0.0,0.0,0.148,-0.438,-1.297,2.18,12.61,6.5,80.9,Normal
2026-07-02 23:16:47.942,Bologna,Košice,None,0,45.2,40,1286.8,9,0.0,0.0,0.0,0.003,-0.022,1.75,2.18,12.61,6.5,80.9,Speeding
2026-07-02 23:16:48.962,Bologna,Košice,None,0,43.6,40,1247.1,9,0.0,0.0,1.0,-0.06,0.173,0.057,2.18,12.61,6.5,80.9,Normal
2026-07-02 23:16:49.943,Bologna,Košice,None,0,43.3,40,1241.3,9,0.0,0.0,-1.0,0.032,0.024,0.044,2.18,12.61,6.5,80.9,Normal
2026-07-02 23:16:50.953,Bologna,Košice,None,0,43.5,40,1244.3,9,0.0,0.0,0.0,0.103,0.074,-0.026,2.18,12.61,6.5,80.9,Normal
2026-07-02 23:16:51.944,Bologna,Košice,None,0,43.5,40,1245.4,9,0.0,0.0,0.0,0.002,-0.004,-0.009,2.18,12.61,6.5,80.9,Normal
2026-07-02 23:16:52.958,Bologna,Košice,None,0,43.5,40,1245.4,9,0.0,0.0,0.0,0.01,0.02,-0.013,2.18,12.61,6.5,80.9,Normal
2026-07-02 23:16:53.944,Bologna,Košice,None,0,43.5,40,1245.9,9,0.0,0.0,0.0,0.025,-0.003,0.007,2.18,12.61,6.5,80.9,Normal
2026-07-02 23:16:54.965,Bologna,Košice,None,0,44.3,80,1272.4,9,1.0,0.0,0.0,0.023,-0.011,-0.469,2.18,12.61,6.5,80.9,Normal
2026-07-02 23:16:55.946,Bologna,Košice,None,0,47.0,80,1354.3,9,0.99,0.0,-1.0,0.03,-0.002,-0.898,2.18,12.61,6.5,80.9,Normal
2026-07-02 23:16:56.945,Bologna,Košice,None,0,50.3,80,1446.3,9,1.0,0.0,0.0,-0.008,0.022,-0.877,2.18,12.61,6.5,80.8,Normal
2026-07-02 23:16:57.962,Bologna,Košice,None,0,52.0,80,1202.1,9,1.0,0.0,0.0,0.006,0.089,-0.058,2.18,12.62,6.5,80.8,Normal
2026-07-02 23:16:58.959,Bologna,Košice,None,0,52.5,80,1171.3,10,1.0,0.0,-1.0,0.01,-0.115,-0.473,2.18,12.62,6.5,80.8,Normal
2026-07-02 23:16:59.971,Bologna,Košice,None,0,54.9,80,1223.4,10,0.97,0.0,0.0,-0.002,-0.01,-0.686,2.18,12.62,6.5,80.8,Normal
2026-07-02 23:17:00.965,Bologna,Košice,None,0,57.3,80,1276.2,10,0.84,0.0,-1.0,0.016,0.014,-0.645,2.18,12.62,6.5,80.7,Normal
2026-07-02 23:17:01.947,Bologna,Košice,None,0,59.5,80,1324.5,10,0.91,0.0,1.0,-0.03,0.028,-0.629,2.18,12.62,6.5,80.7,Normal
2026-07-02 23:17:02.948,Bologna,Košice,None,0,61.7,80,1375.2,10,0.87,0.0,0.0,-0.0,-0.007,-0.641,2.18,12.62,6.5,80.7,Normal
2026-07-02 23:17:03.971,Bologna,Košice,None,0,64.0,80,1424.7,10,0.82,0.0,0.0,0.02,-0.018,-0.617,2.18,12.62,6.5,80.7,Normal
2026-07-02 23:17:04.948,Bologna,Košice,None,0,64.8,80,1160.5,11,0.8,0.0,0.0,0.006,0.061,0.007,2.18,12.62,6.5,80.6,Normal
2026-07-02 23:17:05.949,Bologna,Košice,None,0,65.2,80,1172.0,11,0.86,0.0,0.0,0.042,-0.093,-0.352,2.18,12.62,6.5,80.6,Normal
2026-07-02 23:17:06.951,Bologna,Košice,None,0,66.5,80,1195.9,11,0.87,0.0,0.0,-0.004,-0.042,-0.359,2.18,12.63,6.5,80.6,Normal
2026-07-02 23:17:07.950,Bologna,Košice,None,0,67.6,80,1214.6,11,0.85,0.0,-1.0,0.013,0.011,-0.253,2.18,12.63,6.5,80.6,Normal
2026-07-02 23:17:08.950,Bologna,Košice,None,0,68.4,80,1228.9,11,1.0,0.0,-1.0,0.01,0.004,-0.209,2.18,12.63,6.5,80.6,Normal
2026-07-02 23:17:09.975,Bologna,Košice,None,0,69.1,80,1242.3,11,1.0,0.0,1.0,-0.015,0.028,-0.205,2.18,12.63,6.5,80.5,Normal
2026-07-02 23:17:10.951,Bologna,Košice,None,0,69.8,80,1253.4,11,1.0,0.0,-1.0,0.082,0.108,-0.146,2.18,12.63,6.5,80.5,Normal
2026-07-02 23:17:11.951,Bologna,Košice,None,0,70.2,80,1261.1,11,1.0,0.0,0.0,-0.005,0.022,-0.11,2.18,12.63,6.5,80.5,Normal
2026-07-02 23:17:12.951,Bologna,Košice,None,0,70.5,80,1267.7,11,1.0,0.0,0.0,0.008,0.028,-0.082,2.18,12.64,6.5,80.4,Normal
2026-07-02 23:17:13.951,Bologna,Košice,None,0,70.8,80,1271.7,11,1.0,0.0,0.0,0.015,0.004,-0.059,2.18,12.64,6.5,80.4,Normal
2026-07-02 23:17:14.951,Bologna,Košice,None,0,70.9,80,1274.2,11,1.0,0.0,-1.0,0.007,0.035,-0.044,2.18,12.64,6.5,80.4,Normal
2026-07-02 23:17:15.977,Bologna,Košice,None,0,71.2,80,1278.1,11,1.0,0.0,-1.0,-0.009,0.076,-0.043,2.18,12.64,6.5,80.3,Normal
2026-07-02 23:17:16.976,Bologna,Košice,None,0,71.3,80,1281.3,11,1.0,0.0,0.0,-0.012,-0.019,-0.062,2.18,12.64,6.5,80.3,Normal
2026-07-02 23:17:17.966,Bologna,Košice,None,0,71.5,80,1284.3,11,1.0,0.0,-1.0,0.01,0.011,-0.027,2.18,12.64,6.5,80.3,Normal
2026-07-02 23:17:18.952,Bologna,Košice,None,0,71.5,80,1283.6,11,1.0,0.0,-1.0,0.026,0.039,0.03,2.18,12.64,6.5,80.2,Normal
2026-07-02 23:17:19.953,Bologna,Košice,None,0,71.4,80,1282.9,11,1.0,0.0,-1.0,0.025,0.089,-0.02,2.18,12.64,6.5,80.2,Normal
2026-07-02 23:17:20.965,Bologna,Košice,None,0,71.8,80,1289.1,11,1.0,0.0,-1.0,0.031,-0.025,-0.137,2.18,12.65,6.5,80.2,Normal
2026-07-02 23:17:21.953,Bologna,Košice,None,0,72.6,80,1304.8,11,1.0,0.0,-1.0,0.003,-0.004,-0.289,2.18,12.65,6.5,80.2,Normal
2026-07-02 23:17:22.954,Bologna,Košice,None,0,74.0,80,1329.9,11,1.0,0.0,1.0,-0.05,0.025,-0.427,2.18,12.65,6.5,80.1,Normal
2026-07-02 23:17:23.954,Bologna,Košice,None,0,75.3,80,1350.6,11,0.51,0.0,-1.0,0.041,0.024,-0.261,2.18,12.65,6.5,80.1,Normal
2026-07-02 23:17:24.972,Bologna,Košice,None,0,76.2,80,1359.8,11,0.59,0.0,0.0,-0.008,0.051,-0.256,2.18,12.65,6.5,80.1,Normal
2026-07-02 23:17:25.971,Bologna,Košice,None,0,76.2,80,1057.5,12,0.6,0.0,-1.0,0.053,0.016,0.086,2.18,12.65,6.5,80.1,Normal
2026-07-02 23:17:26.980,Bologna,Košice,None,0,76.6,80,1065.8,12,0.65,0.0,-1.0,0.032,0.025,-0.234,2.18,12.65,6.5,80.1,Normal
2026-07-02 23:17:27.956,Bologna,Košice,None,0,77.6,80,1079.2,12,0.59,0.0,0.0,-0.035,-0.024,-0.298,2.18,12.65,6.5,80.1,Normal
2026-07-02 23:17:28.955,Bologna,Košice,None,0,78.6,80,1094.4,12,0.62,0.0,-1.0,-0.012,-0.001,-0.315,2.18,12.66,6.5,80.0,Normal
2026-07-02 23:17:29.957,Bologna,Košice,None,0,79.7,80,1109.6,12,0.62,0.0,-1.0,0.031,0.015,-0.31,2.18,12.66,6.5,80.0,Normal
2026-07-02 23:17:30.958,Bologna,Košice,None,0,80.8,80,1123.8,12,0.62,0.0,-1.0,0.013,-0.011,-0.271,2.18,12.66,6.5,80.0,Normal
2026-07-02 23:17:31.958,Bologna,Košice,None,0,81.7,80,1136.7,12,0.62,0.0,-1.0,0.0,-0.107,-0.258,2.18,12.66,6.5,80.0,Normal
2026-07-02 23:17:32.959,Bologna,Košice,None,0,82.6,80,1148.8,12,0.62,0.0,-1.0,0.007,-0.009,-0.246,2.18,12.66,6.5,80.0,Normal
2026-07-02 23:17:33.976,Bologna,Košice,None,0,83.4,80,1160.9,12,0.61,0.0,-1.0,-0.028,0.011,-0.237,2.18,12.67,6.5,79.9,Normal
2026-07-02 23:17:34.959,Bologna,Košice,None,0,84.2,80,1172.3,12,0.63,0.0,0.0,-0.036,0.099,-0.237,2.18,12.67,6.5,79.9,Normal
2026-07-02 23:17:35.978,Bologna,Košice,None,0,85.1,80,1184.5,12,0.7,0.0,1.0,-0.107,-0.008,-0.25,2.19,12.67,6.5,79.9,Speeding
2026-07-02 23:17:36.979,Bologna,Košice,None,0,86.1,80,1197.9,12,0.74,0.0,1.0,-0.041,-0.037,-0.27,2.19,12.67,6.5,79.9,Speeding
2026-07-02 23:17:37.960,Bologna,Košice,None,0,87.0,80,1206.4,12,0.0,0.0,-1.0,0.064,-0.006,-0.12,2.19,12.67,6.5,79.9,Speeding
2026-07-02 23:17:38.960,Bologna,Košice,None,0,85.1,80,1180.0,12,0.0,0.0,-1.0,0.06,-0.125,0.341,2.19,12.67,6.5,79.9,Speeding
2026-07-02 23:17:39.961,Bologna,Košice,None,0,84.4,80,1169.7,12,0.0,0.0,0.0,-0.023,-0.031,0.192,2.19,12.68,6.5,79.9,Normal
2026-07-02 23:17:40.980,Bologna,Košice,None,0,84.2,80,1172.8,12,0.0,0.0,-1.0,0.0,-0.218,-0.215,2.19,12.68,6.5,79.8,Normal
2026-07-02 23:17:41.962,Bologna,Košice,None,0,84.7,80,1175.2,12,0.0,0.0,-1.0,-0.007,0.066,0.05,2.19,12.68,6.5,79.8,Normal
2026-07-02 23:17:42.963,Bologna,Košice,None,0,84.2,80,1167.3,12,0.0,0.0,-1.0,0.037,-0.011,0.179,2.19,12.68,6.5,79.8,Normal
2026-07-02 23:17:43.984,Bologna,Košice,None,0,83.6,80,1159.3,12,0.0,0.0,-1.0,0.011,0.021,0.156,2.19,12.68,6.5,79.8,Normal
2026-07-02 23:17:44.963,Bologna,Košice,None,0,83.1,80,1152.4,12,0.0,0.0,0.0,-0.046,0.022,0.15,2.19,12.69,6.5,79.8,Normal
2026-07-02 23:17:45.963,Bologna,Košice,None,0,82.5,80,1143.3,12,0.0,0.0,-1.0,0.045,-0.027,0.171,2.19,12.69,6.5,79.8,Normal
2026-07-02 23:17:46.986,Bologna,Košice,None,0,81.7,80,1132.6,12,0.0,0.0,-1.0,0.01,-0.023,0.249,2.19,12.69,6.5,79.8,Normal
2026-07-02 23:17:47.964,Bologna,Košice,None,0,80.7,80,1119.0,12,0.0,0.0,-1.0,0.025,0.007,0.295,2.19,12.69,6.5,79.8,Normal
2026-07-02 23:17:48.965,Bologna,Košice,None,0,79.6,80,1106.8,12,0.0,0.0,0.0,-0.044,-0.001,0.233,2.19,12.69,6.5,79.8,Normal
2026-07-02 23:17:49.966,Bologna,Košice,None,0,79.7,80,1109.6,12,0.0,0.0,-1.0,0.031,-0.004,-0.121,2.19,12.69,6.5,79.8,Normal
2026-07-02 23:17:50.966,Bologna,Košice,None,0,80.1,80,1113.7,12,0.0,0.0,0.0,-0.054,0.032,-0.06,2.19,12.69,6.5,79.8,Normal
2026-07-02 23:17:51.966,Bologna,Košice,None,0,80.1,80,1113.7,12,0.0,0.0,0.0,-0.018,-0.006,0.004,2.19,12.7,6.5,79.8,Normal
2026-07-02 23:17:52.967,Bologna,Košice,None,0,80.1,80,1112.9,12,0.0,0.0,-1.0,0.028,0.03,0.016,2.19,12.7,6.5,79.8,Normal
2026-07-02 23:17:53.967,Bologna,Košice,None,0,80.0,80,1112.4,12,0.0,0.0,0.0,-0.027,-0.007,0.011,2.19,12.7,6.5,79.7,Normal
2026-07-02 23:17:54.986,Bologna,Košice,None,0,80.0,80,1111.7,12,0.0,0.0,-1.0,0.131,0.012,0.017,2.19,12.7,6.5,79.7,Normal
2026-07-02 23:17:55.969,Bologna,Košice,None,0,80.0,80,1111.7,12,0.0,0.0,-1.0,0.099,0.061,0.0,2.19,12.7,6.5,79.7,Normal
2026-07-02 23:17:56.992,Bologna,Košice,None,0,79.9,80,1111.2,12,0.0,0.0,-1.0,0.008,-0.003,0.011,2.19,12.7,6.5,79.7,Normal
2026-07-02 23:17:57.969,Bologna,Košice,None,0,79.9,80,1110.8,12,0.0,0.0,-1.0,0.044,-0.012,0.011,2.19,12.7,6.5,79.7,Normal
2026-07-02 23:17:58.969,Bologna,Košice,None,0,79.8,80,1110.7,12,0.0,0.0,-1.0,-0.027,-0.007,-0.0,2.19,12.71,6.5,79.7,Normal
2026-07-02 23:17:59.970,Bologna,Košice,None,0,79.9,80,1111.2,12,0.0,0.0,0.0,-0.124,-0.058,-0.009,2.19,12.71,6.5,79.6,Normal
2026-07-02 23:18:00.969,Bologna,Košice,None,0,79.9,80,1111.6,12,0.0,0.0,1.0,-0.158,-0.023,-0.014,2.19,12.71,6.5,79.6,Normal
2026-07-02 23:18:01.994,Bologna,Košice,None,0,79.9,80,1111.7,12,0.0,0.0,1.0,0.015,-0.003,-0.016,2.19,12.71,6.5,79.6,Normal
2026-07-02 23:18:02.991,Bologna,Košice,None,0,79.9,80,1111.9,12,0.0,0.0,1.0,-0.082,0.06,0.014,2.19,12.71,6.5,79.6,Normal
2026-07-02 23:18:03.982,Bologna,Košice,None,0,79.9,80,1112.5,12,0.0,0.0,1.0,-0.066,0.019,-0.019,2.19,12.72,6.5,79.6,Normal
2026-07-02 23:18:04.970,Bologna,Košice,None,0,79.8,80,1110.7,12,0.0,0.0,1.0,0.004,-0.015,0.046,2.19,12.72,6.5,79.5,Normal
2026-07-02 23:18:05.972,Bologna,Košice,None,0,79.7,80,1109.9,12,0.0,0.0,0.0,0.076,-0.027,0.001,2.19,12.72,6.5,79.5,Normal
2026-07-02 23:18:06.972,Bologna,Košice,None,0,79.9,80,1112.0,12,0.0,0.0,0.0,0.027,-0.04,-0.076,2.19,12.72,6.5,79.5,Normal
2026-07-02 23:18:07.972,Bologna,Košice,None,0,79.6,80,1103.3,12,0.0,0.0,1.0,0.01,0.043,0.264,2.19,12.72,6.5,79.5,Normal
2026-07-02 23:18:08.973,Bologna,Košice,None,0,78.6,80,1090.1,12,0.0,0.0,1.0,-0.027,-0.081,0.256,2.19,12.72,6.5,79.5,Normal
2026-07-02 23:18:09.973,Bologna,Košice,None,0,78.0,80,1080.8,12,0.0,0.0,1.0,0.029,0.015,0.143,2.19,12.72,6.5,79.5,Normal
2026-07-02 23:18:10.993,Bologna,Košice,None,0,77.6,80,1075.9,12,0.0,0.0,1.0,0.024,0.004,0.075,2.19,12.73,6.5,79.5,Normal
2026-07-02 23:18:11.974,Bologna,Košice,None,0,77.5,80,1075.1,12,0.0,0.0,0.0,0.022,-0.047,-0.019,2.19,12.73,6.5,79.5,Normal
2026-07-02 23:18:12.973,Bologna,Košice,None,0,77.8,80,1079.5,12,0.0,0.0,0.0,0.007,-0.03,-0.11,2.19,12.73,6.5,79.5,Normal
2026-07-02 23:18:13.973,Bologna,Košice,None,0,78.3,70,1086.3,12,0.0,0.0,1.0,-0.013,-0.049,-0.134,2.19,12.73,6.5,79.5,Speeding
2026-07-02 23:18:14.988,Bologna,Košice,None,0,78.5,70,1086.7,12,0.0,0.44,0.0,0.025,0.122,0.24,2.19,12.73,6.5,79.5,Speeding
2026-07-02 23:18:15.974,Bologna,Košice,None,0,73.0,70,1012.2,12,0.0,0.0,1.0,-0.011,-0.19,0.777,2.19,12.73,6.5,79.5,Normal
2026-07-02 23:18:16.976,Bologna,Košice,None,0,72.5,70,1005.5,12,0.0,0.0,0.0,0.035,-0.02,-0.003,2.19,12.73,6.5,79.5,Normal
2026-07-02 23:18:17.987,Bologna,Košice,None,0,72.5,70,1006.2,12,0.0,0.0,0.0,0.047,-0.14,0.009,2.19,12.73,6.5,79.5,Normal
2026-07-02 23:18:18.987,Bologna,Košice,None,0,72.5,70,1005.1,12,0.0,0.0,1.0,-0.028,-0.009,0.041,2.19,12.74,6.5,79.5,Normal
2026-07-02 23:18:19.977,Bologna,Košice,None,0,72.2,70,1000.7,12,0.0,0.0,1.0,-0.02,-0.028,0.12,2.19,12.74,6.5,79.5,Normal
2026-07-02 23:18:20.994,Bologna,Košice,None,0,71.6,70,993.1,12,0.0,0.0,0.0,0.04,-0.018,0.156,2.19,12.74,6.5,79.5,Normal
2026-07-02 23:18:22.001,Bologna,Košice,None,0,71.1,70,986.0,12,0.0,0.0,-1.0,0.056,-0.052,0.151,2.19,12.74,6.5,79.5,Normal
2026-07-02 23:18:22.978,Bologna,Košice,None,0,70.7,70,1264.9,11,0.0,0.0,0.0,-0.051,-0.015,0.101,2.19,12.74,6.5,79.5,Normal
2026-07-02 23:18:23.979,Bologna,Košice,None,0,70.2,70,1256.5,11,0.0,0.0,0.0,0.061,0.052,0.141,2.19,12.75,6.5,79.5,Normal
2026-07-02 23:18:25.003,Bologna,Košice,None,0,70.1,70,1255.9,11,0.0,0.0,-1.0,0.047,-0.038,-0.05,2.19,12.75,6.5,79.5,Normal
2026-07-02 23:18:25.979,Bologna,Košice,None,0,70.3,70,1258.5,11,0.0,0.0,0.0,-0.005,-0.022,-0.027,2.19,12.75,6.5,79.5,Normal
2026-07-02 23:18:26.980,Bologna,Košice,None,0,70.3,70,1258.6,11,0.0,0.0,0.0,-0.017,-0.007,0.002,2.19,12.75,6.5,79.5,Normal
2026-07-02 23:18:27.981,Bologna,Košice,None,0,70.3,70,1258.8,11,0.0,0.0,0.0,0.013,0.019,-0.005,2.19,12.75,6.5,79.5,Normal
2026-07-02 23:18:28.980,Bologna,Košice,None,0,70.3,70,1259.0,11,0.0,0.0,0.0,0.003,-0.026,0.002,2.19,12.75,6.5,79.4,Normal
2026-07-02 23:18:29.981,Bologna,Košice,None,0,70.3,70,1259.0,11,0.0,0.0,0.0,-0.007,0.033,-0.001,2.19,12.75,6.5,79.4,Normal
2026-07-02 23:18:30.981,Bologna,Košice,None,0,70.3,70,1259.1,11,0.0,0.0,-1.0,0.074,-0.02,0.004,2.19,12.75,6.5,79.4,Normal
2026-07-02 23:18:31.981,Bologna,Košice,None,0,70.3,70,1259.2,11,0.0,0.0,-1.0,0.05,0.061,-0.014,2.19,12.76,6.5,79.4,Normal
2026-07-02 23:18:32.982,Bologna,Košice,None,0,70.3,70,1258.6,11,0.0,0.0,-1.0,0.053,-0.007,0.035,2.19,12.76,6.5,79.4,Normal
2026-07-02 23:18:33.982,Bologna,Košice,None,0,70.2,70,1258.0,11,0.0,0.0,-1.0,0.065,0.02,0.005,2.19,12.76,6.5,79.4,Normal
2026-07-02 23:18:34.982,Bologna,Košice,None,0,69.9,70,1251.0,11,0.0,0.0,-1.0,0.044,0.033,0.214,2.2,12.76,6.5,79.4,Normal
2026-07-02 23:18:36.002,Bologna,Košice,None,0,68.9,70,1232.1,11,0.0,0.0,0.0,-0.082,-0.024,0.301,2.2,12.76,6.5,79.4,Normal
2026-07-02 23:18:36.983,Bologna,Košice,None,0,67.8,70,1213.0,11,0.0,0.0,-1.0,0.031,0.032,0.303,2.2,12.76,6.5,79.4,Normal
2026-07-02 23:18:37.995,Bologna,Košice,None,0,66.8,70,1194.1,11,0.0,0.0,-1.0,0.087,-0.051,0.3,2.2,12.76,6.5,79.4,Normal
2026-07-02 23:18:39.005,Bologna,Košice,None,0,65.6,70,1171.9,11,0.0,0.0,-1.0,-0.023,0.0,0.452,2.2,12.76,6.5,79.4,Normal
2026-07-02 23:18:39.984,Bologna,Košice,None,0,63.7,70,1138.5,11,0.0,0.0,-1.0,-0.008,0.027,0.545,2.2,12.76,6.5,79.4,Normal
2026-07-02 23:18:40.997,Bologna,Košice,None,0,61.6,70,1099.3,11,0.0,0.1,-1.0,0.064,0.026,0.724,2.2,12.77,6.5,79.4,Normal
2026-07-02 23:18:42.002,Bologna,Košice,None,0,57.9,70,1032.9,11,0.0,0.09,0.0,-0.055,-0.058,1.034,2.2,12.77,6.5,79.4,Normal
2026-07-02 23:18:42.986,Bologna,Košice,None,0,55.2,70,986.6,11,0.0,0.0,0.0,-0.034,0.002,0.556,2.2,12.77,6.5,79.4,Normal
2026-07-02 23:18:43.998,Bologna,Košice,None,0,53.3,70,1120.5,11,0.0,0.04,-1.0,-0.004,-0.039,0.613,2.2,12.77,6.51,79.4,Normal
2026-07-02 23:18:45.008,Bologna,Košice,None,0,50.9,70,1126.4,10,0.0,0.0,-1.0,0.036,-0.019,0.567,2.2,12.77,6.51,79.4,Normal
2026-07-02 23:18:45.987,Bologna,Košice,None,0,49.3,70,1091.9,10,0.0,0.0,0.0,0.014,0.008,0.374,2.2,12.77,6.51,79.4,Normal
2026-07-02 23:18:46.988,Bologna,Košice,None,0,48.7,70,1082.8,10,0.57,0.0,0.0,-0.036,-0.007,-0.045,2.2,12.77,6.51,79.4,Normal
2026-07-02 23:18:47.988,Bologna,Košice,None,0,50.0,70,1113.7,10,0.95,0.0,0.0,-0.013,-0.003,-0.518,2.2,12.78,6.51,79.4,Normal
2026-07-02 23:18:48.989,Bologna,Košice,None,0,50.5,70,1444.5,9,0.84,0.0,0.0,0.013,0.058,0.041,2.2,12.78,6.51,79.4,Normal
2026-07-02 23:18:49.989,Bologna,Košice,None,0,51.5,70,1469.7,9,1.0,0.0,0.0,0.004,-0.097,-0.49,2.2,12.78,6.51,79.3,Normal
2026-07-02 23:18:50.990,Bologna,Košice,None,0,50.8,70,1126.9,10,0.83,0.0,0.0,-0.006,0.024,0.406,2.2,12.78,6.51,79.3,Normal
2026-07-02 23:18:51.990,Bologna,Košice,None,0,50.4,70,1122.6,10,0.8,0.0,1.0,-0.101,-0.028,-0.065,2.2,12.78,6.51,79.3,Normal
2026-07-02 23:18:52.990,Bologna,Košice,None,0,50.8,70,1129.9,10,0.74,0.0,1.0,-0.049,0.012,-0.102,2.2,12.78,6.51,79.3,Normal
2026-07-02 23:18:53.989,Bologna,Košice,None,0,51.3,70,1142.3,10,0.76,0.0,1.0,-0.103,0.015,-0.19,2.2,12.78,6.51,79.3,Normal
2026-07-02 23:18:54.989,Bologna,Košice,None,0,52.3,70,1164.6,10,0.75,0.0,1.0,0.086,0.013,-0.329,2.2,12.78,6.51,79.3,Normal
2026-07-02 23:18:55.991,Bologna,Košice,None,0,53.5,70,1192.6,10,0.72,0.0,1.0,-0.002,0.008,-0.364,2.2,12.78,6.51,79.2,Normal
2026-07-02 23:18:56.991,Bologna,Košice,None,0,54.8,70,1220.8,10,0.62,0.0,1.0,0.053,0.025,-0.353,2.2,12.78,6.51,79.2,Normal
2026-07-02 23:18:58.004,Bologna,Košice,None,0,56.1,70,1249.3,10,0.63,0.0,1.0,-0.049,0.012,-0.378,2.2,12.78,6.51,79.2,Normal
2026-07-02 23:18:58.991,Bologna,Košice,None,0,57.5,70,1280.6,10,0.66,0.0,1.0,-0.094,0.021,-0.419,2.2,12.79,6.51,79.2,Normal
2026-07-02 23:18:59.992,Bologna,Košice,None,0,58.9,70,1306.2,10,0.0,0.0,1.0,-0.057,0.027,-0.18,2.2,12.79,6.51,79.1,Normal
2026-07-02 23:19:00.992,Bologna,Košice,None,0,58.6,70,1300.0,10,0.0,0.0,1.0,0.077,-0.005,0.109,2.2,12.79,6.51,79.1,Normal
2026-07-02 23:19:01.992,Bologna,Košice,None,0,58.4,70,1297.0,10,0.26,0.0,0.0,0.081,0.013,-0.034,2.2,12.79,6.51,79.1,Normal
2026-07-02 23:19:03.004,Bologna,Košice,None,0,58.6,70,1298.8,10,0.0,0.0,-1.0,0.192,0.078,0.002,2.2,12.79,6.51,79.1,Normal
2026-07-02 23:19:03.994,Bologna,Košice,None,0,58.7,70,1303.3,10,0.36,0.0,-1.0,0.029,-0.029,-0.141,2.2,12.79,6.51,79.1,Normal
2026-07-02 23:19:05.006,Bologna,Košice,None,0,59.7,70,1327.3,10,0.37,0.0,-1.0,-0.073,-0.028,-0.307,2.2,12.79,6.51,79.1,Normal
2026-07-02 23:19:05.994,Bologna,Košice,None,0,60.6,70,1346.5,10,0.35,0.0,-1.0,-0.016,-0.033,-0.212,2.2,12.79,6.51,79.1,Normal
2026-07-02 23:19:06.995,Bologna,Košice,None,0,61.5,70,1367.3,10,0.44,0.0,-1.0,0.034,-0.059,-0.287,2.2,12.79,6.51,79.1,Normal
2026-07-02 23:19:08.007,Bologna,Košice,None,0,62.1,70,1191.7,10,0.22,0.0,-1.0,-0.012,0.023,0.008,2.2,12.8,6.51,79.1,Normal
2026-07-02 23:19:08.996,Bologna,Košice,None,0,62.0,70,1113.5,11,0.69,0.0,-1.0,-0.035,-0.067,-0.099,2.2,12.8,6.51,79.1,Normal
2026-07-02 23:19:09.996,Bologna,Košice,None,0,63.0,70,1132.3,11,0.68,0.0,-1.0,-0.05,0.125,-0.307,2.2,12.8,6.51,79.1,Normal
2026-07-02 23:19:11.018,Bologna,Košice,None,0,64.2,70,1153.1,11,0.68,0.0,-1.0,-0.067,0.008,-0.305,2.2,12.8,6.51,79.0,Normal
2026-07-02 23:19:12.018,Bologna,Košice,None,0,65.2,70,1171.0,11,0.66,0.0,-1.0,0.049,0.092,-0.276,2.2,12.8,6.51,79.0,Normal
2026-07-02 23:19:12.997,Bologna,Košice,None,0,66.1,70,1187.1,11,0.61,0.0,-1.0,-0.031,0.024,-0.231,2.2,12.8,6.51,79.0,Normal
2026-07-02 23:19:14.021,Bologna,Košice,None,0,66.9,70,1201.5,11,0.69,0.0,-1.0,-0.051,-0.014,-0.224,2.2,12.81,6.51,79.0,Normal
2026-07-02 23:19:15.016,Bologna,Košice,None,0,67.8,70,1217.4,11,0.67,0.0,-1.0,0.036,-0.054,-0.249,2.2,12.81,6.51,79.0,Normal
2026-07-02 23:19:15.998,Bologna,Košice,None,0,68.6,70,1231.4,11,0.69,0.0,-1.0,0.057,-0.026,-0.217,2.2,12.81,6.51,78.9,Normal
2026-07-02 23:19:17.011,Bologna,Košice,None,0,69.3,70,1244.8,11,0.82,0.0,1.0,-0.065,0.037,-0.209,2.2,12.81,6.51,78.9,Normal
2026-07-02 23:19:17.999,Bologna,Košice,None,0,69.8,70,1249.4,11,0.0,0.0,0.0,-0.023,0.055,0.107,2.2,12.81,6.51,78.9,Normal
2026-07-02 23:19:19.019,Bologna,Košice,None,0,69.2,70,1241.9,11,0.0,0.0,0.0,-0.026,-0.02,0.046,2.2,12.81,6.51,78.9,Normal
2026-07-02 23:19:19.999,Bologna,Košice,None,0,69.6,70,1249.4,11,0.0,0.0,-1.0,0.042,-0.109,-0.132,2.2,12.81,6.51,78.9,Normal
2026-07-02 23:19:21.022,Bologna,Košice,None,0,69.7,70,1249.7,11,0.0,0.0,-1.0,-0.013,0.043,0.024,2.2,12.81,6.51,78.8,Normal
2026-07-02 23:19:22.001,Bologna,Košice,None,0,69.6,70,1245.0,11,0.0,0.0,0.0,-0.029,0.06,0.165,2.2,12.81,6.51,78.8,Normal
2026-07-02 23:19:23.001,Bologna,Košice,None,0,68.4,70,1224.3,11,0.0,0.0,0.0,-0.041,-0.011,0.322,2.2,12.82,6.51,78.8,Normal
2026-07-02 23:19:24.017,Bologna,Košice,None,0,67.6,70,1210.1,11,0.0,0.0,0.0,-0.031,-0.01,0.167,2.2,12.82,6.51,78.8,Normal
2026-07-02 23:19:25.002,Bologna,Košice,None,0,67.1,70,1200.0,11,0.0,0.0,0.0,-0.013,-0.077,0.17,2.2,12.82,6.51,78.8,Normal
2026-07-02 23:19:26.002,Bologna,Košice,None,0,66.5,70,1189.3,11,0.0,0.0,0.0,-0.017,-0.086,0.182,2.2,12.82,6.51,78.8,Normal
2026-07-02 23:19:27.003,Bologna,Košice,None,0,65.9,70,1179.8,11,0.0,0.0,0.0,-0.006,-0.046,0.17,2.2,12.82,6.51,78.8,Normal
2026-07-02 23:19:28.003,Bologna,Košice,None,0,65.4,70,1169.9,11,0.0,0.0,0.0,-0.031,-0.009,0.16,2.2,12.82,6.51,78.8,Normal
2026-07-02 23:19:29.027,Bologna,Košice,None,0,65.1,70,1167.4,11,0.34,0.0,0.0,0.023,-0.031,-0.045,2.2,12.82,6.51,78.8,Normal
2026-07-02 23:19:30.036,Bologna,Košice,None,0,65.5,70,1174.3,11,0.32,0.0,0.0,0.004,-0.056,-0.112,2.2,12.82,6.51,78.8,Normal
2026-07-02 23:19:31.004,Bologna,Košice,None,0,65.9,70,1182.1,11,0.26,0.0,0.0,-0.031,-0.006,-0.118,2.2,12.82,6.51,78.8,Normal
2026-07-02 23:19:32.023,Bologna,Košice,None,0,66.2,70,1186.7,11,0.2,0.0,0.0,-0.019,0.018,-0.066,2.2,12.82,6.51,78.8,Normal
2026-07-02 23:19:33.004,Bologna,Košice,None,0,66.4,70,1190.3,11,0.24,0.0,1.0,-0.07,-0.05,-0.057,2.2,12.82,6.51,78.8,Normal
2026-07-02 23:19:34.005,Bologna,Košice,None,0,66.7,70,1197.0,11,0.4,0.0,1.0,-0.048,0.062,-0.148,2.2,12.82,6.51,78.8,Normal
2026-07-02 23:19:35.005,Bologna,Košice,None,0,67.5,70,1212.9,11,0.71,0.0,1.0,-0.035,-0.102,-0.278,2.2,12.82,6.51,78.8,Normal
2026-07-02 23:19:36.025,Bologna,Košice,None,0,68.7,70,1234.2,11,0.75,0.0,1.0,0.07,-0.04,-0.341,2.2,12.82,6.51,78.8,Normal
2026-07-02 23:19:37.005,Bologna,Košice,None,0,69.8,70,1252.6,11,0.08,0.0,0.0,0.087,0.001,-0.308,2.2,12.82,6.51,78.8,Normal
2026-07-02 23:19:38.006,Bologna,Košice,None,0,69.6,70,1247.3,11,0.0,0.0,1.0,-0.268,0.004,0.139,2.2,12.82,6.51,78.8,Normal
2026-07-02 23:19:39.031,Bologna,Košice,None,0,69.6,70,1249.4,11,0.0,0.0,1.0,0.003,-0.004,-0.073,2.2,12.82,6.51,78.8,Normal
2026-07-02 23:19:40.031,Bologna,Košice,None,0,69.8,70,1252.0,11,0.0,0.0,1.0,0.079,-0.003,-0.015,2.2,12.82,6.51,78.7,Normal
2026-07-02 23:19:41.007,Bologna,Košice,None,0,69.8,70,1252.0,11,0.0,0.0,1.0,0.08,-0.085,0.001,2.2,12.83,6.51,78.7,Normal
2026-07-02 23:19:42.007,Bologna,Košice,None,0,69.8,70,1253.1,11,0.0,0.0,1.0,-0.093,-0.062,-0.032,2.2,12.83,6.51,78.7,Normal
2026-07-02 23:19:43.031,Bologna,Košice,None,0,69.9,70,1254.3,11,0.0,0.0,1.0,0.046,-0.053,-0.022,2.2,12.83,6.51,78.7,Normal
2026-07-02 23:19:44.027,Bologna,Košice,None,0,70.0,70,1255.3,11,0.0,0.0,1.0,0.01,-0.013,-0.019,2.2,12.83,6.51,78.7,Normal
2026-07-02 23:19:45.009,Bologna,Košice,None,0,70.1,70,1256.3,11,0.0,0.0,1.0,0.051,-0.011,-0.017,2.2,12.83,6.51,78.7,Normal
2026-07-02 23:19:46.009,Bologna,Košice,None,0,70.1,70,1255.6,11,0.0,0.0,1.0,0.049,-0.059,0.013,2.2,12.83,6.51,78.6,Normal
2026-07-02 23:19:47.009,Bologna,Košice,None,0,70.0,70,1254.3,11,0.0,0.0,1.0,0.03,-0.027,0.025,2.2,12.84,6.51,78.6,Normal
2026-07-02 23:19:48.010,Bologna,Košice,None,0,69.9,70,1253.3,11,0.0,0.0,1.0,-0.103,-0.023,0.03,2.2,12.84,6.51,78.6,Normal
2026-07-02 23:19:49.010,Bologna,Košice,None,0,69.8,70,1252.5,11,0.0,0.0,1.0,0.083,-0.145,0.018,2.2,12.84,6.51,78.6,Normal
2026-07-02 23:19:50.010,Bologna,Košice,None,0,69.8,70,1252.6,11,0.0,0.0,0.0,0.062,-0.07,-0.008,2.2,12.84,6.51,78.6,Normal
2026-07-02 23:19:51.011,Bologna,Košice,None,0,69.9,70,1253.6,11,0.0,0.0,-1.0,0.056,-0.069,-0.03,2.2,12.84,6.51,78.6,Normal
2026-07-02 23:19:52.011,Bologna,Košice,None,0,70.0,70,1254.8,11,0.0,0.0,-1.0,0.021,-0.057,-0.016,2.2,12.84,6.51,78.5,Normal
2026-07-02 23:19:53.011,Bologna,Košice,None,0,70.0,70,1255.4,11,0.0,0.0,-1.0,0.042,0.02,-0.024,2.2,12.84,6.51,78.5,Normal
2026-07-02 23:19:54.037,Bologna,Košice,None,0,70.1,70,1256.8,11,0.0,0.0,-1.0,-0.031,-0.037,-0.041,2.2,12.84,6.51,78.5,Normal
2026-07-02 23:19:55.030,Bologna,Košice,None,0,70.2,70,1257.0,11,0.0,0.0,-1.0,0.02,0.039,-0.022,2.2,12.85,6.51,78.5,Normal
2026-07-02 23:19:56.011,Bologna,Košice,None,0,70.3,70,1257.1,11,0.0,0.0,-1.0,0.082,0.012,-0.019,2.2,12.85,6.51,78.5,Normal
2026-07-02 23:19:57.011,Bologna,Košice,None,0,70.5,70,1261.7,11,0.0,0.0,-1.0,-0.003,0.014,-0.104,2.21,12.85,6.51,78.5,Normal
2026-07-02 23:19:58.012,Bologna,Košice,None,0,70.9,70,1268.1,11,0.0,0.0,-1.0,0.039,-0.032,-0.095,2.21,12.85,6.51,78.5,Normal
2026-07-02 23:19:59.012,Bologna,Košice,None,0,71.1,70,1272.3,11,0.0,0.0,-1.0,0.024,0.035,-0.018,2.21,12.85,6.51,78.5,Normal
2026-07-02 23:20:00.012,Bologna,Košice,None,0,70.9,70,1267.7,11,0.0,0.0,0.0,-0.043,-0.068,0.144,2.21,12.85,6.51,78.5,Normal
2026-07-02 23:20:01.030,Bologna,Košice,None,0,70.2,70,1256.1,11,0.0,0.0,0.0,-0.068,0.025,0.22,2.21,12.85,6.51,78.5,Normal
2026-07-02 23:20:02.013,Bologna,Košice,None,0,68.7,70,1228.3,11,0.0,0.0,1.0,-0.115,0.045,0.578,2.21,12.85,6.51,78.5,Normal
2026-07-02 23:20:03.013,Bologna,Košice,None,0,65.8,70,1174.8,11,0.0,0.03,1.0,-0.164,-0.057,0.838,2.21,12.86,6.51,78.5,Normal
2026-07-02 23:20:04.014,Bologna,Košice,None,0,62.6,70,1116.8,11,0.0,0.04,1.0,-0.025,-0.011,0.874,2.21,12.86,6.51,78.5,Normal
2026-07-02 23:20:05.028,Bologna,Košice,None,0,59.8,70,1067.8,11,0.0,0.0,1.0,-0.045,-0.093,0.679,2.21,12.86,6.51,78.5,Normal
2026-07-02 23:20:06.039,Bologna,Košice,None,0,57.7,70,1030.4,11,0.0,0.0,1.0,0.031,-0.021,0.459,2.21,12.86,6.51,78.5,Normal
2026-07-02 23:20:07.014,Bologna,Košice,None,0,56.5,70,1012.4,11,0.27,0.0,1.0,0.12,-0.043,0.264,2.21,12.86,6.51,78.5,Normal
2026-07-02 23:20:08.015,Bologna,Košice,None,0,56.2,70,1009.1,11,0.66,0.0,1.0,0.088,-0.016,-0.001,2.21,12.86,6.51,78.5,Normal
2026-07-02 23:20:09.014,Bologna,Košice,None,0,56.8,70,1021.0,11,0.69,0.0,1.0,0.099,0.003,-0.218,2.21,12.87,6.51,78.5,Normal
2026-07-02 23:20:10.016,Bologna,Košice,None,0,57.8,70,1038.4,11,0.67,0.0,1.0,-0.426,0.015,-0.288,2.21,12.87,6.51,78.5,Harsh Cornering
2026-07-02 23:20:11.016,Bologna,Košice,None,0,58.8,70,1057.4,11,0.65,0.0,1.0,0.004,-0.003,-0.292,2.21,12.87,6.51,78.4,Normal
2026-07-02 23:20:12.016,Bologna,Košice,None,0,59.9,70,1076.3,11,0.72,0.0,1.0,0.047,0.035,-0.311,2.21,12.87,6.51,78.4,Normal
2026-07-02 23:20:13.017,Bologna,Košice,None,0,61.1,70,1098.6,11,0.71,0.0,0.0,0.101,-0.03,-0.363,2.21,12.87,6.51,78.4,Normal
2026-07-02 23:20:14.017,Bologna,Košice,None,0,62.3,70,1118.1,11,0.57,0.0,-1.0,0.176,-0.004,-0.306,2.21,12.87,6.51,78.4,Normal
2026-07-02 23:20:15.039,Bologna,Košice,None,0,63.4,70,1134.8,11,0.0,0.0,-1.0,0.071,-0.026,-0.282,2.21,12.87,6.51,78.4,Normal
2026-07-02 23:20:16.018,Bologna,Košice,None,0,63.0,70,1125.9,11,0.0,0.0,-1.0,0.13,0.048,0.365,2.21,12.87,6.51,78.4,Normal
2026-07-02 23:20:17.018,Bologna,Košice,None,0,60.6,70,1079.5,11,0.0,0.12,-1.0,0.232,-0.019,0.973,2.21,12.87,6.51,78.4,Normal
2026-07-02 23:20:18.041,Bologna,Košice,None,0,57.1,70,1019.2,11,0.0,0.0,-1.0,-0.099,-0.068,0.753,2.21,12.87,6.51,78.4,Normal
2026-07-02 23:20:19.032,Bologna,Košice,None,0,54.7,70,977.0,11,0.07,0.0,-1.0,0.029,-0.021,0.592,2.21,12.88,6.51,78.4,Normal
2026-07-02 23:20:20.020,Bologna,Košice,None,0,53.5,70,1185.7,10,0.2,0.0,-1.0,0.007,-0.017,0.274,2.21,12.88,6.51,78.4,Normal
2026-07-02 23:20:21.021,Bologna,Košice,None,0,52.8,70,1174.6,10,0.48,0.0,-1.0,-0.059,-0.028,0.05,2.21,12.88,6.51,78.3,Normal
2026-07-02 23:20:22.035,Bologna,Košice,None,0,53.6,70,1194.2,10,0.75,0.0,-1.0,-0.034,-0.024,-0.349,2.21,12.88,6.51,78.3,Normal
2026-07-02 23:20:23.031,Bologna,Košice,None,0,55.1,70,1227.8,10,0.79,0.0,-1.0,-0.0,-0.048,-0.433,2.21,12.88,6.51,78.3,Normal
2026-07-02 23:20:24.023,Bologna,Košice,None,0,56.7,70,1264.5,10,0.94,0.0,-1.0,0.003,0.018,-0.498,2.21,12.88,6.51,78.3,Normal
2026-07-02 23:20:25.045,Bologna,Košice,None,0,58.7,70,1307.8,10,0.93,0.0,-1.0,-0.006,0.031,-0.534,2.21,12.88,6.51,78.2,Normal
2026-07-02 23:20:26.023,Bologna,Košice,None,0,60.5,70,1347.3,10,0.9,0.0,-1.0,-0.021,-0.003,-0.528,2.21,12.88,6.51,78.2,Normal
2026-07-02 23:20:27.046,Bologna,Košice,None,0,62.4,70,1388.8,10,0.8,0.0,-1.0,0.007,0.02,-0.492,2.21,12.88,6.51,78.2,Normal
2026-07-02 23:20:28.023,Bologna,Košice,None,0,63.1,70,1158.7,10,0.73,0.0,-1.0,0.096,0.012,0.073,2.21,12.88,6.51,78.2,Normal
2026-07-02 23:20:29.035,Bologna,Košice,None,0,62.8,70,1126.5,11,0.32,0.0,-1.0,0.145,0.018,-0.021,2.21,12.89,6.51,78.2,Normal
2026-07-02 23:20:30.024,Bologna,Košice,None,0,63.2,70,1134.6,11,0.59,0.0,-1.0,-0.027,-0.026,-0.175,2.21,12.89,6.51,78.2,Normal
2026-07-02 23:20:31.024,Bologna,Košice,None,0,64.1,70,1153.1,11,0.73,0.0,1.0,-0.262,0.052,-0.338,2.21,12.89,6.51,78.1,Normal
2026-07-02 23:20:32.023,Bologna,Košice,None,0,65.6,70,1178.3,11,0.74,0.0,1.0,-0.243,-0.081,-0.421,2.21,12.89,6.51,78.1,Normal
2026-07-02 23:20:33.024,Bologna,Košice,None,0,67.0,70,1204.1,11,0.73,0.0,0.0,0.018,0.019,-0.411,2.21,12.89,6.51,78.1,Normal
2026-07-02 23:20:34.024,Bologna,Košice,None,0,68.5,70,1230.5,11,0.79,0.0,1.0,-0.062,0.024,-0.439,2.21,12.89,6.51,78.1,Normal
2026-07-02 23:20:35.046,Bologna,Košice,None,0,70.0,70,1256.2,11,0.45,0.0,1.0,-0.075,-0.046,-0.37,2.21,12.9,6.51,78.0,Normal
2026-07-02 23:20:36.041,Bologna,Košice,None,0,71.0,70,1274.4,11,0.55,0.0,1.0,-0.052,-0.106,-0.258,2.21,12.9,6.51,78.0,Normal
2026-07-02 23:20:37.051,Bologna,Košice,None,0,71.8,70,1284.8,11,0.0,0.0,1.0,0.005,0.068,-0.038,2.21,12.9,6.51,78.0,Normal
2026-07-02 23:20:38.044,Bologna,Košice,None,0,71.1,70,1272.7,11,0.0,0.0,1.0,-0.055,0.016,0.228,2.21,12.9,6.51,78.0,Normal
2026-07-02 23:20:39.027,Bologna,Košice,None,0,70.2,70,1256.6,11,0.0,0.0,1.0,0.078,0.015,0.258,2.21,12.9,6.51,78.0,Normal
2026-07-02 23:20:40.040,Bologna,Košice,None,0,69.3,70,1242.1,11,0.34,0.0,1.0,0.06,0.011,0.204,2.21,12.9,6.51,78.0,Normal
2026-07-02 23:20:41.048,Bologna,Košice,None,0,68.8,70,1230.7,11,0.0,0.0,1.0,0.014,0.041,0.203,2.21,12.9,6.51,78.0,Normal
2026-07-02 23:20:42.049,Bologna,Košice,None,0,68.1,70,1220.9,11,0.0,0.0,0.0,0.04,-0.012,0.087,2.21,12.9,6.51,78.0,Normal
2026-07-02 23:20:43.050,Bologna,Košice,None,0,68.5,70,1226.6,11,0.0,0.0,0.0,0.027,0.028,-0.108,2.21,12.91,6.51,78.0,Normal
2026-07-02 23:20:44.027,Bologna,Košice,None,0,68.5,70,1226.0,11,0.0,0.0,0.0,0.013,-0.009,0.057,2.21,12.91,6.51,78.0,Normal
2026-07-02 23:20:45.028,Bologna,Košice,None,0,68.4,80,1224.9,11,0.0,0.0,0.0,0.013,-0.021,0.007,2.21,12.91,6.51,78.0,Normal
2026-07-02 23:20:46.029,Bologna,Košice,None,0,68.0,80,1217.5,11,0.0,0.0,-1.0,0.066,-0.017,0.15,2.21,12.91,6.51,78.0,Normal
2026-07-02 23:20:47.038,Bologna,Košice,None,0,67.5,80,1209.6,11,0.37,0.0,0.0,-0.0,-0.018,0.101,2.21,12.91,6.51,78.0,Normal
2026-07-02 23:20:48.029,Bologna,Košice,None,0,67.5,80,1207.8,11,0.1,0.0,0.0,0.009,0.057,0.094,2.21,12.91,6.51,78.0,Normal
2026-07-02 23:20:49.030,Bologna,Košice,None,0,67.0,80,1198.3,11,0.0,0.0,0.0,-0.028,0.058,0.154,2.21,12.91,6.51,78.0,Normal
2026-07-02 23:20:50.030,Bologna,Košice,None,0,66.4,80,1188.1,11,0.03,0.0,0.0,-0.015,0.03,0.157,2.21,12.91,6.51,78.0,Normal
2026-07-02 23:20:51.050,Bologna,Košice,None,0,66.1,90,1183.3,11,0.0,0.0,0.0,0.003,-0.037,0.054,2.21,12.92,6.51,78.0,Normal
2026-07-02 23:20:52.030,Bologna,Košice,None,0,66.3,90,1190.3,11,0.54,0.0,0.0,0.02,-0.007,-0.193,2.21,12.92,6.51,78.0,Normal
2026-07-02 23:20:53.055,Bologna,Košice,None,0,67.0,90,1199.1,11,0.0,0.0,0.0,0.038,0.082,-0.013,2.21,12.92,6.51,77.9,Normal
2026-07-02 23:20:54.032,Bologna,Košice,None,0,67.5,90,1212.3,11,0.63,0.0,0.0,-0.034,-0.001,-0.398,2.21,12.92,6.51,77.9,Normal
2026-07-02 23:20:55.032,Bologna,Košice,None,0,68.6,90,1228.5,11,0.0,0.0,0.0,-0.025,0.077,-0.089,2.21,12.92,6.51,77.9,Normal
2026-07-02 23:20:56.032,Bologna,Košice,None,0,68.5,90,1225.0,11,0.0,0.0,0.0,0.028,-0.001,0.093,2.21,12.92,6.51,77.9,Normal
2026-07-02 23:20:57.033,Bologna,Košice,None,0,68.1,90,1219.5,11,0.15,0.0,0.0,0.033,-0.012,0.074,2.21,12.93,6.51,77.9,Normal
2026-07-02 23:20:58.032,Bologna,Košice,None,0,68.1,90,1220.9,11,0.32,0.0,0.0,-0.018,-0.043,-0.045,2.21,12.93,6.51,77.9,Normal
2026-07-02 23:20:59.046,Bologna,Košice,None,0,68.5,90,1228.7,11,0.44,0.0,0.0,0.004,0.008,-0.136,2.21,12.93,6.51,77.9,Normal
2026-07-02 23:21:00.055,Bologna,Košice,None,0,69.0,90,1237.2,11,0.4,0.0,0.0,0.031,0.058,-0.127,2.21,12.93,6.51,77.9,Normal
2026-07-02 23:21:01.048,Bologna,Košice,None,0,69.4,90,1246.2,11,0.59,0.0,0.0,0.016,0.039,-0.158,2.21,12.93,6.51,77.9,Normal
2026-07-02 23:21:02.035,Bologna,Košice,None,0,69.9,90,1251.2,11,0.0,0.0,0.0,-0.0,0.095,0.072,2.21,12.93,6.51,77.8,Normal
2026-07-02 23:21:03.052,Bologna,Košice,None,0,69.2,90,1238.2,11,0.0,0.0,0.0,-0.025,-0.067,0.223,2.21,12.93,6.51,77.8,Normal
2026-07-02 23:21:04.045,Bologna,Košice,None,0,69.1,90,1238.7,11,0.0,0.0,0.0,0.075,-0.09,-0.129,2.21,12.93,6.51,77.8,Normal
2026-07-02 23:21:05.055,Bologna,Košice,None,0,69.5,90,1243.9,11,0.0,0.0,0.0,0.002,0.048,-0.028,2.22,12.94,6.51,77.8,Normal
2026-07-02 23:21:06.036,Bologna,Košice,None,0,69.4,90,1241.3,11,0.0,0.0,0.0,0.016,0.008,0.086,2.22,12.94,6.51,77.8,Normal
2026-07-02 23:21:07.059,Bologna,Košice,None,0,69.0,90,1234.2,11,0.0,0.0,0.0,-0.015,-0.045,0.114,2.22,12.94,6.51,77.8,Normal
2026-07-02 23:21:08.037,Bologna,Košice,None,0,68.6,90,1227.9,11,0.0,0.0,0.0,0.0,-0.03,0.1,2.22,12.94,6.51,77.8,Normal
2026-07-02 23:21:09.037,Bologna,Košice,None,0,68.3,90,1221.9,11,0.0,0.0,0.0,0.008,0.057,0.075,2.22,12.94,6.51,77.8,Normal
2026-07-02 23:21:10.061,Bologna,Košice,None,0,68.0,90,1216.6,11,0.0,0.0,0.0,0.02,-0.045,0.086,2.22,12.94,6.51,77.8,Normal
2026-07-02 23:21:11.055,Bologna,Košice,None,0,67.7,90,1211.4,11,0.0,0.0,0.0,0.0,-0.053,0.084,2.22,12.94,6.51,77.8,Normal
2026-07-02 23:21:12.057,Bologna,Košice,None,0,67.4,90,1205.7,11,0.0,0.0,0.0,0.007,0.009,0.089,2.22,12.94,6.51,77.8,Normal
2026-07-02 23:21:13.057,Bologna,Košice,None,0,67.0,90,1199.4,11,0.0,0.0,0.0,-0.039,-0.015,0.105,2.22,12.94,6.51,77.8,Normal
2026-07-02 23:21:14.060,Bologna,Košice,None,0,66.6,90,1191.8,11,0.0,0.0,0.0,0.019,0.011,0.125,2.22,12.95,6.51,77.8,Normal
2026-07-02 23:21:15.039,Bologna,Košice,None,0,66.1,90,1183.0,11,0.0,0.0,0.0,0.011,0.001,0.153,2.22,12.95,6.51,77.8,Normal
2026-07-02 23:21:16.040,Bologna,Košice,None,0,65.5,90,1172.0,11,0.0,0.0,0.0,0.008,-0.005,0.184,2.22,12.95,6.51,77.8,Normal
2026-07-02 23:21:17.040,Bologna,Košice,None,0,64.7,90,1157.8,11,0.0,0.0,0.0,0.007,-0.058,0.275,2.22,12.95,6.51,77.8,Normal
2026-07-02 23:21:18.040,Bologna,Košice,None,0,63.5,90,1135.9,11,0.0,0.0,0.0,0.013,-0.057,0.36,2.22,12.95,6.51,77.8,Normal
2026-07-02 23:21:19.067,Bologna,Košice,None,0,62.3,90,1114.7,11,0.0,0.0,1.0,-0.1,-0.044,0.268,2.22,12.95,6.51,77.8,Normal
2026-07-02 23:21:20.061,Bologna,Košice,None,0,61.7,90,1104.5,11,0.0,0.0,1.0,-0.141,0.042,0.1,2.22,12.96,6.51,77.8,Normal
2026-07-02 23:21:21.057,Bologna,Košice,None,0,61.6,90,1102.7,11,0.0,0.0,1.0,-0.018,0.045,-0.033,2.22,12.96,6.51,77.8,Normal
2026-07-02 23:21:22.042,Bologna,Košice,None,0,61.9,90,1108.7,11,0.0,0.0,1.0,0.028,-0.071,-0.122,2.22,12.96,6.51,77.8,Normal
2026-07-02 23:21:23.064,Bologna,Košice,None,0,62.6,90,1120.0,11,0.0,0.0,1.0,-0.009,-0.055,-0.193,2.22,12.96,6.51,77.8,Normal
2026-07-02 23:21:24.063,Bologna,Košice,None,0,63.2,90,1129.7,11,0.0,0.0,1.0,-0.048,0.112,-0.051,2.22,12.96,6.51,77.8,Normal
2026-07-02 23:21:25.060,Bologna,Košice,None,0,62.6,90,1118.2,11,0.0,0.0,1.0,-0.019,0.003,0.237,2.22,12.96,6.51,77.8,Normal
2026-07-02 23:21:26.044,Bologna,Košice,None,0,61.6,90,1101.2,11,0.0,0.0,1.0,-0.084,0.045,0.257,2.22,12.96,6.51,77.8,Normal
2026-07-02 23:21:27.045,Bologna,Košice,None,0,60.7,90,1084.9,11,0.0,0.0,1.0,-0.019,-0.035,0.268,2.22,12.96,6.51,77.8,Normal
2026-07-02 23:21:28.045,Bologna,Košice,None,0,59.9,90,1069.4,11,0.0,0.0,1.0,-0.038,-0.001,0.226,2.22,12.96,6.51,77.8,Normal
2026-07-02 23:21:29.046,Bologna,Košice,None,0,59.0,90,1054.3,11,0.0,0.0,1.0,0.039,0.037,0.26,2.22,12.97,6.51,77.8,Normal
2026-07-02 23:21:30.070,Bologna,Košice,None,0,57.9,90,1035.1,11,0.0,0.0,1.0,-0.015,0.054,0.298,2.22,12.97,6.51,77.8,Normal
2026-07-02 23:21:31.063,Bologna,Košice,None,0,56.7,90,1012.4,11,0.0,0.0,1.0,0.101,0.046,0.39,2.22,12.97,6.51,77.8,Normal
2026-07-02 23:21:32.047,Bologna,Košice,None,0,55.2,90,985.7,11,0.0,0.0,0.0,0.145,-0.042,0.461,2.22,12.97,6.52,77.8,Normal
2026-07-02 23:21:33.047,Bologna,Košice,None,0,53.6,90,1111.5,11,0.0,0.0,1.0,-0.138,0.047,0.418,2.22,12.97,6.52,77.8,Normal
2026-07-02 23:21:34.048,Bologna,Košice,None,0,52.4,90,1162.1,10,0.0,0.0,1.0,-0.093,-0.064,0.193,2.22,12.97,6.52,77.8,Normal
2026-07-02 23:21:35.048,Bologna,Košice,None,0,51.9,50,1151.1,10,0.0,0.0,1.0,0.014,0.055,0.122,2.22,12.97,6.52,77.8,Normal
2026-07-02 23:21:36.048,Bologna,Košice,None,0,51.5,50,1141.9,10,0.0,0.0,1.0,0.025,-0.019,0.125,2.22,12.98,6.52,77.8,Normal
2026-07-02 23:21:37.048,Bologna,Košice,None,0,51.1,50,1131.9,10,0.0,0.0,1.0,0.064,0.006,0.13,2.22,12.98,6.52,77.8,Normal
2026-07-02 23:21:38.049,Bologna,Košice,None,0,50.6,50,1120.7,10,0.0,0.0,1.0,0.035,-0.003,0.141,2.22,12.98,6.52,77.8,Normal
2026-07-02 23:21:39.069,Bologna,Košice,None,0,50.0,90,1108.9,10,0.0,0.0,1.0,0.011,-0.03,0.153,2.22,12.98,6.52,77.8,Normal
2026-07-02 23:21:40.049,Bologna,Košice,None,0,49.5,90,1097.0,10,0.0,0.0,-1.0,0.158,0.001,0.161,2.22,12.98,6.52,77.8,Normal
2026-07-02 23:21:41.050,Bologna,Košice,None,0,48.9,90,1084.2,10,0.0,0.0,-1.0,0.057,0.008,0.161,2.22,12.98,6.52,77.8,Normal
2026-07-02 23:21:42.050,Bologna,Košice,None,0,48.4,90,1071.7,10,0.0,0.0,-1.0,0.039,-0.007,0.165,2.22,12.98,6.52,77.8,Normal
2026-07-02 23:21:43.050,Bologna,Košice,None,0,47.7,90,1057.6,10,0.0,0.09,-1.0,0.027,0.029,0.177,2.22,12.98,6.52,77.8,Normal
2026-07-02 23:21:44.060,Bologna,Košice,None,0,45.4,90,1002.2,10,0.0,0.24,-1.0,-0.069,-0.022,0.955,2.22,12.98,6.52,77.8,Normal
2026-07-02 23:21:45.068,Bologna,Košice,None,0,40.1,50,1043.3,10,0.0,0.05,-1.0,0.07,-0.064,1.454,2.22,12.98,6.52,77.8,Normal
2026-07-02 23:21:46.051,Bologna,Košice,None,0,38.2,50,1092.6,9,0.0,0.0,-1.0,-0.018,0.019,0.231,2.22,12.98,6.52,77.8,Normal
2026-07-02 23:21:47.069,Bologna,Košice,None,0,27.0,50,1626.9,6,0.0,0.6,-1.0,-0.119,-0.07,4.346,2.22,12.98,6.52,77.8,Normal
2026-07-02 23:21:48.052,Bologna,Košice,None,0,18.3,50,1110.0,6,0.0,0.13,-1.0,-0.027,-0.069,1.278,2.22,12.98,6.52,77.8,Normal
2026-07-02 23:21:49.052,Bologna,Košice,None,0,15.2,50,924.3,6,0.0,0.0,-1.0,-0.008,-0.031,0.458,2.22,12.98,6.52,77.8,Normal
2026-07-02 23:21:50.052,Bologna,Košice,None,0,11.2,50,902.0,6,0.0,0.27,-1.0,-0.02,0.008,1.596,2.22,12.98,6.52,77.8,Normal
2026-07-02 23:21:51.053,Bologna,Košice,None,0,4.2,50,551.8,4,0.0,0.41,-1.0,-0.034,-0.015,2.239,2.22,12.98,6.52,77.8,Normal
2026-07-02 23:21:52.053,Bologna,Košice,None,0,0.3,50,550.0,1,0.0,0.0,-1.0,-0.017,-0.086,-0.066,2.22,12.98,6.52,77.8,Normal
2026-07-02 23:21:53.053,Bologna,Košice,None,0,0.2,50,550.0,1,0.0,0.0,0.0,-0.007,-0.005,0.06,2.22,12.98,6.52,77.8,Normal
2026-07-02 23:21:54.053,Bologna,Košice,None,0,0.0,50,550.0,1,0.0,0.0,0.0,-0.001,0.001,0.046,2.22,12.98,6.52,77.8,Normal
2026-07-02 23:21:55.054,Bologna,Košice,None,0,0.0,50,550.0,1,0.0,0.0,0.0,-0.001,-0.0,-0.0,2.22,12.98,6.52,77.8,Normal
2026-07-02 23:21:56.054,Bologna,Košice,None,0,0.0,50,550.0,1,0.0,0.0,0.0,0.0,0.0,-0.0,2.22,12.98,6.52,77.8,Normal
2026-07-02 23:21:57.077,Bologna,Košice,None,0,0.0,50,550.0,1,0.0,0.0,0.0,0.0,0.004,0.0,2.22,12.98,6.52,77.8,Normal
2026-07-02 23:21:58.055,Bologna,Košice,None,0,0.0,50,550.0,1,0.0,0.0,1.0,-0.0,0.0,-0.0,2.22,12.98,6.52,77.8,Normal
2026-07-02 23:21:59.055,Bologna,Košice,None,0,0.0,50,550.0,1,0.0,0.0,1.0,-0.0,0.002,0.0,2.22,12.98,6.52,77.8,Normal
2026-07-02 23:22:00.056,Bologna,Košice,None,0,0.0,50,550.0,1,0.0,0.0,0.0,0.0,-0.005,-0.001,2.22,12.98,6.52,77.8,Normal
2026-07-02 23:22:01.068,Bologna,Košice,None,0,0.0,50,550.0,1,0.0,0.0,0.0,0.0,-0.0,-0.0,2.22,12.98,6.52,77.8,Normal
2026-07-02 23:22:02.075,Bologna,Košice,None,0,0.0,50,550.0,1,0.0,0.0,0.0,-0.001,-0.002,0.0,2.22,12.98,6.52,77.8,Normal
2026-07-02 23:22:03.058,Bologna,Košice,None,0,0.0,50,550.0,1,0.0,0.0,0.0,0.0,-0.002,-0.0,2.22,12.98,6.52,77.8,Normal
2026-07-02 23:22:04.073,Bologna,Košice,None,0,0.0,50,550.0,1,0.0,0.0,0.0,-0.0,0.002,0.0,2.22,12.98,6.52,77.8,Normal
2026-07-02 23:22:05.081,Bologna,Košice,None,0,0.0,50,550.0,1,0.0,0.0,0.0,0.0,0.0,0.0,2.22,12.98,6.52,77.8,Normal
2026-07-02 23:22:06.059,Bologna,Košice,None,0,-0.0,50,619.1,1,0.07,0.0,0.0,0.008,0.004,-0.002,2.22,12.98,6.52,77.8,Normal
2026-07-02 23:22:07.082,Bologna,Košice,None,0,0.8,50,542.8,1,0.0,0.0,0.0,0.003,-0.062,-0.272,2.22,12.98,6.52,77.8,Normal
2026-07-02 23:22:08.078,Bologna,Košice,None,0,1.4,50,545.1,1,0.0,0.0,0.0,-0.005,0.002,-0.136,2.22,12.98,6.52,77.8,Normal
2026-07-02 23:22:09.061,Bologna,Košice,None,0,1.8,50,546.6,1,0.0,0.0,0.0,-0.013,0.0,-0.081,2.22,12.98,6.52,77.8,Normal
2026-07-02 23:22:10.061,Bologna,Košice,None,0,2.0,50,547.4,1,0.0,0.0,0.0,-0.001,0.006,-0.046,2.22,12.98,6.52,77.8,Normal
2026-07-02 23:22:11.062,Bologna,Košice,None,0,2.1,50,547.9,1,0.0,0.0,0.0,-0.003,0.008,-0.012,2.22,12.98,6.52,77.8,Normal
2026-07-02 23:22:12.061,Bologna,Košice,None,0,2.5,50,546.0,1,0.0,0.0,0.0,0.0,0.008,-0.471,2.22,12.98,6.52,77.8,Normal
2026-07-02 23:22:13.063,Bologna,Košice,None,0,3.5,50,755.1,1,0.34,0.0,0.0,-0.003,-0.038,-0.798,2.22,12.98,6.52,77.8,Normal
2026-07-02 23:22:14.061,Bologna,Košice,None,0,7.3,50,1536.1,1,0.29,0.0,0.0,-0.002,-0.01,-0.957,2.22,12.98,6.52,77.8,Normal
2026-07-02 23:22:15.082,Bologna,Košice,None,0,7.5,50,939.2,3,0.27,0.0,0.0,0.004,0.013,0.066,2.22,12.98,6.52,77.8,Normal
2026-07-02 23:22:16.075,Bologna,Košice,None,0,7.1,50,884.8,3,0.0,0.0,-1.0,0.182,0.011,0.314,2.22,12.98,6.52,77.8,Normal
2026-07-02 23:22:17.073,Bologna,Košice,None,0,5.8,50,724.1,3,0.0,0.0,-1.0,0.061,-0.003,0.357,2.22,12.98,6.52,77.8,Normal
2026-07-02 23:22:18.082,Bologna,Košice,None,0,5.1,50,1069.1,1,0.04,0.0,-1.0,0.123,0.012,0.103,2.22,12.98,6.52,77.8,Normal
2026-07-02 23:22:19.079,Bologna,Košice,None,0,5.2,50,1082.9,1,0.09,0.0,-1.0,0.011,-0.003,-0.089,2.22,12.98,6.52,77.8,Normal
2026-07-02 23:22:20.089,Bologna,Košice,None,0,7.5,50,1586.7,1,0.76,0.0,0.0,0.136,-0.142,-1.224,2.22,12.98,6.52,77.8,Normal
2026-07-02 23:22:21.083,Bologna,Košice,None,0,7.9,50,993.0,3,0.67,0.0,-1.0,-0.042,0.022,0.095,2.22,12.98,6.52,77.8,Normal
2026-07-02 23:22:22.065,Bologna,Košice,None,0,13.2,50,1748.1,3,0.73,0.0,-1.0,0.353,-0.028,-2.154,2.22,12.98,6.52,77.8,Normal
2026-07-02 23:22:23.065,Bologna,Košice,None,0,15.4,50,940.6,6,0.66,0.0,-1.0,-0.122,0.014,0.033,2.22,12.98,6.52,77.8,Normal
2026-07-02 23:22:24.077,Bologna,Košice,None,0,17.1,50,1069.7,6,0.63,0.0,1.0,-0.149,-0.05,-1.073,2.22,12.98,6.52,77.8,Normal
2026-07-02 23:22:25.090,Bologna,Košice,None,0,22.0,50,1365.9,6,0.68,0.0,1.0,-0.235,-0.011,-1.397,2.22,12.98,6.52,77.8,Normal
2026-07-02 23:22:26.067,Bologna,Košice,None,0,24.5,50,1198.0,6,0.62,0.0,1.0,-0.275,0.063,-0.062,2.22,12.98,6.52,77.8,Normal
2026-07-02 23:22:27.077,Bologna,Košice,None,0,24.8,50,915.5,8,0.48,0.0,1.0,0.034,-0.043,-0.376,2.22,12.98,6.52,77.8,Normal
2026-07-02 23:22:28.084,Bologna,Košice,None,0,26.8,50,992.3,8,0.49,0.0,1.0,0.012,0.028,-0.625,2.22,12.98,6.52,77.8,Normal
2026-07-02 23:22:29.079,Bologna,Košice,None,0,28.8,50,1062.5,8,0.28,0.0,1.0,-0.053,0.003,-0.435,2.22,12.98,6.52,77.8,Normal
2026-07-02 23:22:30.090,Bologna,Košice,None,0,30.1,50,1110.7,8,0.36,0.0,1.0,-0.037,0.031,-0.351,2.22,12.98,6.52,77.8,Normal
2026-07-02 23:22:31.069,Bologna,Košice,None,0,31.6,50,1165.9,8,0.34,0.0,1.0,-0.013,0.009,-0.423,2.22,12.98,6.52,77.8,Normal
2026-07-02 23:22:32.070,Bologna,Košice,None,0,32.5,50,1196.0,8,0.22,0.0,1.0,-0.004,0.003,-0.159,2.22,12.98,6.52,77.8,Normal
2026-07-02 23:22:33.069,Bologna,Košice,None,0,33.7,50,1241.2,8,0.4,0.0,-1.0,0.081,-0.02,-0.451,2.22,12.98,6.52,77.8,Normal
2026-07-02 23:22:34.070,Bologna,Košice,None,0,35.4,50,1303.5,8,0.4,0.0,-1.0,0.069,0.008,-0.487,2.22,12.98,6.52,77.8,Normal
2026-07-02 23:22:35.069,Bologna,Košice,None,0,37.0,50,1361.3,8,0.37,0.0,0.0,0.007,0.003,-0.415,2.22,12.98,6.52,77.8,Normal
2026-07-02 23:22:36.090,Bologna,Košice,None,0,38.4,50,1365.9,8,0.32,0.0,-1.0,0.001,-0.004,-0.235,2.22,12.98,6.52,77.8,Normal
2026-07-02 23:22:37.072,Bologna,Košice,None,0,38.4,50,1098.5,9,0.0,0.0,0.0,0.016,-0.024,0.065,2.22,12.98,6.52,77.8,Normal
2026-07-02 23:22:38.071,Bologna,Košice,None,0,37.9,50,1084.2,9,0.0,0.0,0.0,-0.002,-0.035,0.163,2.22,12.98,6.52,77.8,Normal
2026-07-02 23:22:39.071,Bologna,Košice,None,0,37.3,50,1066.2,9,0.0,0.0,0.0,-0.002,0.018,0.186,2.22,12.98,6.52,77.8,Normal
2026-07-02 23:22:40.083,Bologna,Košice,None,0,36.3,50,1036.4,9,0.0,0.0,0.0,0.001,0.006,0.316,2.22,12.98,6.52,77.8,Normal
2026-07-02 23:22:41.090,Bologna,Košice,None,0,35.1,50,1004.2,9,0.0,0.0,0.0,-0.011,-0.001,0.31,2.22,12.98,6.52,77.8,Normal
2026-07-02 23:22:42.071,Bologna,Košice,None,0,32.1,50,915.4,9,0.0,0.13,0.0,-0.012,-0.012,1.183,2.22,12.98,6.52,77.8,Normal
2026-07-02 23:22:43.086,Bologna,Košice,None,0,29.7,50,1088.6,8,0.0,0.0,0.0,-0.014,-0.013,0.421,2.22,12.98,6.52,77.8,Normal
2026-07-02 23:22:44.095,Bologna,Košice,None,0,26.0,50,945.6,8,0.0,0.22,0.0,0.019,0.019,1.674,2.22,12.98,6.52,77.8,Normal
2026-07-02 23:22:45.073,Bologna,Košice,None,0,20.0,50,1222.2,6,0.0,0.14,-1.0,0.015,-0.027,1.471,2.22,12.98,6.52,77.8,Normal
2026-07-02 23:22:46.074,Bologna,Košice,None,0,16.9,50,1029.1,6,0.0,0.0,0.0,0.004,0.029,0.528,2.22,12.98,6.52,77.8,Normal
2026-07-02 23:22:47.074,Bologna,Košice,None,0,15.2,50,926.3,6,0.0,0.0,0.0,0.014,-0.0,0.449,2.22,12.98,6.52,77.8,Normal
2026-07-02 23:22:48.074,Bologna,Košice,None,0,13.7,50,833.9,6,0.0,0.0,0.0,0.012,-0.014,0.381,2.22,12.98,6.52,77.8,Normal
2026-07-02 23:22:49.075,Bologna,Košice,None,0,13.0,50,1268.6,4,0.0,0.0,0.0,-0.013,-0.004,0.102,2.22,12.98,6.52,77.8,Normal
2026-07-02 23:22:50.092,Bologna,Košice,None,0,12.1,50,1177.7,4,0.0,0.0,0.0,-0.001,-0.004,0.315,2.22,12.98,6.52,77.8,Normal
2026-07-02 23:22:51.075,Bologna,Košice,None,0,11.0,50,1066.5,4,0.0,0.0,-1.0,0.01,0.002,0.32,2.22,12.98,6.52,77.8,Normal
2026-07-02 23:22:52.075,Bologna,Košice,None,0,9.8,50,955.8,4,0.0,0.0,0.0,-0.008,0.001,0.313,2.22,12.98,6.52,77.8,Normal
2026-07-02 23:22:53.099,Bologna,Košice,None,0,8.7,50,843.2,4,0.0,0.0,0.0,0.005,0.0,0.307,2.22,12.98,6.52,77.8,Normal
2026-07-02 23:22:54.095,Bologna,Košice,None,0,7.7,50,928.0,4,0.0,0.0,0.0,0.003,0.004,0.228,2.22,12.98,6.52,77.8,Normal
2026-07-02 23:22:55.078,Bologna,Košice,None,0,5.6,50,883.4,2,0.0,0.21,0.0,0.007,-0.013,1.28,2.22,12.98,6.52,77.8,Normal
2026-07-02 23:22:56.099,Bologna,Košice,None,0,2.7,50,488.5,2,0.0,0.19,0.0,0.004,-0.054,-0.095,2.22,12.98,6.52,77.8,Normal
2026-07-02 23:22:57.077,Bologna,Košice,None,0,-0.0,50,550.0,1,0.0,0.42,0.0,0.012,0.038,1.98,2.22,12.98,6.52,77.8,Normal
2026-07-02 23:22:58.077,Bologna,Košice,None,0,-0.0,50,550.0,1,0.0,0.0,0.0,-0.002,-0.003,-0.053,2.22,12.98,6.52,77.8,Normal
2026-07-02 23:22:59.079,Bologna,Košice,None,0,4.4,50,944.2,1,0.61,0.0,0.0,0.012,-0.276,-1.522,2.22,12.98,6.52,77.8,Normal
2026-07-02 23:23:00.098,Bologna,Košice,None,0,5.0,50,809.9,2,0.0,0.0,0.0,0.001,0.005,-0.024,2.22,12.98,6.52,77.8,Normal
2026-07-02 23:23:01.080,Bologna,Košice,None,0,4.2,50,702.1,2,0.0,0.0,0.0,-0.002,0.008,0.349,2.22,12.98,6.52,77.8,Normal
2026-07-02 23:23:02.098,Bologna,Košice,None,0,3.9,50,831.6,1,0.24,0.0,0.0,-0.005,0.023,-0.165,2.22,12.98,6.52,77.8,Normal
2026-07-02 23:23:03.079,Bologna,Košice,None,0,7.6,50,1599.5,1,0.54,0.0,0.0,-0.005,-0.1,-1.332,2.22,12.98,6.52,77.8,Normal
2026-07-02 23:23:04.079,Bologna,Košice,None,0,8.1,50,1019.0,3,0.0,0.0,0.0,0.004,0.01,0.053,2.22,12.98,6.52,77.8,Normal
2026-07-02 23:23:05.092,Bologna,Košice,None,0,9.6,50,1252.2,3,0.54,0.0,0.0,0.002,-0.118,-1.483,2.22,12.98,6.52,77.8,Normal
2026-07-02 23:23:06.081,Bologna,Košice,None,0,12.9,50,1269.5,3,0.0,0.0,0.0,0.002,0.081,-0.167,2.22,12.98,6.52,77.8,Normal
2026-07-02 23:23:07.080,Bologna,Košice,None,0,9.8,50,764.0,5,0.0,0.22,0.0,0.001,-0.004,1.262,2.22,12.98,6.52,77.8,Normal
2026-07-02 23:23:08.081,Bologna,Košice,None,0,7.3,50,1178.5,2,0.46,0.0,0.0,-0.007,-0.009,0.191,2.22,12.98,6.52,77.8,Normal
2026-07-02 23:23:09.100,Bologna,Košice,None,0,10.2,50,1435.6,2,0.62,0.0,0.0,-0.003,0.069,-0.399,2.22,12.98,6.52,77.8,Normal
2026-07-02 23:23:10.101,Bologna,Košice,None,0,10.2,50,993.1,4,0.0,0.0,0.0,-0.004,-0.008,0.185,2.22,12.98,6.52,77.8,Normal
2026-07-02 23:23:11.106,Bologna,Košice,None,0,9.1,50,880.1,4,0.0,0.05,0.0,-0.007,-0.018,0.418,2.22,12.98,6.52,77.8,Normal
2026-07-02 23:23:12.100,Bologna,Košice,None,0,7.8,50,800.6,4,0.0,0.0,1.0,-0.03,-0.008,0.307,2.22,12.98,6.52,77.8,Normal
2026-07-02 23:23:13.093,Bologna,Košice,None,0,7.3,50,1185.6,2,0.26,0.0,1.0,-0.107,0.008,0.041,2.22,12.98,6.52,77.8,Normal
2026-07-02 23:23:14.082,Bologna,Košice,None,0,9.5,50,1505.8,2,0.44,0.0,1.0,-0.26,-0.097,-0.583,2.22,12.98,6.52,77.8,Normal
2026-07-02 23:23:15.102,Bologna,Košice,None,0,9.5,50,933.0,4,0.51,0.0,1.0,-0.172,0.023,0.047,2.22,12.98,6.52,77.8,Normal
2026-07-02 23:23:16.084,Bologna,Košice,None,0,13.3,50,1360.0,4,0.57,0.0,1.0,-0.397,-0.04,-1.595,2.22,12.98,6.52,77.8,Normal
2026-07-02 23:23:17.107,Bologna,Košice,None,0,18.3,50,1694.8,4,0.44,0.0,0.0,0.296,0.049,-0.54,2.22,12.98,6.52,77.8,Normal
2026-07-02 23:23:18.107,Bologna,Košice,None,0,18.4,50,875.4,7,0.44,0.0,-1.0,0.262,0.01,0.024,2.22,12.98,6.52,77.8,Normal
2026-07-02 23:23:19.084,Bologna,Košice,None,0,20.0,50,957.6,7,0.43,0.0,-1.0,0.183,-0.009,-0.621,2.22,12.98,6.52,77.8,Normal
2026-07-02 23:23:20.107,Bologna,Košice,None,0,22.3,50,1066.5,7,0.42,0.0,-1.0,0.185,0.004,-0.651,2.22,12.98,6.52,77.8,Normal
2026-07-02 23:23:21.103,Bologna,Košice,None,0,24.7,50,1176.3,7,0.42,0.0,-1.0,0.025,-0.003,-0.662,2.22,12.98,6.52,77.7,Normal
2026-07-02 23:23:22.111,Bologna,Košice,None,0,27.3,50,1302.5,7,0.65,0.0,0.0,0.011,0.005,-0.866,2.22,12.98,6.52,77.7,Normal
2026-07-02 23:23:23.108,Bologna,Košice,None,0,30.8,50,1384.2,7,0.72,0.0,0.0,0.008,-0.006,-0.613,2.22,12.98,6.52,77.7,Normal
2026-07-02 23:23:24.087,Bologna,Košice,None,0,31.2,50,1148.0,8,0.66,0.0,-1.0,0.027,0.011,-0.013,2.22,12.98,6.52,77.7,Normal
2026-07-02 23:23:25.087,Bologna,Košice,None,0,33.4,50,1234.3,8,0.65,0.0,0.0,-0.001,-0.02,-0.856,2.22,12.98,6.52,77.7,Normal
2026-07-02 23:23:26.102,Bologna,Košice,None,0,36.5,50,1346.1,8,0.64,0.0,-1.0,0.008,0.01,-0.83,2.22,12.98,6.52,77.7,Normal
2026-07-02 23:23:27.088,Bologna,Košice,None,0,38.9,50,1294.9,8,0.64,0.0,-1.0,0.025,0.103,-0.276,2.22,12.98,6.52,77.7,Normal
2026-07-02 23:23:28.089,Bologna,Košice,None,0,39.1,50,1122.2,9,0.64,0.0,-1.0,0.058,-0.024,-0.148,2.22,12.98,6.52,77.7,Normal
2026-07-02 23:23:29.091,Bologna,Košice,None,0,40.9,50,1177.5,9,0.63,0.0,-1.0,0.073,-0.007,-0.629,2.22,12.98,6.52,77.7,Normal
2026-07-02 23:23:30.089,Bologna,Košice,None,0,43.2,50,1243.6,9,0.64,0.0,-1.0,0.011,0.008,-0.639,2.22,12.98,6.52,77.7,Normal
2026-07-02 23:23:31.089,Bologna,Košice,None,0,45.5,50,1308.7,9,0.62,0.0,-1.0,0.022,0.003,-0.615,2.22,12.98,6.52,77.7,Normal
2026-07-02 23:23:32.090,Bologna,Košice,None,0,46.9,50,1340.6,9,0.0,0.0,-1.0,0.01,0.097,-0.01,2.22,12.98,6.52,77.7,Normal
2026-07-02 23:23:33.090,Bologna,Košice,None,0,46.3,50,1324.7,9,0.0,0.0,-1.0,0.084,-0.008,0.183,2.22,12.98,6.52,77.7,Normal
2026-07-02 23:23:34.090,Bologna,Košice,None,0,45.6,50,1304.6,9,0.0,0.0,-1.0,0.116,-0.038,0.196,2.22,12.98,6.52,77.7,Normal
2026-07-02 23:23:35.105,Bologna,Košice,None,0,45.0,50,1290.3,9,0.49,0.0,-1.0,0.042,-0.004,0.075,2.22,12.98,6.52,77.7,Normal
2026-07-02 23:23:36.090,Bologna,Košice,None,0,46.0,50,1324.0,9,0.49,0.0,-1.0,-0.062,-0.015,-0.427,2.22,12.98,6.52,77.7,Normal
2026-07-02 23:23:37.091,Bologna,Košice,None,0,47.8,50,1373.7,9,0.43,0.0,-1.0,-0.026,-0.012,-0.52,2.22,12.98,6.52,77.7,Normal
2026-07-02 23:23:38.091,Bologna,Košice,None,0,48.7,50,1174.9,9,0.56,0.0,0.0,-0.11,0.012,-0.007,2.22,12.98,6.52,77.7,Normal
2026-07-02 23:23:39.114,Bologna,Košice,None,0,48.8,50,1087.9,10,0.74,0.0,-1.0,-0.008,0.033,-0.248,2.22,12.98,6.52,77.7,Normal
2026-07-02 23:23:40.111,Bologna,Košice,None,0,50.1,50,1111.8,10,0.0,0.0,-1.0,-0.04,0.065,-0.113,2.22,12.98,6.52,77.7,Normal
2026-07-02 23:23:41.093,Bologna,Košice,None,0,49.9,50,1105.2,10,0.0,0.0,-1.0,-0.032,-0.038,0.129,2.22,12.98,6.52,77.7,Normal
2026-07-02 23:23:42.093,Bologna,Košice,None,0,49.3,50,1093.5,10,0.0,0.0,0.0,-0.036,0.025,0.135,2.22,12.98,6.52,77.7,Normal
2026-07-02 23:23:43.094,Bologna,Košice,None,0,48.8,50,1082.2,10,0.0,0.0,0.0,-0.027,0.011,0.146,2.22,12.98,6.52,77.7,Normal
2026-07-02 23:23:44.094,Bologna,Košice,None,0,48.3,50,1069.8,10,0.0,0.0,0.0,-0.016,-0.013,0.153,2.22,12.98,6.52,77.7,Normal
2026-07-02 23:23:45.094,Bologna,Košice,None,0,47.7,50,1057.9,10,0.0,0.0,0.0,0.031,0.013,0.148,2.22,12.98,6.52,77.7,Normal
2026-07-02 23:23:46.118,Bologna,Košice,None,0,47.2,50,1045.1,10,0.0,0.0,0.0,-0.022,0.008,0.151,2.22,12.98,6.52,77.7,Normal
2026-07-02 23:23:47.095,Bologna,Košice,None,0,46.6,50,1033.9,10,0.0,0.0,-1.0,0.014,-0.019,0.139,2.22,12.98,6.52,77.7,Normal
2026-07-02 23:23:48.095,Bologna,Košice,None,0,46.1,50,1021.8,10,0.0,0.0,0.0,-0.014,-0.048,0.154,2.22,12.98,6.52,77.7,Normal
2026-07-02 23:23:49.112,Bologna,Košice,None,0,45.4,50,1006.6,10,0.0,0.0,0.0,-0.007,0.024,0.175,2.22,12.98,6.52,77.7,Normal
2026-07-02 23:23:50.096,Bologna,Košice,None,0,44.8,50,992.9,10,0.0,0.0,1.0,-0.018,0.088,0.166,2.22,12.98,6.52,77.7,Normal
2026-07-02 23:23:51.096,Bologna,Košice,None,0,44.1,50,976.7,10,0.0,0.0,0.0,-0.012,0.008,0.275,2.22,12.98,6.52,77.7,Normal
2026-07-02 23:23:52.097,Bologna,Košice,None,0,42.9,50,950.8,10,0.0,0.0,0.0,-0.002,-0.028,0.324,2.22,12.98,6.52,77.7,Normal
2026-07-02 23:23:53.097,Bologna,Košice,None,0,41.4,50,1182.7,9,0.0,0.1,0.0,-0.0,0.036,0.666,2.22,12.98,6.52,77.7,Normal
2026-07-02 23:23:54.109,Bologna,Košice,None,0,36.5,50,1034.2,9,0.0,0.44,0.0,0.032,0.035,2.378,2.22,12.98,6.52,77.7,Normal
2026-07-02 23:23:55.097,Bologna,Košice,None,0,26.8,50,1130.5,9,0.0,0.16,1.0,-0.248,-0.062,2.321,2.22,12.98,6.52,77.7,Normal
2026-07-02 23:23:56.114,Bologna,Košice,None,0,21.9,50,1027.8,7,0.0,0.0,1.0,-0.287,0.013,0.928,2.22,12.98,6.52,77.7,Normal
2026-07-02 23:23:57.122,Bologna,Košice,None,0,20.1,50,947.8,7,0.0,0.0,1.0,-0.191,-0.005,0.371,2.22,12.98,6.52,77.7,Normal
2026-07-02 23:23:58.112,Bologna,Košice,None,0,18.9,50,889.8,7,0.0,0.0,1.0,0.015,-0.001,0.357,2.22,12.98,6.52,77.7,Normal
2026-07-02 23:23:59.098,Bologna,Košice,None,0,17.7,50,1153.2,7,0.0,0.0,1.0,0.056,-0.007,0.288,2.22,12.98,6.52,77.7,Normal
2026-07-02 23:24:00.099,Bologna,Košice,None,0,16.7,50,1305.9,5,0.0,0.0,0.0,0.227,0.01,0.403,2.22,12.98,6.52,77.7,Normal
2026-07-02 23:24:01.123,Bologna,Košice,None,0,15.0,50,1178.5,5,0.0,0.0,-1.0,0.375,-0.002,0.464,2.22,12.98,6.52,77.7,Normal
2026-07-02 23:24:02.116,Bologna,Košice,None,0,13.3,50,1040.3,5,0.0,0.0,-1.0,0.156,0.021,0.401,2.22,12.98,6.52,77.7,Normal
2026-07-02 23:24:03.100,Bologna,Košice,None,0,13.0,50,1041.6,5,0.39,0.0,-1.0,0.164,0.067,-0.791,2.22,12.98,6.52,77.7,Normal
2026-07-02 23:24:04.101,Bologna,Košice,None,0,15.4,50,1225.5,5,0.22,0.0,-1.0,0.139,0.022,-0.434,2.22,12.98,6.52,77.7,Normal
2026-07-02 23:24:05.101,Bologna,Košice,None,0,16.4,50,1300.8,5,0.17,0.0,-1.0,0.243,-0.022,-0.31,2.22,12.98,6.52,77.7,Normal
2026-07-02 23:24:06.113,Bologna,Košice,None,0,17.2,0,1356.8,5,0.15,0.0,-1.0,0.188,0.004,-0.154,2.22,12.98,6.52,77.7,Normal
2026-07-02 23:24:07.126,Bologna,Košice,None,0,17.6,0,1393.8,5,0.15,0.0,-1.0,-0.117,0.004,-0.129,2.22,12.98,6.52,77.7,Normal
2026-07-02 23:24:08.121,Bologna,Košice,None,0,17.6,0,1382.7,5,0.0,0.0,-1.0,-0.066,0.014,0.253,2.22,12.98,6.52,77.7,Normal
2026-07-02 23:24:09.115,Bologna,Košice,None,0,16.3,0,1272.2,5,0.0,0.0,-1.0,-0.068,-0.001,0.412,2.22,12.98,6.52,77.7,Normal
2026-07-02 23:24:10.103,Bologna,Košice,None,0,14.8,0,1159.5,5,0.0,0.0,-1.0,-0.05,-0.004,0.411,2.22,12.98,6.52,77.7,Normal
2026-07-02 23:24:11.104,Bologna,Košice,None,0,13.4,0,1045.6,5,0.0,0.0,-1.0,-0.038,-0.002,0.398,2.22,12.98,6.52,77.7,Normal
2026-07-02 23:24:12.105,Bologna,Košice,None,0,12.0,0,935.0,5,0.0,0.0,-1.0,-0.033,-0.001,0.387,2.22,12.98,6.52,77.7,Normal
2026-07-02 23:24:13.126,Bologna,Košice,None,0,10.6,0,825.1,5,0.0,0.0,-1.0,-0.03,-0.002,0.378,2.22,12.98,6.52,77.7,Normal
2026-07-02 23:24:14.105,Bologna,Košice,None,0,9.5,0,1199.1,3,0.0,0.0,1.0,-0.368,-0.012,0.158,2.22,12.98,6.52,77.7,Normal
2026-07-02 23:24:15.130,Bologna,Košice,None,0,8.5,0,1062.3,3,0.0,0.0,1.0,-0.247,0.004,0.398,2.22,12.98,6.52,77.7,Normal
2026-07-02 23:24:16.121,Bologna,Košice,None,0,7.1,0,882.6,3,0.0,0.0,1.0,-0.15,0.005,0.393,2.22,12.98,6.52,77.7,Normal
2026-07-02 23:24:17.117,Bologna,Košice,None,0,5.5,0,698.5,3,0.0,0.22,0.0,0.09,-0.043,0.759,2.22,12.98,6.52,77.7,Normal
2026-07-02 23:24:18.108,Bologna,Košice,None,0,1.8,0,466.7,1,0.0,0.2,0.0,0.038,0.104,0.345,2.22,12.98,6.52,77.7,Normal
2026-07-02 23:24:19.107,Bologna,Košice,None,0,2.0,0,549.6,1,0.0,0.43,0.0,0.03,0.005,0.419,2.22,12.98,6.52,77.7,Normal
2026-07-02 23:24:20.125,Bologna,Košice,None,0,0.0,0,550.0,1,0.0,0.0,0.0,-0.005,-0.005,-0.006,2.22,12.98,6.52,77.7,Normal
2026-07-02 23:24:21.120,Bologna,Košice,None,0,0.0,0,550.0,-1,0.0,0.0,1.0,-0.0,0.007,-0.0,2.22,12.98,6.52,77.7,Normal
2026-07-02 23:24:22.109,Bologna,Košice,None,0,-0.1,0,555.1,-1,0.0,0.0,1.0,0.014,0.029,0.084,2.22,12.98,6.52,77.7,Normal
2026-07-02 23:24:23.119,Bologna,Košice,None,0,-0.5,0,543.8,-1,0.0,0.0,-1.0,0.021,-0.004,0.148,2.22,12.98,6.52,77.7,Normal
2026-07-02 23:24:24.109,Bologna,Košice,None,0,-1.0,0,545.4,-1,0.0,0.0,-1.0,-0.02,-0.001,0.118,2.22,12.98,6.52,77.7,Normal
2026-07-02 23:24:25.110,Bologna,Košice,None,0,-1.3,0,546.5,-1,0.0,0.0,-1.0,-0.042,0.0,0.07,2.22,12.98,6.52,77.7,Normal
2026-07-02 23:24:26.111,Bologna,Košice,None,0,-1.5,0,547.1,-1,0.0,0.0,-1.0,-0.048,-0.004,0.028,2.22,12.98,6.52,77.7,Normal
2026-07-02 23:24:27.128,Bologna,Košice,None,0,-1.5,0,547.2,-1,0.0,0.0,-1.0,-0.047,0.004,-0.007,2.22,12.98,6.52,77.7,Normal
2026-07-02 23:24:28.111,Bologna,Košice,None,0,-1.5,0,547.1,-1,0.0,0.0,-1.0,-0.039,0.007,-0.061,2.22,12.98,6.52,77.7,Normal
2026-07-02 23:24:29.133,Bologna,Košice,None,0,-2.1,0,554.8,-1,0.0,0.0,-1.0,-0.106,0.076,0.283,2.22,12.98,6.52,77.7,Normal
2026-07-02 23:24:30.112,Bologna,Košice,None,0,-2.1,0,547.7,-1,0.0,0.0,1.0,0.102,0.006,0.015,2.22,12.98,6.52,77.7,Normal
2026-07-02 23:24:31.112,Bologna,Košice,None,0,-2.2,0,548.4,-1,0.0,0.0,1.0,0.08,0.005,0.026,2.22,12.98,6.52,77.7,Normal
2026-07-02 23:24:32.112,Bologna,Košice,None,0,-2.3,0,549.0,-1,0.03,0.0,1.0,0.06,0.0,0.012,2.22,12.98,6.52,77.7,Normal
2026-07-02 23:24:33.112,Bologna,Košice,None,0,-2.4,0,549.9,-1,0.0,0.0,1.0,0.067,-0.005,-0.055,2.22,12.98,6.52,77.7,Normal
2026-07-02 23:24:34.132,Bologna,Košice,None,0,-2.3,0,630.2,-1,0.12,0.0,1.0,0.078,-0.019,0.079,2.22,12.98,6.52,77.7,Normal
2026-07-02 23:24:35.113,Bologna,Košice,None,0,-2.6,0,566.3,-1,0.0,0.0,1.0,-0.016,-0.033,-0.515,2.22,12.98,6.52,77.7,Normal
2026-07-02 23:24:36.126,Bologna,Košice,None,0,-2.3,0,548.4,-1,0.0,0.0,-1.0,-0.055,0.011,0.137,2.22,12.98,6.52,77.7,Normal
2026-07-02 23:24:37.116,Bologna,Košice,None,0,-4.2,0,949.8,-1,0.0,0.0,-1.0,-0.135,0.218,0.481,2.22,12.99,6.52,77.7,Normal
2026-07-02 23:24:38.130,Bologna,Košice,None,0,-3.1,0,692.4,-1,0.0,0.0,1.0,0.124,-0.005,-0.347,2.22,12.99,6.52,77.7,Normal
2026-07-02 23:24:39.115,Bologna,Košice,None,0,-2.4,0,550.4,-1,0.0,0.0,1.0,0.064,0.033,0.062,2.22,12.99,6.52,77.7,Normal
2026-07-02 23:24:40.137,Bologna,Košice,None,0,-2.4,0,549.1,-1,0.0,0.0,1.0,0.066,-0.002,-0.001,2.22,12.99,6.52,77.7,Normal
2026-07-02 23:24:41.135,Bologna,Košice,None,0,-2.4,0,548.5,-1,0.0,0.0,1.0,0.07,0.001,-0.004,2.22,12.99,6.52,77.7,Normal
2026-07-02 23:24:42.115,Bologna,Košice,None,0,-2.4,0,547.8,-1,0.0,0.0,1.0,0.078,0.001,-0.004,2.22,12.99,6.52,77.7,Normal
2026-07-02 23:24:43.118,Bologna,Košice,None,0,-2.3,0,546.8,-1,0.0,0.0,1.0,0.086,-0.001,-0.007,2.22,12.99,6.52,77.7,Normal
2026-07-02 23:24:44.116,Bologna,Košice,None,0,-2.4,0,547.9,-1,0.0,0.0,0.0,-0.018,0.0,0.007,2.22,12.99,6.52,77.7,Normal
2026-07-02 23:24:45.134,Bologna,Košice,None,0,-2.4,0,547.6,-1,0.0,0.0,1.0,-0.002,0.003,0.002,2.22,12.99,6.52,77.7,Normal
2026-07-02 23:24:46.142,Bologna,Košice,None,0,-2.4,0,548.9,-1,0.0,0.0,-1.0,-0.117,0.002,-0.001,2.22,12.99,6.52,77.7,Normal
2026-07-02 23:24:47.138,Bologna,Košice,None,0,-2.4,0,549.3,-1,0.0,0.0,-1.0,-0.094,0.002,0.001,2.22,12.99,6.52,77.7,Normal
2026-07-02 23:24:48.134,Bologna,Košice,None,0,-2.4,0,549.6,-1,0.0,0.0,-1.0,-0.078,0.001,0.001,2.22,12.99,6.52,77.7,Normal
2026-07-02 23:24:49.119,Bologna,Košice,None,0,-2.4,0,549.6,-1,0.0,0.0,-1.0,-0.071,0.0,-0.0,2.22,12.99,6.52,77.7,Normal
2026-07-02 23:24:50.120,Bologna,Košice,None,0,-2.4,0,549.6,-1,0.0,0.0,0.0,0.003,-0.0,0.001,2.22,12.99,6.52,77.7,Normal
2026-07-02 23:24:51.120,Bologna,Košice,None,0,-2.4,0,549.5,-1,0.0,0.0,-1.0,-0.069,0.001,-0.001,2.22,12.99,6.52,77.7,Normal
2026-07-02 23:24:52.119,Bologna,Košice,None,0,-2.4,0,549.2,-1,0.0,0.0,-1.0,-0.068,-0.001,-0.001,2.22,12.99,6.52,77.7,Normal
2026-07-02 23:24:53.121,Bologna,Košice,None,0,-2.4,0,549.7,-1,0.0,0.0,1.0,0.081,0.001,0.002,2.22,12.99,6.52,77.7,Normal
2026-07-02 23:24:54.122,Bologna,Košice,None,0,-2.4,0,549.6,-1,0.0,0.0,1.0,0.071,-0.0,-0.0,2.22,12.99,6.52,77.7,Normal
2026-07-02 23:24:55.121,Bologna,Košice,None,0,-2.4,0,549.4,-1,0.0,0.0,1.0,0.069,0.002,0.001,2.22,12.99,6.52,77.7,Normal
2026-07-02 23:24:56.122,Bologna,Košice,None,0,-2.4,0,549.1,-1,0.0,0.0,1.0,0.067,0.001,-0.001,2.22,12.99,6.52,77.7,Normal
2026-07-02 23:24:57.121,Bologna,Košice,None,0,-2.4,0,548.6,-1,0.0,0.0,1.0,0.069,-0.002,-0.002,2.22,12.99,6.52,77.7,Normal
2026-07-02 23:24:58.121,Bologna,Košice,None,0,-2.4,0,548.8,-1,0.0,0.0,0.0,-0.012,0.0,-0.001,2.22,12.99,6.52,77.7,Normal
2026-07-02 23:24:59.144,Bologna,Košice,None,0,-2.3,0,542.7,-1,0.0,0.15,0.0,-0.016,0.021,-0.022,2.22,12.99,6.52,77.7,Normal
2026-07-02 23:25:00.123,Bologna,Košice,None,0,-2.1,0,531.0,-1,0.0,0.23,0.0,-0.023,0.006,-0.065,2.22,12.99,6.52,77.7,Normal
2026-07-02 23:25:01.122,Bologna,Košice,None,0,0.0,0,550.0,-1,0.0,0.42,0.0,0.023,0.003,-0.016,2.22,12.99,6.52,77.7,Normal
2026-07-02 23:25:02.141,Bologna,Košice,None,0,-0.0,0,550.0,-1,0.0,0.0,0.0,0.0,0.004,0.0,2.22,12.99,6.52,77.7,Normal
2026-07-02 23:25:03.145,Bologna,Košice,None,0,-0.0,0,550.0,1,0.0,0.0,0.0,-0.0,-0.004,-0.0,2.22,12.99,6.52,77.7,Normal
2026-07-02 23:25:04.147,Bologna,Košice,None,0,2.4,0,602.3,1,0.44,0.0,1.0,-0.395,-0.046,-1.5,2.22,12.99,6.52,77.7,Normal
2026-07-02 23:25:05.125,Bologna,Košice,None,0,6.3,0,1415.2,1,0.8,0.0,1.0,-0.488,-0.162,-1.455,2.22,12.99,6.52,77.7,Normal
2026-07-02 23:25:06.125,Bologna,Košice,None,0,8.4,0,1727.6,1,0.0,0.0,-1.0,0.414,0.067,0.333,2.22,12.99,6.52,77.7,Normal
2026-07-02 23:25:07.125,Bologna,Košice,None,0,6.9,0,1416.3,1,0.0,0.0,-1.0,0.253,-0.003,0.421,2.22,12.99,6.52,77.7,Normal
2026-07-02 23:25:08.127,Bologna,Košice,None,0,5.4,0,1115.4,1,0.0,0.0,-1.0,0.15,-0.006,0.394,2.22,12.99,6.52,77.7,Normal
2026-07-02 23:25:09.126,Bologna,Košice,None,0,4.1,0,833.7,1,0.0,0.0,-1.0,0.07,-0.004,0.372,2.22,12.99,6.52,77.7,Normal
2026-07-02 23:25:10.126,Bologna,Košice,None,0,2.8,0,560.1,1,0.0,0.0,0.0,-0.071,-0.007,0.344,2.22,12.99,6.52,77.7,Normal
2026-07-02 23:25:11.150,Bologna,Košice,None,0,4.7,0,1017.2,1,0.0,0.0,0.0,0.221,-0.088,-1.379,2.22,12.99,6.52,77.7,Normal
2026-07-02 23:25:12.128,Bologna,Košice,None,0,5.4,0,1170.4,1,0.26,0.0,-1.0,0.13,-0.014,-0.561,2.22,12.99,6.52,77.7,Normal
2026-07-02 23:25:13.128,Bologna,Košice,None,0,6.1,0,1255.8,1,0.0,0.0,1.0,-0.23,0.045,0.328,2.22,12.99,6.52,77.7,Normal
2026-07-02 23:25:14.128,Bologna,Košice,None,0,4.8,0,987.2,1,0.0,0.0,1.0,-0.159,0.001,0.363,2.22,12.99,6.52,77.7,Normal
2026-07-02 23:25:15.128,Bologna,Košice,None,0,3.5,0,723.3,1,0.0,0.0,1.0,-0.062,-0.006,0.346,2.22,12.99,6.52,77.7,Normal
2026-07-02 23:25:16.140,Bologna,Košice,None,0,2.6,0,545.8,1,0.0,0.0,1.0,-0.051,0.015,-0.005,2.22,12.99,6.52,77.7,Normal
2026-07-02 23:25:17.152,Bologna,Košice,None,0,2.6,0,549.2,1,0.0,0.0,1.0,-0.024,-0.007,-0.005,2.22,12.99,6.52,77.7,Normal
2026-07-02 23:25:18.129,Bologna,Košice,None,0,2.6,0,549.3,1,0.0,0.0,1.0,-0.016,0.004,-0.002,2.22,12.99,6.52,77.7,Normal
2026-07-02 23:25:19.130,Bologna,Košice,None,0,2.4,0,533.2,1,0.0,0.34,0.0,0.014,-0.018,0.063,2.22,12.99,6.52,77.7,Normal
2026-07-02 23:25:20.130,Bologna,Košice,None,0,-0.0,0,550.0,1,0.0,0.0,0.0,0.016,0.061,0.069,2.22,12.99,6.52,77.7,Normal
2026-07-02 23:25:21.151,Bologna,Košice,None,0,0.0,0,550.0,-1,0.0,0.0,0.0,-0.002,-0.011,-0.018,2.22,12.99,6.52,77.7,Normal
2026-07-02 23:25:22.131,Bologna,Košice,None,0,0.0,0,550.0,-1,0.0,0.0,0.0,-0.005,-0.0,0.001,2.22,12.99,6.52,77.7,Normal
2026-07-02 23:25:23.144,Bologna,Košice,None,0,-0.8,0,541.9,-1,0.0,0.0,1.0,0.034,-0.026,0.244,2.22,12.99,6.52,77.7,Normal
2026-07-02 23:25:24.142,Bologna,Košice,None,0,-1.5,0,545.6,-1,0.0,0.0,-1.0,0.065,-0.001,0.137,2.22,12.99,6.52,77.7,Normal
2026-07-02 23:25:25.150,Bologna,Košice,None,0,-2.1,0,534.7,-1,0.0,0.04,-1.0,-0.012,-0.046,0.389,2.22,12.99,6.52,77.7,Normal
2026-07-02 23:25:26.132,Bologna,Košice,None,0,-0.5,0,550.0,-1,0.0,0.39,-1.0,-0.052,0.118,-1.821,2.22,12.99,6.52,77.7,Normal
2026-07-02 23:25:27.156,Bologna,Košice,None,0,0.0,0,550.0,-1,0.0,0.0,-1.0,0.002,-0.007,0.005,2.22,12.99,6.52,77.7,Normal
2026-07-02 23:25:28.133,Bologna,Košice,None,0,-0.0,0,636.1,-1,0.02,0.0,-1.0,-0.008,0.001,-0.001,2.22,12.99,6.52,77.7,Normal
2026-07-02 23:25:29.133,Bologna,Košice,None,0,-0.6,0,706.5,-1,0.16,0.0,-1.0,-0.174,0.019,0.443,2.22,12.99,6.52,77.7,Normal
2026-07-02 23:25:30.135,Bologna,Košice,None,0,-1.3,0,545.2,-1,0.0,0.0,1.0,-0.004,0.018,0.101,2.22,12.99,6.52,77.7,Normal
2026-07-02 23:25:31.146,Bologna,Košice,None,0,-1.6,0,546.6,-1,0.0,0.0,1.0,0.044,-0.004,0.074,2.22,12.99,6.52,77.7,Normal
2026-07-02 23:25:32.134,Bologna,Košice,None,0,-1.9,0,547.6,-1,0.0,0.0,1.0,0.035,0.001,0.049,2.22,12.99,6.52,77.7,Normal
2026-07-02 23:25:33.135,Bologna,Košice,None,0,-2.0,0,548.3,-1,0.0,0.0,1.0,0.06,0.0,0.03,2.22,12.99,6.52,77.7,Normal
2026-07-02 23:25:34.135,Bologna,Košice,None,0,-2.1,0,548.6,-1,0.0,0.0,1.0,0.01,0.002,0.013,2.22,12.99,6.52,77.7,Normal
2026-07-02 23:25:35.152,Bologna,Košice,None,0,-2.1,0,548.7,-1,0.0,0.0,1.0,0.02,0.004,0.003,2.22,12.99,6.52,77.7,Normal
2026-07-02 23:25:36.149,Bologna,Košice,None,0,-2.1,0,548.8,-1,0.0,0.0,-1.0,-0.06,0.002,0.007,2.22,12.99,6.52,77.7,Normal
2026-07-02 23:25:37.159,Bologna,Košice,None,0,-2.1,0,548.8,-1,0.0,0.0,1.0,0.054,-0.0,0.005,2.22,12.99,6.52,77.7,Normal
2026-07-02 23:25:38.137,Bologna,Košice,None,0,-2.1,0,548.8,-1,0.0,0.0,1.0,0.058,0.002,-0.004,2.22,12.99,6.52,77.7,Normal
2026-07-02 23:25:39.162,Bologna,Košice,None,0,-2.1,0,548.6,-1,0.0,0.0,1.0,0.057,-0.002,-0.017,2.22,12.99,6.52,77.7,Normal
2026-07-02 23:25:40.138,Bologna,Košice,None,0,-2.0,0,548.1,-1,0.0,0.0,1.0,0.058,0.003,-0.033,2.22,12.99,6.52,77.7,Normal
2026-07-02 23:25:41.154,Bologna,Košice,None,0,-1.9,0,547.7,-1,0.0,0.0,-1.0,-0.074,0.001,0.002,2.22,12.99,6.52,77.7,Normal
2026-07-02 23:25:42.152,Bologna,Košice,None,0,-1.9,0,548.0,-1,0.0,0.0,-1.0,-0.065,-0.006,0.024,2.22,12.99,6.52,77.7,Normal
2026-07-02 23:25:43.162,Bologna,Košice,None,0,-2.0,0,548.4,-1,0.0,0.0,-1.0,-0.059,0.0,0.022,2.22,12.99,6.52,77.7,Normal
2026-07-02 23:25:44.157,Bologna,Košice,None,0,-2.1,0,548.7,-1,0.0,0.0,-1.0,-0.064,-0.001,0.007,2.22,12.99,6.52,77.7,Normal
2026-07-02 23:25:45.140,Bologna,Košice,None,0,-2.1,0,548.8,-1,0.0,0.0,1.0,0.062,-0.001,0.007,2.22,12.99,6.52,77.7,Normal
2026-07-02 23:25:46.140,Bologna,Košice,None,0,-2.1,0,548.8,-1,0.0,0.0,1.0,0.001,-0.0,0.001,2.22,12.99,6.52,77.7,Normal
2026-07-02 23:25:47.164,Bologna,Košice,None,0,-2.1,0,548.8,-1,0.0,0.0,1.0,-0.007,-0.004,0.0,2.22,12.99,6.52,77.7,Normal
2026-07-02 23:25:48.141,Bologna,Košice,None,0,-2.1,0,548.8,-1,0.0,0.0,0.0,-0.002,0.0,-0.0,2.22,12.99,6.52,77.7,Normal
2026-07-02 23:25:49.141,Bologna,Košice,None,0,-2.1,0,548.8,-1,0.0,0.0,0.0,-0.004,0.002,0.0,2.22,12.99,6.52,77.7,Normal
2026-07-02 23:25:50.142,Bologna,Košice,None,0,-2.1,0,548.8,-1,0.0,0.0,0.0,-0.003,-0.001,0.0,2.22,12.99,6.52,77.7,Normal
2026-07-02 23:25:51.142,Bologna,Košice,None,0,-2.1,0,548.8,-1,0.0,0.0,0.0,-0.004,-0.001,-0.001,2.22,12.99,6.52,77.7,Normal
2026-07-02 23:25:52.153,Bologna,Košice,None,0,-2.1,0,548.8,-1,0.0,0.0,0.0,-0.002,0.0,-0.0,2.22,12.99,6.52,77.7,Normal
2026-07-02 23:25:53.163,Bologna,Košice,None,0,-2.1,0,548.8,-1,0.0,0.0,0.0,-0.001,0.0,-0.0,2.22,12.99,6.52,77.7,Normal
2026-07-02 23:25:54.143,Bologna,Košice,None,0,-2.1,0,548.8,-1,0.0,0.0,0.0,-0.001,0.0,0.0,2.22,12.99,6.52,77.7,Normal
2026-07-02 23:25:55.166,Bologna,Košice,None,0,-2.1,0,548.8,-1,0.0,0.0,0.0,-0.003,-0.001,0.001,2.22,12.99,6.52,77.7,Normal
2026-07-02 23:25:56.143,Bologna,Košice,None,0,-2.1,0,548.8,-1,0.0,0.0,0.0,-0.007,-0.0,0.0,2.22,12.99,6.52,77.7,Normal
2026-07-02 23:25:57.156,Bologna,Košice,None,0,-2.1,0,548.8,-1,0.0,0.0,0.0,0.005,-0.002,0.001,2.22,12.99,6.52,77.7,Normal
2026-07-02 23:25:58.144,Bologna,Košice,None,0,-2.1,0,548.9,-1,0.0,0.0,0.0,-0.002,-0.0,0.001,2.22,12.99,6.52,77.7,Normal
2026-07-02 23:25:59.145,Bologna,Košice,None,0,-2.1,0,548.9,-1,0.0,0.0,0.0,-0.005,0.0,-0.001,2.22,12.99,6.52,77.7,Normal
2026-07-02 23:26:00.159,Bologna,Košice,None,0,-2.1,0,548.9,-1,0.0,0.0,-1.0,-0.002,-0.002,0.0,2.22,12.99,6.52,77.7,Normal
2026-07-02 23:26:01.145,Bologna,Košice,None,0,-2.1,0,548.9,-1,0.0,0.0,-1.0,-0.007,-0.0,0.001,2.22,12.99,6.52,77.7,Normal
2026-07-02 23:26:02.171,Bologna,Košice,None,0,-2.1,0,548.9,-1,0.0,0.0,0.0,-0.001,-0.0,0.001,2.22,12.99,6.52,77.7,Normal
2026-07-02 23:26:03.163,Bologna,Košice,None,0,-2.1,0,548.9,-1,0.0,0.0,0.0,0.001,-0.0,-0.001,2.22,12.99,6.52,77.7,Normal
2026-07-02 23:26:04.147,Bologna,Košice,None,0,-2.1,0,548.9,-1,0.0,0.0,0.0,-0.001,0.0,-0.0,2.22,12.99,6.52,77.7,Normal
2026-07-02 23:26:05.157,Bologna,Košice,None,0,-2.1,0,548.9,-1,0.0,0.0,0.0,-0.006,-0.0,-0.0,2.22,12.99,6.52,77.7,Normal
2026-07-02 23:26:06.169,Bologna,Košice,None,0,-2.1,0,548.9,-1,0.0,0.0,0.0,0.001,0.0,-0.001,2.22,12.99,6.52,77.7,Normal
2026-07-02 23:26:07.158,Bologna,Košice,None,0,-2.1,0,548.9,-1,0.0,0.0,0.0,0.001,0.001,0.0,2.22,12.99,6.52,77.7,Normal
2026-07-02 23:26:08.147,Bologna,Košice,None,0,-2.1,0,548.0,-1,0.0,0.01,0.0,0.002,-0.002,-0.0,2.22,12.99,6.52,77.7,Normal
2026-07-02 23:26:09.163,Bologna,Košice,None,0,-2.4,0,547.0,-1,0.0,0.0,0.0,0.0,-0.032,-0.2,2.22,12.99,6.52,77.7,Normal
2026-07-02 23:26:10.148,Bologna,Košice,None,0,0.0,0,550.0,-1,0.0,0.34,0.0,0.002,-0.271,-0.435,2.22,12.99,6.52,77.7,Normal
2026-07-02 23:26:11.149,Bologna,Košice,None,0,0.0,0,550.0,0,0.0,0.0,0.0,-0.003,-0.002,-0.0,2.22,12.99,6.52,77.7,Normal
2026-07-02 23:26:12.173,Bologna,Košice,None,0,-0.0,0,550.0,0,0.0,0.0,0.0,-0.001,0.003,0.002,2.22,12.99,6.52,77.7,Normal
2026-07-02 23:26:13.168,Bologna,Košice,None,0,-0.0,0,550.0,0,0.0,0.0,0.0,0.0,-0.001,-0.0,2.22,12.99,6.52,77.7,Normal
2026-07-02 23:26:14.150,Bologna,Košice,None,0,0.0,0,550.0,0,0.0,0.0,0.0,0.0,0.002,0.0,2.22,12.99,6.52,77.7,Normal
2026-07-02 23:26:15.150,Bologna,Košice,None,0,0.0,0,550.0,0,0.0,0.0,0.0,-0.0,-0.0,-0.001,2.22,12.99,6.52,77.7,Normal
2026-07-02 23:26:16.150,Bologna,Košice,None,0,0.0,0,550.0,0,0.0,0.0,0.0,0.001,-0.012,-0.002,2.22,12.99,6.52,77.7,Normal
