Timestamp,Source_City,Destination_City,Cargo,Cargo_Mass_kg,Speed_kmh,Speed_Limit_kmh,RPM,Gear,Throttle,Brake,Steering,Accel_X,Accel_Y,Accel_Z,Engine_Wear_%,Tire_Wear_%,Chassis_Wear_%,Fuel_%,Driving_Status
2026-07-03 05:24:11.191,Košice,Подгорица,None,0,0.0,0,550.0,4,0.0,0.0,0.0,-0.0,-0.005,-0.0,1.74,11.08,6.29,77.6,Normal
2026-07-03 05:24:12.192,Košice,Подгорица,None,0,0.0,0,815.9,4,0.26,0.0,0.0,-0.002,0.003,-0.065,1.74,11.08,6.29,77.6,Normal
2026-07-03 05:24:13.193,Košice,Подгорица,None,0,5.6,0,783.7,4,0.37,0.0,0.0,-0.002,-0.009,-2.374,1.74,11.08,6.29,77.6,Normal
2026-07-03 05:24:14.193,Košice,Подгорица,None,0,13.3,0,1302.7,4,0.18,0.0,-1.0,0.021,0.049,-0.875,1.74,11.08,6.29,77.6,Normal
2026-07-03 05:24:15.193,Košice,Подгорица,None,0,15.3,0,1344.6,4,0.27,0.0,0.0,0.001,0.043,-0.067,1.74,11.08,6.29,77.6,Normal
2026-07-03 05:24:16.207,Košice,Подгорица,None,0,15.6,0,957.5,6,0.32,0.0,0.0,0.004,0.01,-0.536,1.74,11.08,6.29,77.6,Normal
2026-07-03 05:24:17.220,Košice,Подгорица,None,0,19.8,0,1213.4,6,0.19,0.0,0.0,-0.029,0.014,-0.939,1.74,11.08,6.29,77.6,Normal
2026-07-03 05:24:18.221,Košice,Подгорица,None,0,22.2,0,1355.2,6,0.0,0.0,1.0,-0.029,-0.001,-0.285,1.74,11.08,6.29,77.6,Normal
2026-07-03 05:24:19.223,Košice,Подгорица,None,0,20.6,0,1251.1,6,0.0,0.09,0.0,0.02,-0.002,0.974,1.74,11.08,6.29,77.6,Normal
2026-07-03 05:24:20.225,Košice,Подгорица,None,0,14.6,0,883.5,6,0.0,0.0,-1.0,0.198,-0.024,1.592,1.74,11.08,6.29,77.6,Normal
2026-07-03 05:24:21.195,Košice,Подгорица,None,0,12.4,0,1213.0,4,0.0,0.0,-1.0,0.244,-0.01,0.249,1.74,11.08,6.29,77.6,Normal
2026-07-03 05:24:22.195,Košice,Подгорица,None,0,11.0,0,1062.5,4,0.0,0.0,-1.0,0.115,0.007,0.58,1.74,11.08,6.29,77.6,Normal
2026-07-03 05:24:23.196,Košice,Подгорица,None,0,8.9,0,853.5,4,0.0,0.0,-1.0,0.041,-0.002,0.606,1.74,11.08,6.29,77.6,Normal
2026-07-03 05:24:24.219,Košice,Подгорица,None,0,6.8,0,647.5,4,0.0,0.0,0.0,-0.138,0.004,0.516,1.74,11.08,6.29,77.6,Normal
2026-07-03 05:24:25.197,Košice,Подгорица,None,0,5.5,0,545.3,4,0.0,0.0,1.0,-0.059,-0.006,0.029,1.74,11.08,6.29,77.6,Normal
2026-07-03 05:24:26.197,Košice,Подгорица,None,0,5.6,0,549.0,4,0.0,0.0,0.0,-0.05,-0.0,0.017,1.74,11.08,6.29,77.6,Normal
2026-07-03 05:24:27.197,Košice,Подгорица,None,0,4.6,0,499.6,4,0.0,0.21,0.0,-0.056,-0.003,0.164,1.74,11.08,6.29,77.6,Normal
2026-07-03 05:24:28.198,Košice,Подгорица,None,0,0.0,0,550.0,4,0.0,0.29,0.0,-0.527,0.018,2.769,1.74,11.08,6.29,77.6,Normal
2026-07-03 05:24:29.199,Košice,Подгорица,None,0,0.0,0,550.0,-1,0.0,0.0,-1.0,0.001,0.008,-0.008,1.74,11.08,6.29,77.6,Normal
2026-07-03 05:24:30.210,Košice,Подгорица,None,0,0.0,0,550.2,-1,0.01,0.0,-1.0,0.0,0.0,-0.0,1.74,11.08,6.29,77.6,Normal
2026-07-03 05:24:31.220,Košice,Подгорица,None,0,-1.4,0,708.9,-1,0.19,0.0,-1.0,-0.606,-0.002,1.254,1.74,11.08,6.29,77.6,Normal
2026-07-03 05:24:32.211,Košice,Подгорица,None,0,-2.4,0,547.7,-1,0.0,0.0,1.0,0.186,-0.014,-0.313,1.74,11.08,6.29,77.6,Normal
2026-07-03 05:24:33.220,Košice,Подгорица,None,0,-2.4,0,550.1,-1,0.0,0.0,1.0,0.101,0.0,-0.001,1.74,11.08,6.29,77.6,Normal
2026-07-03 05:24:34.213,Košice,Подгорица,None,0,-2.4,0,550.0,-1,0.0,0.0,1.0,0.081,0.0,-0.002,1.74,11.08,6.29,77.6,Normal
2026-07-03 05:24:35.224,Košice,Подгорица,None,0,-2.4,0,548.3,-1,0.0,0.03,1.0,0.075,0.0,-0.026,1.74,11.08,6.29,77.6,Normal
2026-07-03 05:24:36.202,Košice,Подгорица,None,0,-2.3,0,544.5,-1,0.0,0.1,1.0,0.073,-0.0,-0.008,1.74,11.08,6.29,77.6,Normal
2026-07-03 05:24:37.203,Košice,Подгорица,None,0,-2.3,0,544.5,-1,0.0,0.09,1.0,0.069,0.0,-0.006,1.74,11.08,6.29,77.6,Normal
2026-07-03 05:24:38.204,Košice,Подгорица,None,0,-2.4,0,549.6,-1,0.0,0.0,1.0,0.037,0.0,-0.005,1.74,11.08,6.29,77.6,Normal
2026-07-03 05:24:39.206,Košice,Подгорица,None,0,-4.5,0,1051.7,-1,0.0,0.0,0.0,0.268,-0.019,1.22,1.74,11.08,6.29,77.6,Normal
2026-07-03 05:24:40.203,Košice,Подгорица,None,0,-3.5,0,778.3,-1,0.0,0.0,0.0,-0.088,0.009,-0.436,1.74,11.08,6.29,77.6,Normal
2026-07-03 05:24:41.216,Košice,Подгорица,None,0,-2.5,0,582.2,-1,0.15,0.0,-1.0,-0.012,-0.003,0.187,1.74,11.08,6.29,77.6,Normal
2026-07-03 05:24:42.203,Košice,Подгорица,None,0,-2.5,0,555.1,-1,0.0,0.0,1.0,-0.032,-0.01,-0.421,1.74,11.08,6.29,77.6,Normal
2026-07-03 05:24:43.204,Košice,Подгорица,None,0,-2.6,0,604.1,-1,0.14,0.0,1.0,0.069,-0.011,0.258,1.74,11.08,6.29,77.6,Normal
2026-07-03 05:24:44.205,Košice,Подгорица,None,0,-4.1,0,924.2,-1,0.0,0.0,-1.0,-0.172,-0.021,-0.399,1.74,11.08,6.29,77.6,Normal
2026-07-03 05:24:45.205,Košice,Подгорица,None,0,-2.7,0,617.4,-1,0.19,0.0,0.0,-0.029,-0.003,-0.3,1.74,11.08,6.29,77.6,Normal
2026-07-03 05:24:46.216,Košice,Подгорица,None,0,-4.3,0,972.9,-1,0.0,0.0,-1.0,-0.113,-0.059,-0.452,1.74,11.08,6.29,77.6,Normal
2026-07-03 05:24:47.205,Košice,Подгорица,None,0,-2.8,0,622.7,-1,0.0,0.0,-1.0,-0.063,-0.004,-0.42,1.74,11.08,6.29,77.6,Normal
2026-07-03 05:24:48.205,Košice,Подгорица,None,0,-2.4,0,550.2,-1,0.0,0.0,0.0,0.006,-0.009,0.017,1.74,11.08,6.29,77.6,Normal
2026-07-03 05:24:49.224,Košice,Подгорица,None,0,-2.4,0,550.0,-1,0.0,0.01,0.0,0.015,-0.0,0.0,1.74,11.08,6.29,77.6,Normal
2026-07-03 05:24:50.206,Košice,Подгорица,None,0,0.0,0,550.0,-1,0.0,0.43,0.0,0.344,-0.127,-1.764,1.74,11.08,6.29,77.6,Normal
2026-07-03 05:24:51.206,Košice,Подгорица,None,0,0.0,0,550.0,0,0.0,0.0,0.0,0.005,-0.003,-0.006,1.74,11.08,6.29,77.6,Normal
2026-07-03 05:24:52.206,Košice,Подгорица,None,0,-0.0,0,550.0,0,0.0,0.0,-1.0,0.0,-0.001,0.001,1.74,11.08,6.29,77.6,Normal
2026-07-03 05:24:53.223,Košice,Подгорица,None,0,-0.0,0,550.0,0,0.0,0.0,1.0,-0.001,0.005,-0.002,1.74,11.08,6.29,77.6,Normal
2026-07-03 05:24:54.225,Košice,Подгорица,None,0,-0.0,0,550.0,0,0.0,0.0,0.0,0.0,0.0,-0.001,1.74,11.08,6.29,77.6,Normal
2026-07-03 05:24:55.224,Košice,Подгорица,None,0,-0.0,0,550.0,0,0.0,0.0,0.0,0.0,-0.0,0.0,1.74,11.08,6.29,77.6,Normal
2026-07-03 05:24:56.207,Košice,Подгорица,None,0,-0.0,0,550.0,0,0.0,0.0,0.0,-0.0,-0.002,0.0,1.74,11.08,6.29,77.6,Normal
2026-07-03 05:24:57.208,Košice,Подгорица,None,0,-0.0,0,550.0,0,0.0,0.0,0.0,0.0,0.003,0.0,1.74,11.08,6.29,77.6,Normal
2026-07-03 05:24:58.208,Košice,Подгорица,None,0,0.0,0,550.0,0,0.0,0.0,0.0,0.0,-0.012,-0.003,1.74,11.08,6.29,77.6,Normal
2026-07-03 05:24:59.209,Košice,Подгорица,None,0,0.0,0,550.0,0,0.0,0.0,0.0,-0.0,-0.005,-0.002,1.74,11.08,6.29,77.6,Normal
2026-07-03 05:25:00.232,Košice,Подгорица,None,0,-0.0,0,550.0,1,0.0,0.0,0.0,0.0,-0.002,0.0,1.74,11.08,6.29,77.6,Normal
2026-07-03 05:25:01.209,Košice,Подгорица,None,0,0.0,0,550.0,1,0.0,0.0,0.0,0.0,-0.003,-0.004,1.74,11.08,6.29,77.6,Normal
2026-07-03 05:25:02.210,Košice,Подгорица,None,0,0.0,0,550.0,1,0.0,0.0,0.0,0.001,0.031,-0.001,1.74,11.08,6.29,77.6,Normal
2026-07-03 05:25:03.222,Košice,Подгорица,None,0,0.0,0,774.4,1,0.44,0.0,0.0,-0.001,0.004,0.002,1.74,11.08,6.29,77.6,Normal
2026-07-03 05:25:04.210,Košice,Подгорица,None,0,2.8,0,757.5,1,0.34,0.0,-1.0,-0.014,-0.016,-1.259,1.74,11.08,6.29,77.6,Normal
2026-07-03 05:25:05.210,Košice,Подгорица,None,0,7.2,0,1530.9,1,0.35,0.0,-1.0,0.054,-0.011,-0.977,1.74,11.08,6.29,77.5,Normal
2026-07-03 05:25:06.234,Košice,Подгорица,None,0,7.6,0,953.6,3,0.35,0.0,-1.0,0.115,0.031,0.059,1.74,11.08,6.29,77.5,Normal
2026-07-03 05:25:07.213,Košice,Подгорица,None,0,9.3,0,1204.7,3,0.34,0.0,-1.0,0.159,-0.033,-0.789,1.74,11.08,6.29,77.5,Normal
2026-07-03 05:25:08.230,Košice,Подгорица,None,0,11.9,0,1440.3,3,0.36,0.0,-1.0,0.123,-0.063,-0.364,1.74,11.08,6.29,77.5,Normal
2026-07-03 05:25:09.223,Košice,Подгорица,None,0,11.9,0,940.5,5,0.34,0.0,-1.0,0.071,0.018,0.027,1.74,11.08,6.29,77.5,Normal
2026-07-03 05:25:10.212,Košice,Подгорица,None,0,13.3,0,1069.9,5,0.33,0.0,-1.0,0.131,-0.014,-0.565,1.74,11.08,6.29,77.5,Normal
2026-07-03 05:25:11.226,Košice,Подгорица,None,0,15.2,0,1211.9,5,0.22,0.0,-1.0,0.088,0.006,-0.46,1.74,11.08,6.29,77.5,Normal
2026-07-03 05:25:12.234,Košice,Подгорица,None,0,16.3,0,1295.5,5,0.23,0.0,-1.0,0.11,-0.006,-0.256,1.74,11.08,6.29,77.5,Normal
2026-07-03 05:25:13.236,Košice,Подгорица,None,0,17.3,0,1376.0,5,0.2,0.0,-1.0,-0.012,0.005,-0.268,1.74,11.08,6.29,77.5,Normal
2026-07-03 05:25:14.216,Košice,Подгорица,None,0,17.2,0,1351.2,5,0.0,0.0,0.0,-0.187,0.024,0.295,1.74,11.08,6.29,77.5,Normal
2026-07-03 05:25:15.215,Košice,Подгорица,None,0,15.9,0,1256.6,5,0.37,0.0,0.0,-0.147,0.024,0.277,1.74,11.08,6.29,77.5,Normal
2026-07-03 05:25:16.232,Košice,Подгорица,None,0,16.2,0,1270.7,5,0.0,0.0,0.0,-0.138,0.059,0.216,1.74,11.08,6.29,77.5,Normal
2026-07-03 05:25:17.231,Košice,Подгорица,None,0,15.0,0,1178.6,5,0.0,0.0,1.0,-0.136,-0.003,0.337,1.74,11.08,6.29,77.5,Normal
2026-07-03 05:25:18.214,Košice,Подгорица,None,0,13.9,0,1091.7,5,0.0,0.0,1.0,-0.291,-0.007,0.301,1.74,11.08,6.29,77.5,Normal
2026-07-03 05:25:19.215,Košice,Подгорица,None,0,12.9,0,1008.9,5,0.0,0.0,1.0,-0.145,-0.002,0.276,1.74,11.08,6.29,77.5,Normal
2026-07-03 05:25:20.233,Košice,Подгорица,None,0,11.9,0,933.5,5,0.0,0.0,1.0,-0.103,-0.001,0.25,1.74,11.08,6.29,77.5,Normal
2026-07-03 05:25:21.240,Košice,Подгорица,None,0,11.0,0,861.0,5,0.0,0.0,1.0,-0.098,-0.002,0.25,1.74,11.08,6.29,77.5,Normal
2026-07-03 05:25:22.216,Košice,Подгорица,None,0,10.1,0,772.5,5,0.0,0.18,1.0,0.091,-0.025,0.296,1.74,11.08,6.29,77.5,Normal
2026-07-03 05:25:23.216,Košice,Подгорица,None,0,5.4,0,662.6,3,0.0,0.0,0.0,0.336,0.048,1.837,1.74,11.08,6.29,77.5,Normal
2026-07-03 05:25:24.217,Košice,Подгорица,None,0,3.2,0,675.4,1,0.0,0.0,0.0,0.021,0.037,0.175,1.74,11.08,6.29,77.5,Normal
2026-07-03 05:25:25.242,Košice,Подгорица,None,0,2.6,0,545.1,1,0.0,0.0,0.0,-0.008,0.008,0.008,1.74,11.08,6.29,77.5,Normal
2026-07-03 05:25:26.218,Košice,Подгорица,None,0,2.6,0,547.6,1,0.0,0.0,0.0,0.008,0.026,0.029,1.74,11.08,6.29,77.5,Normal
2026-07-03 05:25:27.231,Košice,Подгорица,None,0,2.6,0,548.3,1,0.03,0.0,0.0,0.004,0.013,0.008,1.74,11.08,6.29,77.5,Normal
2026-07-03 05:25:28.238,Košice,Подгорица,None,0,2.6,0,547.2,1,0.0,0.0,-1.0,0.042,0.051,0.226,1.74,11.08,6.29,77.5,Normal
2026-07-03 05:25:29.218,Košice,Подгорица,None,0,3.2,0,700.3,1,0.24,0.0,-1.0,0.016,-0.015,-0.506,1.74,11.08,6.29,77.5,Normal
2026-07-03 05:25:30.242,Košice,Подгорица,None,0,5.8,0,1227.0,1,0.17,0.0,0.0,0.057,-0.009,-0.651,1.74,11.08,6.29,77.5,Normal
2026-07-03 05:25:31.219,Košice,Подгорица,None,0,6.8,0,1428.9,1,0.12,0.0,0.0,-0.004,0.0,-0.196,1.74,11.08,6.29,77.5,Normal
2026-07-03 05:25:32.234,Košice,Подгорица,None,0,6.2,0,1286.9,1,0.0,0.04,0.0,-0.006,0.005,0.326,1.74,11.08,6.29,77.5,Normal
2026-07-03 05:25:33.242,Košice,Подгорица,None,0,5.0,0,1024.4,1,0.0,0.0,1.0,-0.016,0.035,0.291,1.74,11.08,6.29,77.5,Normal
2026-07-03 05:25:34.237,Košice,Подгорица,None,0,3.4,0,671.3,1,0.0,0.22,1.0,-0.033,-0.079,1.071,1.74,11.08,6.29,77.5,Normal
2026-07-03 05:25:35.234,Košice,Подгорица,None,0,2.7,0,553.8,1,0.0,0.0,1.0,-0.083,-0.049,-0.09,1.74,11.08,6.29,77.5,Normal
2026-07-03 05:25:36.245,Košice,Подгорица,None,0,4.4,0,1042.0,1,0.75,0.0,1.0,-0.542,-0.071,-1.556,1.74,11.08,6.29,77.5,Normal
2026-07-03 05:25:37.245,Košice,Подгорица,None,0,6.7,0,1384.7,1,0.0,0.0,-1.0,0.168,0.064,0.17,1.74,11.08,6.29,77.5,Normal
2026-07-03 05:25:38.221,Košice,Подгорица,None,0,7.3,0,1493.9,1,0.49,0.0,-1.0,0.051,-0.232,-0.462,1.74,11.08,6.29,77.5,Normal
2026-07-03 05:25:39.222,Košice,Подгорица,None,0,7.2,0,907.4,3,0.37,0.0,-1.0,0.091,0.026,0.087,1.74,11.08,6.29,77.5,Normal
2026-07-03 05:25:40.243,Košice,Подгорица,None,0,9.1,0,1169.2,3,0.0,0.0,0.0,-0.04,-0.022,-0.68,1.74,11.08,6.29,77.5,Normal
2026-07-03 05:25:41.237,Košice,Подгорица,None,0,8.5,0,1073.0,3,0.2,0.0,0.0,0.091,0.02,0.32,1.74,11.08,6.29,77.5,Normal
2026-07-03 05:25:42.247,Košice,Подгорица,None,0,7.7,0,967.5,3,0.0,0.0,-1.0,0.253,0.009,0.338,1.74,11.08,6.29,77.5,Normal
2026-07-03 05:25:43.243,Košice,Подгорица,None,0,7.3,0,908.2,3,0.0,0.0,1.0,0.013,0.026,0.206,1.74,11.08,6.29,77.5,Normal
2026-07-03 05:25:44.241,Košice,Подгорица,None,0,6.4,0,816.0,3,0.48,0.0,1.0,-0.083,0.038,0.059,1.74,11.08,6.29,77.5,Normal
2026-07-03 05:25:45.234,Košice,Подгорица,None,0,10.1,0,1335.2,3,0.66,0.0,1.0,-0.095,-0.035,-1.588,1.74,11.08,6.29,77.5,Normal
2026-07-03 05:25:46.226,Košice,Подгорица,None,0,12.7,0,1134.3,5,0.66,0.0,1.0,-0.004,0.039,-0.066,1.74,11.08,6.29,77.5,Normal
2026-07-03 05:25:47.225,Košice,Подгорица,None,0,13.8,0,1115.1,5,0.66,0.0,-1.0,0.07,-0.066,-0.898,1.74,11.08,6.29,77.5,Normal
2026-07-03 05:25:48.241,Košice,Подгорица,None,0,18.0,0,1451.8,5,0.7,0.0,0.0,0.018,-0.012,-1.213,1.74,11.08,6.29,77.5,Normal
2026-07-03 05:25:49.230,Košice,Подгорица,None,0,19.2,50,908.8,7,0.69,0.0,0.0,0.047,0.028,0.036,1.74,11.08,6.29,77.5,Normal
2026-07-03 05:25:50.246,Košice,Подгорица,None,0,20.4,50,978.5,7,0.7,0.0,-1.0,0.159,-0.053,-0.673,1.74,11.08,6.29,77.5,Normal
2026-07-03 05:25:51.227,Košice,Подгорица,None,0,23.1,50,1108.4,7,0.7,0.0,-1.0,-0.002,-0.017,-0.812,1.74,11.08,6.29,77.5,Normal
2026-07-03 05:25:52.251,Košice,Подгорица,None,0,26.2,50,1251.8,7,0.65,0.0,-1.0,0.029,-0.007,-0.817,1.74,11.08,6.29,77.5,Normal
2026-07-03 05:25:53.244,Košice,Подгорица,None,0,28.8,50,1370.7,7,0.41,0.0,0.0,-0.026,-0.0,-0.629,1.74,11.08,6.29,77.5,Normal
2026-07-03 05:25:54.228,Košice,Подгорица,None,0,30.1,50,1290.8,7,0.21,0.0,0.0,-0.013,0.059,-0.116,1.74,11.08,6.29,77.5,Normal
2026-07-03 05:25:55.228,Košice,Подгорица,None,0,30.0,50,1101.5,8,0.0,0.0,0.0,-0.011,0.004,0.101,1.74,11.08,6.29,77.5,Normal
2026-07-03 05:25:56.228,Košice,Подгорица,None,0,29.6,50,1084.5,8,0.0,0.0,0.0,-0.006,-0.001,0.139,1.74,11.08,6.29,77.5,Normal
2026-07-03 05:25:57.238,Košice,Подгорица,None,0,29.1,50,1066.3,8,0.26,0.0,0.0,0.045,-0.0,0.131,1.74,11.08,6.29,77.5,Normal
2026-07-03 05:25:58.228,Košice,Подгорица,None,0,29.9,50,1104.6,8,0.75,0.0,0.0,-0.013,-0.024,-0.472,1.74,11.08,6.29,77.5,Normal
2026-07-03 05:25:59.230,Košice,Подгорица,None,0,31.9,50,1177.1,8,0.5,0.0,0.0,-0.006,0.023,-0.519,1.74,11.08,6.29,77.5,Normal
2026-07-03 05:26:00.229,Košice,Подгорица,None,0,32.8,50,1204.6,8,0.0,0.0,0.0,-0.007,0.064,-0.0,1.74,11.08,6.29,77.5,Normal
2026-07-03 05:26:01.240,Košice,Подгорица,None,0,32.4,50,1188.4,8,0.0,0.0,1.0,-0.048,-0.079,0.145,1.74,11.08,6.29,77.5,Normal
2026-07-03 05:26:02.230,Košice,Подгорица,None,0,32.4,50,1192.8,8,0.41,0.0,0.0,-0.025,-0.023,-0.214,1.74,11.08,6.29,77.5,Normal
2026-07-03 05:26:03.231,Košice,Подгорица,None,0,33.4,50,1229.4,8,0.09,0.0,0.0,0.003,0.008,-0.257,1.74,11.08,6.29,77.5,Normal
2026-07-03 05:26:04.231,Košice,Подгорица,None,0,34.0,50,1250.1,8,0.29,0.0,0.0,-0.0,-0.114,-0.162,1.74,11.08,6.29,77.5,Normal
2026-07-03 05:26:05.231,Košice,Подгорица,None,0,34.8,50,1281.3,8,0.27,0.0,0.0,0.007,-0.01,-0.256,1.74,11.08,6.29,77.5,Normal
2026-07-03 05:26:06.231,Košice,Подгорица,None,0,35.4,50,1301.4,8,0.19,0.0,0.0,0.002,-0.0,-0.109,1.74,11.08,6.29,77.5,Normal
2026-07-03 05:26:07.250,Košice,Подгорица,None,0,35.5,50,1303.2,8,0.1,0.0,0.0,-0.003,0.021,0.022,1.74,11.08,6.29,77.5,Normal
2026-07-03 05:26:08.249,Košice,Подгорица,None,0,35.4,50,1298.4,8,0.04,0.0,0.0,0.014,-0.018,0.061,1.74,11.08,6.29,77.5,Normal
2026-07-03 05:26:09.232,Košice,Подгорица,None,0,35.0,50,1283.3,8,0.02,0.0,0.0,0.007,-0.037,0.14,1.74,11.08,6.29,77.5,Normal
2026-07-03 05:26:10.252,Košice,Подгорица,None,0,34.5,50,1265.0,8,0.0,0.0,0.0,0.007,-0.008,0.156,1.74,11.08,6.29,77.5,Normal
2026-07-03 05:26:11.233,Košice,Подгорица,None,0,34.3,50,1259.6,8,0.15,0.0,-1.0,0.052,-0.007,-0.032,1.74,11.08,6.29,77.5,Normal
2026-07-03 05:26:12.244,Košice,Подгорица,None,0,34.4,50,1263.1,8,0.17,0.0,0.0,-0.025,0.0,-0.035,1.74,11.08,6.29,77.5,Normal
2026-07-03 05:26:13.252,Košice,Подгорица,None,0,34.4,50,1263.0,8,0.0,0.0,1.0,-0.093,0.015,0.047,1.74,11.08,6.29,77.5,Normal
2026-07-03 05:26:14.234,Košice,Подгорица,None,0,34.5,50,1267.7,8,0.27,0.0,1.0,-0.086,-0.026,-0.128,1.74,11.08,6.29,77.5,Normal
2026-07-03 05:26:15.257,Košice,Подгорица,None,0,35.1,50,1293.9,8,0.39,0.0,1.0,-0.0,-0.004,-0.274,1.74,11.08,6.29,77.5,Normal
2026-07-03 05:26:16.235,Košice,Подгорица,None,0,36.2,50,1332.2,8,0.4,0.0,1.0,-0.064,0.002,-0.3,1.74,11.08,6.29,77.5,Normal
2026-07-03 05:26:17.247,Košice,Подгорица,None,0,37.3,50,1373.3,8,0.4,0.0,1.0,-0.036,0.007,-0.309,1.74,11.08,6.29,77.5,Normal
2026-07-03 05:26:18.236,Košice,Подгорица,None,0,38.3,50,1395.6,8,0.39,0.0,1.0,-0.017,-0.02,-0.213,1.74,11.08,6.29,77.5,Normal
2026-07-03 05:26:19.236,Košice,Подгорица,None,0,38.2,50,1094.2,9,0.37,0.0,1.0,0.076,-0.016,0.064,1.74,11.08,6.29,77.5,Normal
2026-07-03 05:26:20.251,Košice,Подгорица,None,0,38.6,50,1108.9,9,0.37,0.0,1.0,-0.1,0.001,-0.202,1.74,11.08,6.29,77.5,Normal
2026-07-03 05:26:21.237,Košice,Подгорица,None,0,39.3,50,1128.9,9,0.32,0.0,1.0,0.063,-0.007,-0.18,1.74,11.08,6.29,77.5,Normal
2026-07-03 05:26:22.237,Košice,Подгорица,None,0,39.5,50,1128.7,9,0.26,0.0,1.0,-0.034,-0.004,0.099,1.74,11.08,6.29,77.5,Normal
2026-07-03 05:26:23.238,Košice,Подгорица,None,0,39.7,50,1140.8,9,0.38,0.0,1.0,0.113,-0.011,-0.194,1.74,11.08,6.29,77.5,Normal
2026-07-03 05:26:24.254,Košice,Подгорица,None,0,40.4,50,1159.4,9,0.29,0.0,1.0,0.126,0.01,-0.173,1.74,11.09,6.29,77.5,Normal
2026-07-03 05:26:25.239,Košice,Подгорица,None,0,40.3,50,1152.0,9,0.0,0.0,1.0,-0.031,0.055,0.124,1.74,11.09,6.29,77.5,Normal
2026-07-03 05:26:26.239,Košice,Подгорица,None,0,39.8,50,1139.2,9,0.0,0.0,1.0,-0.001,-0.017,0.134,1.74,11.09,6.29,77.5,Normal
2026-07-03 05:26:27.240,Košice,Подгорица,None,0,39.1,50,1117.6,9,0.0,0.0,0.0,0.091,0.031,0.254,1.74,11.09,6.29,77.5,Normal
2026-07-03 05:26:28.240,Košice,Подгорица,None,0,38.0,50,1085.1,9,0.0,0.0,1.0,-0.001,0.022,0.323,1.74,11.09,6.29,77.5,Normal
2026-07-03 05:26:29.252,Košice,Подгорица,None,0,36.8,50,1051.9,9,0.0,0.0,1.0,-0.044,0.003,0.321,1.74,11.09,6.29,77.5,Normal
2026-07-03 05:26:30.266,Košice,Подгорица,None,0,35.7,50,1019.7,9,0.0,0.0,0.0,0.057,0.011,0.304,1.74,11.09,6.29,77.5,Normal
2026-07-03 05:26:31.251,Košice,Подгорица,None,0,34.6,50,988.9,9,0.0,0.0,0.0,0.046,0.004,0.299,1.74,11.09,6.29,77.5,Normal
2026-07-03 05:26:32.258,Košice,Подгорица,None,0,33.6,50,958.4,9,0.0,0.0,0.0,0.032,-0.032,0.296,1.74,11.09,6.29,77.5,Normal
2026-07-03 05:26:33.241,Košice,Подгорица,None,0,32.5,50,928.3,9,0.0,0.0,0.0,0.02,-0.058,0.291,1.74,11.09,6.29,77.5,Normal
2026-07-03 05:26:34.265,Košice,Подгорица,None,0,31.0,50,1128.3,9,0.0,0.05,0.0,0.009,0.001,0.445,1.74,11.09,6.29,77.5,Normal
2026-07-03 05:26:35.242,Košice,Подгорица,None,0,28.7,50,1048.4,8,0.0,0.12,-1.0,0.013,0.057,0.873,1.74,11.09,6.29,77.5,Normal
2026-07-03 05:26:36.254,Košice,Подгорица,None,0,24.9,50,906.2,8,0.0,0.12,-1.0,0.019,0.008,1.187,1.74,11.09,6.29,77.5,Normal
2026-07-03 05:26:37.242,Košice,Подгорица,None,0,21.8,50,1327.9,6,0.0,0.0,-1.0,0.098,-0.012,0.478,1.74,11.09,6.29,77.5,Normal
2026-07-03 05:26:38.254,Košice,Подгорица,None,0,20.7,50,1256.7,6,0.0,0.0,-1.0,0.222,-0.002,0.305,1.74,11.09,6.29,77.5,Normal
2026-07-03 05:26:39.266,Košice,Подгорица,None,0,19.6,50,1188.0,6,0.1,0.0,-1.0,0.226,0.004,0.295,1.74,11.09,6.29,77.5,Normal
2026-07-03 05:26:40.244,Košice,Подгорица,None,0,20.1,50,1242.6,6,0.49,0.0,-1.0,-0.061,-0.039,-0.498,1.74,11.09,6.29,77.5,Normal
2026-07-03 05:26:41.245,Košice,Подгорица,None,0,22.4,50,1384.9,6,0.43,0.0,-1.0,-0.004,-0.003,-0.653,1.74,11.09,6.29,77.5,Normal
2026-07-03 05:26:42.245,Košice,Подгорица,None,0,23.6,50,1216.8,6,0.37,0.0,-1.0,-0.018,0.05,-0.005,1.74,11.09,6.29,77.5,Normal
2026-07-03 05:26:43.245,Košice,Подгорица,None,0,23.5,50,1120.1,7,0.38,0.0,-1.0,0.006,-0.014,-0.154,1.74,11.09,6.29,77.5,Normal
2026-07-03 05:26:44.266,Košice,Подгорица,None,0,24.6,50,1174.2,7,0.38,0.0,0.0,-0.141,-0.001,-0.337,1.74,11.09,6.29,77.5,Normal
2026-07-03 05:26:45.246,Košice,Подгорица,None,0,25.8,50,1228.8,7,0.4,0.0,1.0,-0.251,-0.012,-0.346,1.74,11.09,6.29,77.5,Normal
2026-07-03 05:26:46.266,Košice,Подгорица,None,0,27.1,50,1291.9,7,0.4,0.0,1.0,-0.055,-0.01,-0.387,1.74,11.09,6.29,77.5,Normal
2026-07-03 05:26:47.247,Košice,Подгорица,None,0,28.6,50,1359.9,7,0.41,0.0,1.0,-0.062,-0.002,-0.42,1.74,11.09,6.29,77.5,Normal
2026-07-03 05:26:48.269,Košice,Подгорица,None,0,30.0,50,1396.4,7,0.4,0.0,1.0,-0.046,-0.036,-0.281,1.74,11.09,6.29,77.4,Normal
2026-07-03 05:26:49.247,Košice,Подгорица,None,0,30.1,50,1104.9,8,0.38,0.0,1.0,-0.022,-0.002,0.045,1.74,11.09,6.29,77.4,Normal
2026-07-03 05:26:50.273,Košice,Подгорица,None,0,30.8,50,1134.3,8,0.38,0.0,0.0,0.044,-0.037,-0.294,1.74,11.09,6.29,77.4,Normal
2026-07-03 05:26:51.266,Košice,Подгорица,None,0,31.9,50,1174.1,8,0.37,0.0,-1.0,0.046,0.005,-0.302,1.74,11.09,6.29,77.4,Normal
2026-07-03 05:26:52.260,Košice,Подгорица,None,0,32.9,50,1212.7,8,0.37,0.0,-1.0,0.104,-0.019,-0.294,1.74,11.09,6.29,77.4,Normal
2026-07-03 05:26:53.249,Košice,Подгорица,None,0,34.1,50,1258.1,8,0.61,0.0,-1.0,-0.012,0.001,-0.432,1.74,11.09,6.29,77.4,Normal
2026-07-03 05:26:54.250,Košice,Подгорица,None,0,35.8,50,1314.3,8,0.0,0.0,0.0,-0.018,-0.023,-0.257,1.74,11.09,6.29,77.4,Normal
2026-07-03 05:26:55.270,Košice,Подгорица,None,0,35.6,50,1304.5,8,0.0,0.0,-1.0,0.024,0.01,0.135,1.74,11.09,6.29,77.4,Normal
2026-07-03 05:26:56.250,Košice,Подгорица,None,0,35.1,50,1285.4,8,0.0,0.0,0.0,-0.009,0.005,0.152,1.74,11.09,6.29,77.4,Normal
2026-07-03 05:26:57.250,Košice,Подгорица,None,0,34.5,50,1265.8,8,0.0,0.0,0.0,-0.016,0.019,0.149,1.74,11.09,6.29,77.4,Normal
2026-07-03 05:26:58.263,Košice,Подгорица,None,0,33.7,50,1236.2,8,0.0,0.0,-1.0,0.015,0.004,0.239,1.74,11.09,6.29,77.4,Normal
2026-07-03 05:26:59.251,Košice,Подгорица,None,0,32.9,50,1204.8,8,0.0,0.0,0.0,-0.005,0.001,0.242,1.74,11.09,6.29,77.4,Normal
2026-07-03 05:27:00.253,Košice,Подгорица,None,0,32.0,50,1173.6,8,0.0,0.0,-1.0,0.019,0.009,0.237,1.74,11.09,6.29,77.4,Normal
2026-07-03 05:27:01.253,Košice,Подгорица,None,0,31.2,50,1142.2,8,0.0,0.0,-1.0,0.019,-0.007,0.234,1.74,11.09,6.29,77.4,Normal
2026-07-03 05:27:02.254,Košice,Подгорица,None,0,30.3,50,1111.0,8,0.0,0.0,-1.0,0.107,-0.001,0.233,1.74,11.09,6.29,77.4,Normal
2026-07-03 05:27:03.254,Košice,Подгорица,None,0,29.5,50,1079.4,8,0.0,0.0,-1.0,0.161,0.005,0.231,1.74,11.09,6.29,77.4,Normal
2026-07-03 05:27:04.253,Košice,Подгорица,None,0,29.3,50,1077.3,8,0.28,0.0,-1.0,0.027,-0.047,-0.135,1.74,11.09,6.29,77.4,Normal
2026-07-03 05:27:05.274,Košice,Подгорица,None,0,29.9,50,1099.0,8,0.12,0.0,-1.0,0.011,-0.001,-0.124,1.74,11.09,6.29,77.4,Normal
2026-07-03 05:27:06.255,Košice,Подгорица,None,0,30.1,50,1103.8,8,0.0,0.12,-1.0,-0.109,0.036,0.047,1.74,11.09,6.29,77.4,Normal
2026-07-03 05:27:07.254,Košice,Подгорица,None,0,26.5,50,963.7,8,0.0,0.13,0.0,-0.102,0.064,1.439,1.74,11.09,6.29,77.4,Normal
2026-07-03 05:27:08.254,Košice,Подгорица,None,0,20.9,50,1132.8,8,0.0,0.35,0.0,-0.047,0.003,1.959,1.74,11.09,6.29,77.4,Normal
2026-07-03 05:27:09.267,Košice,Подгорица,None,0,12.2,50,732.2,6,0.0,0.48,-1.0,-0.04,0.024,2.785,1.74,11.09,6.29,77.4,Normal
2026-07-03 05:27:10.267,Košice,Подгорица,None,0,2.9,50,446.7,3,0.0,0.0,-1.0,0.025,0.184,1.754,1.74,11.09,6.29,77.4,Normal
2026-07-03 05:27:11.272,Košice,Подгорица,None,0,1.0,50,550.0,1,0.0,0.15,0.0,0.021,0.016,0.688,1.74,11.09,6.29,77.4,Normal
2026-07-03 05:27:12.256,Košice,Подгорица,None,0,0.0,50,550.0,1,0.0,0.0,0.0,0.005,-0.008,-0.008,1.74,11.09,6.29,77.4,Normal
2026-07-03 05:27:13.279,Košice,Подгорица,None,0,0.0,50,550.0,1,0.0,0.0,0.0,-0.0,0.004,-0.0,1.74,11.09,6.29,77.4,Normal
2026-07-03 05:27:14.257,Košice,Подгорица,None,0,0.0,50,550.0,1,0.0,0.0,0.0,0.0,-0.002,0.0,1.74,11.09,6.29,77.4,Normal
2026-07-03 05:27:15.257,Košice,Подгорица,None,0,-0.0,50,550.0,1,0.0,0.0,0.0,-0.0,0.004,-0.0,1.74,11.09,6.29,77.4,Normal
2026-07-03 05:27:16.279,Košice,Подгорица,None,0,-0.0,50,550.0,1,0.0,0.0,0.0,-0.0,-0.01,0.001,1.74,11.09,6.29,77.4,Normal
2026-07-03 05:27:17.259,Košice,Подгорица,None,0,-0.0,50,550.0,1,0.0,0.0,0.0,0.0,0.008,-0.0,1.74,11.09,6.29,77.4,Normal
2026-07-03 05:27:18.269,Košice,Подгорица,None,0,-0.0,50,550.0,1,0.0,0.0,0.0,-0.0,-0.0,-0.0,1.74,11.09,6.29,77.4,Normal
2026-07-03 05:27:19.274,Košice,Подгорица,None,0,-0.0,50,550.0,1,0.0,0.0,0.0,0.0,-0.007,0.0,1.74,11.09,6.29,77.4,Normal
2026-07-03 05:27:20.260,Košice,Подгорица,None,0,-0.0,50,550.0,1,0.0,0.0,0.0,0.0,0.001,0.0,1.74,11.09,6.29,77.4,Normal
2026-07-03 05:27:21.279,Košice,Подгорица,None,0,-0.0,50,550.0,1,0.0,0.0,0.0,-0.0,0.002,-0.0,1.74,11.09,6.29,77.4,Normal
2026-07-03 05:27:22.260,Košice,Подгорица,None,0,-0.0,50,550.0,1,0.0,0.0,0.0,0.001,-0.0,-0.0,1.74,11.09,6.29,77.4,Normal
2026-07-03 05:27:23.260,Košice,Подгорица,None,0,-0.0,50,550.0,1,0.0,0.0,0.0,0.0,0.009,-0.0,1.74,11.09,6.29,77.4,Normal
2026-07-03 05:27:24.261,Košice,Подгорица,None,0,-0.0,50,550.0,1,0.0,0.0,0.0,0.0,0.001,0.0,1.74,11.09,6.29,77.4,Normal
2026-07-03 05:27:25.281,Košice,Подгорица,None,0,0.0,50,550.2,1,0.0,0.0,0.0,0.0,0.002,0.0,1.74,11.09,6.29,77.4,Normal
2026-07-03 05:27:26.261,Košice,Подгорица,None,0,0.0,50,702.7,1,0.08,0.0,0.0,-0.004,0.003,-0.044,1.74,11.09,6.29,77.4,Normal
2026-07-03 05:27:27.261,Košice,Подгорица,None,0,0.1,50,575.0,1,0.0,0.0,0.0,-0.008,-0.038,-0.079,1.74,11.09,6.29,77.4,Normal
2026-07-03 05:27:28.278,Košice,Подгорица,None,0,0.2,50,545.7,1,0.0,0.0,0.0,0.006,0.026,-0.032,1.74,11.09,6.29,77.4,Normal
2026-07-03 05:27:29.274,Košice,Подгорица,None,0,0.2,50,545.7,1,0.0,0.0,-1.0,0.001,0.001,-0.011,1.74,11.09,6.29,77.4,Normal
2026-07-03 05:27:30.284,Košice,Подгорица,None,0,0.3,50,545.9,1,0.0,0.0,-1.0,0.0,-0.011,-0.022,1.74,11.09,6.29,77.4,Normal
2026-07-03 05:27:31.280,Košice,Подгорица,None,0,0.3,50,546.0,1,0.0,0.0,-1.0,0.004,0.0,-0.014,1.74,11.09,6.29,77.4,Normal
2026-07-03 05:27:32.264,Košice,Подгорица,None,0,0.4,50,546.0,1,0.0,0.0,-1.0,0.003,0.005,-0.019,1.74,11.09,6.29,77.4,Normal
2026-07-03 05:27:33.265,Košice,Подгорица,None,0,0.8,50,667.1,1,0.08,0.0,-1.0,0.027,-0.033,-0.283,1.74,11.09,6.29,77.4,Normal
2026-07-03 05:27:34.265,Košice,Подгорица,None,0,1.5,50,702.0,1,0.18,0.0,0.0,-0.007,0.013,-0.415,1.74,11.09,6.29,77.4,Normal
2026-07-03 05:27:35.266,Košice,Подгорица,None,0,2.8,50,739.9,1,0.29,0.0,0.0,0.006,0.021,-0.596,1.74,11.09,6.29,77.4,Normal
2026-07-03 05:27:36.266,Košice,Подгорица,None,0,5.7,50,1198.2,1,0.19,0.0,0.0,0.001,0.048,-0.449,1.74,11.09,6.29,77.4,Normal
2026-07-03 05:27:37.266,Košice,Подгорица,None,0,7.3,50,1512.0,1,0.22,0.0,0.0,-0.011,-0.048,-0.346,1.74,11.09,6.29,77.4,Normal
2026-07-03 05:27:38.292,Košice,Подгорица,None,0,7.1,50,897.1,3,0.0,0.0,0.0,-0.017,0.012,0.051,1.74,11.09,6.29,77.4,Normal
2026-07-03 05:27:39.267,Košice,Подгорица,None,0,6.4,50,795.8,3,0.0,0.0,0.0,-0.019,-0.005,0.26,1.74,11.09,6.29,77.4,Normal
2026-07-03 05:27:40.267,Košice,Подгорица,None,0,5.6,50,1100.0,3,0.0,0.0,1.0,0.0,-0.01,0.127,1.74,11.09,6.29,77.4,Normal
2026-07-03 05:27:41.291,Košice,Подгорица,None,0,4.9,50,1017.1,1,0.0,0.0,1.0,-0.039,0.013,0.285,1.74,11.09,6.29,77.4,Normal
2026-07-03 05:27:42.268,Košice,Подгорица,None,0,3.9,50,798.8,1,0.0,0.0,1.0,-0.024,0.003,0.303,1.74,11.09,6.29,77.4,Normal
2026-07-03 05:27:43.268,Košice,Подгорица,None,0,2.8,50,580.8,1,0.0,0.0,1.0,-0.009,0.007,0.291,1.74,11.09,6.29,77.4,Normal
2026-07-03 05:27:44.268,Košice,Подгорица,None,0,2.7,50,580.1,1,0.21,0.0,1.0,-0.006,0.017,-0.079,1.74,11.09,6.29,77.4,Normal
2026-07-03 05:27:45.268,Košice,Подгорица,None,0,4.9,50,1076.5,1,0.3,0.0,1.0,-0.226,-0.006,-0.8,1.74,11.09,6.29,77.4,Normal
2026-07-03 05:27:46.284,Košice,Подгорица,None,0,7.4,50,1423.1,1,0.42,0.0,1.0,-0.079,0.04,-0.171,1.74,11.09,6.29,77.4,Normal
2026-07-03 05:27:47.292,Košice,Подгорица,None,0,7.4,50,958.5,3,0.45,0.0,1.0,-0.025,0.052,-0.206,1.74,11.09,6.29,77.4,Normal
2026-07-03 05:27:48.272,Košice,Подгорица,None,0,10.8,50,1425.6,3,0.47,0.0,1.0,-0.155,-0.017,-1.185,1.74,11.09,6.29,77.4,Normal
2026-07-03 05:27:49.282,Košice,Подгорица,None,0,12.1,50,953.8,5,0.46,0.0,0.0,0.143,0.01,0.073,1.74,11.09,6.29,77.4,Normal
2026-07-03 05:27:50.293,Košice,Подгорица,None,0,13.3,50,1073.1,5,0.49,0.0,-1.0,0.043,-0.042,-0.783,1.74,11.09,6.29,77.4,Normal
2026-07-03 05:27:51.271,Košice,Подгорица,None,0,16.4,50,1318.1,5,0.48,0.0,-1.0,0.121,-0.002,-0.886,1.74,11.09,6.29,77.4,Normal
2026-07-03 05:27:52.271,Košice,Подгорица,None,0,18.7,50,1313.3,5,0.53,0.0,0.0,0.099,0.08,-0.134,1.74,11.09,6.29,77.4,Normal
2026-07-03 05:27:53.295,Košice,Подгорица,None,0,18.6,50,889.2,7,0.53,0.0,0.0,0.023,0.003,-0.144,1.74,11.09,6.29,77.4,Normal
2026-07-03 05:27:54.272,Košice,Подгорица,None,0,20.3,50,970.0,7,0.53,0.0,0.0,0.016,-0.003,-0.57,1.74,11.09,6.29,77.4,Normal
2026-07-03 05:27:55.296,Košice,Подгорица,None,0,22.6,50,1080.3,7,0.55,0.0,1.0,-0.035,0.009,-0.661,1.74,11.09,6.29,77.4,Normal
2026-07-03 05:27:56.290,Košice,Подгорица,None,0,25.0,50,1193.8,7,0.57,0.0,1.0,-0.028,-0.007,-0.677,1.74,11.09,6.29,77.4,Normal
2026-07-03 05:27:57.274,Košice,Подгорица,None,0,27.3,50,1306.4,7,0.58,0.0,1.0,-0.002,0.011,-0.687,1.74,11.09,6.29,77.4,Normal
2026-07-03 05:27:58.274,Košice,Подгорица,None,0,29.8,50,1421.5,7,0.52,0.0,1.0,-0.019,-0.017,-0.679,1.74,11.09,6.29,77.4,Normal
2026-07-03 05:27:59.275,Košice,Подгорица,None,0,30.4,50,1114.9,8,0.6,0.0,1.0,-0.057,0.019,0.011,1.74,11.09,6.29,77.4,Normal
2026-07-03 05:28:00.304,Košice,Подгорица,None,0,31.3,50,1159.2,8,0.66,0.0,1.0,-0.1,-0.027,-0.5,1.74,11.09,6.29,77.4,Normal
2026-07-03 05:28:01.303,Košice,Подгорица,None,0,33.4,50,1235.6,8,0.67,0.0,0.0,0.111,0.009,-0.576,1.74,11.09,6.29,77.4,Normal
2026-07-03 05:28:02.304,Košice,Подгорица,None,0,35.5,50,1313.2,8,0.71,0.0,1.0,0.041,-0.004,-0.618,1.74,11.09,6.29,77.4,Normal
2026-07-03 05:28:03.289,Košice,Подгорица,None,0,37.8,50,1394.8,8,0.71,0.0,1.0,0.032,0.029,-0.621,1.74,11.09,6.29,77.4,Normal
2026-07-03 05:28:04.276,Košice,Подгорица,None,0,38.9,50,1145.4,8,0.73,0.0,1.0,0.026,0.05,-0.051,1.74,11.09,6.29,77.4,Normal
2026-07-03 05:28:05.290,Košice,Подгорица,None,0,39.2,50,1129.2,9,0.68,0.0,-1.0,0.048,-0.073,-0.305,1.74,11.09,6.29,77.4,Normal
2026-07-03 05:28:06.296,Košice,Подгорица,None,0,40.8,50,1174.0,9,0.67,0.0,-1.0,0.019,-0.006,-0.475,1.74,11.09,6.29,77.4,Normal
2026-07-03 05:28:07.277,Košice,Подгорица,None,0,42.4,50,1220.4,9,0.69,0.0,-1.0,0.014,0.006,-0.472,1.74,11.09,6.29,77.4,Normal
2026-07-03 05:28:08.278,Košice,Подгорица,None,0,44.1,50,1267.9,9,0.68,0.0,-1.0,0.062,-0.003,-0.457,1.74,11.09,6.29,77.4,Normal
2026-07-03 05:28:09.277,Košice,Подгорица,None,0,45.7,50,1314.3,9,0.67,0.0,-1.0,0.059,0.006,-0.442,1.74,11.09,6.29,77.4,Normal
2026-07-03 05:28:10.278,Košice,Подгорица,None,0,47.2,50,1358.4,9,0.67,0.0,-1.0,0.016,-0.034,-0.427,1.74,11.09,6.29,77.4,Normal
2026-07-03 05:28:11.299,Košice,Подгорица,None,0,48.7,50,1397.6,9,0.67,0.0,-1.0,-0.02,0.049,-0.391,1.74,11.09,6.29,77.4,Normal
2026-07-03 05:28:12.296,Košice,Подгорица,None,0,48.8,90,1081.6,10,0.68,0.0,-1.0,-0.005,0.001,0.101,1.74,11.09,6.29,77.4,Normal
2026-07-03 05:28:13.302,Košice,Подгорица,None,0,49.2,90,1095.3,10,0.67,0.0,-1.0,-0.026,0.007,-0.26,1.74,11.09,6.29,77.3,Normal
2026-07-03 05:28:14.297,Košice,Подгорица,None,0,50.2,90,1117.8,10,0.69,0.0,-1.0,0.009,-0.026,-0.277,1.74,11.09,6.29,77.3,Normal
2026-07-03 05:28:15.279,Košice,Подгорица,None,0,51.1,90,1138.0,10,0.68,0.0,-1.0,0.05,0.028,-0.246,1.74,11.09,6.29,77.3,Normal
2026-07-03 05:28:16.291,Košice,Подгорица,None,0,51.9,90,1155.9,10,0.69,0.0,-1.0,0.065,0.012,-0.196,1.74,11.1,6.29,77.3,Normal
2026-07-03 05:28:17.301,Košice,Подгорица,None,0,52.4,90,1167.7,10,0.67,0.0,-1.0,0.007,-0.023,-0.115,1.74,11.1,6.29,77.3,Normal
2026-07-03 05:28:18.281,Košice,Подгорица,None,0,52.6,90,1171.5,10,0.69,0.0,-1.0,-0.051,0.024,-0.02,1.74,11.1,6.29,77.2,Normal
2026-07-03 05:28:19.281,Košice,Подгорица,None,0,52.6,90,1171.4,10,0.69,0.0,-1.0,0.021,-0.007,0.021,1.74,11.1,6.29,77.2,Normal
2026-07-03 05:28:20.304,Košice,Подгорица,None,0,52.4,90,1167.2,10,0.69,0.0,-1.0,-0.027,-0.019,0.056,1.75,11.1,6.29,77.2,Normal
2026-07-03 05:28:21.282,Košice,Подгорица,None,0,52.3,90,1164.2,10,0.7,0.0,-1.0,-0.016,-0.038,0.04,1.75,11.1,6.29,77.2,Normal
2026-07-03 05:28:22.283,Košice,Подгорица,None,0,52.2,90,1163.6,10,0.9,0.0,-1.0,-0.04,-0.043,-0.006,1.75,11.1,6.29,77.1,Normal
2026-07-03 05:28:23.304,Košice,Подгорица,None,0,52.3,90,1166.4,10,0.85,0.0,-1.0,-0.009,0.014,-0.041,1.75,11.1,6.29,77.1,Normal
2026-07-03 05:28:24.297,Košice,Подгорица,None,0,52.4,90,1167.5,10,0.84,0.0,-1.0,0.019,-0.055,-0.007,1.75,11.11,6.29,77.1,Normal
2026-07-03 05:28:25.284,Košice,Подгорица,None,0,52.4,90,1167.4,10,0.85,0.0,-1.0,0.011,0.034,-0.007,1.75,11.11,6.29,77.1,Normal
2026-07-03 05:28:26.284,Košice,Подгорица,None,0,52.5,90,1169.7,10,0.83,0.0,-1.0,-0.025,-0.037,-0.051,1.75,11.11,6.29,77.0,Normal
2026-07-03 05:28:27.284,Košice,Подгорица,None,0,52.8,90,1176.3,10,0.83,0.0,-1.0,-0.015,-0.06,-0.119,1.75,11.11,6.29,77.0,Normal
2026-07-03 05:28:28.307,Košice,Подгорица,None,0,53.4,90,1189.3,10,0.83,0.0,-1.0,-0.03,0.012,-0.203,1.75,11.11,6.29,77.0,Normal
2026-07-03 05:28:29.299,Košice,Подгорица,None,0,54.5,90,1214.3,10,0.87,0.0,0.0,-0.04,0.077,-0.386,1.75,11.11,6.29,77.0,Normal
2026-07-03 05:28:30.285,Košice,Подгорица,None,0,56.0,90,1247.8,10,0.87,0.0,1.0,-0.023,0.033,-0.489,1.75,11.11,6.29,76.9,Normal
2026-07-03 05:28:31.286,Košice,Подгорица,None,0,58.1,90,1294.0,10,0.84,0.0,0.0,-0.003,0.022,-0.618,1.75,11.11,6.29,76.9,Normal
2026-07-03 05:28:32.285,Košice,Подгорица,None,0,60.3,90,1344.2,10,0.91,0.0,0.0,-0.008,0.004,-0.623,1.75,11.11,6.29,76.9,Normal
2026-07-03 05:28:33.286,Košice,Подгорица,None,0,62.2,90,1386.4,10,0.93,0.0,0.0,-0.0,-0.009,-0.471,1.75,11.11,6.29,76.8,Normal
2026-07-03 05:28:34.286,Košice,Подгорица,None,0,63.9,90,1422.3,10,0.92,0.0,1.0,-0.012,-0.004,-0.438,1.75,11.12,6.29,76.8,Normal
2026-07-03 05:28:35.287,Košice,Подгорица,None,0,65.3,90,1454.5,10,0.92,0.0,0.0,-0.0,0.002,-0.391,1.75,11.12,6.29,76.8,Normal
2026-07-03 05:28:36.289,Košice,Подгорица,None,0,65.9,90,1177.5,11,0.96,0.0,0.0,0.004,0.087,0.056,1.75,11.12,6.29,76.8,Normal
2026-07-03 05:28:37.288,Košice,Подгорица,None,0,65.8,90,1183.2,11,0.94,0.0,0.0,0.001,-0.059,-0.154,1.75,11.12,6.29,76.8,Normal
2026-07-03 05:28:38.288,Košice,Подгорица,None,0,66.7,90,1198.7,11,0.89,0.0,-1.0,0.023,0.002,-0.249,1.75,11.12,6.29,76.7,Normal
2026-07-03 05:28:39.310,Košice,Подгорица,None,0,67.6,90,1214.6,11,0.92,0.0,1.0,-0.058,0.018,-0.241,1.75,11.12,6.29,76.7,Normal
2026-07-03 05:28:40.299,Košice,Подгорица,None,0,68.4,90,1229.9,11,0.86,0.0,0.0,0.002,-0.02,-0.239,1.75,11.12,6.3,76.7,Normal
2026-07-03 05:28:41.290,Košice,Подгорица,None,0,69.4,90,1246.9,11,1.0,0.0,0.0,0.0,0.021,-0.271,1.75,11.12,6.3,76.7,Normal
2026-07-03 05:28:42.290,Košice,Подгорица,None,0,70.4,90,1264.6,11,0.91,0.0,0.0,-0.01,-0.068,-0.279,1.75,11.12,6.3,76.6,Normal
2026-07-03 05:28:43.290,Košice,Подгорица,None,0,71.4,90,1282.3,11,0.89,0.0,-1.0,0.021,-0.059,-0.295,1.75,11.13,6.3,76.6,Normal
2026-07-03 05:28:44.290,Košice,Подгорица,None,0,72.5,90,1302.6,11,0.99,0.0,1.0,-0.03,-0.019,-0.34,1.75,11.13,6.3,76.6,Normal
2026-07-03 05:28:45.290,Košice,Подгорица,None,0,73.7,90,1324.7,11,0.87,0.0,0.0,-0.004,0.006,-0.373,1.75,11.13,6.3,76.5,Normal
2026-07-03 05:28:46.291,Košice,Подгорица,None,0,75.0,90,1348.2,11,0.85,0.0,0.0,-0.009,0.039,-0.371,1.75,11.13,6.3,76.5,Normal
2026-07-03 05:28:47.291,Košice,Подгорица,None,0,76.5,90,1373.6,11,0.83,0.0,0.0,0.014,0.023,-0.408,1.75,11.13,6.3,76.5,Normal
2026-07-03 05:28:48.316,Košice,Подгорица,None,0,78.0,90,1400.7,11,0.84,0.0,0.0,0.01,-0.085,-0.437,1.75,11.14,6.3,76.4,Normal
2026-07-03 05:28:49.312,Košice,Подгорица,None,0,79.3,90,1425.3,11,0.84,0.0,0.0,0.005,0.057,-0.373,1.75,11.14,6.3,76.4,Normal
2026-07-03 05:28:50.309,Košice,Подгорица,None,0,80.1,90,1188.8,11,0.82,0.0,0.0,0.004,0.023,-0.026,1.75,11.14,6.3,76.4,Normal
2026-07-03 05:28:51.293,Košice,Подгорица,None,0,80.1,90,1115.6,12,0.8,0.0,0.0,-0.003,-0.047,-0.092,1.75,11.14,6.3,76.4,Normal
2026-07-03 05:28:52.295,Košice,Подгорица,None,0,80.3,90,1114.0,12,0.0,0.0,0.0,0.001,0.06,0.102,1.75,11.14,6.3,76.4,Normal
2026-07-03 05:28:53.293,Košice,Подгорица,None,0,79.7,90,1104.8,12,0.0,0.0,0.0,0.002,-0.079,0.214,1.75,11.14,6.3,76.4,Normal
2026-07-03 05:28:54.305,Košice,Подгорица,None,0,78.9,90,1095.2,12,0.11,0.0,-1.0,0.02,0.003,0.201,1.75,11.14,6.3,76.4,Normal
2026-07-03 05:28:55.315,Košice,Подгорица,None,0,78.4,90,1088.5,12,0.32,0.0,-1.0,0.038,0.04,0.103,1.75,11.15,6.3,76.4,Normal
2026-07-03 05:28:56.295,Košice,Подгорица,None,0,78.2,90,1087.2,12,0.32,0.0,1.0,-0.028,-0.016,0.009,1.75,11.15,6.3,76.4,Normal
2026-07-03 05:28:57.295,Košice,Подгорица,None,0,77.9,80,1080.6,12,0.0,0.0,0.0,0.018,0.011,0.11,1.75,11.15,6.3,76.4,Normal
2026-07-03 05:28:58.296,Košice,Подгорица,None,0,77.5,80,1074.8,12,0.0,0.0,0.0,0.03,0.045,0.121,1.75,11.15,6.3,76.4,Normal
2026-07-03 05:28:59.296,Košice,Подгорица,None,0,77.1,80,1068.6,12,0.0,0.0,0.0,-0.026,-0.017,0.121,1.75,11.15,6.3,76.4,Normal
2026-07-03 05:29:00.296,Košice,Подгорица,None,0,76.6,80,1062.4,12,0.0,0.0,0.0,-0.007,-0.008,0.131,1.75,11.15,6.3,76.4,Normal
2026-07-03 05:29:01.297,Košice,Подгорица,None,0,76.2,80,1056.6,12,0.0,0.0,0.0,0.018,0.022,0.112,1.75,11.15,6.3,76.4,Normal
2026-07-03 05:29:02.298,Košice,Подгорица,None,0,75.7,80,1050.4,12,0.0,0.0,0.0,0.015,-0.102,0.127,1.75,11.16,6.3,76.4,Normal
2026-07-03 05:29:03.297,Košice,Подгорица,None,0,75.3,80,1044.3,12,0.0,0.0,0.0,-0.076,0.062,0.114,1.75,11.16,6.3,76.4,Normal
2026-07-03 05:29:04.297,Košice,Подгорица,None,0,74.9,90,1038.3,12,0.0,0.0,-1.0,0.123,0.059,0.107,1.75,11.16,6.3,76.4,Normal
2026-07-03 05:29:05.317,Košice,Подгорица,None,0,74.4,90,1030.6,12,0.0,0.0,-1.0,0.044,0.095,0.215,1.75,11.16,6.3,76.4,Normal
2026-07-03 05:29:06.312,Košice,Подгорица,None,0,73.5,90,1018.7,12,0.0,0.0,-1.0,-0.029,-0.037,0.253,1.75,11.16,6.3,76.4,Normal
2026-07-03 05:29:07.298,Košice,Подгорица,None,0,72.7,90,1007.2,12,0.0,0.0,-1.0,0.013,0.021,0.239,1.75,11.16,6.3,76.4,Normal
2026-07-03 05:29:08.299,Košice,Подгорица,None,0,71.8,90,995.0,12,0.0,0.0,-1.0,0.019,-0.066,0.248,1.75,11.17,6.3,76.4,Normal
2026-07-03 05:29:09.312,Košice,Подгорица,None,0,70.9,90,1006.5,12,0.0,0.0,-1.0,0.036,0.094,0.26,1.75,11.17,6.3,76.4,Normal
2026-07-03 05:29:10.324,Košice,Подгорица,None,0,69.9,90,1248.6,11,0.0,0.0,-1.0,0.003,-0.084,0.309,1.75,11.17,6.3,76.4,Normal
2026-07-03 05:29:11.300,Košice,Подгорица,None,0,68.6,90,1225.7,11,0.0,0.0,-1.0,-0.014,-0.015,0.456,1.75,11.17,6.3,76.4,Normal
2026-07-03 05:29:12.300,Košice,Подгорица,None,0,66.9,90,1194.6,11,0.0,0.0,0.0,-0.091,0.077,0.508,1.75,11.17,6.3,76.4,Normal
2026-07-03 05:29:13.301,Košice,Подгорица,None,0,65.2,90,1165.3,11,0.0,0.0,1.0,-0.131,0.012,0.471,1.75,11.17,6.3,76.4,Normal
2026-07-03 05:29:14.312,Košice,Подгорица,None,0,63.5,90,1134.3,11,0.0,0.0,1.0,-0.125,-0.025,0.463,1.75,11.17,6.3,76.4,Normal
2026-07-03 05:29:15.324,Košice,Подгорица,None,0,62.0,90,1106.3,11,0.0,0.0,1.0,-0.14,-0.033,0.45,1.75,11.17,6.3,76.4,Normal
2026-07-03 05:29:16.320,Košice,Подгорица,None,0,60.4,90,1078.4,11,0.0,0.0,1.0,0.005,-0.024,0.433,1.75,11.18,6.3,76.4,Normal
2026-07-03 05:29:17.319,Košice,Подгорица,None,0,59.0,90,1052.9,11,0.0,0.0,1.0,-0.07,-0.018,0.393,1.75,11.18,6.3,76.4,Normal
2026-07-03 05:29:18.302,Košice,Подгорица,None,0,57.7,90,1030.4,11,0.0,0.0,-1.0,0.192,-0.026,0.359,1.75,11.18,6.3,76.4,Normal
2026-07-03 05:29:19.303,Košice,Подгорица,None,0,56.6,90,1011.3,11,0.0,0.0,0.0,0.087,0.025,0.232,1.75,11.18,6.3,76.4,Normal
2026-07-03 05:29:20.319,Košice,Подгорица,None,0,56.2,90,1004.6,11,0.0,0.0,1.0,-0.102,-0.018,0.054,1.75,11.18,6.3,76.4,Normal
2026-07-03 05:29:21.303,Košice,Подгорица,None,0,56.2,90,1004.8,11,0.0,0.0,1.0,-0.159,0.029,-0.007,1.75,11.18,6.3,76.4,Normal
2026-07-03 05:29:22.305,Košice,Подгорица,None,0,56.2,90,1005.2,11,0.0,0.0,1.0,0.029,-0.03,0.01,1.75,11.18,6.3,76.4,Normal
2026-07-03 05:29:23.306,Košice,Подгорица,None,0,56.3,90,1006.8,11,0.0,0.0,1.0,0.065,-0.051,-0.024,1.75,11.18,6.3,76.4,Normal
2026-07-03 05:29:24.305,Košice,Подгорица,None,0,56.3,90,1007.4,11,0.0,0.0,1.0,0.089,-0.065,-0.018,1.75,11.18,6.3,76.4,Normal
2026-07-03 05:29:25.305,Košice,Подгорица,None,0,56.4,90,1008.6,11,0.0,0.0,1.0,-0.048,0.008,-0.048,1.75,11.18,6.3,76.4,Normal
2026-07-03 05:29:26.305,Košice,Подгорица,None,0,56.4,90,1009.6,11,0.0,0.0,1.0,-0.031,0.013,-0.018,1.76,11.19,6.3,76.4,Normal
2026-07-03 05:29:27.306,Košice,Подгорица,None,0,56.4,90,1009.5,11,0.0,0.0,1.0,-0.008,0.011,0.007,1.76,11.19,6.3,76.4,Normal
2026-07-03 05:29:28.308,Košice,Подгорица,None,0,56.4,90,1008.8,11,0.0,0.0,1.0,-0.059,-0.053,0.027,1.76,11.19,6.3,76.4,Normal
2026-07-03 05:29:29.318,Košice,Подгорица,None,0,56.2,90,1006.0,11,0.0,0.0,1.0,-0.087,-0.068,0.051,1.76,11.19,6.3,76.4,Normal
2026-07-03 05:29:30.332,Košice,Подгорица,None,0,56.0,90,1001.0,11,0.0,0.0,1.0,0.191,0.056,0.095,1.76,11.19,6.3,76.4,Normal
2026-07-03 05:29:31.308,Košice,Подгорица,None,0,55.6,90,994.5,11,0.0,0.0,0.0,0.126,0.014,0.099,1.76,11.19,6.3,76.4,Normal
2026-07-03 05:29:32.319,Košice,Подгорица,None,0,55.3,90,989.2,11,0.0,0.0,-1.0,0.076,-0.074,0.088,1.76,11.19,6.3,76.4,Normal
2026-07-03 05:29:33.309,Košice,Подгорица,None,0,55.0,90,983.8,11,0.0,0.0,-1.0,0.206,-0.017,0.069,1.76,11.2,6.3,76.4,Normal
2026-07-03 05:29:34.309,Košice,Подгорица,None,0,54.7,90,979.4,11,0.0,0.0,-1.0,0.0,0.04,0.063,1.76,11.2,6.3,76.4,Normal
2026-07-03 05:29:35.309,Košice,Подгорица,None,0,54.1,90,1030.8,11,0.0,0.0,-1.0,0.065,0.071,0.242,1.76,11.2,6.3,76.4,Normal
2026-07-03 05:29:36.331,Košice,Подгорица,None,0,51.7,90,1139.7,10,0.0,0.32,-1.0,0.188,0.014,1.365,1.76,11.2,6.3,76.4,Normal
2026-07-03 05:29:37.310,Košice,Подгорица,None,0,48.5,90,1073.1,10,0.0,0.0,-1.0,0.036,-0.075,0.434,1.76,11.2,6.3,76.4,Normal
2026-07-03 05:29:38.310,Košice,Подгорица,None,0,47.4,90,1049.1,10,0.0,0.0,-1.0,-0.096,0.034,0.271,1.76,11.2,6.3,76.4,Normal
2026-07-03 05:29:39.333,Košice,Подгорица,None,0,47.0,90,1041.4,10,0.0,0.0,-1.0,-0.047,-0.038,0.038,1.76,11.2,6.3,76.4,Normal
2026-07-03 05:29:40.329,Košice,Подгорица,None,0,47.0,90,1041.4,10,0.0,0.0,-1.0,0.034,-0.008,-0.018,1.76,11.2,6.3,76.4,Normal
2026-07-03 05:29:41.311,Košice,Подгорица,None,0,47.2,90,1046.5,10,0.14,0.0,-1.0,0.156,0.013,-0.091,1.76,11.2,6.3,76.4,Normal
2026-07-03 05:29:42.322,Košice,Подгорица,None,0,47.7,90,1058.3,10,0.18,0.0,-1.0,-0.146,-0.003,-0.147,1.76,11.2,6.3,76.3,Normal
2026-07-03 05:29:43.333,Košice,Подгорица,None,0,48.1,90,1068.5,10,0.15,0.0,-1.0,0.027,0.01,-0.114,1.76,11.2,6.3,76.3,Normal
2026-07-03 05:29:44.331,Košice,Подгорица,None,0,48.3,90,1071.2,10,0.06,0.0,-1.0,0.094,-0.067,0.003,1.76,11.2,6.3,76.3,Normal
2026-07-03 05:29:45.313,Košice,Подгорица,None,0,48.3,90,1071.4,10,0.18,0.0,-1.0,0.041,-0.014,-0.0,1.76,11.21,6.3,76.3,Normal
2026-07-03 05:29:46.314,Košice,Подгорица,None,0,48.3,90,1072.4,10,0.19,0.0,-1.0,-0.145,-0.021,-0.004,1.76,11.21,6.3,76.3,Normal
2026-07-03 05:29:47.324,Košice,Подгорица,None,0,48.3,90,1074.1,10,0.29,0.0,0.0,-0.1,0.026,-0.041,1.76,11.21,6.3,76.3,Normal
2026-07-03 05:29:48.341,Košice,Подгорица,None,0,48.6,90,1078.7,10,0.28,0.0,1.0,-0.081,0.021,-0.067,1.76,11.21,6.3,76.3,Normal
2026-07-03 05:29:49.337,Košice,Подгорица,None,0,48.9,90,1088.1,10,0.36,0.0,1.0,-0.057,-0.0,-0.143,1.76,11.21,6.3,76.3,Normal
2026-07-03 05:29:50.334,Košice,Подгорица,None,0,49.5,90,1100.8,10,0.4,0.0,1.0,-0.151,-0.008,-0.164,1.76,11.21,6.3,76.3,Normal
2026-07-03 05:29:51.316,Košice,Подгорица,None,0,50.1,90,1114.3,10,0.37,0.0,1.0,-0.079,0.047,-0.169,1.76,11.21,6.3,76.3,Normal
2026-07-03 05:29:52.316,Košice,Подгорица,None,0,50.5,90,1122.8,10,0.36,0.0,0.0,0.097,0.017,-0.053,1.76,11.21,6.3,76.3,Normal
2026-07-03 05:29:53.316,Košice,Подгорица,None,0,50.8,90,1131.1,10,0.69,0.0,0.0,0.001,-0.004,-0.123,1.76,11.21,6.3,76.2,Normal
2026-07-03 05:29:54.316,Košice,Подгорица,None,0,51.1,90,1138.4,10,0.64,0.0,1.0,-0.102,0.015,-0.079,1.76,11.21,6.3,76.2,Normal
2026-07-03 05:29:55.329,Košice,Подгорица,None,0,51.4,90,1144.3,10,0.7,0.0,1.0,-0.026,-0.005,-0.082,1.76,11.21,6.3,76.2,Normal
2026-07-03 05:29:56.317,Košice,Подгорица,None,0,51.8,90,1153.5,10,0.91,0.0,0.0,0.059,0.003,-0.154,1.76,11.22,6.3,76.2,Normal
2026-07-03 05:29:57.317,Košice,Подгорица,None,0,52.5,90,1170.8,10,1.0,0.0,1.0,0.027,-0.023,-0.264,1.76,11.22,6.3,76.1,Normal
2026-07-03 05:29:58.318,Košice,Подгорица,None,0,53.8,90,1199.0,10,1.0,0.0,1.0,-0.035,0.012,-0.413,1.76,11.22,6.3,76.1,Normal
2026-07-03 05:29:59.318,Košice,Подгорица,None,0,55.5,90,1237.9,10,1.0,0.0,0.0,0.048,0.009,-0.536,1.76,11.22,6.3,76.1,Normal
2026-07-03 05:30:00.319,Košice,Подгорица,None,0,57.6,90,1284.3,10,1.0,0.0,1.0,0.023,-0.018,-0.618,1.76,11.22,6.3,76.1,Normal
2026-07-03 05:30:01.330,Košice,Подгорица,None,0,60.0,90,1337.2,10,1.0,0.0,1.0,-0.026,0.007,-0.667,1.76,11.22,6.3,76.0,Normal
2026-07-03 05:30:02.344,Košice,Подгорица,None,0,62.5,90,1393.6,10,0.8,0.0,0.0,0.029,-0.017,-0.708,1.76,11.22,6.3,76.0,Normal
2026-07-03 05:30:03.338,Košice,Подгорица,None,0,63.9,90,1144.8,11,0.43,0.0,-1.0,0.054,0.084,-0.251,1.76,11.23,6.3,76.0,Normal
2026-07-03 05:30:04.332,Košice,Подгорица,None,0,65.2,90,1171.4,11,0.83,0.0,-1.0,-0.003,-0.002,-0.48,1.76,11.23,6.3,76.0,Normal
2026-07-03 05:30:05.341,Košice,Подгорица,None,0,67.1,90,1206.6,11,0.76,0.0,-1.0,0.025,0.071,-0.541,1.76,11.23,6.3,75.9,Normal
2026-07-03 05:30:06.321,Košice,Подгорица,None,0,68.9,90,1238.6,11,0.8,0.0,-1.0,-0.027,-0.032,-0.47,1.76,11.23,6.3,75.9,Normal
2026-07-03 05:30:07.320,Košice,Подгорица,None,0,70.4,90,1265.1,11,0.66,0.0,-1.0,0.062,0.016,-0.379,1.76,11.23,6.3,75.9,Normal
2026-07-03 05:30:08.332,Košice,Подгорица,None,0,71.7,90,1288.9,11,0.73,0.0,-1.0,0.035,0.041,-0.361,1.76,11.23,6.3,75.9,Normal
2026-07-03 05:30:09.338,Košice,Подгорица,None,0,73.0,90,1311.8,11,0.69,0.0,-1.0,0.065,-0.037,-0.368,1.76,11.23,6.3,75.9,Normal
2026-07-03 05:30:10.323,Košice,Подгорица,None,0,74.4,90,1336.3,11,0.65,0.0,-1.0,-0.02,-0.008,-0.409,1.76,11.23,6.3,75.8,Normal
2026-07-03 05:30:11.323,Košice,Подгорица,None,0,76.0,90,1364.5,11,0.63,0.0,-1.0,-0.04,-0.057,-0.455,1.76,11.24,6.3,75.8,Normal
2026-07-03 05:30:12.324,Košice,Подгорица,None,0,77.0,90,1069.0,12,0.61,0.0,-1.0,0.026,0.031,-0.2,1.76,11.24,6.3,75.8,Normal
2026-07-03 05:30:13.345,Košice,Подгорица,None,0,77.9,90,1084.1,12,0.6,0.0,-1.0,0.039,-0.007,-0.343,1.76,11.24,6.3,75.8,Normal
2026-07-03 05:30:14.324,Košice,Подгорица,None,0,79.0,90,1099.5,12,0.61,0.0,-1.0,-0.031,-0.009,-0.309,1.76,11.24,6.3,75.8,Normal
2026-07-03 05:30:15.325,Košice,Подгорица,None,0,80.0,90,1114.0,12,0.6,0.0,-1.0,0.0,-0.01,-0.279,1.76,11.24,6.3,75.7,Normal
2026-07-03 05:30:16.325,Košice,Подгорица,None,0,81.0,90,1126.9,12,0.6,0.0,-1.0,-0.022,-0.016,-0.252,1.76,11.24,6.3,75.7,Normal
2026-07-03 05:30:17.326,Košice,Подгорица,None,0,81.8,90,1138.1,12,0.62,0.0,-1.0,-0.017,0.041,-0.217,1.76,11.24,6.3,75.7,Normal
2026-07-03 05:30:18.326,Košice,Подгорица,None,0,82.5,90,1147.3,12,0.61,0.0,-1.0,0.012,0.044,-0.159,1.76,11.24,6.3,75.7,Normal
2026-07-03 05:30:19.325,Košice,Подгорица,None,0,83.0,90,1153.9,12,0.64,0.0,0.0,-0.049,-0.1,-0.103,1.76,11.24,6.3,75.7,Normal
2026-07-03 05:30:20.326,Košice,Подгорица,None,0,83.4,90,1160.2,12,0.63,0.0,-1.0,-0.012,0.026,-0.092,1.76,11.24,6.3,75.7,Normal
2026-07-03 05:30:21.326,Košice,Подгорица,None,0,83.9,90,1168.1,12,0.74,0.0,0.0,0.078,0.045,-0.182,1.76,11.24,6.3,75.7,Normal
2026-07-03 05:30:22.342,Košice,Подгорица,None,0,84.6,90,1177.1,12,0.75,0.0,0.0,0.004,0.012,-0.191,1.76,11.24,6.3,75.7,Normal
2026-07-03 05:30:23.352,Košice,Подгорица,None,0,85.2,90,1181.8,12,0.0,0.0,0.0,-0.043,-0.002,-0.105,1.76,11.24,6.3,75.7,Normal
2026-07-03 05:30:24.327,Košice,Подгорица,None,0,84.9,90,1177.7,12,0.0,0.0,1.0,-0.045,0.117,0.107,1.76,11.25,6.3,75.7,Normal
2026-07-03 05:30:25.328,Košice,Подгорица,None,0,84.8,90,1175.9,12,0.0,0.0,0.0,0.035,0.068,-0.027,1.76,11.25,6.3,75.7,Normal
2026-07-03 05:30:26.339,Košice,Подгорица,None,0,84.5,90,1172.9,12,0.0,0.0,0.0,0.048,-0.004,0.08,1.76,11.25,6.3,75.7,Normal
2026-07-03 05:30:27.346,Košice,Подгорица,None,0,84.4,90,1173.0,12,0.0,0.0,0.0,-0.016,-0.038,-0.094,1.76,11.25,6.3,75.7,Normal
2026-07-03 05:30:28.329,Košice,Подгорица,None,0,85.1,90,1180.1,12,0.0,0.0,1.0,-0.088,0.023,-0.176,1.76,11.25,6.3,75.7,Normal
2026-07-03 05:30:29.329,Košice,Подгорица,None,0,85.8,90,1189.8,12,0.0,0.0,1.0,-0.041,-0.039,-0.174,1.76,11.25,6.3,75.7,Normal
2026-07-03 05:30:30.329,Košice,Подгорица,None,0,86.3,90,1196.9,12,0.0,0.0,-1.0,0.093,-0.017,-0.09,1.76,11.25,6.3,75.7,Normal
2026-07-03 05:30:31.354,Košice,Подгорица,None,0,86.6,90,1201.0,12,0.0,0.0,1.0,-0.082,0.02,-0.081,1.76,11.26,6.3,75.7,Normal
2026-07-03 05:30:32.330,Košice,Подгорица,None,0,86.9,90,1205.2,12,0.0,0.0,1.0,-0.094,0.009,-0.068,1.76,11.26,6.3,75.7,Normal
2026-07-03 05:30:33.341,Košice,Подгорица,None,0,87.1,90,1207.7,12,0.0,0.0,1.0,0.045,0.088,-0.071,1.76,11.26,6.3,75.7,Normal
2026-07-03 05:30:34.331,Košice,Подгорица,None,0,87.2,90,1209.2,12,0.0,0.0,1.0,0.01,-0.061,-0.013,1.76,11.26,6.3,75.7,Normal
2026-07-03 05:30:35.349,Košice,Подгорица,None,0,87.2,90,1209.3,12,0.0,0.0,1.0,-0.011,-0.031,0.017,1.76,11.26,6.3,75.7,Normal
2026-07-03 05:30:36.344,Košice,Подгорица,None,0,87.1,90,1208.4,12,0.0,0.0,1.0,-0.07,0.01,0.042,1.76,11.26,6.3,75.7,Normal
2026-07-03 05:30:37.332,Košice,Подгорица,None,0,87.0,90,1206.1,12,0.0,0.0,1.0,-0.033,0.034,0.043,1.76,11.27,6.3,75.7,Normal
2026-07-03 05:30:38.332,Košice,Подгорица,None,0,86.7,90,1202.0,12,0.0,0.0,1.0,0.04,0.076,0.083,1.76,11.27,6.3,75.7,Normal
2026-07-03 05:30:39.332,Košice,Подгорица,None,0,86.3,90,1196.4,12,0.0,0.0,1.0,-0.058,-0.045,0.117,1.76,11.27,6.3,75.7,Normal
2026-07-03 05:30:40.353,Košice,Подгорица,None,0,85.7,90,1188.5,12,0.0,0.0,1.0,-0.04,0.002,0.176,1.76,11.27,6.3,75.7,Normal
2026-07-03 05:30:41.333,Košice,Подгорица,None,0,85.1,90,1181.2,12,0.0,0.0,1.0,0.053,-0.007,0.178,1.76,11.27,6.3,75.7,Normal
2026-07-03 05:30:42.346,Košice,Подгорица,None,0,84.6,90,1176.3,12,0.0,0.0,-1.0,0.255,-0.078,0.082,1.76,11.28,6.3,75.7,Normal
2026-07-03 05:30:43.355,Košice,Подгорица,None,0,84.5,90,1175.6,12,0.0,0.0,-1.0,0.12,-0.019,-0.013,1.76,11.28,6.3,75.6,Normal
2026-07-03 05:30:44.333,Košice,Подгорица,None,0,84.7,90,1178.1,12,0.0,0.0,-1.0,0.025,0.011,-0.091,1.77,11.28,6.3,75.6,Normal
2026-07-03 05:30:45.347,Košice,Подгорица,None,0,85.1,90,1181.3,12,0.0,0.0,-1.0,-0.009,0.025,-0.08,1.77,11.28,6.3,75.6,Normal
2026-07-03 05:30:46.335,Košice,Подгорица,None,0,85.1,90,1180.5,12,0.0,0.0,-1.0,0.016,0.009,0.012,1.77,11.28,6.3,75.6,Normal
2026-07-03 05:30:47.354,Košice,Подгорица,None,0,85.2,90,1181.6,12,0.0,0.0,-1.0,0.157,0.027,-0.049,1.77,11.28,6.3,75.6,Normal
2026-07-03 05:30:48.336,Košice,Подгорица,None,0,85.5,90,1185.8,12,0.0,0.0,-1.0,0.058,0.053,-0.152,1.77,11.28,6.3,75.6,Normal
2026-07-03 05:30:49.348,Košice,Подгорица,None,0,86.6,90,1201.4,12,0.0,0.0,0.0,-0.088,0.026,-0.354,1.77,11.29,6.3,75.6,Normal
2026-07-03 05:30:50.336,Košice,Подгорица,None,0,87.8,90,1217.7,12,0.0,0.0,1.0,-0.286,0.016,-0.275,1.77,11.29,6.3,75.6,Normal
2026-07-03 05:30:51.336,Košice,Подгорица,None,0,88.0,90,1220.0,12,0.0,0.0,0.0,0.02,0.056,0.135,1.77,11.29,6.3,75.6,Normal
2026-07-03 05:30:52.337,Košice,Подгорица,None,0,87.5,90,1213.6,12,0.0,0.0,1.0,-0.025,0.008,0.15,1.77,11.29,6.3,75.6,Normal
2026-07-03 05:30:53.357,Košice,Подгорица,None,0,87.1,90,1207.3,12,0.0,0.0,-1.0,0.028,0.017,0.104,1.77,11.29,6.3,75.6,Normal
2026-07-03 05:30:54.354,Košice,Подгорица,None,0,86.8,90,1204.4,12,0.0,0.0,1.0,-0.036,0.016,0.031,1.77,11.29,6.3,75.6,Normal
2026-07-03 05:30:55.337,Košice,Подгорица,None,0,86.8,90,1203.8,12,0.0,0.0,1.0,-0.04,-0.074,0.011,1.77,11.3,6.3,75.6,Normal
2026-07-03 05:30:56.338,Košice,Подгорица,None,0,86.8,90,1204.5,12,0.0,0.0,1.0,-0.047,0.027,-0.021,1.77,11.3,6.3,75.6,Normal
2026-07-03 05:30:57.349,Košice,Подгорица,None,0,86.9,90,1204.8,12,0.0,0.0,1.0,-0.018,-0.03,0.006,1.77,11.3,6.3,75.6,Normal
2026-07-03 05:30:58.339,Košice,Подгорица,None,0,86.8,90,1204.3,12,0.0,0.0,1.0,-0.05,0.004,0.019,1.77,11.3,6.3,75.6,Normal
2026-07-03 05:30:59.339,Košice,Подгорица,None,0,86.8,90,1204.4,12,0.0,0.0,1.0,0.023,-0.017,-0.004,1.77,11.3,6.3,75.6,Normal
2026-07-03 05:31:00.339,Košice,Подгорица,None,0,86.9,90,1205.3,12,0.0,0.0,1.0,-0.155,0.052,-0.022,1.77,11.31,6.3,75.6,Normal
2026-07-03 05:31:01.340,Košice,Подгорица,None,0,86.9,90,1205.4,12,0.0,0.0,1.0,0.131,0.004,0.001,1.77,11.31,6.3,75.6,Normal
2026-07-03 05:31:02.340,Košice,Подгорица,None,0,86.8,90,1206.9,12,0.5,0.0,1.0,-0.014,-0.036,-0.028,1.77,11.31,6.3,75.6,Normal
2026-07-03 05:31:03.355,Košice,Подгорица,None,0,87.1,90,1210.7,12,0.36,0.0,-1.0,0.061,0.003,-0.063,1.77,11.31,6.3,75.6,Normal
2026-07-03 05:31:04.340,Košice,Подгорица,None,0,87.2,90,1210.5,12,0.16,0.0,-1.0,0.016,0.083,-0.013,1.77,11.31,6.3,75.6,Normal
2026-07-03 05:31:05.341,Košice,Подгорица,None,0,87.2,90,1210.9,12,0.36,0.0,-1.0,0.029,-0.039,0.001,1.77,11.31,6.3,75.6,Normal
2026-07-03 05:31:06.342,Košice,Подгорица,None,0,87.3,90,1214.3,12,0.74,0.0,0.0,-0.01,-0.028,-0.064,1.77,11.32,6.3,75.5,Normal
2026-07-03 05:31:07.342,Košice,Подгорица,None,0,87.8,90,1220.9,12,0.59,0.0,1.0,0.003,-0.003,-0.143,1.77,11.32,6.3,75.5,Normal
2026-07-03 05:31:08.367,Košice,Подгорица,None,0,88.3,90,1227.6,12,0.59,0.0,0.0,-0.0,0.002,-0.132,1.77,11.32,6.3,75.5,Normal
2026-07-03 05:31:09.343,Košice,Подгорица,None,0,88.7,90,1233.3,12,0.56,0.0,-1.0,0.013,-0.019,-0.109,1.77,11.32,6.3,75.5,Normal
2026-07-03 05:31:10.362,Košice,Подгорица,None,0,89.1,90,1239.3,12,0.58,0.0,-1.0,0.004,-0.052,-0.108,1.77,11.32,6.3,75.5,Normal
2026-07-03 05:31:11.356,Košice,Подгорица,None,0,89.5,90,1244.7,12,0.55,0.0,0.0,-0.019,0.062,-0.12,1.77,11.32,6.31,75.4,Normal
2026-07-03 05:31:12.343,Košice,Подгорица,None,0,89.7,90,1246.2,12,0.0,0.0,0.0,-0.022,0.034,0.002,1.77,11.32,6.31,75.4,Normal
2026-07-03 05:31:13.344,Košice,Подгорица,None,0,89.7,90,1246.2,12,0.0,0.0,-1.0,0.052,0.107,0.034,1.77,11.33,6.31,75.4,Normal
2026-07-03 05:31:14.367,Košice,Подгорица,None,0,89.4,90,1243.5,12,0.0,0.0,-1.0,0.022,0.049,0.074,1.77,11.33,6.31,75.4,Normal
2026-07-03 05:31:15.361,Košice,Подгорица,None,0,89.3,90,1243.0,12,0.0,0.0,0.0,-0.025,0.057,0.006,1.77,11.33,6.31,75.4,Normal
2026-07-03 05:31:16.346,Košice,Подгорица,None,0,89.3,90,1243.4,12,0.0,0.0,-1.0,0.021,0.075,-0.034,1.77,11.33,6.31,75.3,Normal
2026-07-03 05:31:17.345,Košice,Подгорица,None,0,89.3,90,1242.4,12,0.0,0.0,0.0,-0.032,0.024,0.062,1.77,11.34,6.31,75.3,Normal
2026-07-03 05:31:18.346,Košice,Подгорица,None,0,89.0,90,1238.6,12,0.0,0.0,0.0,-0.05,-0.082,0.102,1.77,11.34,6.31,75.3,Normal
2026-07-03 05:31:19.346,Košice,Подгорица,None,0,88.8,90,1236.3,12,0.0,0.0,0.0,-0.008,0.005,0.006,1.77,11.34,6.31,75.3,Normal
2026-07-03 05:31:20.346,Košice,Подгорица,None,0,89.0,90,1239.3,12,0.0,0.0,-1.0,0.013,-0.034,-0.121,1.77,11.34,6.31,75.2,Normal
2026-07-03 05:31:21.346,Košice,Подгорица,None,0,89.6,90,1246.4,12,0.0,0.0,0.0,-0.038,-0.02,-0.187,1.77,11.34,6.31,75.2,Normal
2026-07-03 05:31:22.347,Košice,Подгорица,None,0,90.2,90,1251.7,12,0.0,0.0,0.0,-0.024,0.069,-0.136,1.77,11.34,6.31,75.2,Normal
2026-07-03 05:31:23.357,Košice,Подгорица,None,0,90.5,90,1255.6,12,0.0,0.0,-1.0,-0.002,-0.054,-0.116,1.77,11.35,6.31,75.2,Normal
2026-07-03 05:31:24.371,Košice,Подгорица,None,0,91.1,90,1263.8,12,0.0,0.0,-1.0,0.074,0.024,-0.211,1.77,11.35,6.31,75.2,Normal
2026-07-03 05:31:25.348,Košice,Подгорица,None,0,91.3,90,1265.7,12,0.0,0.0,-1.0,0.035,0.109,0.04,1.77,11.35,6.31,75.2,Normal
2026-07-03 05:31:26.349,Košice,Подгорица,None,0,91.1,90,1262.3,12,0.0,0.0,-1.0,-0.012,0.005,0.085,1.77,11.35,6.31,75.2,Normal
2026-07-03 05:31:27.349,Košice,Подгорица,None,0,90.5,90,1254.9,12,0.0,0.0,-1.0,0.007,0.038,0.137,1.77,11.35,6.31,75.2,Normal
2026-07-03 05:31:28.350,Košice,Подгорица,None,0,90.0,90,1246.9,12,0.0,0.0,1.0,-0.143,-0.058,0.162,1.77,11.35,6.31,75.2,Normal
2026-07-03 05:31:29.349,Košice,Подгорица,None,0,89.3,90,1238.2,12,0.0,0.0,1.0,-0.041,-0.024,0.19,1.77,11.35,6.31,75.2,Normal
2026-07-03 05:31:30.350,Košice,Подгорица,None,0,88.7,90,1229.0,12,0.0,0.0,1.0,-0.067,0.076,0.176,1.77,11.36,6.31,75.2,Normal
2026-07-03 05:31:31.369,Košice,Подгорица,None,0,87.9,90,1218.3,12,0.0,0.0,1.0,-0.058,-0.032,0.218,1.77,11.36,6.31,75.2,Normal
2026-07-03 05:31:32.350,Košice,Подгорица,None,0,87.9,90,1221.8,12,0.35,0.0,1.0,0.052,-0.002,-0.132,1.77,11.36,6.31,75.2,Normal
2026-07-03 05:31:33.370,Košice,Подгорица,None,0,88.5,90,1228.2,12,0.05,0.0,1.0,0.015,-0.067,-0.139,1.77,11.36,6.31,75.2,Normal
2026-07-03 05:31:34.351,Košice,Подгорица,None,0,88.6,90,1228.3,12,0.0,0.0,0.0,0.056,0.029,0.015,1.78,11.37,6.31,75.2,Normal
2026-07-03 05:31:35.352,Košice,Подгорица,None,0,88.5,90,1227.0,12,0.0,0.0,0.0,0.043,-0.011,0.024,1.78,11.37,6.31,75.2,Normal
2026-07-03 05:31:36.364,Košice,Подгорица,None,0,88.4,90,1226.7,12,0.0,0.0,0.0,0.027,-0.018,0.001,1.78,11.37,6.31,75.2,Normal
2026-07-03 05:31:37.363,Košice,Подгорица,None,0,88.5,90,1226.9,12,0.0,0.0,0.0,0.001,-0.042,-0.017,1.78,11.37,6.31,75.2,Normal
2026-07-03 05:31:38.366,Košice,Подгорица,None,0,88.6,90,1228.3,12,0.0,0.0,1.0,-0.037,0.031,-0.047,1.78,11.37,6.31,75.2,Normal
2026-07-03 05:31:39.376,Košice,Подгорица,None,0,88.8,90,1231.1,12,0.0,0.0,1.0,0.005,0.001,-0.057,1.78,11.37,6.31,75.2,Normal
2026-07-03 05:31:40.368,Košice,Подгорица,None,0,89.0,90,1233.9,12,0.0,0.0,1.0,0.017,0.012,-0.05,1.78,11.38,6.31,75.2,Normal
2026-07-03 05:31:41.354,Košice,Подгорица,None,0,89.0,90,1235.0,12,0.0,0.0,1.0,-0.027,-0.007,-0.013,1.78,11.38,6.31,75.2,Normal
2026-07-03 05:31:42.355,Košice,Подгорица,None,0,88.9,90,1233.6,12,0.0,0.0,1.0,-0.026,0.089,0.062,1.78,11.38,6.31,75.2,Normal
2026-07-03 05:31:43.355,Košice,Подгорица,None,0,88.6,90,1228.7,12,0.0,0.0,1.0,0.03,-0.062,0.104,1.78,11.38,6.31,75.2,Normal
2026-07-03 05:31:44.375,Košice,Подгорица,None,0,88.1,90,1221.4,12,0.0,0.0,1.0,-0.054,-0.016,0.145,1.78,11.38,6.31,75.2,Normal
2026-07-03 05:31:45.356,Košice,Подгорица,None,0,87.6,90,1214.3,12,0.0,0.0,-1.0,0.158,0.003,0.132,1.78,11.38,6.31,75.2,Normal
2026-07-03 05:31:46.355,Košice,Подгорица,None,0,87.1,90,1207.8,12,0.0,0.0,1.0,-0.162,-0.027,0.13,1.78,11.38,6.31,75.2,Normal
2026-07-03 05:31:47.356,Košice,Подгорица,None,0,86.6,90,1201.2,12,0.0,0.0,-1.0,0.042,-0.03,0.125,1.78,11.39,6.31,75.2,Normal
2026-07-03 05:31:48.356,Košice,Подгорица,None,0,86.2,90,1195.0,12,0.0,0.0,0.0,0.019,0.007,0.133,1.78,11.39,6.31,75.2,Normal
2026-07-03 05:31:49.356,Košice,Подгорица,None,0,85.7,90,1188.4,12,0.0,0.0,0.0,0.006,-0.002,0.124,1.78,11.39,6.31,75.2,Normal
2026-07-03 05:31:50.357,Košice,Подгорица,None,0,85.2,90,1181.7,12,0.0,0.0,0.0,0.007,-0.007,0.16,1.78,11.39,6.31,75.2,Normal
2026-07-03 05:31:51.357,Košice,Подгорица,None,0,84.8,90,1175.8,12,0.0,0.0,1.0,-0.031,-0.086,0.126,1.78,11.4,6.31,75.2,Normal
2026-07-03 05:31:52.357,Košice,Подгорица,None,0,85.1,90,1183.7,12,0.0,0.0,0.0,0.019,-0.091,-0.199,1.78,11.4,6.31,75.1,Normal
2026-07-03 05:31:53.379,Košice,Подгорица,None,0,85.4,90,1186.2,12,0.0,0.0,0.0,-0.0,0.05,-0.021,1.78,11.4,6.31,75.1,Normal
2026-07-03 05:31:54.373,Košice,Подгорица,None,0,85.2,90,1182.6,12,0.0,0.0,1.0,-0.034,-0.064,0.099,1.78,11.4,6.31,75.1,Normal
2026-07-03 05:31:55.358,Košice,Подгорица,None,0,85.0,90,1179.4,12,0.0,0.0,0.0,0.037,-0.045,0.075,1.78,11.4,6.31,75.1,Normal
2026-07-03 05:31:56.379,Košice,Подгорица,None,0,84.8,90,1177.7,12,0.0,0.0,1.0,-0.054,-0.022,0.034,1.78,11.4,6.31,75.1,Normal
2026-07-03 05:31:57.377,Košice,Подгорица,None,0,84.8,90,1177.3,12,0.0,0.0,0.0,0.026,-0.068,0.031,1.78,11.4,6.31,75.1,Normal
2026-07-03 05:31:58.359,Košice,Подгорица,None,0,84.7,90,1177.1,12,0.0,0.0,1.0,-0.116,-0.035,0.024,1.78,11.41,6.31,75.1,Normal
2026-07-03 05:31:59.359,Košice,Подгорица,None,0,84.6,90,1176.6,12,0.0,0.0,1.0,0.019,0.041,0.007,1.78,11.41,6.31,75.1,Normal
2026-07-03 05:32:00.359,Košice,Подгорица,None,0,84.7,90,1177.1,12,0.0,0.0,1.0,-0.028,-0.007,-0.001,1.78,11.41,6.31,75.0,Normal
2026-07-03 05:32:01.360,Košice,Подгорица,None,0,84.8,90,1178.5,12,0.0,0.0,0.0,0.044,-0.029,-0.028,1.78,11.41,6.31,75.0,Normal
2026-07-03 05:32:02.360,Košice,Подгорица,None,0,85.0,90,1180.1,12,0.0,0.0,1.0,-0.017,0.021,-0.035,1.78,11.41,6.31,75.0,Normal
2026-07-03 05:32:03.361,Košice,Подгорица,None,0,84.9,90,1179.2,12,0.0,0.0,1.0,-0.009,0.031,0.023,1.78,11.41,6.31,75.0,Normal
2026-07-03 05:32:04.381,Košice,Подгорица,None,0,84.9,90,1178.7,12,0.0,0.0,1.0,0.001,-0.033,-0.001,1.78,11.41,6.31,75.0,Normal
2026-07-03 05:32:05.362,Košice,Подгорица,None,0,85.0,90,1180.0,12,0.0,0.0,1.0,-0.0,0.071,-0.07,1.78,11.42,6.31,75.0,Normal
2026-07-03 05:32:06.362,Košice,Подгорица,None,0,85.3,90,1183.8,12,0.0,0.0,1.0,-0.077,0.06,-0.142,1.78,11.42,6.31,75.0,Normal
2026-07-03 05:32:07.363,Košice,Подгорица,None,0,85.7,90,1188.5,12,0.0,0.0,-1.0,0.067,0.039,-0.106,1.78,11.42,6.31,75.0,Normal
2026-07-03 05:32:08.363,Košice,Подгорица,None,0,86.3,90,1196.4,12,0.0,0.0,-1.0,0.076,-0.106,-0.176,1.78,11.42,6.31,75.0,Normal
2026-07-03 05:32:09.385,Košice,Подгорица,None,0,86.7,90,1202.4,12,0.0,0.0,1.0,-0.043,-0.008,-0.028,1.78,11.43,6.31,75.0,Normal
2026-07-03 05:32:10.380,Košice,Подгорица,None,0,86.6,90,1200.1,12,0.0,0.0,1.0,-0.104,0.122,0.04,1.78,11.43,6.31,75.0,Normal
2026-07-03 05:32:11.364,Košice,Подгорица,None,0,86.4,90,1198.0,12,0.0,0.0,-1.0,0.156,-0.013,0.022,1.78,11.43,6.31,75.0,Normal
2026-07-03 05:32:12.389,Košice,Подгорица,None,0,86.2,90,1194.9,12,0.0,0.0,1.0,-0.129,0.111,0.034,1.78,11.43,6.31,75.0,Normal
2026-07-03 05:32:13.364,Košice,Подгорица,None,0,86.0,90,1191.5,12,0.0,0.0,1.0,-0.013,0.022,0.119,1.78,11.43,6.31,75.0,Normal
2026-07-03 05:32:14.389,Košice,Подгорица,None,0,85.6,90,1187.0,12,0.0,0.0,-1.0,0.032,-0.028,0.094,1.78,11.43,6.31,75.0,Normal
2026-07-03 05:32:15.365,Košice,Подгорица,None,0,85.2,90,1180.8,12,0.0,0.0,-1.0,0.023,-0.075,0.196,1.78,11.43,6.31,75.0,Normal
2026-07-03 05:32:16.382,Košice,Подгорица,None,0,84.6,90,1172.5,12,0.0,0.0,0.0,-0.049,-0.097,0.107,1.78,11.44,6.31,75.0,Normal
2026-07-03 05:32:17.366,Košice,Подгорица,None,0,84.6,90,1172.8,12,0.0,0.0,0.0,-0.004,0.018,0.063,1.78,11.44,6.31,75.0,Normal
2026-07-03 05:32:18.366,Košice,Подгорица,None,0,83.6,90,1158.4,12,0.0,0.0,0.0,0.067,-0.007,0.375,1.78,11.44,6.31,75.0,Normal
2026-07-03 05:32:19.366,Košice,Подгорица,None,0,81.9,90,1134.7,12,0.0,0.0,-1.0,0.008,0.107,0.519,1.78,11.44,6.31,75.0,Normal
2026-07-03 05:32:20.367,Košice,Подгорица,None,0,80.0,90,1108.1,12,0.0,0.0,-1.0,0.087,0.118,0.543,1.78,11.44,6.31,75.0,Normal
2026-07-03 05:32:21.367,Košice,Подгорица,None,0,77.9,90,1078.3,12,0.0,0.0,-1.0,0.009,-0.161,0.66,1.78,11.44,6.31,75.0,Normal
2026-07-03 05:32:22.367,Košice,Подгорица,None,0,75.5,90,1044.8,12,0.0,0.0,-1.0,0.077,0.112,0.711,1.78,11.44,6.31,75.0,Normal
2026-07-03 05:32:23.367,Košice,Подгорица,None,0,72.8,90,1007.2,12,0.0,0.0,-1.0,0.06,0.174,0.778,1.78,11.45,6.31,75.0,Normal
2026-07-03 05:32:24.368,Košice,Подгорица,None,0,69.6,90,1106.0,12,0.0,0.0,-1.0,0.101,0.139,0.877,1.78,11.45,6.31,75.0,Normal
2026-07-03 05:32:25.379,Košice,Подгорица,None,0,66.0,90,1177.9,11,0.0,0.0,-1.0,0.049,0.092,1.036,1.78,11.45,6.31,75.0,Normal
2026-07-03 05:32:26.369,Košice,Подгорица,None,0,62.2,90,1113.8,11,0.53,0.0,-1.0,0.04,-0.085,0.894,1.78,11.45,6.31,75.0,Normal
2026-07-03 05:32:27.370,Košice,Подгорица,None,0,60.0,90,1076.2,11,0.57,0.0,-1.0,-0.007,-0.009,0.51,1.78,11.45,6.31,75.0,Normal
2026-07-03 05:32:28.369,Košice,Подгорица,None,0,58.3,90,1046.0,11,0.59,0.0,-1.0,-0.046,-0.127,0.457,1.78,11.45,6.31,74.9,Normal
2026-07-03 05:32:29.387,Košice,Подгорица,None,0,57.0,90,1024.3,11,0.69,0.0,-1.0,-0.04,-0.067,0.29,1.79,11.46,6.31,74.9,Normal
2026-07-03 05:32:30.370,Košice,Подгорица,None,0,56.3,90,1012.4,11,0.79,0.0,-1.0,-0.037,0.008,0.149,1.79,11.46,6.31,74.9,Normal
2026-07-03 05:32:31.370,Košice,Подгорица,None,0,56.2,90,1009.9,11,0.85,0.0,-1.0,-0.015,0.173,-0.024,1.79,11.46,6.31,74.9,Normal
2026-07-03 05:32:32.387,Košice,Подгорица,None,0,56.6,90,1017.5,11,0.9,0.0,-1.0,0.027,-0.083,-0.168,1.79,11.46,6.31,74.9,Normal
2026-07-03 05:32:33.393,Košice,Подгорица,None,0,57.3,90,1030.8,11,0.86,0.0,-1.0,-0.011,-0.164,-0.23,1.79,11.46,6.31,74.8,Normal
2026-07-03 05:32:34.371,Košice,Подгорица,None,0,58.4,90,1049.7,11,0.83,0.0,-1.0,-0.004,0.065,-0.339,1.79,11.46,6.31,74.8,Normal
2026-07-03 05:32:35.372,Košice,Подгорица,None,0,59.6,90,1071.4,11,0.82,0.0,1.0,-0.073,0.047,-0.335,1.79,11.46,6.31,74.8,Normal
2026-07-03 05:32:36.372,Košice,Подгорица,None,0,60.8,90,1094.0,11,0.78,0.0,0.0,-0.027,-0.02,-0.369,1.79,11.46,6.31,74.8,Normal
2026-07-03 05:32:37.384,Košice,Подгорица,None,0,62.3,90,1119.2,11,0.77,0.0,0.0,-0.005,-0.138,-0.341,1.79,11.46,6.31,74.8,Normal
2026-07-03 05:32:38.372,Košice,Подгорица,None,0,63.2,90,1136.8,11,0.78,0.0,-1.0,0.031,-0.003,-0.29,1.79,11.46,6.31,74.7,Normal
2026-07-03 05:32:39.393,Košice,Подгорица,None,0,64.3,90,1154.9,11,0.69,0.0,-1.0,0.012,-0.004,-0.279,1.79,11.47,6.31,74.7,Normal
2026-07-03 05:32:40.372,Košice,Подгорица,None,0,65.2,90,1172.1,11,0.73,0.0,-1.0,0.002,-0.045,-0.255,1.79,11.47,6.31,74.7,Normal
2026-07-03 05:32:41.373,Košice,Подгорица,None,0,66.2,90,1188.4,11,0.67,0.0,0.0,-0.027,-0.024,-0.264,1.79,11.47,6.31,74.7,Normal
2026-07-03 05:32:42.373,Košice,Подгорица,None,0,67.0,90,1203.9,11,0.66,0.0,0.0,0.009,0.031,-0.243,1.79,11.47,6.31,74.6,Normal
2026-07-03 05:32:43.397,Košice,Подгорица,None,0,68.1,90,1223.9,11,0.65,0.0,-1.0,0.052,0.049,-0.334,1.79,11.47,6.31,74.6,Normal
2026-07-03 05:32:44.394,Košice,Подгорица,None,0,69.6,90,1250.6,11,0.7,0.0,0.0,-0.027,0.007,-0.462,1.79,11.47,6.31,74.6,Normal
2026-07-03 05:32:45.389,Košice,Подгорица,None,0,71.3,90,1280.6,11,0.61,0.0,-1.0,0.014,0.041,-0.493,1.79,11.47,6.31,74.6,Normal
2026-07-03 05:32:46.375,Košice,Подгорица,None,0,73.1,90,1313.4,11,0.66,0.0,0.0,-0.028,-0.004,-0.532,1.79,11.47,6.31,74.6,Normal
2026-07-03 05:32:47.376,Košice,Подгорица,None,0,75.0,90,1346.1,11,0.35,0.0,0.0,-0.025,0.039,-0.505,1.79,11.48,6.31,74.5,Normal
2026-07-03 05:32:48.376,Košice,Подгорица,None,0,76.5,90,1267.0,11,0.29,0.0,-1.0,0.027,0.077,-0.283,1.79,11.48,6.31,74.5,Normal
2026-07-03 05:32:49.376,Košice,Подгорица,None,0,77.4,90,1074.6,12,0.39,0.0,0.0,-0.043,0.063,-0.225,1.79,11.48,6.31,74.5,Normal
2026-07-03 05:32:50.376,Košice,Подгорица,None,0,78.5,90,1092.6,12,0.51,0.0,1.0,0.038,0.005,-0.405,1.79,11.48,6.31,74.5,Normal
2026-07-03 05:32:51.376,Košice,Подгорица,None,0,80.0,90,1113.6,12,0.54,0.0,0.0,-0.009,-0.077,-0.436,1.79,11.48,6.31,74.5,Normal
2026-07-03 05:32:52.377,Košice,Подгорица,None,0,81.6,90,1135.4,12,0.48,0.0,-1.0,0.021,-0.016,-0.445,1.79,11.49,6.31,74.5,Normal
2026-07-03 05:32:53.377,Košice,Подгорица,None,0,83.1,90,1156.4,12,0.5,0.0,0.0,-0.057,-0.034,-0.4,1.79,11.49,6.31,74.5,Normal
2026-07-03 05:32:54.378,Košice,Подгорица,None,0,84.2,90,1168.3,12,0.0,0.0,-1.0,-0.021,0.02,-0.183,1.79,11.49,6.31,74.5,Normal
2026-07-03 05:32:55.378,Košice,Подгорица,None,0,84.7,90,1175.5,12,0.0,0.0,-1.0,-0.019,0.042,-0.099,1.79,11.49,6.31,74.4,Normal
2026-07-03 05:32:56.378,Košice,Подгорица,None,0,84.9,90,1177.8,12,0.0,0.0,-1.0,0.046,0.025,-0.029,1.79,11.49,6.31,74.4,Normal
2026-07-03 05:32:57.379,Košice,Подгорица,None,0,84.9,90,1177.6,12,0.0,0.0,-1.0,-0.002,0.067,0.002,1.79,11.49,6.31,74.4,Normal
2026-07-03 05:32:58.393,Košice,Подгорица,None,0,84.8,90,1176.1,12,0.0,0.0,0.0,-0.034,0.01,0.014,1.79,11.49,6.31,74.4,Normal
2026-07-03 05:32:59.379,Košice,Подгорица,None,0,84.8,90,1176.1,12,0.0,0.0,-1.0,0.005,-0.032,-0.014,1.79,11.5,6.31,74.4,Normal
2026-07-03 05:33:00.379,Košice,Подгорица,None,0,85.0,90,1178.9,12,0.0,0.0,-1.0,0.018,0.012,-0.08,1.79,11.5,6.31,74.4,Normal
2026-07-03 05:33:01.380,Košice,Подгорица,None,0,85.5,90,1185.7,12,0.0,0.0,-1.0,0.016,-0.004,-0.155,1.79,11.5,6.31,74.4,Normal
2026-07-03 05:33:02.380,Košice,Подгорица,None,0,86.1,90,1195.1,12,0.0,0.0,1.0,-0.085,0.021,-0.205,1.79,11.5,6.31,74.4,Normal
2026-07-03 05:33:03.393,Košice,Подгорица,None,0,86.9,90,1205.9,12,0.0,0.0,0.0,-0.032,0.012,-0.229,1.79,11.5,6.31,74.4,Normal
2026-07-03 05:33:04.400,Košice,Подгорица,None,0,87.8,90,1217.5,12,0.0,0.0,-1.0,-0.018,-0.101,-0.23,1.79,11.5,6.31,74.4,Normal
2026-07-03 05:33:05.381,Košice,Подгорица,None,0,88.6,90,1228.5,12,0.0,0.0,-1.0,0.019,-0.089,-0.211,1.79,11.5,6.31,74.4,Normal
2026-07-03 05:33:06.392,Košice,Подгорица,None,0,89.3,90,1239.0,12,0.0,0.0,-1.0,0.035,0.073,-0.207,1.79,11.51,6.31,74.4,Normal
2026-07-03 05:33:07.382,Košice,Подгорица,None,0,90.1,90,1250.4,12,0.0,0.0,0.0,-0.029,-0.01,-0.252,1.79,11.51,6.31,74.4,Normal
2026-07-03 05:33:08.382,Košice,Подгорица,None,0,91.1,90,1263.5,12,0.0,0.0,1.0,-0.05,0.027,-0.267,1.79,11.51,6.31,74.4,Normal
2026-07-03 05:33:09.382,Košice,Подгорица,None,0,91.9,90,1275.4,12,0.0,0.0,0.0,0.017,-0.024,-0.237,1.79,11.51,6.31,74.4,Normal
2026-07-03 05:33:10.383,Košice,Подгорица,None,0,92.7,90,1285.4,12,0.0,0.0,1.0,-0.051,0.027,-0.172,1.79,11.52,6.31,74.4,Normal
2026-07-03 05:33:11.384,Košice,Подгорица,None,0,93.1,90,1291.3,12,0.0,0.0,1.0,0.036,0.014,-0.075,1.79,11.52,6.31,74.4,Normal
2026-07-03 05:33:12.393,Košice,Подгорица,None,0,93.1,90,1291.3,12,0.0,0.0,1.0,0.024,0.007,0.052,1.79,11.52,6.31,74.4,Normal
2026-07-03 05:33:13.385,Košice,Подгорица,None,0,92.7,90,1284.9,12,0.0,0.0,0.0,0.029,-0.012,0.171,1.79,11.52,6.31,74.4,Normal
2026-07-03 05:33:14.385,Košice,Подгорица,None,0,91.8,90,1273.1,12,0.0,0.0,1.0,-0.031,-0.001,0.267,1.79,11.52,6.32,74.4,Normal
2026-07-03 05:33:15.385,Košice,Подгорица,None,0,90.8,90,1258.2,12,0.0,0.0,1.0,-0.07,-0.018,0.317,1.79,11.52,6.32,74.4,Normal
2026-07-03 05:33:16.386,Košice,Подгорица,None,0,89.6,90,1242.7,12,0.0,0.0,1.0,-0.068,0.104,0.302,1.79,11.53,6.32,74.4,Normal
2026-07-03 05:33:17.386,Košice,Подгорица,None,0,88.5,90,1226.4,12,0.0,0.0,1.0,0.044,-0.031,0.313,1.79,11.53,6.32,74.4,Normal
2026-07-03 05:33:18.417,Košice,Подгорица,None,0,87.5,90,1212.5,12,0.0,0.0,0.0,0.017,-0.051,0.262,1.79,11.53,6.32,74.4,Normal
2026-07-03 05:33:19.406,Košice,Подгорица,None,0,86.7,90,1202.6,12,0.0,0.0,0.0,0.061,0.046,0.173,1.79,11.53,6.32,74.4,Normal
2026-07-03 05:33:20.387,Košice,Подгорица,None,0,86.2,90,1194.6,12,0.0,0.0,1.0,-0.026,0.009,0.155,1.79,11.53,6.32,74.4,Normal
2026-07-03 05:33:21.388,Košice,Подгорица,None,0,85.7,90,1188.0,12,0.0,0.0,1.0,0.027,-0.032,0.117,1.79,11.53,6.32,74.4,Normal
2026-07-03 05:33:22.387,Košice,Подгорица,None,0,85.2,90,1182.0,12,0.0,0.0,1.0,0.012,-0.031,0.127,1.79,11.53,6.32,74.4,Normal
2026-07-03 05:33:23.406,Košice,Подгорица,None,0,84.8,90,1175.9,12,0.0,0.0,1.0,-0.082,0.071,0.112,1.79,11.54,6.32,74.4,Normal
2026-07-03 05:33:24.387,Košice,Подгорица,None,0,84.4,90,1170.2,12,0.0,0.0,1.0,-0.02,0.038,0.116,1.79,11.54,6.32,74.4,Normal
2026-07-03 05:33:25.399,Košice,Подгорица,None,0,84.3,90,1172.2,12,0.0,0.0,1.0,0.014,-0.046,-0.083,1.79,11.54,6.32,74.4,Normal
2026-07-03 05:33:26.387,Košice,Подгорица,None,0,84.6,90,1175.0,12,0.0,0.0,1.0,-0.054,-0.052,-0.031,1.79,11.54,6.32,74.4,Normal
2026-07-03 05:33:27.404,Košice,Подгорица,None,0,84.6,90,1174.1,12,0.0,0.0,1.0,0.004,-0.008,0.032,1.8,11.55,6.32,74.4,Normal
2026-07-03 05:33:28.387,Košice,Подгорица,None,0,84.4,90,1172.1,12,0.0,0.0,1.0,0.004,-0.002,0.039,1.8,11.55,6.32,74.4,Normal
2026-07-03 05:33:29.388,Košice,Подгорица,None,0,84.3,90,1171.2,12,0.0,0.0,1.0,-0.043,-0.021,0.02,1.8,11.55,6.32,74.4,Normal
2026-07-03 05:33:30.388,Košice,Подгорица,None,0,84.3,90,1171.0,12,0.0,0.0,1.0,0.065,-0.038,0.006,1.8,11.55,6.32,74.4,Normal
2026-07-03 05:33:31.389,Košice,Подгорица,None,0,84.3,90,1171.1,12,0.0,0.0,0.0,0.108,-0.084,0.003,1.8,11.55,6.32,74.4,Normal
2026-07-03 05:33:32.411,Košice,Подгорица,None,0,84.4,90,1171.3,12,0.0,0.0,1.0,-0.019,0.025,-0.003,1.8,11.55,6.32,74.4,Normal
2026-07-03 05:33:33.407,Košice,Подгорица,None,0,84.3,90,1170.9,12,0.0,0.0,1.0,-0.033,-0.007,0.017,1.8,11.55,6.32,74.4,Normal
2026-07-03 05:33:34.413,Košice,Подгорица,None,0,84.3,90,1170.5,12,0.0,0.0,1.0,0.01,-0.043,0.014,1.8,11.56,6.32,74.4,Normal
2026-07-03 05:33:35.406,Košice,Подгорица,None,0,84.2,90,1170.2,12,0.0,0.0,1.0,0.014,0.018,0.006,1.8,11.56,6.32,74.3,Normal
2026-07-03 05:33:36.391,Košice,Подгорица,None,0,84.2,90,1170.1,12,0.0,0.0,1.0,-0.117,0.074,-0.004,1.8,11.56,6.32,74.3,Normal
2026-07-03 05:33:37.409,Košice,Подгорица,None,0,84.1,90,1169.5,12,0.0,0.0,1.0,0.017,0.024,0.024,1.8,11.56,6.32,74.3,Normal
2026-07-03 05:33:38.409,Košice,Подгорица,None,0,84.1,90,1169.9,12,0.0,0.0,0.0,0.03,0.006,0.001,1.8,11.57,6.32,74.3,Normal
2026-07-03 05:33:39.392,Košice,Подгорица,None,0,84.1,90,1170.2,12,0.0,0.0,-1.0,0.07,0.009,-0.016,1.8,11.57,6.32,74.3,Normal
2026-07-03 05:33:40.393,Košice,Подгорица,None,0,84.2,90,1171.1,12,0.0,0.0,-1.0,0.151,-0.018,-0.013,1.8,11.57,6.32,74.3,Normal
2026-07-03 05:33:41.413,Košice,Подгорица,None,0,84.2,90,1172.1,12,0.0,0.0,-1.0,0.085,0.027,-0.013,1.8,11.57,6.32,74.2,Normal
2026-07-03 05:33:42.393,Košice,Подгорица,None,0,84.3,90,1173.3,12,0.0,0.0,-1.0,0.04,0.04,-0.03,1.8,11.57,6.32,74.2,Normal
2026-07-03 05:33:43.405,Košice,Подгорица,None,0,84.5,90,1174.3,12,0.0,0.0,1.0,-0.097,-0.019,-0.047,1.8,11.57,6.32,74.2,Normal
2026-07-03 05:33:44.394,Košice,Подгорица,None,0,84.5,90,1174.5,12,0.0,0.0,-1.0,-0.025,0.05,-0.019,1.8,11.57,6.32,74.2,Normal
2026-07-03 05:33:45.394,Košice,Подгорица,None,0,84.5,90,1174.0,12,0.0,0.0,-1.0,0.026,-0.011,0.01,1.8,11.57,6.32,74.2,Normal
2026-07-03 05:33:46.394,Košice,Подгорица,None,0,84.5,90,1172.8,12,0.0,0.0,-1.0,0.05,0.04,0.02,1.8,11.57,6.32,74.2,Normal
2026-07-03 05:33:47.408,Košice,Подгорица,None,0,84.4,90,1171.9,12,0.0,0.0,-1.0,0.03,0.012,0.013,1.8,11.57,6.32,74.2,Normal
2026-07-03 05:33:48.420,Košice,Подгорица,None,0,84.4,90,1171.3,12,0.0,0.0,-1.0,-0.058,-0.053,0.019,1.8,11.57,6.32,74.2,Normal
2026-07-03 05:33:49.395,Košice,Подгорица,None,0,84.3,90,1171.1,12,0.0,0.0,-1.0,0.119,-0.023,0.012,1.8,11.57,6.32,74.2,Normal
2026-07-03 05:33:50.408,Košice,Подгорица,None,0,84.3,90,1170.7,12,0.0,0.0,-1.0,-0.076,-0.05,0.006,1.8,11.57,6.32,74.2,Normal
2026-07-03 05:33:51.396,Košice,Подгорица,None,0,84.3,90,1170.4,12,0.0,0.0,-1.0,-0.083,0.003,0.012,1.8,11.57,6.32,74.2,Normal
2026-07-03 05:33:52.414,Košice,Подгорица,None,0,84.3,90,1170.7,12,0.0,0.0,-1.0,-0.041,0.021,-0.006,1.8,11.57,6.32,74.2,Normal
2026-07-03 05:33:53.396,Košice,Подгорица,None,0,84.3,90,1170.9,12,0.0,0.0,0.0,-0.02,-0.045,0.007,1.8,11.57,6.32,74.2,Normal
2026-07-03 05:33:54.398,Košice,Подгорица,None,0,84.3,90,1171.0,12,0.0,0.0,-1.0,0.05,0.034,0.004,1.8,11.57,6.32,74.2,Normal
2026-07-03 05:33:55.398,Košice,Подгорица,None,0,84.3,90,1170.9,12,0.0,0.0,0.0,-0.04,0.105,-0.007,1.8,11.58,6.32,74.2,Normal
2026-07-03 05:33:56.399,Košice,Подгорица,None,0,84.3,90,1170.9,12,0.0,0.0,0.0,-0.008,0.063,0.006,1.8,11.58,6.32,74.2,Normal
2026-07-03 05:33:57.415,Košice,Подгорица,None,0,84.3,90,1170.6,12,0.0,0.0,-1.0,-0.008,-0.0,0.03,1.8,11.58,6.32,74.2,Normal
2026-07-03 05:33:58.400,Košice,Подгорица,None,0,84.3,90,1170.8,12,0.0,0.0,-1.0,0.005,-0.023,-0.004,1.8,11.58,6.32,74.2,Normal
2026-07-03 05:33:59.400,Košice,Подгорица,None,0,84.3,90,1170.9,12,0.0,0.0,-1.0,0.055,0.028,0.005,1.8,11.58,6.32,74.2,Normal
2026-07-03 05:34:00.400,Košice,Подгорица,None,0,84.3,90,1171.0,12,0.0,0.0,0.0,0.054,0.022,-0.014,1.8,11.58,6.32,74.2,Normal
2026-07-03 05:34:01.401,Košice,Подгорица,None,0,84.3,90,1171.0,12,0.0,0.0,-1.0,-0.041,-0.112,0.005,1.8,11.58,6.32,74.2,Normal
2026-07-03 05:34:02.401,Košice,Подгорица,None,0,84.3,90,1171.1,12,0.0,0.0,-1.0,0.018,0.033,-0.013,1.8,11.58,6.32,74.2,Normal
2026-07-03 05:34:03.418,Košice,Подгорица,None,0,84.3,90,1170.7,12,0.0,0.0,0.0,-0.032,-0.067,0.017,1.8,11.58,6.32,74.2,Normal
2026-07-03 05:34:04.413,Košice,Подгорица,None,0,84.3,90,1171.2,12,0.0,0.0,-1.0,-0.001,0.036,-0.016,1.8,11.58,6.32,74.2,Normal
2026-07-03 05:34:05.401,Košice,Подгорица,None,0,84.3,90,1171.0,12,0.0,0.0,-1.0,0.036,0.035,-0.012,1.8,11.58,6.32,74.2,Normal
2026-07-03 05:34:06.401,Košice,Подгорица,None,0,84.3,90,1170.9,12,0.0,0.0,-1.0,0.002,-0.027,0.0,1.8,11.58,6.32,74.2,Normal
2026-07-03 05:34:07.401,Košice,Подгорица,None,0,84.3,90,1171.3,12,0.0,0.0,0.0,-0.047,0.012,-0.02,1.8,11.58,6.32,74.2,Normal
2026-07-03 05:34:08.401,Košice,Подгорица,None,0,84.3,90,1170.9,12,0.0,0.0,1.0,-0.143,0.024,-0.008,1.8,11.58,6.32,74.2,Normal
2026-07-03 05:34:09.402,Košice,Подгорица,None,0,84.3,90,1171.1,12,0.0,0.0,0.0,-0.024,-0.017,-0.011,1.8,11.58,6.32,74.2,Normal
2026-07-03 05:34:10.402,Košice,Подгорица,None,0,84.3,90,1171.0,12,0.0,0.0,0.0,0.028,0.15,-0.019,1.8,11.58,6.32,74.2,Normal
2026-07-03 05:34:11.404,Košice,Подгорица,None,0,84.3,90,1170.7,12,0.0,0.0,-1.0,0.037,-0.11,0.02,1.8,11.58,6.32,74.2,Normal
2026-07-03 05:34:12.406,Košice,Подгорица,None,0,84.3,90,1171.2,12,0.0,0.0,-1.0,-0.005,-0.0,-0.028,1.8,11.58,6.32,74.1,Normal
2026-07-03 05:34:13.407,Košice,Подгорица,None,0,84.4,90,1172.1,12,0.0,0.0,-1.0,-0.006,0.011,-0.044,1.8,11.58,6.32,74.1,Normal
2026-07-03 05:34:14.404,Košice,Подгорица,None,0,84.5,90,1172.2,12,0.0,0.0,-1.0,0.007,0.025,-0.018,1.8,11.58,6.32,74.1,Normal
2026-07-03 05:34:15.425,Košice,Подгорица,None,0,84.5,90,1172.1,12,0.0,0.0,-1.0,0.009,0.022,-0.004,1.8,11.58,6.32,74.1,Normal
2026-07-03 05:34:16.407,Košice,Подгорица,None,0,84.5,90,1172.6,12,0.0,0.0,-1.0,0.014,0.01,-0.017,1.8,11.59,6.32,74.1,Normal
2026-07-03 05:34:17.406,Košice,Подгорица,None,0,84.6,90,1173.4,12,0.0,0.0,0.0,-0.055,0.092,-0.034,1.8,11.59,6.32,74.1,Normal
2026-07-03 05:34:18.406,Košice,Подгорица,None,0,84.6,90,1173.7,12,0.0,0.0,-1.0,0.032,-0.036,-0.011,1.8,11.59,6.32,74.1,Normal
2026-07-03 05:34:19.407,Košice,Подгорица,None,0,84.7,90,1174.3,12,0.0,0.0,0.0,-0.07,-0.003,0.013,1.8,11.59,6.32,74.1,Normal
2026-07-03 05:34:20.407,Košice,Подгорица,None,0,84.7,90,1174.7,12,0.0,0.0,-1.0,0.126,-0.02,-0.01,1.8,11.59,6.32,74.1,Normal
2026-07-03 05:34:21.407,Košice,Подгорица,None,0,84.7,90,1175.3,12,0.0,0.0,-1.0,0.014,0.012,-0.016,1.8,11.6,6.32,74.1,Normal
2026-07-03 05:34:22.407,Košice,Подгорица,None,0,84.8,90,1176.3,12,0.0,0.0,-1.0,0.02,-0.038,-0.037,1.8,11.6,6.32,74.1,Normal
2026-07-03 05:34:23.407,Košice,Подгорица,None,0,84.9,90,1177.4,12,0.0,0.0,-1.0,-0.027,0.009,-0.031,1.8,11.6,6.32,74.1,Normal
2026-07-03 05:34:24.407,Košice,Подгорица,None,0,85.0,90,1179.0,12,0.0,0.0,-1.0,0.051,-0.008,-0.034,1.8,11.6,6.32,74.1,Normal
2026-07-03 05:34:25.407,Košice,Подгорица,None,0,85.1,90,1180.9,12,0.0,0.0,-1.0,0.054,0.012,-0.033,1.8,11.6,6.32,74.1,Normal
2026-07-03 05:34:26.408,Košice,Подгорица,None,0,85.2,90,1182.2,12,0.0,0.0,-1.0,-0.017,-0.091,-0.026,1.8,11.6,6.32,74.1,Normal
2026-07-03 05:34:27.408,Košice,Подгорица,None,0,85.4,90,1184.3,12,0.0,0.0,-1.0,0.016,-0.042,-0.034,1.8,11.61,6.32,74.1,Normal
2026-07-03 05:34:28.408,Košice,Подгорица,None,0,85.7,90,1188.4,12,0.0,0.0,-1.0,0.015,0.034,-0.099,1.8,11.61,6.32,74.1,Normal
2026-07-03 05:34:29.408,Košice,Подгорица,None,0,86.0,90,1193.6,12,0.0,0.0,-1.0,0.005,0.133,-0.181,1.8,11.61,6.32,74.1,Normal
2026-07-03 05:34:30.428,Košice,Подгорица,None,0,86.8,90,1204.3,12,0.0,0.0,0.0,-0.029,0.007,-0.23,1.8,11.61,6.32,74.1,Normal
2026-07-03 05:34:31.424,Košice,Подгорица,None,0,87.6,90,1215.7,12,0.0,0.0,1.0,-0.129,0.018,-0.236,1.8,11.61,6.32,74.1,Normal
2026-07-03 05:34:32.435,Košice,Подгорица,None,0,88.4,90,1225.8,12,0.0,0.0,1.0,-0.033,-0.01,-0.172,1.8,11.61,6.32,74.1,Normal
2026-07-03 05:34:33.431,Košice,Подгорица,None,0,88.8,90,1231.3,12,0.0,0.0,1.0,-0.029,-0.045,-0.069,1.8,11.61,6.32,74.1,Normal
2026-07-03 05:34:34.422,Košice,Подгорица,None,0,88.7,90,1229.4,12,0.0,0.0,1.0,0.116,-0.06,0.118,1.8,11.62,6.32,74.1,Normal
2026-07-03 05:34:35.410,Košice,Подгорица,None,0,88.0,90,1219.8,12,0.0,0.0,0.0,0.064,0.034,0.242,1.8,11.62,6.32,74.1,Normal
2026-07-03 05:34:36.429,Košice,Подгорица,None,0,86.9,90,1204.4,12,0.0,0.0,1.0,-0.033,-0.045,0.347,1.8,11.62,6.32,74.1,Normal
2026-07-03 05:34:37.410,Košice,Подгорица,None,0,85.5,90,1185.5,12,0.0,0.0,1.0,-0.013,-0.094,0.427,1.8,11.62,6.32,74.1,Normal
2026-07-03 05:34:38.431,Košice,Подгорица,None,0,84.1,90,1170.6,12,0.0,0.0,0.0,0.154,-0.074,0.275,1.8,11.63,6.32,74.1,Normal
2026-07-03 05:34:39.411,Košice,Подгорица,None,0,83.6,90,1163.3,12,0.0,0.0,1.0,0.052,0.001,0.124,1.8,11.63,6.32,74.1,Normal
2026-07-03 05:34:40.412,Košice,Подгорица,None,0,83.1,90,1157.4,12,0.0,0.0,1.0,-0.139,0.064,0.107,1.8,11.63,6.32,74.1,Normal
2026-07-03 05:34:41.412,Košice,Подгорица,None,0,82.7,90,1151.4,12,0.0,0.0,1.0,-0.062,0.014,0.168,1.8,11.63,6.32,74.0,Normal
2026-07-03 05:34:42.435,Košice,Подгорица,None,0,81.9,90,1140.7,12,0.0,0.0,1.0,0.04,-0.058,0.233,1.8,11.63,6.32,74.0,Normal
2026-07-03 05:34:43.429,Košice,Подгорица,None,0,81.0,90,1127.9,12,0.0,0.0,1.0,0.005,-0.001,0.273,1.81,11.63,6.32,74.0,Normal
2026-07-03 05:34:44.414,Košice,Подгорица,None,0,80.1,90,1115.6,12,0.0,0.0,1.0,0.003,-0.006,0.224,1.81,11.63,6.32,74.0,Normal
2026-07-03 05:34:45.414,Košice,Подгорица,None,0,79.4,90,1105.7,12,0.0,0.0,1.0,-0.087,0.009,0.159,1.81,11.64,6.32,73.9,Normal
2026-07-03 05:34:46.414,Košice,Подгорица,None,0,79.1,90,1101.1,12,0.0,0.0,1.0,0.031,0.009,0.051,1.81,11.64,6.32,73.9,Normal
2026-07-03 05:34:47.438,Košice,Подгорица,None,0,79.2,90,1103.4,12,0.0,0.0,1.0,-0.005,-0.048,-0.076,1.81,11.64,6.32,73.9,Normal
2026-07-03 05:34:48.415,Košice,Подгорица,None,0,79.5,90,1108.2,12,0.0,0.0,1.0,0.006,0.013,-0.133,1.81,11.64,6.32,73.9,Normal
2026-07-03 05:34:49.435,Košice,Подгорица,None,0,80.2,90,1116.8,12,0.0,0.0,0.0,0.063,-0.005,-0.193,1.81,11.64,6.32,73.8,Normal
2026-07-03 05:34:50.416,Košice,Подгорица,None,0,81.0,90,1128.8,12,0.0,0.0,-1.0,0.138,-0.03,-0.268,1.81,11.64,6.32,73.8,Normal
2026-07-03 05:34:51.416,Košice,Подгорица,None,0,82.1,90,1144.8,12,0.0,0.0,-1.0,0.089,0.124,-0.368,1.81,11.64,6.32,73.8,Normal
2026-07-03 05:34:52.416,Košice,Подгорица,None,0,83.5,90,1162.9,12,0.0,0.0,-1.0,0.059,-0.008,-0.397,1.81,11.65,6.32,73.7,Normal
2026-07-03 05:34:53.436,Košice,Подгорица,None,0,84.9,90,1177.8,12,0.0,0.0,0.0,-0.055,0.043,-0.334,1.81,11.65,6.32,73.7,Normal
2026-07-03 05:34:54.417,Košice,Подгорица,None,0,86.1,90,1195.0,12,0.0,0.0,-1.0,0.026,0.066,-0.412,1.81,11.65,6.32,73.7,Normal
2026-07-03 05:34:55.441,Košice,Подгорица,None,0,87.7,90,1216.9,12,0.0,0.0,-1.0,0.049,0.006,-0.458,1.81,11.65,6.32,73.7,Normal
2026-07-03 05:34:56.418,Košice,Подгорица,None,0,89.3,90,1238.9,12,0.0,0.0,-1.0,0.062,0.039,-0.43,1.81,11.65,6.32,73.7,Normal
2026-07-03 05:34:57.418,Košice,Подгорица,None,0,90.4,90,1255.1,12,0.0,0.0,-1.0,0.044,0.066,-0.251,1.81,11.66,6.32,73.7,Normal
2026-07-03 05:34:58.419,Košice,Подгорица,None,0,90.6,90,1256.9,12,0.0,0.0,-1.0,-0.072,0.326,0.036,1.81,11.66,6.32,73.7,Normal
2026-07-03 05:34:59.418,Košice,Подгорица,None,0,90.0,90,1248.1,12,0.0,0.0,-1.0,-0.047,-0.023,0.244,1.81,11.66,6.32,73.7,Normal
2026-07-03 05:35:00.420,Košice,Подгорица,None,0,88.9,90,1235.7,12,0.0,0.0,-1.0,0.103,-0.058,0.301,1.81,11.66,6.32,73.7,Normal
2026-07-03 05:35:01.420,Košice,Подгорица,None,0,88.4,90,1230.3,12,0.0,0.0,0.0,-0.05,-0.042,0.095,1.81,11.66,6.32,73.7,Normal
2026-07-03 05:35:02.443,Košice,Подгорица,None,0,88.0,90,1225.4,12,0.0,0.0,0.0,-0.028,0.016,0.1,1.81,11.66,6.32,73.7,Normal
2026-07-03 05:35:03.420,Košice,Подгорица,None,0,87.8,90,1221.5,12,0.0,0.0,-1.0,-0.002,-0.027,0.083,1.81,11.67,6.32,73.6,Normal
2026-07-03 05:35:04.431,Košice,Подгорица,None,0,87.6,90,1219.6,12,0.0,0.0,-1.0,0.022,0.014,0.011,1.81,11.67,6.32,73.6,Normal
2026-07-03 05:35:05.451,Košice,Подгорица,None,0,87.8,90,1222.3,12,0.0,0.0,-1.0,0.017,0.077,-0.089,1.81,11.67,6.32,73.6,Normal
2026-07-03 05:35:06.455,Košice,Подгорица,None,0,88.4,90,1230.8,12,0.0,0.0,-1.0,0.009,0.013,-0.18,1.81,11.67,6.32,73.6,Normal
2026-07-03 05:35:07.445,Košice,Подгорица,None,0,89.1,90,1240.3,12,0.0,0.0,-1.0,0.002,0.007,-0.207,1.81,11.67,6.32,73.5,Normal
2026-07-03 05:35:08.441,Košice,Подгорица,None,0,89.7,90,1247.0,12,0.0,0.0,-1.0,0.036,0.025,-0.111,1.81,11.67,6.32,73.5,Normal
2026-07-03 05:35:09.423,Košice,Подгорица,None,0,89.9,90,1247.7,12,0.0,0.0,1.0,-0.225,-0.019,0.001,1.81,11.67,6.32,73.5,Normal
2026-07-03 05:35:10.424,Košice,Подгорица,None,0,89.8,90,1245.9,12,0.0,0.0,-1.0,-0.027,0.008,0.027,1.81,11.68,6.32,73.5,Normal
2026-07-03 05:35:11.425,Košice,Подгорица,None,0,89.7,90,1245.0,12,0.0,0.0,-1.0,0.097,0.006,0.001,1.81,11.68,6.32,73.5,Normal
2026-07-03 05:35:12.425,Košice,Подгорица,None,0,89.7,90,1245.0,12,0.0,0.0,0.0,0.031,0.004,-0.01,1.81,11.68,6.32,73.5,Normal
2026-07-03 05:35:13.425,Košice,Подгорица,None,0,89.7,90,1244.8,12,0.0,0.0,0.0,-0.032,-0.044,0.003,1.81,11.68,6.32,73.5,Normal
2026-07-03 05:35:14.426,Košice,Подгорица,None,0,89.7,90,1245.1,12,0.0,0.0,1.0,-0.054,0.018,0.0,1.81,11.69,6.32,73.5,Normal
2026-07-03 05:35:15.443,Košice,Подгорица,None,0,89.7,90,1244.7,12,0.0,0.0,-1.0,0.068,-0.03,0.002,1.81,11.69,6.32,73.4,Normal
2026-07-03 05:35:16.426,Košice,Подгорица,None,0,89.7,90,1244.6,12,0.0,0.0,1.0,-0.024,-0.022,0.015,1.81,11.69,6.32,73.4,Normal
2026-07-03 05:35:17.447,Košice,Подгорица,None,0,89.7,90,1245.0,12,0.0,0.0,1.0,0.002,0.055,-0.003,1.81,11.69,6.32,73.4,Normal
2026-07-03 05:35:18.426,Košice,Подгорица,None,0,89.7,90,1244.7,12,0.0,0.0,1.0,-0.099,-0.006,0.006,1.81,11.69,6.32,73.4,Normal
2026-07-03 05:35:19.426,Košice,Подгорица,None,0,89.7,90,1244.6,12,0.0,0.0,0.0,0.066,-0.062,0.025,1.81,11.69,6.32,73.4,Normal
2026-07-03 05:35:20.427,Košice,Подгорица,None,0,89.7,90,1244.6,12,0.0,0.0,1.0,-0.014,-0.012,0.002,1.81,11.7,6.32,73.4,Normal
2026-07-03 05:35:21.428,Košice,Подгорица,None,0,89.6,90,1244.6,12,0.0,0.0,1.0,-0.058,0.026,-0.008,1.81,11.7,6.32,73.4,Normal
2026-07-03 05:35:22.428,Košice,Подгорица,None,0,89.6,90,1244.5,12,0.0,0.0,1.0,-0.04,0.001,-0.006,1.81,11.7,6.32,73.4,Normal
2026-07-03 05:35:23.442,Košice,Подгорица,None,0,89.6,90,1244.6,12,0.0,0.0,0.0,0.058,-0.02,-0.013,1.81,11.7,6.32,73.4,Normal
2026-07-03 05:35:24.428,Košice,Подгорица,None,0,89.7,90,1244.9,12,0.0,0.0,1.0,-0.032,0.007,-0.014,1.81,11.7,6.32,73.4,Normal
2026-07-03 05:35:25.440,Košice,Подгорица,None,0,89.7,90,1245.0,12,0.0,0.0,0.0,0.095,-0.036,-0.007,1.81,11.7,6.32,73.4,Normal
2026-07-03 05:35:26.430,Košice,Подгорица,None,0,89.7,90,1245.4,12,0.0,0.0,-1.0,0.314,-0.002,-0.013,1.81,11.7,6.32,73.4,Normal
2026-07-03 05:35:27.430,Košice,Подгорица,None,0,89.8,90,1245.4,12,0.0,0.0,1.0,-0.016,0.019,-0.018,1.81,11.71,6.32,73.4,Normal
2026-07-03 05:35:28.430,Košice,Подгорица,None,0,89.9,90,1246.6,12,0.0,0.0,1.0,-0.075,-0.012,-0.058,1.81,11.71,6.32,73.4,Normal
2026-07-03 05:35:29.442,Košice,Подгорица,None,0,90.1,90,1249.4,12,0.0,0.0,1.0,-0.026,0.067,-0.089,1.81,11.71,6.32,73.4,Normal
2026-07-03 05:35:30.443,Košice,Подгорица,None,0,90.4,90,1253.8,12,0.0,0.0,1.0,-0.042,-0.01,-0.104,1.81,11.71,6.32,73.4,Normal
2026-07-03 05:35:31.431,Košice,Подгорица,None,0,90.6,90,1256.9,12,0.0,0.0,1.0,0.184,-0.805,0.055,1.81,11.72,6.32,73.4,Normal
2026-07-03 05:35:32.450,Košice,Подгорица,None,0,90.8,90,1259.9,12,0.0,0.0,1.0,0.014,-0.035,-0.024,1.81,11.72,6.32,73.4,Normal
2026-07-03 05:35:33.431,Košice,Подгорица,None,0,90.9,90,1260.5,12,0.0,0.0,1.0,-0.007,0.022,0.022,1.81,11.72,6.32,73.4,Normal
2026-07-03 05:35:34.448,Košice,Подгорица,None,0,90.6,90,1256.9,12,0.0,0.0,1.0,-0.038,0.068,0.136,1.81,11.72,6.32,73.4,Normal
2026-07-03 05:35:35.432,Košice,Подгорица,None,0,90.1,90,1250.4,12,0.0,0.0,1.0,0.065,-0.097,0.148,1.82,11.72,6.33,73.4,Normal
2026-07-03 05:35:36.432,Košice,Подгорица,None,0,89.6,90,1243.4,12,0.0,0.0,1.0,-0.049,-0.068,0.131,1.82,11.72,6.33,73.4,Normal
2026-07-03 05:35:37.432,Košice,Подгорица,None,0,88.6,90,1227.9,12,0.0,0.0,1.0,0.004,0.004,0.37,1.82,11.73,6.33,73.4,Normal
2026-07-03 05:35:38.433,Košice,Подгорица,None,0,87.3,90,1210.6,12,0.0,0.0,1.0,-0.033,-0.131,0.3,1.82,11.73,6.33,73.4,Normal
2026-07-03 05:35:39.443,Košice,Подгорица,None,0,86.4,90,1198.0,12,0.0,0.0,1.0,-0.032,0.046,0.201,1.82,11.73,6.33,73.4,Normal
2026-07-03 05:35:40.433,Košice,Подгорица,None,0,85.6,90,1185.5,12,0.0,0.0,0.0,0.084,0.094,0.254,1.82,11.73,6.33,73.4,Normal
2026-07-03 05:35:41.450,Košice,Подгорица,None,0,84.6,90,1172.3,12,0.0,0.0,-1.0,0.074,-0.082,0.237,1.82,11.73,6.33,73.4,Normal
2026-07-03 05:35:42.435,Košice,Подгорица,None,0,83.8,90,1162.0,12,0.0,0.0,-1.0,0.112,-0.17,0.159,1.82,11.73,6.33,73.4,Normal
2026-07-03 05:35:43.456,Košice,Подгорица,None,0,83.6,90,1159.5,12,0.0,0.0,-1.0,0.126,0.006,0.025,1.82,11.73,6.33,73.4,Normal
2026-07-03 05:35:44.435,Košice,Подгорица,None,0,83.5,90,1157.5,12,0.0,0.0,-1.0,0.007,0.029,0.057,1.82,11.74,6.33,73.4,Normal
2026-07-03 05:35:45.445,Košice,Подгорица,None,0,83.3,90,1155.6,12,0.0,0.0,0.0,-0.119,0.031,-0.006,1.82,11.74,6.33,73.4,Normal
2026-07-03 05:35:46.436,Košice,Подгорица,None,0,83.3,90,1155.0,12,0.0,0.0,-1.0,0.106,-0.018,0.028,1.82,11.74,6.33,73.4,Normal
2026-07-03 05:35:47.436,Košice,Подгорица,None,0,83.2,90,1153.0,12,0.0,0.0,-1.0,0.042,0.027,0.048,1.82,11.74,6.33,73.4,Normal
2026-07-03 05:35:48.437,Košice,Подгорица,None,0,83.1,90,1153.2,12,0.07,0.0,-1.0,-0.004,-0.019,-0.027,1.82,11.74,6.33,73.3,Normal
2026-07-03 05:35:49.454,Košice,Подгорица,None,0,83.3,90,1156.1,12,0.1,0.0,-1.0,0.072,0.026,-0.049,1.82,11.75,6.33,73.3,Normal
2026-07-03 05:35:50.454,Košice,Подгорица,None,0,83.4,90,1157.8,12,0.24,0.0,-1.0,-0.017,-0.057,-0.007,1.82,11.75,6.33,73.3,Normal
2026-07-03 05:35:51.448,Košice,Подгорица,None,0,83.6,90,1161.0,12,0.31,0.0,-1.0,0.028,0.008,-0.057,1.82,11.75,6.33,73.3,Normal
2026-07-03 05:35:52.457,Košice,Подгорица,None,0,83.7,90,1164.0,12,0.42,0.0,-1.0,-0.003,-0.001,-0.033,1.82,11.75,6.33,73.3,Normal
2026-07-03 05:35:53.438,Košice,Подгорица,None,0,83.8,90,1165.0,12,0.33,0.0,-1.0,-0.025,0.028,-0.015,1.82,11.75,6.33,73.3,Normal
2026-07-03 05:35:54.460,Košice,Подгорица,None,0,83.7,90,1162.6,12,0.34,0.0,-1.0,0.093,0.011,0.064,1.82,11.75,6.33,73.3,Normal
2026-07-03 05:35:55.450,Košice,Подгорица,None,0,83.5,90,1159.6,12,0.36,0.0,-1.0,0.01,-0.004,0.065,1.82,11.75,6.33,73.3,Normal
2026-07-03 05:35:56.457,Košice,Подгорица,None,0,83.3,90,1156.9,12,0.37,0.0,-1.0,0.033,0.007,0.057,1.82,11.75,6.33,73.3,Normal
2026-07-03 05:35:57.439,Košice,Подгорица,None,0,83.1,90,1155.1,12,0.42,0.0,0.0,-0.027,0.007,0.026,1.82,11.75,6.33,73.3,Normal
2026-07-03 05:35:58.459,Košice,Подгорица,None,0,83.1,90,1154.8,12,0.34,0.0,-1.0,0.039,0.004,-0.009,1.82,11.75,6.33,73.3,Normal
2026-07-03 05:35:59.453,Košice,Подгорица,None,0,83.2,90,1155.8,12,0.37,0.0,0.0,-0.048,0.023,-0.027,1.82,11.75,6.33,73.3,Normal
2026-07-03 05:36:00.461,Košice,Подгорица,None,0,83.3,90,1157.3,12,0.36,0.0,0.0,0.023,-0.012,-0.024,1.82,11.75,6.33,73.3,Normal
2026-07-03 05:36:01.460,Košice,Подгорица,None,0,83.4,90,1159.6,12,0.47,0.0,0.0,0.037,0.036,-0.054,1.82,11.75,6.33,73.3,Normal
2026-07-03 05:36:02.441,Košice,Подгорица,None,0,83.8,90,1163.8,12,0.29,0.0,0.0,-0.044,-0.011,-0.108,1.82,11.75,6.33,73.3,Normal
2026-07-03 05:36:03.441,Košice,Подгорица,None,0,83.3,90,1155.2,12,0.0,0.0,-1.0,0.156,0.055,0.212,1.82,11.75,6.33,73.3,Normal
2026-07-03 05:36:04.442,Košice,Подгорица,None,0,82.7,90,1148.3,12,0.74,0.0,0.0,0.004,0.004,0.132,1.82,11.75,6.33,73.3,Normal
2026-07-03 05:36:05.443,Košice,Подгорица,None,0,83.0,90,1154.4,12,0.73,0.0,-1.0,0.097,0.033,-0.147,1.82,11.75,6.33,73.3,Normal
2026-07-03 05:36:06.443,Košice,Подгорица,None,0,83.5,90,1157.7,12,0.0,0.0,0.0,0.033,0.046,-0.018,1.82,11.75,6.33,73.3,Normal
2026-07-03 05:36:07.443,Košice,Подгорица,None,0,83.6,90,1164.2,12,1.0,0.0,-1.0,-0.018,-0.103,-0.173,1.82,11.75,6.33,73.3,Normal
2026-07-03 05:36:08.444,Košice,Подгорица,None,0,83.8,90,1163.0,12,0.0,0.0,-1.0,0.123,0.045,0.079,1.82,11.75,6.33,73.3,Normal
2026-07-03 05:36:09.445,Košice,Подгорица,None,0,83.6,90,1161.4,12,0.0,0.0,0.0,-0.012,-0.021,0.024,1.82,11.75,6.33,73.3,Normal
2026-07-03 05:36:10.444,Košice,Подгорица,None,0,83.7,90,1162.5,12,0.0,0.0,0.0,0.011,0.001,-0.035,1.82,11.75,6.33,73.3,Normal
2026-07-03 05:36:11.467,Košice,Подгорица,None,0,83.8,90,1164.1,12,0.0,0.0,0.0,-0.011,0.026,-0.049,1.82,11.75,6.33,73.3,Normal
2026-07-03 05:36:12.445,Košice,Подгорица,None,0,83.8,90,1164.6,12,0.0,0.0,0.0,0.007,0.038,-0.011,1.82,11.75,6.33,73.3,Normal
2026-07-03 05:36:13.445,Košice,Подгорица,None,0,83.9,90,1164.6,12,0.0,0.0,0.0,0.016,-0.015,-0.004,1.82,11.75,6.33,73.3,Normal
2026-07-03 05:36:14.445,Košice,Подгорица,None,0,83.9,90,1164.8,12,0.0,0.0,0.0,-0.003,-0.019,0.002,1.82,11.75,6.33,73.3,Normal
2026-07-03 05:36:15.446,Košice,Подгорица,None,0,83.9,90,1164.9,12,0.0,0.0,0.0,0.023,-0.019,-0.015,1.82,11.76,6.33,73.3,Normal
2026-07-03 05:36:16.446,Košice,Подгорица,None,0,83.9,90,1164.7,12,0.0,0.0,0.0,-0.009,0.03,-0.01,1.82,11.76,6.33,73.3,Normal
2026-07-03 05:36:17.469,Košice,Подгорица,None,0,83.9,90,1164.6,12,0.0,0.0,0.0,0.005,-0.049,0.012,1.82,11.76,6.33,73.3,Normal
2026-07-03 05:36:18.447,Košice,Подгорица,None,0,83.9,90,1164.7,12,0.0,0.0,0.0,0.012,0.049,-0.007,1.82,11.76,6.33,73.3,Normal
2026-07-03 05:36:19.447,Košice,Подгорица,None,0,83.9,90,1164.4,12,0.0,0.0,0.0,0.011,-0.033,0.003,1.82,11.76,6.33,73.3,Normal
2026-07-03 05:36:20.448,Košice,Подгорица,None,0,83.9,90,1164.9,12,0.0,0.0,-1.0,0.029,0.057,-0.024,1.82,11.76,6.33,73.3,Normal
2026-07-03 05:36:21.466,Košice,Подгорица,None,0,83.8,90,1164.5,12,0.0,0.0,-1.0,0.019,-0.011,0.016,1.82,11.76,6.33,73.3,Normal
2026-07-03 05:36:22.449,Košice,Подгорица,None,0,83.9,90,1164.7,12,0.0,0.0,0.0,-0.012,-0.011,-0.0,1.82,11.76,6.33,73.3,Normal
2026-07-03 05:36:23.451,Košice,Подгорица,None,0,83.9,90,1164.7,12,0.0,0.0,0.0,-0.023,0.01,0.001,1.82,11.76,6.33,73.3,Normal
2026-07-03 05:36:24.473,Košice,Подгорица,None,0,83.9,90,1164.6,12,0.0,0.0,1.0,-0.04,0.024,0.011,1.82,11.76,6.33,73.3,Normal
2026-07-03 05:36:25.450,Košice,Подгорица,None,0,83.9,90,1164.8,12,0.0,0.0,1.0,-0.038,-0.057,-0.017,1.82,11.76,6.33,73.3,Normal
2026-07-03 05:36:26.451,Košice,Подгорица,None,0,84.0,90,1165.9,12,0.0,0.0,1.0,-0.009,0.041,-0.031,1.82,11.76,6.33,73.3,Normal
2026-07-03 05:36:27.451,Košice,Подгорица,None,0,84.0,90,1165.9,12,0.0,0.0,1.0,-0.007,0.038,-0.035,1.82,11.76,6.33,73.3,Normal
2026-07-03 05:36:28.469,Košice,Подгорица,None,0,84.1,90,1165.9,12,0.0,0.0,1.0,-0.002,0.024,-0.002,1.82,11.76,6.33,73.3,Normal
2026-07-03 05:36:29.452,Košice,Подгорица,None,0,84.1,90,1166.2,12,0.0,0.0,1.0,-0.008,0.006,-0.008,1.82,11.76,6.33,73.3,Normal
2026-07-03 05:36:30.466,Košice,Подгорица,None,0,84.2,90,1167.6,12,0.0,0.0,1.0,-0.011,-0.001,-0.029,1.82,11.77,6.33,73.3,Normal
2026-07-03 05:36:31.452,Košice,Подгорица,None,0,84.3,90,1169.1,12,0.0,0.0,1.0,0.042,0.007,-0.033,1.82,11.77,6.33,73.3,Normal
2026-07-03 05:36:32.453,Košice,Подгорица,None,0,84.4,90,1170.8,12,0.0,0.0,1.0,-0.035,0.046,-0.024,1.82,11.77,6.33,73.3,Normal
2026-07-03 05:36:33.453,Košice,Подгорица,None,0,84.5,90,1172.1,12,0.0,0.0,1.0,0.024,0.03,-0.017,1.82,11.77,6.33,73.3,Normal
2026-07-03 05:36:34.453,Košice,Подгорица,None,0,84.6,90,1172.8,12,0.0,0.0,0.0,0.041,0.049,-0.007,1.82,11.77,6.33,73.3,Normal
2026-07-03 05:36:35.453,Košice,Подгорица,None,0,84.6,90,1172.8,12,0.0,0.0,1.0,-0.007,0.065,-0.009,1.82,11.78,6.33,73.3,Normal
2026-07-03 05:36:36.464,Košice,Подгорица,None,0,84.7,80,1174.1,12,0.0,0.0,1.0,0.022,-0.002,-0.027,1.82,11.78,6.33,73.3,Normal
2026-07-03 05:36:37.455,Košice,Подгорица,None,0,84.8,80,1175.8,12,0.0,0.0,1.0,-0.029,-0.031,-0.032,1.82,11.78,6.33,73.3,Normal
2026-07-03 05:36:38.467,Košice,Подгорица,None,0,84.5,80,1171.6,12,0.0,0.0,1.0,-0.071,0.001,0.186,1.82,11.78,6.33,73.3,Normal
2026-07-03 05:36:39.480,Košice,Подгорица,None,0,83.7,80,1160.2,12,0.0,0.0,1.0,-0.022,-0.032,0.248,1.82,11.78,6.33,73.3,Normal
2026-07-03 05:36:40.474,Košice,Подгорица,None,0,83.1,80,1151.5,12,0.0,0.0,0.0,0.061,0.047,0.162,1.82,11.78,6.33,73.3,Normal
2026-07-03 05:36:41.472,Košice,Подгорица,None,0,82.3,80,1140.9,12,0.0,0.0,1.0,-0.061,0.054,0.24,1.82,11.79,6.33,73.3,Normal
2026-07-03 05:36:42.455,Košice,Подгорица,None,0,81.6,80,1131.4,12,0.0,0.0,0.0,0.065,-0.07,0.196,1.82,11.79,6.33,73.3,Normal
2026-07-03 05:36:43.477,Košice,Подгорица,None,0,80.8,80,1120.4,12,0.0,0.0,0.0,0.059,0.039,0.242,1.82,11.79,6.33,73.3,Normal
2026-07-03 05:36:44.473,Košice,Подгорица,None,0,79.9,80,1107.7,12,0.0,0.0,0.0,0.086,-0.014,0.279,1.82,11.79,6.33,73.3,Normal
2026-07-03 05:36:45.457,Košice,Подгорица,None,0,79.0,80,1094.7,12,0.0,0.0,1.0,-0.056,-0.056,0.295,1.82,11.79,6.33,73.3,Normal
2026-07-03 05:36:46.476,Košice,Подгорица,None,0,77.8,80,1079.0,12,0.0,0.0,-1.0,0.038,0.007,0.305,1.82,11.79,6.33,73.3,Normal
2026-07-03 05:36:47.458,Košice,Подгорица,None,0,76.7,80,1063.7,12,0.15,0.0,-1.0,0.065,0.016,0.331,1.82,11.79,6.33,73.3,Normal
2026-07-03 05:36:48.458,Košice,Подгорица,None,0,75.9,80,1055.1,12,0.43,0.0,-1.0,0.045,-0.044,0.139,1.82,11.79,6.33,73.2,Normal
2026-07-03 05:36:49.458,Košice,Подгорица,None,0,75.4,80,1048.2,12,0.42,0.0,-1.0,-0.013,-0.023,0.143,1.82,11.8,6.33,73.2,Normal
2026-07-03 05:36:50.459,Košice,Подгорица,None,0,74.8,80,1040.2,12,0.42,0.0,-1.0,-0.012,-0.001,0.183,1.82,11.8,6.33,73.2,Normal
2026-07-03 05:36:51.459,Košice,Подгорица,None,0,74.0,80,1027.7,12,0.42,0.0,1.0,-0.037,0.034,0.274,1.82,11.8,6.33,73.2,Normal
2026-07-03 05:36:52.488,Košice,Подгорица,None,0,72.7,80,1006.9,12,0.0,0.0,1.0,-0.06,0.023,0.458,1.82,11.8,6.33,73.2,Normal
2026-07-03 05:36:53.488,Košice,Подгорица,None,0,70.9,80,981.9,12,0.0,0.0,0.0,0.01,0.056,0.483,1.82,11.8,6.33,73.2,Normal
2026-07-03 05:36:54.459,Košice,Подгорица,None,0,69.4,80,1240.9,11,0.0,0.0,1.0,-0.023,-0.001,0.4,1.82,11.81,6.33,73.2,Normal
2026-07-03 05:36:55.484,Košice,Подгорица,None,0,68.1,80,1217.4,11,0.0,0.0,0.0,0.005,0.008,0.312,1.82,11.81,6.33,73.2,Normal
2026-07-03 05:36:56.460,Košice,Подгорица,None,0,67.3,80,1204.3,11,0.0,0.0,1.0,-0.055,0.078,0.147,1.82,11.81,6.33,73.2,Normal
2026-07-03 05:36:57.473,Košice,Подгорица,None,0,66.9,80,1196.1,11,0.0,0.0,-1.0,0.031,-0.004,0.134,1.83,11.81,6.33,73.2,Normal
2026-07-03 05:36:58.484,Košice,Подгорица,None,0,66.4,80,1187.3,11,0.0,0.0,-1.0,0.119,0.153,0.142,1.83,11.81,6.33,73.2,Normal
2026-07-03 05:36:59.482,Košice,Подгорица,None,0,65.9,80,1179.2,11,0.0,0.0,1.0,-0.056,0.038,0.15,1.83,11.81,6.33,73.2,Normal
2026-07-03 05:37:00.463,Košice,Подгорица,None,0,65.0,80,1161.7,11,0.0,0.0,0.0,-0.1,-0.029,0.301,1.83,11.81,6.33,73.2,Normal
2026-07-03 05:37:01.463,Košice,Подгорица,None,0,63.9,80,1141.9,11,0.0,0.0,0.0,-0.024,0.023,0.308,1.83,11.81,6.33,73.2,Normal
2026-07-03 05:37:02.464,Košice,Подгорица,None,0,62.7,80,1121.0,11,0.0,0.0,-1.0,0.07,-0.113,0.333,1.83,11.82,6.33,73.2,Normal
2026-07-03 05:37:03.463,Košice,Подгорица,None,0,61.7,80,1102.2,11,0.0,0.02,1.0,0.039,-0.114,0.346,1.83,11.82,6.33,73.2,Normal
2026-07-03 05:37:04.465,Košice,Подгорица,None,0,60.4,80,1080.6,11,0.0,0.0,0.0,-0.047,-0.044,0.282,1.83,11.82,6.33,73.2,Normal
2026-07-03 05:37:05.465,Košice,Подгорица,None,0,59.1,80,1056.1,11,0.0,0.03,0.0,0.047,0.053,0.422,1.83,11.82,6.33,73.2,Normal
2026-07-03 05:37:06.465,Košice,Подгорица,None,0,55.2,80,984.5,11,0.0,0.22,-1.0,0.155,-0.031,1.405,1.83,11.82,6.33,73.2,Normal
2026-07-03 05:37:07.466,Košice,Подгорица,None,0,50.7,80,1122.2,10,0.0,0.18,0.0,-0.008,0.013,1.172,1.83,11.82,6.33,73.2,Normal
2026-07-03 05:37:08.479,Košice,Подгорица,None,0,46.5,80,1028.4,10,0.0,0.16,0.0,-0.006,0.012,1.135,1.83,11.82,6.33,73.2,Normal
2026-07-03 05:37:09.466,Košice,Подгорица,None,0,44.3,80,983.1,10,0.0,0.0,0.0,0.03,0.133,0.294,1.83,11.83,6.33,73.2,Normal
2026-07-03 05:37:10.467,Košice,Подгорица,None,0,43.4,40,961.8,10,0.0,0.0,-1.0,0.116,0.203,0.255,1.83,11.83,6.33,73.2,Normal
2026-07-03 05:37:11.467,Košice,Подгорица,None,0,42.4,40,915.7,10,0.49,0.0,-1.0,0.056,0.154,0.312,1.83,11.83,6.33,73.2,Normal
2026-07-03 05:37:12.467,Košice,Подгорица,None,0,40.8,40,1166.3,9,0.49,0.0,-1.0,0.248,0.008,0.538,1.83,11.83,6.33,73.2,Normal
2026-07-03 05:37:13.486,Košice,Подгорица,None,0,39.2,40,1124.6,9,0.46,0.0,-1.0,0.078,-0.019,0.418,1.83,11.83,6.33,73.2,Normal
2026-07-03 05:37:14.468,Košice,Подгорица,None,0,37.3,40,1070.4,9,0.4,0.0,-1.0,0.05,-0.003,0.629,1.83,11.83,6.33,73.2,Normal
2026-07-03 05:37:15.489,Košice,Подгорица,None,0,34.9,40,1002.6,9,0.59,0.0,-1.0,0.029,-0.045,0.647,1.83,11.83,6.33,73.1,Normal
2026-07-03 05:37:16.485,Košice,Подгорица,None,0,32.1,40,1174.4,9,0.6,0.0,-1.0,0.026,0.093,1.009,1.83,11.83,6.33,73.1,Normal
2026-07-03 05:37:17.469,Košice,Подгорица,None,0,28.6,40,1359.1,7,0.72,0.0,-1.0,-0.065,0.07,0.763,1.83,11.83,6.33,73.1,Normal
2026-07-03 05:37:18.494,Košice,Подгорица,None,0,27.6,40,1318.2,7,0.66,0.0,-1.0,-0.069,-0.094,0.143,1.83,11.83,6.33,73.1,Normal
2026-07-03 05:37:19.490,Košice,Подгорица,None,0,27.5,40,1313.6,7,0.66,0.0,-1.0,0.088,0.014,-0.036,1.83,11.83,6.33,73.1,Normal
2026-07-03 05:37:20.484,Košice,Подгорица,None,0,28.0,40,1338.9,7,0.72,0.0,-1.0,-0.026,0.193,-0.211,1.83,11.83,6.33,73.0,Normal
2026-07-03 05:37:21.471,Košice,Подгорица,None,0,28.9,40,1383.3,7,0.71,0.0,-1.0,0.019,-0.098,-0.324,1.83,11.83,6.33,73.0,Normal
2026-07-03 05:37:22.491,Košice,Подгорица,None,0,30.2,40,1438.8,7,0.69,0.0,-1.0,0.026,0.595,-0.392,1.83,11.83,6.33,73.0,Normal
2026-07-03 05:37:23.484,Košice,Подгорица,None,0,30.3,40,1162.4,8,0.67,0.0,-1.0,-0.012,0.124,0.37,1.83,11.83,6.33,73.0,Normal
2026-07-03 05:37:24.472,Košice,Подгорица,None,0,29.9,40,1103.4,8,0.6,0.0,-1.0,0.013,-0.032,-0.134,1.83,11.83,6.33,73.0,Normal
2026-07-03 05:37:25.473,Košice,Подгорица,None,0,30.8,40,1137.7,8,0.58,0.0,-1.0,-0.042,0.003,-0.293,1.83,11.83,6.33,73.0,Normal
2026-07-03 05:37:26.496,Košice,Подгорица,None,0,31.9,40,1179.2,8,0.55,0.0,-1.0,0.008,-0.002,-0.313,1.83,11.84,6.33,72.9,Normal
2026-07-03 05:37:27.494,Košice,Подгорица,None,0,33.1,40,1222.8,8,0.56,0.0,-1.0,0.051,-0.013,-0.351,1.83,11.84,6.33,72.9,Normal
2026-07-03 05:37:28.474,Košice,Подгорица,None,0,34.4,40,1272.0,8,0.58,0.0,-1.0,0.002,0.012,-0.4,1.83,11.84,6.33,72.9,Normal
2026-07-03 05:37:29.474,Košice,Подгорица,None,0,35.8,40,1319.1,8,0.0,0.0,-1.0,-0.049,-0.024,-0.369,1.83,11.84,6.33,72.9,Normal
2026-07-03 05:37:30.494,Košice,Подгорица,None,0,35.5,40,1302.3,8,0.0,0.0,-1.0,-0.043,-0.063,0.204,1.83,11.84,6.33,72.9,Normal
2026-07-03 05:37:31.474,Košice,Подгорица,None,0,35.1,40,1291.6,8,0.49,0.0,-1.0,0.027,0.038,-0.055,1.83,11.84,6.33,72.9,Normal
2026-07-03 05:37:32.497,Košice,Подгорица,None,0,36.1,40,1333.0,8,0.46,0.0,-1.0,0.002,0.054,-0.35,1.83,11.84,6.33,72.9,Normal
2026-07-03 05:37:33.494,Košice,Подгорица,None,0,37.4,40,1381.3,8,0.46,0.0,-1.0,0.04,-0.106,-0.369,1.83,11.84,6.33,72.8,Normal
2026-07-03 05:37:34.492,Košice,Подгорица,None,0,38.3,40,1225.8,8,0.46,0.0,-1.0,-0.017,-0.051,-0.023,1.83,11.84,6.33,72.8,Normal
2026-07-03 05:37:35.487,Košice,Подгорица,None,0,38.2,40,1097.4,9,0.49,0.0,-1.0,-0.173,-0.164,-0.056,1.83,11.84,6.33,72.8,Normal
2026-07-03 05:37:36.475,Košice,Подгорица,None,0,39.0,80,1122.9,9,0.52,0.0,-1.0,-0.145,0.074,-0.304,1.83,11.84,6.33,72.8,Normal
2026-07-03 05:37:37.488,Košice,Подгорица,None,0,40.2,80,1158.6,9,0.71,0.0,-1.0,-0.016,0.002,-0.383,1.83,11.84,6.33,72.8,Normal
2026-07-03 05:37:38.499,Košice,Подгорица,None,0,42.0,80,1210.9,9,1.0,0.0,0.0,-0.06,-0.056,-0.547,1.83,11.84,6.33,72.8,Normal
2026-07-03 05:37:39.496,Košice,Подгорица,None,0,44.1,80,1269.5,9,1.0,0.0,-1.0,-0.008,0.01,-0.592,1.83,11.84,6.33,72.7,Normal
2026-07-03 05:37:40.493,Košice,Подгорица,None,0,46.3,80,1332.8,9,1.0,0.0,0.0,-0.081,0.025,-0.614,1.83,11.84,6.33,72.7,Normal
2026-07-03 05:37:41.494,Košice,Подгорица,None,0,48.5,80,1395.1,9,0.93,0.0,0.0,-0.049,-0.013,-0.618,1.83,11.85,6.33,72.7,Normal
2026-07-03 05:37:42.487,Košice,Подгорица,None,0,50.5,80,1452.2,9,0.94,0.0,0.0,-0.007,-0.003,-0.543,1.83,11.85,6.33,72.6,Normal
2026-07-03 05:37:43.477,Košice,Подгорица,None,0,51.7,80,1245.9,9,1.0,0.0,1.0,-0.043,0.071,-0.055,1.83,11.85,6.33,72.6,Normal
2026-07-03 05:37:44.491,Košice,Подгорица,None,0,51.9,80,1157.1,10,1.0,0.0,0.0,0.009,-0.083,-0.26,1.83,11.85,6.33,72.6,Normal
2026-07-03 05:37:45.501,Košice,Подгорица,None,0,53.4,80,1191.7,10,1.0,0.0,-1.0,0.029,-0.003,-0.461,1.83,11.85,6.33,72.6,Normal
2026-07-03 05:37:46.495,Košice,Подгорица,None,0,55.1,80,1229.5,10,1.0,0.0,0.0,-0.006,-0.003,-0.475,1.83,11.85,6.33,72.6,Normal
2026-07-03 05:37:47.489,Košice,Подгорица,None,0,56.8,80,1265.6,10,1.0,0.0,1.0,-0.006,0.013,-0.464,1.83,11.85,6.33,72.5,Normal
2026-07-03 05:37:48.480,Košice,Подгорица,None,0,58.4,80,1302.4,10,1.0,0.0,0.0,-0.001,-0.023,-0.473,1.83,11.85,6.33,72.5,Normal
2026-07-03 05:37:49.505,Košice,Подгорица,None,0,60.1,80,1339.8,10,1.0,0.0,0.0,0.001,0.009,-0.461,1.83,11.86,6.33,72.5,Normal
2026-07-03 05:37:50.481,Košice,Подгорица,None,0,61.8,80,1376.1,10,1.0,0.0,0.0,-0.005,0.011,-0.454,1.83,11.86,6.33,72.4,Normal
2026-07-03 05:37:51.494,Košice,Подгорица,None,0,63.4,80,1413.0,10,1.0,0.0,0.0,-0.007,0.066,-0.461,1.83,11.86,6.33,72.4,Normal
2026-07-03 05:37:52.481,Košice,Подгорица,None,0,65.0,80,1445.4,10,0.82,0.0,0.0,-0.022,-0.019,-0.44,1.83,11.86,6.33,72.4,Normal
2026-07-03 05:37:53.482,Košice,Подгорица,None,0,65.3,80,1168.5,11,0.8,0.0,0.0,0.008,0.04,0.058,1.83,11.86,6.33,72.4,Normal
2026-07-03 05:37:54.481,Košice,Подгорица,None,0,65.8,80,1183.1,11,1.0,0.0,0.0,0.009,-0.01,-0.354,1.83,11.86,6.33,72.3,Normal
2026-07-03 05:37:55.482,Košice,Подгорица,None,0,67.4,80,1212.7,11,0.9,0.0,-1.0,0.024,0.018,-0.483,1.83,11.86,6.33,72.3,Normal
2026-07-03 05:37:56.499,Košice,Подгорица,None,0,69.3,80,1246.6,11,0.9,0.0,-1.0,0.023,0.006,-0.509,1.83,11.86,6.33,72.3,Normal
2026-07-03 05:37:57.483,Košice,Подгорица,None,0,71.1,80,1277.6,11,0.92,0.0,0.0,-0.005,-0.067,-0.46,1.83,11.87,6.33,72.3,Normal
2026-07-03 05:37:58.484,Košice,Подгорица,None,0,72.6,80,1305.6,11,1.0,0.0,1.0,-0.087,0.047,-0.44,1.83,11.87,6.33,72.2,Normal
2026-07-03 05:37:59.483,Košice,Подгорица,None,0,74.2,80,1334.2,11,0.93,0.0,-1.0,0.004,-0.024,-0.449,1.83,11.87,6.33,72.2,Normal
2026-07-03 05:38:00.484,Košice,Подгорица,None,0,75.8,80,1362.6,11,0.93,0.0,-1.0,-0.0,-0.029,-0.45,1.83,11.87,6.33,72.2,Normal
2026-07-03 05:38:01.485,Košice,Подгорица,None,0,77.3,80,1388.7,11,0.93,0.0,-1.0,-0.032,-0.015,-0.412,1.83,11.87,6.33,72.1,Normal
2026-07-03 05:38:02.485,Košice,Подгорица,None,0,78.7,80,1413.3,11,0.92,0.0,-1.0,-0.0,-0.012,-0.351,1.83,11.87,6.33,72.1,Normal
2026-07-03 05:38:03.485,Košice,Подгорица,None,0,79.9,80,1431.8,11,0.83,0.0,-1.0,0.008,0.016,-0.295,1.83,11.87,6.33,72.1,Normal
2026-07-03 05:38:04.486,Košice,Подгорица,None,0,79.8,80,1107.5,12,0.77,0.0,-1.0,-0.006,0.03,0.138,1.83,11.87,6.33,72.1,Normal
2026-07-03 05:38:05.486,Košice,Подгорица,None,0,79.6,80,1108.5,12,1.0,0.0,-1.0,-0.003,-0.083,-0.029,1.83,11.87,6.33,72.1,Normal
2026-07-03 05:38:06.486,Košice,Подгорица,None,0,79.7,80,1109.9,12,0.99,0.0,-1.0,-0.008,-0.023,-0.029,1.83,11.87,6.33,72.1,Normal
2026-07-03 05:38:07.501,Košice,Подгорица,None,0,79.8,80,1111.6,12,0.97,0.0,-1.0,0.093,0.012,-0.023,1.83,11.87,6.33,72.1,Normal
2026-07-03 05:38:08.487,Košice,Подгорица,None,0,80.0,80,1113.5,12,0.9,0.0,-1.0,0.028,0.059,-0.046,1.83,11.87,6.33,72.1,Normal
2026-07-03 05:38:09.487,Košice,Подгорица,None,0,79.8,80,1106.5,12,0.0,0.0,1.0,-0.07,0.025,0.166,1.83,11.87,6.33,72.1,Normal
2026-07-03 05:38:10.498,Košice,Подгорица,None,0,79.7,80,1109.4,12,0.0,0.0,1.0,-0.076,-0.026,-0.114,1.83,11.88,6.33,72.0,Normal
2026-07-03 05:38:11.510,Košice,Подгорица,None,0,80.0,80,1111.7,12,0.0,0.0,0.0,0.005,0.011,-0.04,1.83,11.88,6.33,72.0,Normal
2026-07-03 05:38:12.488,Košice,Подгорица,None,0,80.0,80,1109.2,12,0.0,0.0,0.0,0.037,-0.021,0.076,1.83,11.88,6.33,72.0,Normal
2026-07-03 05:38:13.501,Košice,Подгорица,None,0,79.6,80,1103.4,12,0.0,0.0,0.0,0.04,-0.002,0.127,1.83,11.88,6.33,72.0,Normal
2026-07-03 05:38:14.489,Košice,Подгорица,None,0,79.1,80,1097.3,12,0.0,0.0,0.0,0.03,-0.097,0.138,1.83,11.88,6.33,72.0,Normal
2026-07-03 05:38:15.509,Košice,Подгорица,None,0,78.7,80,1090.9,12,0.0,0.0,0.0,0.137,0.062,0.119,1.83,11.88,6.33,72.0,Normal
2026-07-03 05:38:16.507,Košice,Подгорица,None,0,78.2,80,1085.0,12,0.0,0.0,0.0,0.027,0.008,0.085,1.83,11.88,6.33,72.0,Normal
2026-07-03 05:38:17.502,Košice,Подгорица,None,0,78.2,80,1085.2,12,0.0,0.0,0.0,-0.035,-0.024,-0.059,1.83,11.88,6.33,72.0,Normal
2026-07-03 05:38:18.490,Košice,Подгорица,None,0,78.7,80,1092.0,12,0.0,0.0,0.0,-0.022,-0.006,-0.173,1.83,11.88,6.33,72.0,Normal
2026-07-03 05:38:19.509,Košice,Подгорица,None,0,79.5,80,1102.9,12,0.0,0.0,-1.0,0.124,0.021,-0.239,1.83,11.88,6.33,72.0,Normal
2026-07-03 05:38:20.491,Košice,Подгорица,None,0,80.4,80,1115.3,12,0.0,0.0,-1.0,0.011,0.052,-0.243,1.83,11.89,6.33,72.0,Normal
2026-07-03 05:38:21.491,Košice,Подгорица,None,0,81.2,80,1126.6,12,0.0,0.0,-1.0,-0.012,0.051,-0.214,1.83,11.89,6.33,72.0,Normal
2026-07-03 05:38:22.510,Košice,Подгорица,None,0,81.7,80,1133.5,12,0.0,0.0,-1.0,-0.006,-0.102,-0.082,1.83,11.89,6.33,72.0,Normal
2026-07-03 05:38:23.507,Košice,Подгорица,None,0,81.9,80,1136.5,12,0.0,0.0,0.0,-0.028,0.014,-0.057,1.83,11.89,6.33,72.0,Normal
2026-07-03 05:38:24.494,Košice,Подгорица,None,0,82.1,80,1138.2,12,0.0,0.0,-1.0,-0.013,0.004,-0.022,1.83,11.89,6.33,72.0,Normal
2026-07-03 05:38:25.515,Košice,Подгорица,None,0,82.1,80,1138.6,12,0.0,0.0,-1.0,0.017,0.004,0.015,1.83,11.89,6.33,72.0,Normal
2026-07-03 05:38:26.494,Košice,Подгорица,None,0,82.1,80,1138.1,12,0.0,0.0,-1.0,0.004,-0.014,0.032,1.83,11.89,6.33,72.0,Normal
2026-07-03 05:38:27.494,Košice,Подгорица,None,0,82.0,80,1136.5,12,0.0,0.0,-1.0,0.036,-0.03,0.041,1.83,11.9,6.33,72.0,Normal
2026-07-03 05:38:28.494,Košice,Подгорица,None,0,81.8,80,1134.0,12,0.0,0.0,-1.0,0.022,0.065,0.057,1.83,11.9,6.33,72.0,Normal
2026-07-03 05:38:29.494,Košice,Подгорица,None,0,81.6,80,1131.0,12,0.0,0.0,1.0,-0.157,-0.001,0.078,1.84,11.9,6.33,72.0,Normal
2026-07-03 05:38:30.494,Košice,Подгорица,None,0,81.3,80,1127.6,12,0.0,0.0,-1.0,0.131,0.034,0.076,1.84,11.9,6.33,72.0,Normal
2026-07-03 05:38:31.495,Košice,Подгорица,None,0,81.0,80,1123.8,12,0.0,0.0,-1.0,0.032,-0.029,0.081,1.84,11.9,6.33,72.0,Normal
2026-07-03 05:38:32.495,Košice,Подгорица,None,0,80.8,80,1120.0,12,0.0,0.0,0.0,-0.21,-0.105,0.093,1.84,11.9,6.33,72.0,Normal
2026-07-03 05:38:33.495,Košice,Подгорица,None,0,80.3,80,1114.2,12,0.0,0.0,0.0,-0.086,0.04,0.106,1.84,11.9,6.33,72.0,Normal
2026-07-03 05:38:34.496,Košice,Подгорица,None,0,80.1,80,1113.4,12,0.0,0.0,0.0,-0.044,0.026,0.001,1.84,11.91,6.33,72.0,Normal
2026-07-03 05:38:35.516,Košice,Подгорица,None,0,80.2,80,1114.7,12,0.0,0.0,-1.0,0.11,-0.038,-0.004,1.84,11.91,6.33,72.0,Normal
2026-07-03 05:38:36.506,Košice,Подгорица,None,0,80.2,80,1114.7,12,0.0,0.0,-1.0,0.247,-0.064,0.025,1.84,11.91,6.33,72.0,Normal
2026-07-03 05:38:37.512,Košice,Подгорица,None,0,80.0,80,1113.4,12,0.0,0.0,-1.0,-0.058,-0.004,0.064,1.84,11.91,6.33,72.0,Normal
2026-07-03 05:38:38.508,Košice,Подгорица,None,0,79.8,80,1112.2,12,0.0,0.0,-1.0,0.003,0.015,0.036,1.84,11.91,6.33,72.0,Normal
2026-07-03 05:38:39.497,Košice,Подгорица,None,0,79.7,80,1109.8,12,0.0,0.0,0.0,-0.085,0.03,0.055,1.84,11.92,6.33,71.9,Normal
2026-07-03 05:38:40.508,Košice,Подгорица,None,0,78.8,80,1091.7,12,0.0,0.0,1.0,-0.052,-0.041,0.403,1.84,11.92,6.33,71.9,Normal
2026-07-03 05:38:41.518,Košice,Подгорица,None,0,77.2,80,1070.0,12,0.0,0.0,1.0,-0.039,-0.022,0.444,1.84,11.92,6.33,71.9,Normal
2026-07-03 05:38:42.498,Košice,Подгорица,None,0,75.7,80,1049.1,12,0.0,0.0,1.0,-0.073,-0.036,0.421,1.84,11.92,6.33,71.9,Normal
2026-07-03 05:38:43.498,Košice,Подгорица,None,0,74.5,80,1033.6,12,0.23,0.0,1.0,-0.014,-0.078,0.273,1.84,11.92,6.33,71.9,Normal
2026-07-03 05:38:44.499,Košice,Подгорица,None,0,73.4,80,1017.3,12,0.0,0.0,1.0,0.003,-0.015,0.314,1.84,11.92,6.34,71.9,Normal
2026-07-03 05:38:45.499,Košice,Подгорица,None,0,72.5,80,1006.8,12,0.31,0.0,1.0,0.032,-0.06,0.165,1.84,11.92,6.34,71.9,Normal
2026-07-03 05:38:46.500,Košice,Подгорица,None,0,72.2,80,1003.4,12,0.3,0.0,1.0,-0.012,-0.066,0.025,1.84,11.93,6.34,71.9,Normal
2026-07-03 05:38:47.500,Košice,Подгорица,None,0,72.2,80,1003.4,12,0.3,0.0,1.0,0.0,0.025,-0.024,1.84,11.93,6.34,71.9,Normal
2026-07-03 05:38:48.515,Košice,Подгорица,None,0,72.3,80,1003.2,12,0.0,0.0,0.0,0.023,0.111,0.011,1.84,11.93,6.34,71.9,Normal
2026-07-03 05:38:49.526,Košice,Подгорица,None,0,72.1,80,1000.2,12,0.0,0.0,0.0,0.007,0.022,0.04,1.84,11.93,6.34,71.9,Normal
2026-07-03 05:38:50.502,Košice,Подгорица,None,0,72.0,80,997.9,12,0.0,0.0,1.0,-0.037,0.007,0.056,1.84,11.93,6.34,71.9,Normal
2026-07-03 05:38:51.502,Košice,Подгорица,None,0,71.8,80,995.5,12,0.0,0.0,1.0,0.015,-0.073,0.072,1.84,11.93,6.34,71.9,Normal
2026-07-03 05:38:52.503,Košice,Подгорица,None,0,71.5,80,991.2,12,0.0,0.0,0.0,0.023,0.025,0.098,1.84,11.93,6.34,71.9,Normal
2026-07-03 05:38:53.503,Košice,Подгорица,None,0,71.1,80,986.0,12,0.07,0.0,1.0,0.017,-0.175,0.129,1.84,11.93,6.34,71.9,Normal
2026-07-03 05:38:54.504,Košice,Подгорица,None,0,70.5,80,1261.3,11,0.1,0.0,0.0,0.016,0.092,0.208,1.84,11.94,6.34,71.9,Normal
2026-07-03 05:38:55.525,Košice,Подгорица,None,0,69.6,80,1245.4,11,0.18,0.0,-1.0,0.011,-0.044,0.329,1.84,11.94,6.34,71.9,Normal
2026-07-03 05:38:56.504,Košice,Подгорица,None,0,68.4,80,1223.2,11,0.0,0.0,0.0,0.016,0.002,0.372,1.84,11.94,6.34,71.9,Normal
2026-07-03 05:38:57.504,Košice,Подгорица,None,0,67.0,80,1199.1,11,0.0,0.0,0.0,-0.004,-0.031,0.394,1.84,11.94,6.34,71.9,Normal
2026-07-03 05:38:58.505,Košice,Подгорица,None,0,65.6,80,1172.9,11,0.0,0.0,0.0,0.012,0.028,0.385,1.84,11.94,6.34,71.9,Normal
2026-07-03 05:38:59.506,Košice,Подгорица,None,0,64.0,80,1144.9,11,0.0,0.0,0.0,0.009,0.103,0.5,1.84,11.94,6.34,71.9,Normal
2026-07-03 05:39:00.506,Košice,Подгорица,None,0,62.1,80,1109.8,11,0.0,0.0,0.0,0.001,-0.007,0.562,1.84,11.95,6.34,71.9,Normal
2026-07-03 05:39:01.526,Košice,Подгорица,None,0,60.1,80,1074.4,11,0.0,0.0,-1.0,0.078,0.055,0.524,1.84,11.95,6.34,71.9,Normal
2026-07-03 05:39:02.517,Košice,Подгорица,None,0,58.3,80,1041.1,11,0.0,0.0,-1.0,0.027,0.074,0.517,1.84,11.95,6.34,71.9,Normal
2026-07-03 05:39:03.528,Košice,Подгорица,None,0,56.4,80,1007.3,11,0.0,0.0,1.0,-0.068,-0.046,0.517,1.84,11.95,6.34,71.9,Normal
2026-07-03 05:39:04.507,Košice,Подгорица,None,0,54.6,80,976.1,11,0.0,0.0,1.0,-0.048,-0.03,0.502,1.84,11.95,6.34,71.9,Normal
2026-07-03 05:39:05.525,Košice,Подгорица,None,0,52.9,80,1172.3,10,0.0,0.0,1.0,-0.03,0.026,0.446,1.84,11.95,6.34,71.9,Normal
2026-07-03 05:39:06.507,Košice,Подгорица,None,0,51.4,80,1139.1,10,0.0,0.0,0.0,0.048,-0.32,0.391,1.84,11.95,6.34,71.9,Normal
2026-07-03 05:39:07.507,Košice,Подгорица,None,0,50.2,80,1110.5,10,0.0,0.0,0.0,0.015,-0.087,0.407,1.84,11.95,6.34,71.9,Normal
2026-07-03 05:39:08.509,Košice,Подгорица,None,0,48.7,80,1077.5,10,0.0,0.0,0.0,0.005,-0.027,0.398,1.84,11.95,6.34,71.9,Normal
2026-07-03 05:39:09.508,Košice,Подгорица,None,0,47.3,80,1046.2,10,0.0,0.0,-1.0,0.161,-0.331,0.379,1.84,11.95,6.34,71.9,Normal
2026-07-03 05:39:10.510,Košice,Подгорица,None,0,46.0,80,1018.8,10,0.0,0.0,0.0,-0.002,0.003,0.351,1.84,11.95,6.34,71.9,Normal
2026-07-03 05:39:11.531,Košice,Подгорица,None,0,44.8,80,990.8,10,0.0,0.0,0.0,-0.003,-0.016,0.338,1.84,11.96,6.34,71.9,Normal
2026-07-03 05:39:12.510,Košice,Подгорица,None,0,43.6,80,965.3,10,0.0,0.0,0.0,-0.001,0.012,0.338,1.84,11.96,6.34,71.9,Normal
2026-07-03 05:39:13.530,Košice,Подгорица,None,0,40.7,80,1040.6,10,0.0,0.29,-1.0,0.022,0.078,1.47,1.84,11.96,6.34,71.9,Normal
2026-07-03 05:39:14.525,Košice,Подгорица,None,0,35.6,80,1009.7,9,0.0,0.32,-1.0,0.062,0.046,1.7,1.84,11.96,6.34,71.9,Normal
2026-07-03 05:39:15.511,Košice,Подгорица,None,0,29.4,80,961.5,9,0.0,0.0,-1.0,0.066,-0.035,1.453,1.84,11.96,6.34,71.9,Normal
2026-07-03 05:39:16.511,Košice,Подгорица,None,0,27.7,80,1013.9,8,0.0,0.0,-1.0,-0.037,-0.321,0.243,1.84,11.96,6.34,71.9,Normal
2026-07-03 05:39:17.512,Košice,Подгорица,None,0,27.5,80,1007.7,8,0.0,0.0,-1.0,0.105,0.072,0.007,1.84,11.96,6.34,71.9,Normal
2026-07-03 05:39:18.512,Košice,Подгорица,None,0,27.6,80,1011.8,8,0.0,0.0,-1.0,0.058,-0.007,-0.088,1.84,11.96,6.34,71.9,Normal
2026-07-03 05:39:19.513,Košice,Подгорица,None,0,28.0,80,1026.1,8,0.0,0.0,-1.0,0.039,-0.011,-0.111,1.84,11.96,6.34,71.9,Normal
2026-07-03 05:39:20.512,Košice,Подгорица,None,0,28.2,80,1034.5,8,0.0,0.0,-1.0,0.036,-0.023,-0.091,1.84,11.96,6.34,71.9,Normal
2026-07-03 05:39:21.532,Košice,Подгорица,None,0,28.7,80,1052.9,8,0.0,0.0,-1.0,0.053,-0.179,-0.199,1.84,11.96,6.34,71.9,Normal
2026-07-03 05:39:22.524,Košice,Подгорица,None,0,29.5,80,1080.8,8,0.0,0.0,-1.0,0.01,-0.375,-0.279,1.84,11.96,6.34,71.9,Normal
2026-07-03 05:39:23.513,Košice,Подгорица,None,0,30.5,80,1119.2,8,0.0,0.0,-1.0,0.034,0.114,-0.338,1.84,11.96,6.34,71.9,Normal
2026-07-03 05:39:24.514,Košice,Подгорица,None,0,31.9,80,1168.7,8,0.0,0.0,-1.0,0.015,-0.129,-0.431,1.84,11.96,6.34,71.9,Normal
2026-07-03 05:39:25.515,Košice,Подгорица,None,0,33.4,80,1224.0,8,0.0,0.0,-1.0,0.042,-0.124,-0.426,1.84,11.96,6.34,71.9,Normal
2026-07-03 05:39:26.515,Košice,Подгорица,None,0,34.8,80,1275.1,8,0.0,0.0,-1.0,0.079,1.231,-0.359,1.84,11.96,6.34,71.9,Normal
2026-07-03 05:39:27.515,Košice,Подгорица,None,0,35.1,80,1280.1,8,0.0,0.09,-1.0,-0.043,-0.314,0.153,1.84,11.96,6.34,71.9,Normal
2026-07-03 05:39:28.538,Košice,Подгорица,None,0,33.2,80,1209.3,8,0.0,0.15,-1.0,-0.014,0.118,0.626,1.84,11.97,6.34,71.9,Normal
2026-07-03 05:39:29.534,Košice,Подгорица,None,0,31.8,80,1163.9,8,0.0,0.0,-1.0,0.07,-0.368,-0.003,1.84,11.97,6.34,71.9,Normal
2026-07-03 05:39:30.516,Košice,Подгорица,None,0,32.2,80,1176.3,8,0.0,0.0,-1.0,-0.07,0.225,-0.091,1.84,11.97,6.34,71.9,Normal
2026-07-03 05:39:31.517,Košice,Подгорица,None,0,32.7,80,1195.9,8,0.0,0.0,-1.0,-0.006,0.222,-0.129,1.84,11.97,6.34,71.9,Normal
2026-07-03 05:39:32.517,Košice,Подгорица,None,0,33.2,80,1218.5,8,0.0,0.0,-1.0,0.033,0.405,-0.207,1.84,11.97,6.34,71.9,Normal
2026-07-03 05:39:33.517,Košice,Подгорица,None,0,33.7,80,1235.5,8,0.0,0.0,-1.0,-0.026,0.222,-0.175,1.84,11.97,6.34,71.9,Normal
2026-07-03 05:39:34.517,Košice,Подгорица,None,0,34.0,80,1247.6,8,0.0,0.0,-1.0,-0.01,0.182,-0.139,1.84,11.97,6.34,71.9,Normal
2026-07-03 05:39:35.519,Košice,Подгорица,None,0,34.3,80,1255.8,8,0.0,0.16,-1.0,-0.06,-0.02,-0.028,1.84,11.97,6.34,71.9,Normal
2026-07-03 05:39:36.518,Košice,Подгорица,None,0,30.4,80,1105.3,8,0.0,0.4,-1.0,0.007,-0.348,1.776,1.84,11.97,6.34,71.9,Normal
2026-07-03 05:39:37.541,Košice,Подгорица,None,0,23.2,80,856.2,8,0.0,0.0,0.0,-0.036,0.043,1.488,1.84,11.97,6.34,71.9,Normal
2026-07-03 05:39:38.536,Košice,Подгорица,None,0,22.6,80,1071.6,7,0.0,0.0,0.0,-0.015,-0.022,-0.169,1.84,11.97,6.34,71.9,Normal
2026-07-03 05:39:39.520,Košice,Подгорица,None,0,23.0,80,1086.7,7,0.0,0.04,0.0,-0.025,-0.014,0.023,1.84,11.97,6.34,71.9,Normal
2026-07-03 05:39:40.534,Košice,Подгорица,None,0,20.6,80,966.3,7,0.0,0.26,0.0,-0.013,0.046,1.159,1.84,11.97,6.34,71.9,Normal
2026-07-03 05:39:41.540,Košice,Подгорица,None,0,17.1,80,1096.6,7,0.0,0.0,0.0,-0.01,-0.043,0.342,1.84,11.98,6.34,71.9,Normal
2026-07-03 05:39:42.521,Košice,Подгорица,None,0,17.0,80,1331.8,5,0.0,0.0,-1.0,0.343,0.008,0.072,1.84,11.98,6.34,71.9,Normal
2026-07-03 05:39:43.522,Košice,Подгорица,None,0,16.4,80,1277.3,5,0.0,0.0,-1.0,0.211,-0.011,0.242,1.84,11.98,6.34,71.9,Normal
2026-07-03 05:39:44.523,Košice,Подгорица,None,0,15.7,80,1221.4,5,0.0,0.0,-1.0,0.16,-0.032,0.19,1.84,11.98,6.34,71.9,Normal
2026-07-03 05:39:45.545,Košice,Подгорица,None,0,15.0,80,1164.2,5,0.0,0.0,-1.0,0.107,-0.01,0.202,1.84,11.98,6.34,71.9,Normal
2026-07-03 05:39:46.523,Košice,Подгорица,None,0,15.0,80,1193.8,5,0.36,0.0,0.0,-0.168,-0.035,-0.39,1.84,11.98,6.34,71.9,Normal
2026-07-03 05:39:47.524,Košice,Подгорица,None,0,18.1,80,1452.0,5,0.48,0.0,1.0,-0.213,-0.016,-0.962,1.84,11.98,6.34,71.8,Normal
2026-07-03 05:39:48.525,Košice,Подгорица,None,0,18.7,80,889.2,7,0.47,0.0,1.0,-0.368,-0.009,0.05,1.84,11.98,6.34,71.8,Normal
2026-07-03 05:39:49.525,Košice,Подгорица,None,0,19.6,80,937.9,7,0.46,0.0,1.0,-0.351,-0.017,-0.468,1.84,11.98,6.34,71.8,Normal
2026-07-03 05:39:50.525,Košice,Подгорица,None,0,21.7,80,1039.7,7,0.51,0.0,1.0,-0.041,-0.01,-0.671,1.84,11.98,6.34,71.8,Normal
2026-07-03 05:39:51.525,Košice,Подгорица,None,0,24.4,80,1164.0,7,0.48,0.0,0.0,0.051,-0.009,-0.746,1.84,11.98,6.34,71.8,Normal
2026-07-03 05:39:52.526,Košice,Подгорица,None,0,27.1,80,1292.2,7,0.48,0.0,-1.0,0.101,-0.046,-0.757,1.84,11.98,6.34,71.8,Normal
2026-07-03 05:39:53.544,Košice,Подгорица,None,0,29.8,80,1421.3,7,0.53,0.0,0.0,0.037,0.456,-0.789,1.84,11.98,6.34,71.8,Normal
2026-07-03 05:39:54.526,Košice,Подгорица,None,0,30.7,80,1127.8,8,0.56,0.0,-1.0,0.011,-0.05,-0.088,1.84,11.98,6.34,71.8,Normal
2026-07-03 05:39:55.527,Košice,Подгорица,None,0,31.8,80,1175.3,8,0.65,0.0,0.0,-0.001,-0.018,-0.524,1.84,11.98,6.34,71.8,Normal
2026-07-03 05:39:56.546,Košice,Подгорица,None,0,33.9,80,1251.0,8,0.74,0.0,0.0,0.014,-0.007,-0.578,1.84,11.98,6.34,71.7,Normal
2026-07-03 05:39:57.527,Košice,Подгорица,None,0,36.2,80,1338.0,8,0.82,0.0,0.0,0.0,-0.033,-0.707,1.84,11.98,6.34,71.7,Normal
2026-07-03 05:39:58.538,Košice,Подгорица,None,0,38.8,80,1433.2,8,0.92,0.0,0.0,0.006,-0.012,-0.755,1.84,11.98,6.34,71.7,Normal
2026-07-03 05:39:59.528,Košice,Подгорица,None,0,40.8,80,1331.1,8,0.79,0.0,-1.0,0.044,0.118,-0.192,1.84,11.98,6.34,71.7,Normal
2026-07-03 05:40:00.529,Košice,Подгорица,None,0,40.9,80,1177.4,9,0.92,0.0,0.0,-0.019,-0.012,-0.174,1.84,11.98,6.34,71.6,Normal
2026-07-03 05:40:01.528,Košice,Подгорица,None,0,42.7,80,1230.0,9,0.95,0.0,0.0,-0.017,-0.01,-0.594,1.84,11.98,6.34,71.6,Normal
2026-07-03 05:40:02.553,Košice,Подгорица,None,0,44.9,80,1293.6,9,0.93,0.0,0.0,-0.003,0.016,-0.609,1.84,11.99,6.34,71.6,Normal
2026-07-03 05:40:03.529,Košice,Подгорица,None,0,47.0,80,1351.2,9,0.91,0.0,0.0,-0.012,-0.093,-0.522,1.84,11.99,6.34,71.6,Normal
2026-07-03 05:40:04.530,Košice,Подгорица,None,0,48.5,80,1394.5,9,0.85,0.0,0.0,-0.028,-0.015,-0.364,1.84,11.99,6.34,71.5,Normal
2026-07-03 05:40:05.547,Košice,Подгорица,None,0,49.7,80,1430.0,9,0.86,0.0,1.0,0.011,0.041,-0.331,1.84,11.99,6.34,71.5,Normal
2026-07-03 05:40:06.531,Košice,Подгорица,None,0,50.8,80,1460.4,9,0.87,0.0,1.0,-0.005,0.015,-0.307,1.85,11.99,6.34,71.5,Normal
2026-07-03 05:40:07.530,Košice,Подгорица,None,0,51.8,80,1488.7,9,0.85,0.0,1.0,-0.003,0.034,-0.253,1.85,11.99,6.34,71.4,Normal
2026-07-03 05:40:08.552,Košice,Подгорица,None,0,52.8,80,1516.1,9,0.88,0.0,0.0,0.001,0.014,-0.25,1.85,11.99,6.34,71.4,Normal
2026-07-03 05:40:09.532,Košice,Подгорица,None,0,53.6,80,1540.2,9,0.86,0.0,0.0,0.005,0.001,-0.23,1.85,11.99,6.34,71.4,Normal
2026-07-03 05:40:10.532,Košice,Подгорица,None,0,54.4,80,1563.5,9,0.87,0.0,1.0,-0.011,-0.061,-0.22,1.85,11.99,6.34,71.3,Normal
2026-07-03 05:40:11.552,Košice,Подгорица,None,0,54.7,80,1569.4,9,0.86,0.0,1.0,-0.01,0.069,0.003,1.85,11.99,6.34,71.3,Normal
2026-07-03 05:40:12.533,Košice,Подгорица,None,0,54.7,80,1569.3,9,0.83,0.0,0.0,0.021,0.072,0.013,1.85,11.99,6.34,71.3,Normal
2026-07-03 05:40:13.554,Košice,Подгорица,None,0,54.6,80,1568.1,9,0.81,0.0,0.0,0.013,-0.002,0.021,1.85,11.99,6.34,71.2,Normal
2026-07-03 05:40:14.533,Košice,Подгорица,None,0,54.6,80,1565.9,9,0.81,0.0,0.0,-0.004,-0.015,0.005,1.85,12.0,6.34,71.2,Normal
2026-07-03 05:40:15.534,Košice,Подгорица,None,0,54.9,80,1575.8,9,0.66,0.0,0.0,0.001,0.071,-0.113,1.85,12.0,6.34,71.2,Normal
2026-07-03 05:40:16.534,Košice,Подгорица,None,0,55.2,80,1586.0,9,0.78,0.0,0.0,0.011,-0.956,-0.015,1.85,12.0,6.34,71.2,Normal
2026-07-03 05:40:17.558,Košice,Подгорица,None,0,55.0,80,1443.3,9,0.8,0.0,1.0,-0.101,-0.01,0.009,1.85,12.0,6.34,71.1,Normal
2026-07-03 05:40:18.535,Košice,Подгорица,None,0,54.7,80,1216.3,10,0.83,0.0,1.0,0.037,-0.015,0.093,1.85,12.0,6.34,71.1,Normal
2026-07-03 05:40:19.535,Košice,Подгорица,None,0,55.1,80,1227.7,10,0.8,0.0,1.0,-0.02,-0.016,-0.175,1.85,12.0,6.34,71.1,Normal
2026-07-03 05:40:20.559,Košice,Подгорица,None,0,55.7,80,1239.8,10,0.81,0.0,1.0,-0.036,0.001,-0.132,1.85,12.01,6.34,71.1,Normal
2026-07-03 05:40:21.537,Košice,Подгорица,None,0,56.1,80,1250.3,10,0.79,0.0,1.0,-0.054,-0.007,-0.134,1.85,12.01,6.34,71.1,Normal
2026-07-03 05:40:22.555,Košice,Подгорица,None,0,56.6,80,1259.6,10,0.81,0.0,1.0,0.09,0.05,-0.123,1.85,12.01,6.34,71.0,Normal
2026-07-03 05:40:23.552,Košice,Подгорица,None,0,57.1,80,1271.0,10,0.82,0.0,0.0,0.066,0.047,-0.162,1.85,12.01,6.34,71.0,Normal
2026-07-03 05:40:24.538,Košice,Подгорица,None,0,57.7,80,1285.7,10,0.84,0.0,1.0,0.026,0.028,-0.224,1.85,12.01,6.34,71.0,Normal
2026-07-03 05:40:25.538,Košice,Подгорица,None,0,58.8,80,1309.0,10,0.8,0.0,0.0,-0.023,0.003,-0.327,1.85,12.01,6.34,71.0,Normal
2026-07-03 05:40:26.538,Košice,Подгорица,None,0,60.2,80,1340.2,10,0.84,0.0,0.0,0.006,-0.028,-0.395,1.85,12.01,6.34,70.9,Normal
2026-07-03 05:40:27.539,Košice,Подгорица,None,0,61.6,80,1371.7,10,0.84,0.0,1.0,-0.018,-0.005,-0.403,1.85,12.01,6.34,70.9,Normal
2026-07-03 05:40:28.552,Košice,Подгорица,None,0,63.1,80,1404.2,10,0.86,0.0,0.0,-0.013,0.008,-0.391,1.85,12.01,6.34,70.9,Normal
2026-07-03 05:40:29.565,Košice,Подгорица,None,0,63.5,80,1138.3,11,0.75,0.0,0.0,-0.035,0.07,0.071,1.85,12.01,6.34,70.9,Normal
2026-07-03 05:40:30.576,Košice,Подгорица,None,0,63.5,80,1140.1,11,0.74,0.0,-1.0,0.023,-0.044,-0.119,1.85,12.02,6.34,70.8,Normal
2026-07-03 05:40:31.574,Košice,Подгорица,None,0,64.1,80,1151.5,11,0.73,0.0,-1.0,0.012,0.006,-0.193,1.85,12.02,6.34,70.8,Normal
2026-07-03 05:40:32.571,Košice,Подгорица,None,0,64.8,80,1164.2,11,0.72,0.0,-1.0,0.052,-0.008,-0.201,1.85,12.02,6.34,70.8,Normal
2026-07-03 05:40:33.575,Košice,Подгорица,None,0,65.5,80,1176.5,11,0.7,0.0,-1.0,0.0,-0.014,-0.191,1.85,12.02,6.34,70.8,Normal
2026-07-03 05:40:34.541,Košice,Подгорица,None,0,66.2,80,1189.8,11,0.69,0.0,-1.0,0.002,-0.012,-0.222,1.85,12.02,6.34,70.8,Normal
2026-07-03 05:40:35.564,Košice,Подгорица,None,0,65.9,80,1177.6,11,0.0,0.0,-1.0,0.003,0.095,0.45,1.85,12.02,6.34,70.7,Normal
2026-07-03 05:40:36.543,Košice,Подгорица,None,0,64.1,80,1144.5,11,0.0,0.0,-1.0,0.094,0.015,0.527,1.85,12.02,6.34,70.7,Normal
2026-07-03 05:40:37.543,Košice,Подгорица,None,0,62.5,80,1119.0,11,0.36,0.0,-1.0,0.028,0.001,0.238,1.85,12.02,6.34,70.7,Normal
2026-07-03 05:40:38.544,Košice,Подгорица,None,0,63.1,70,1133.1,11,0.4,0.0,0.0,-0.123,0.01,-0.341,1.85,12.02,6.34,70.7,Normal
2026-07-03 05:40:39.544,Košice,Подгорица,None,0,64.6,70,1159.9,11,0.39,0.0,0.0,-0.043,-0.021,-0.451,1.85,12.03,6.34,70.7,Normal
2026-07-03 05:40:40.560,Košice,Подгорица,None,0,66.2,70,1189.2,11,0.42,0.0,0.0,0.0,0.039,-0.489,1.85,12.03,6.34,70.7,Normal
2026-07-03 05:40:41.544,Košice,Подгорица,None,0,68.1,70,1222.7,11,0.51,0.0,1.0,-0.094,-0.026,-0.531,1.85,12.03,6.34,70.7,Normal
2026-07-03 05:40:42.545,Košice,Подгорица,None,0,69.8,70,1253.7,11,0.5,0.0,1.0,-0.128,0.038,-0.473,1.85,12.03,6.34,70.7,Normal
2026-07-03 05:40:43.546,Košice,Подгорица,None,0,71.3,70,1280.3,11,0.5,0.0,1.0,-0.08,0.027,-0.37,1.85,12.03,6.34,70.7,Normal
2026-07-03 05:40:44.546,Košice,Подгорица,None,0,72.3,70,1296.1,11,0.51,0.0,1.0,0.046,-0.405,-0.166,1.85,12.03,6.34,70.6,Normal
2026-07-03 05:40:45.547,Košice,Подгорица,None,0,73.1,70,1312.4,11,0.47,0.0,0.0,0.071,-0.011,-0.263,1.85,12.04,6.34,70.6,Normal
2026-07-03 05:40:46.547,Košice,Подгорица,None,0,74.0,70,1328.1,11,0.46,0.0,0.0,0.052,0.007,-0.253,1.85,12.04,6.34,70.6,Normal
2026-07-03 05:40:47.547,Košice,Подгорица,None,0,74.9,70,1344.3,11,0.46,0.0,-1.0,0.01,0.002,-0.251,1.85,12.04,6.34,70.6,Normal
2026-07-03 05:40:48.547,Košice,Подгорица,None,0,75.2,70,1341.2,11,0.0,0.5,1.0,-0.054,0.078,0.591,1.85,12.04,6.34,70.6,Speeding
2026-07-03 05:40:49.559,Košice,Подгорица,None,0,73.4,70,1313.4,11,0.0,0.0,0.0,0.004,0.014,0.106,1.85,12.04,6.34,70.6,Normal
2026-07-03 05:40:50.572,Košice,Подгорица,None,0,73.5,70,1315.4,11,0.0,0.0,0.0,0.04,0.069,-0.057,1.85,12.04,6.34,70.6,Normal
2026-07-03 05:40:51.549,Košice,Подгорица,None,0,73.6,70,1316.8,11,0.0,0.0,1.0,-0.032,-0.09,-0.041,1.85,12.04,6.34,70.6,Normal
2026-07-03 05:40:52.548,Košice,Подгорица,None,0,73.5,70,1315.1,11,0.0,0.0,1.0,-0.02,-0.022,0.012,1.85,12.04,6.34,70.6,Normal
2026-07-03 05:40:53.572,Košice,Подгорица,None,0,73.4,70,1313.7,11,0.0,0.0,0.0,0.028,-0.051,0.068,1.85,12.05,6.34,70.6,Normal
2026-07-03 05:40:54.568,Košice,Подгорица,None,0,73.3,70,1313.6,11,0.0,0.0,0.0,-0.033,0.023,-0.04,1.85,12.05,6.34,70.5,Normal
2026-07-03 05:40:55.549,Košice,Подгорица,None,0,73.4,70,1315.3,11,0.0,0.0,0.0,0.018,0.028,-0.021,1.85,12.05,6.34,70.5,Normal
2026-07-03 05:40:56.549,Košice,Подгорица,None,0,73.5,70,1316.1,11,0.0,0.0,-1.0,0.021,0.012,-0.005,1.85,12.05,6.34,70.5,Normal
2026-07-03 05:40:57.568,Košice,Подгорица,None,0,73.5,70,1316.5,11,0.0,0.0,0.0,0.001,-0.012,0.004,1.85,12.05,6.34,70.5,Normal
2026-07-03 05:40:58.551,Košice,Подгорица,None,0,73.5,70,1316.5,11,0.0,0.0,-1.0,0.007,0.026,-0.017,1.85,12.05,6.34,70.5,Normal
2026-07-03 05:40:59.551,Košice,Подгорица,None,0,73.5,70,1316.7,11,0.0,0.0,-1.0,-0.001,-0.033,-0.009,1.85,12.05,6.34,70.5,Normal
2026-07-03 05:41:00.574,Košice,Подгорица,None,0,73.5,70,1316.3,11,0.0,0.0,0.0,0.006,-0.005,0.006,1.85,12.06,6.34,70.5,Normal
2026-07-03 05:41:01.568,Košice,Подгорица,None,0,73.3,70,1314.7,11,0.0,0.0,0.0,-0.044,0.01,0.074,1.85,12.06,6.34,70.5,Normal
2026-07-03 05:41:02.569,Košice,Подгорица,None,0,73.3,70,1314.9,11,0.0,0.0,0.0,-0.003,-0.134,-0.025,1.85,12.06,6.34,70.5,Normal
2026-07-03 05:41:03.569,Košice,Подгорица,None,0,73.4,70,1316.0,11,0.0,0.0,-1.0,-0.002,-0.036,-0.018,1.85,12.06,6.34,70.5,Normal
2026-07-03 05:41:04.564,Košice,Подгорица,None,0,73.4,70,1317.0,11,0.0,0.0,-1.0,0.025,-0.019,-0.01,1.85,12.06,6.34,70.4,Normal
2026-07-03 05:41:05.553,Košice,Подгорица,None,0,73.5,70,1317.4,11,0.0,0.0,-1.0,0.033,0.02,-0.001,1.85,12.06,6.34,70.4,Normal
2026-07-03 05:41:06.554,Košice,Подгорица,None,0,73.5,70,1317.4,11,0.0,0.0,-1.0,0.019,0.017,0.012,1.85,12.07,6.34,70.4,Normal
2026-07-03 05:41:07.554,Košice,Подгорица,None,0,73.5,70,1317.8,11,0.0,0.0,-1.0,0.005,0.018,-0.009,1.85,12.07,6.34,70.4,Normal
2026-07-03 05:41:08.554,Košice,Подгорица,None,0,73.5,70,1317.8,11,0.0,0.0,-1.0,0.002,-0.051,-0.001,1.85,12.07,6.34,70.4,Normal
2026-07-03 05:41:09.554,Košice,Подгорица,None,0,73.5,70,1318.5,11,0.0,0.0,-1.0,0.136,0.196,-0.078,1.85,12.07,6.34,70.4,Normal
2026-07-03 05:41:10.554,Košice,Подгорица,None,0,73.8,70,1321.3,11,0.0,0.0,0.0,-0.097,0.009,-0.037,1.85,12.07,6.34,70.3,Normal
2026-07-03 05:41:11.576,Košice,Подгорица,None,0,73.7,70,1319.7,11,0.0,0.0,0.0,-0.046,0.009,0.026,1.85,12.07,6.34,70.3,Normal
2026-07-03 05:41:12.555,Košice,Подгорица,None,0,73.6,80,1318.8,11,0.75,0.0,-1.0,0.008,0.013,0.012,1.85,12.07,6.34,70.3,Normal
2026-07-03 05:41:13.557,Košice,Подгорица,None,0,74.5,80,1338.2,11,0.99,0.0,1.0,-0.097,0.004,-0.384,1.86,12.08,6.34,70.3,Normal
2026-07-03 05:41:14.556,Košice,Подгорица,None,0,75.9,80,1362.9,11,0.87,0.0,1.0,-0.014,0.039,-0.378,1.86,12.08,6.34,70.3,Normal
2026-07-03 05:41:15.577,Košice,Подгорица,None,0,77.2,80,1386.6,11,0.82,0.0,1.0,-0.041,0.001,-0.381,1.86,12.08,6.34,70.2,Normal
2026-07-03 05:41:16.556,Košice,Подгорица,None,0,78.0,80,1176.0,11,0.67,0.0,1.0,-0.137,0.118,-0.057,1.86,12.08,6.34,70.2,Normal
2026-07-03 05:41:17.556,Košice,Подгорица,None,0,78.1,80,1086.8,12,0.69,0.0,1.0,-0.02,-0.011,-0.108,1.86,12.08,6.34,70.2,Normal
2026-07-03 05:41:18.574,Košice,Подгорица,None,0,78.7,80,1096.5,12,0.75,0.0,1.0,-0.008,-0.02,-0.198,1.86,12.08,6.34,70.2,Normal
2026-07-03 05:41:19.557,Košice,Подгорица,None,0,79.3,80,1100.1,12,0.0,0.0,1.0,0.062,0.07,-0.029,1.86,12.08,6.34,70.2,Normal
2026-07-03 05:41:20.557,Košice,Подгорица,None,0,79.0,80,1096.1,12,0.47,0.0,1.0,0.026,0.001,0.141,1.86,12.08,6.34,70.2,Normal
2026-07-03 05:41:21.558,Košice,Подгорица,None,0,79.0,80,1099.3,12,0.59,0.0,1.0,0.059,-0.074,-0.072,1.86,12.09,6.34,70.2,Normal
2026-07-03 05:41:22.560,Košice,Подгорица,None,0,79.2,80,1096.7,12,1.0,0.0,0.0,0.052,0.093,0.06,1.86,12.09,6.34,70.2,Normal
2026-07-03 05:41:23.559,Košice,Подгорица,None,0,78.8,80,1410.2,11,0.46,0.0,0.0,0.021,0.066,0.113,1.86,12.09,6.34,70.2,Normal
2026-07-03 05:41:24.583,Košice,Подгорица,None,0,78.4,80,1087.8,12,0.51,0.0,-1.0,0.094,0.045,0.111,1.86,12.09,6.34,70.2,Normal
2026-07-03 05:41:25.559,Košice,Подгорица,None,0,78.3,80,1089.7,12,0.71,0.0,-1.0,-0.015,-0.001,-0.096,1.86,12.09,6.34,70.1,Normal
2026-07-03 05:41:26.560,Košice,Подгорица,None,0,78.8,80,1096.5,12,0.71,0.0,-1.0,0.01,-0.0,-0.147,1.86,12.1,6.34,70.1,Normal
2026-07-03 05:41:27.561,Košice,Подгорица,None,0,79.3,80,1103.7,12,0.66,0.0,-1.0,0.022,0.061,-0.162,1.86,12.1,6.34,70.1,Normal
2026-07-03 05:41:28.579,Košice,Подгорица,None,0,79.6,80,1104.9,12,0.0,0.0,0.0,-0.092,0.02,0.031,1.86,12.1,6.34,70.1,Normal
2026-07-03 05:41:29.561,Košice,Подгорица,None,0,79.7,80,1108.8,12,0.0,0.0,1.0,-0.091,-0.045,-0.114,1.86,12.1,6.34,70.1,Normal
2026-07-03 05:41:30.562,Košice,Подгорица,None,0,80.1,80,1112.4,12,0.0,0.0,1.0,-0.017,-0.061,-0.091,1.86,12.1,6.34,70.0,Normal
2026-07-03 05:41:31.562,Košice,Подгорица,None,0,80.2,80,1112.5,12,0.0,0.0,1.0,-0.05,-0.004,0.026,1.86,12.1,6.34,70.0,Normal
2026-07-03 05:41:32.562,Košice,Подгорица,None,0,80.2,80,1111.7,12,0.0,0.0,1.0,-0.019,-0.03,0.03,1.86,12.1,6.34,70.0,Normal
2026-07-03 05:41:33.578,Košice,Подгорица,None,0,80.1,80,1110.9,12,0.0,0.0,-1.0,0.127,-0.021,0.007,1.86,12.11,6.34,70.0,Normal
2026-07-03 05:41:34.574,Košice,Подгорица,None,0,79.8,80,1107.5,12,0.0,0.0,0.0,0.003,-0.056,0.084,1.86,12.11,6.34,70.0,Normal
2026-07-03 05:41:35.563,Košice,Подгорица,None,0,79.6,80,1105.1,12,0.0,0.0,0.0,-0.009,-0.017,0.032,1.86,12.11,6.34,70.0,Normal
2026-07-03 05:41:36.575,Košice,Подгорица,None,0,79.7,80,1105.7,12,0.0,0.0,-1.0,-0.008,0.017,-0.034,1.86,12.11,6.34,70.0,Normal
2026-07-03 05:41:37.564,Košice,Подгорица,None,0,79.7,80,1106.1,12,0.0,0.0,-1.0,0.097,-0.012,-0.009,1.86,12.11,6.34,70.0,Normal
2026-07-03 05:41:38.565,Košice,Подгорица,None,0,79.7,80,1105.7,12,0.0,0.0,-1.0,0.01,-0.031,0.015,1.86,12.12,6.34,70.0,Normal
2026-07-03 05:41:39.565,Košice,Подгорица,None,0,79.6,80,1104.6,12,0.0,0.0,-1.0,-0.015,-0.064,0.031,1.86,12.12,6.34,70.0,Normal
2026-07-03 05:41:40.566,Košice,Подгорица,None,0,79.6,80,1104.0,12,0.0,0.0,-1.0,0.017,0.035,0.018,1.86,12.12,6.34,70.0,Normal
2026-07-03 05:41:41.566,Košice,Подгорица,None,0,79.5,80,1103.4,12,0.0,0.0,-1.0,0.033,-0.044,0.017,1.86,12.12,6.34,70.0,Normal
2026-07-03 05:41:42.567,Košice,Подгорица,None,0,79.5,80,1103.9,12,0.0,0.0,0.0,-0.121,0.002,-0.005,1.86,12.12,6.35,70.0,Normal
2026-07-03 05:41:43.567,Košice,Подгорица,None,0,79.5,80,1104.6,12,0.0,0.0,0.0,-0.076,-0.052,-0.009,1.86,12.12,6.35,70.0,Normal
2026-07-03 05:41:44.569,Košice,Подгорица,None,0,79.6,80,1105.1,12,0.0,0.0,-1.0,-0.018,0.059,-0.025,1.86,12.12,6.35,70.0,Normal
2026-07-03 05:41:45.588,Košice,Подгорица,None,0,79.6,80,1104.9,12,0.0,0.0,-1.0,0.048,-0.045,0.011,1.86,12.13,6.35,70.0,Normal
2026-07-03 05:41:46.569,Košice,Подгорица,None,0,79.6,80,1105.2,12,0.0,0.0,1.0,-0.148,-0.061,0.015,1.86,12.13,6.35,70.0,Normal
2026-07-03 05:41:47.593,Košice,Подгорица,None,0,79.6,80,1105.2,12,0.0,0.0,-1.0,0.095,0.078,-0.005,1.86,12.13,6.35,70.0,Normal
2026-07-03 05:41:48.570,Košice,Подгорица,None,0,79.6,80,1105.6,12,0.0,0.0,1.0,-0.04,-0.038,-0.009,1.86,12.13,6.35,70.0,Normal
2026-07-03 05:41:49.570,Košice,Подгорица,None,0,79.6,80,1105.5,12,0.0,0.0,0.0,-0.005,-0.013,0.005,1.86,12.13,6.35,69.9,Normal
2026-07-03 05:41:50.570,Košice,Подгорица,None,0,79.6,80,1105.8,12,0.0,0.0,0.0,0.019,0.002,-0.007,1.86,12.13,6.35,69.9,Normal
2026-07-03 05:41:51.570,Košice,Подгорица,None,0,79.6,80,1105.7,12,0.0,0.0,0.0,0.018,0.064,-0.012,1.86,12.13,6.35,69.9,Normal
2026-07-03 05:41:52.596,Košice,Подгорица,None,0,79.6,80,1105.8,12,0.0,0.0,-1.0,0.053,0.01,-0.015,1.86,12.13,6.35,69.9,Normal
2026-07-03 05:41:53.592,Košice,Подгорица,None,0,79.6,80,1105.4,12,0.0,0.0,0.0,-0.016,0.051,0.005,1.86,12.13,6.35,69.9,Normal
2026-07-03 05:41:54.583,Košice,Подгорица,None,0,79.6,80,1105.4,12,0.0,0.0,-1.0,-0.01,-0.037,0.014,1.86,12.13,6.35,69.9,Normal
2026-07-03 05:41:55.583,Košice,Подгорица,None,0,79.6,80,1105.4,12,0.0,0.0,0.0,-0.012,-0.024,0.008,1.86,12.13,6.35,69.9,Normal
2026-07-03 05:41:56.572,Košice,Подгорица,None,0,79.6,80,1105.4,12,0.0,0.0,-1.0,0.019,0.067,-0.001,1.86,12.13,6.35,69.9,Normal
2026-07-03 05:41:57.585,Košice,Подгорица,None,0,79.6,80,1105.3,12,0.0,0.0,0.0,0.014,-0.004,0.015,1.86,12.13,6.35,69.9,Normal
2026-07-03 05:41:58.584,Košice,Подгорица,None,0,79.6,80,1105.4,12,0.0,0.0,-1.0,0.046,0.036,0.009,1.86,12.13,6.35,69.9,Normal
2026-07-03 05:41:59.595,Košice,Подгорица,None,0,79.6,80,1105.5,12,0.0,0.0,0.0,-0.065,-0.054,-0.003,1.86,12.13,6.35,69.9,Normal
2026-07-03 05:42:00.574,Košice,Подгорица,None,0,79.6,80,1105.2,12,0.0,0.0,-1.0,0.027,-0.004,-0.003,1.86,12.13,6.35,69.9,Normal
2026-07-03 05:42:01.575,Košice,Подгорица,None,0,79.6,80,1105.5,12,0.0,0.0,0.0,-0.025,-0.012,0.007,1.86,12.14,6.35,69.9,Normal
2026-07-03 05:42:02.575,Košice,Подгорица,None,0,79.6,80,1105.6,12,0.0,0.0,0.0,-0.0,-0.004,-0.008,1.86,12.14,6.35,69.9,Normal
2026-07-03 05:42:03.575,Košice,Подгорица,None,0,79.6,80,1105.3,12,0.0,0.0,0.0,-0.024,0.006,0.019,1.86,12.14,6.35,69.9,Normal
2026-07-03 05:42:04.576,Košice,Подгорица,None,0,79.6,80,1105.5,12,0.0,0.0,-1.0,0.011,-0.0,0.023,1.86,12.14,6.35,69.9,Normal
2026-07-03 05:42:05.576,Košice,Подгорица,None,0,79.6,80,1105.4,12,0.0,0.0,-1.0,0.023,-0.0,-0.003,1.86,12.14,6.35,69.9,Normal
2026-07-03 05:42:06.601,Košice,Подгорица,None,0,79.6,80,1105.4,12,0.0,0.0,0.0,0.008,-0.018,0.003,1.86,12.14,6.35,69.9,Normal
2026-07-03 05:42:07.592,Košice,Подгорица,None,0,79.6,80,1105.4,12,0.0,0.0,0.0,-0.01,0.022,0.004,1.86,12.14,6.35,69.9,Normal
2026-07-03 05:42:08.576,Košice,Подгорица,None,0,79.6,80,1105.5,12,0.0,0.0,0.0,0.005,-0.039,0.003,1.86,12.14,6.35,69.9,Normal
2026-07-03 05:42:09.577,Košice,Подгорица,None,0,79.6,80,1105.4,12,0.0,0.0,0.0,0.002,0.048,-0.002,1.86,12.14,6.35,69.9,Normal
2026-07-03 05:42:10.577,Košice,Подгорица,None,0,79.6,80,1105.3,12,0.0,0.0,-1.0,0.015,-0.017,0.012,1.86,12.14,6.35,69.9,Normal
2026-07-03 05:42:11.577,Košice,Подгорица,None,0,79.6,80,1105.5,12,0.0,0.0,-1.0,0.08,-0.022,0.004,1.86,12.14,6.35,69.9,Normal
2026-07-03 05:42:12.601,Košice,Подгорица,None,0,79.6,80,1105.5,12,0.0,0.0,-1.0,0.023,0.044,-0.008,1.86,12.14,6.35,69.9,Normal
2026-07-03 05:42:13.579,Košice,Подгорица,None,0,79.7,80,1106.1,12,0.0,0.0,-1.0,0.007,0.005,-0.027,1.86,12.14,6.35,69.9,Normal
2026-07-03 05:42:14.579,Košice,Подгорица,None,0,79.7,80,1106.5,12,0.0,0.0,0.0,-0.054,0.004,-0.017,1.86,12.14,6.35,69.9,Normal
2026-07-03 05:42:15.579,Košice,Подгорица,None,0,79.7,80,1106.3,12,0.0,0.0,1.0,-0.05,0.002,-0.004,1.86,12.14,6.35,69.9,Normal
2026-07-03 05:42:16.595,Košice,Подгорица,None,0,79.7,80,1105.8,12,0.0,0.0,1.0,-0.03,0.049,0.004,1.86,12.14,6.35,69.9,Normal
2026-07-03 05:42:17.600,Košice,Подгорица,None,0,79.7,80,1105.4,12,0.0,0.0,1.0,-0.058,0.027,-0.001,1.86,12.14,6.35,69.9,Normal
2026-07-03 05:42:18.598,Košice,Подгорица,None,0,79.7,80,1105.3,12,0.0,0.0,1.0,-0.048,-0.007,-0.009,1.86,12.14,6.35,69.9,Normal
2026-07-03 05:42:19.580,Košice,Подгорица,None,0,79.7,80,1105.6,12,0.0,0.0,1.0,0.036,0.019,-0.004,1.86,12.14,6.35,69.9,Normal
2026-07-03 05:42:20.581,Košice,Подгорица,None,0,79.8,80,1106.4,12,0.0,0.0,1.0,0.043,-0.032,-0.01,1.86,12.14,6.35,69.9,Normal
2026-07-03 05:42:21.581,Košice,Подгорица,None,0,79.9,80,1108.0,12,0.0,0.0,0.0,0.036,0.086,-0.073,1.86,12.14,6.35,69.9,Normal
2026-07-03 05:42:22.582,Košice,Подгорица,None,0,80.1,80,1111.6,12,0.0,0.0,1.0,0.024,0.138,-0.109,1.86,12.15,6.35,69.9,Normal
2026-07-03 05:42:23.582,Košice,Подгорица,None,0,80.4,80,1115.5,12,0.0,0.0,1.0,-0.09,-0.052,-0.086,1.86,12.15,6.35,69.9,Normal
2026-07-03 05:42:24.582,Košice,Подгорица,None,0,80.7,80,1119.5,12,0.0,0.0,1.0,-0.058,-0.055,-0.079,1.86,12.15,6.35,69.9,Normal
2026-07-03 05:42:25.597,Košice,Подгорица,None,0,81.0,80,1123.2,12,0.0,0.0,1.0,0.038,0.018,-0.068,1.86,12.15,6.35,69.9,Normal
2026-07-03 05:42:26.584,Košice,Подгорица,None,0,81.1,80,1124.4,12,0.0,0.0,1.0,-0.034,-0.009,-0.013,1.86,12.15,6.35,69.9,Normal
2026-07-03 05:42:27.584,Košice,Подгорица,None,0,81.0,80,1123.0,12,0.0,0.0,1.0,-0.079,-0.019,0.055,1.86,12.15,6.35,69.9,Normal
2026-07-03 05:42:28.596,Košice,Подгорица,None,0,80.7,80,1119.1,12,0.0,0.0,1.0,-0.053,0.008,0.093,1.86,12.15,6.35,69.9,Normal
2026-07-03 05:42:29.585,Košice,Подгорица,None,0,80.2,80,1112.8,12,0.0,0.0,1.0,0.043,0.015,0.124,1.86,12.16,6.35,69.9,Normal
2026-07-03 05:42:30.585,Košice,Подгорица,None,0,79.8,80,1107.7,12,0.0,0.0,1.0,0.05,-0.056,0.115,1.86,12.16,6.35,69.9,Normal
2026-07-03 05:42:31.585,Košice,Подгорица,None,0,79.5,80,1105.7,12,0.0,0.0,1.0,-0.019,0.068,0.04,1.86,12.16,6.35,69.9,Normal
2026-07-03 05:42:32.585,Košice,Подгорица,None,0,79.5,80,1105.2,12,0.0,0.0,1.0,-0.009,0.04,0.013,1.86,12.16,6.35,69.9,Normal
2026-07-03 05:42:33.585,Košice,Подгорица,None,0,79.5,80,1105.9,12,0.0,0.0,-1.0,0.045,-0.003,-0.003,1.86,12.16,6.35,69.9,Normal
2026-07-03 05:42:34.586,Košice,Подгорица,None,0,79.6,80,1106.4,12,0.0,0.0,1.0,-0.162,0.008,-0.018,1.86,12.16,6.35,69.8,Normal
2026-07-03 05:42:35.586,Košice,Подгорица,None,0,79.7,80,1107.5,12,0.0,0.0,1.0,-0.059,0.006,-0.025,1.86,12.16,6.35,69.8,Normal
2026-07-03 05:42:36.586,Košice,Подгорица,None,0,79.7,80,1107.0,12,0.0,0.0,1.0,0.077,0.014,0.016,1.86,12.16,6.35,69.8,Normal
2026-07-03 05:42:37.586,Košice,Подгорица,None,0,79.6,80,1106.1,12,0.0,0.0,1.0,0.015,-0.014,-0.001,1.87,12.17,6.35,69.8,Normal
2026-07-03 05:42:38.587,Košice,Подгорица,None,0,79.6,80,1106.6,12,0.0,0.0,-1.0,0.07,0.004,-0.035,1.87,12.17,6.35,69.8,Normal
2026-07-03 05:42:39.610,Košice,Подгорица,None,0,79.6,80,1107.0,12,0.0,0.0,-1.0,0.044,0.062,-0.02,1.87,12.17,6.35,69.8,Normal
2026-07-03 05:42:40.588,Košice,Подгорица,None,0,79.7,80,1107.3,12,0.0,0.0,-1.0,0.038,0.023,-0.031,1.87,12.17,6.35,69.8,Normal
2026-07-03 05:42:41.588,Košice,Подгорица,None,0,79.7,80,1107.0,12,0.0,0.0,-1.0,0.051,0.037,-0.018,1.87,12.18,6.35,69.7,Normal
2026-07-03 05:42:42.610,Košice,Подгорица,None,0,79.7,80,1107.1,12,0.0,0.0,-1.0,0.106,0.018,-0.01,1.87,12.18,6.35,69.7,Normal
2026-07-03 05:42:43.589,Košice,Подгорица,None,0,79.7,80,1107.3,12,0.0,0.0,0.0,-0.135,0.022,-0.019,1.87,12.18,6.35,69.7,Normal
2026-07-03 05:42:44.589,Košice,Подгорица,None,0,79.8,80,1107.3,12,0.0,0.0,-1.0,-0.051,-0.006,-0.029,1.87,12.18,6.35,69.7,Normal
2026-07-03 05:42:45.589,Košice,Подгорица,None,0,79.8,80,1106.7,12,0.0,0.0,-1.0,0.081,-0.02,0.011,1.87,12.18,6.35,69.7,Normal
2026-07-03 05:42:46.589,Košice,Подгорица,None,0,79.6,80,1103.0,12,0.0,0.0,-1.0,0.041,0.084,0.16,1.87,12.18,6.35,69.7,Normal
2026-07-03 05:42:47.589,Košice,Подгорица,None,0,78.8,80,1091.8,12,0.0,0.0,-1.0,-0.022,-0.021,0.249,1.87,12.18,6.35,69.7,Normal
2026-07-03 05:42:48.589,Košice,Подгорица,None,0,77.9,80,1079.7,12,0.0,0.0,-1.0,0.109,0.135,0.23,1.87,12.18,6.35,69.7,Normal
2026-07-03 05:42:49.590,Košice,Подгорица,None,0,76.8,80,1064.8,12,0.0,0.0,-1.0,0.026,0.088,0.284,1.87,12.19,6.35,69.7,Normal
2026-07-03 05:42:50.614,Košice,Подгорица,None,0,75.7,80,1048.9,12,0.0,0.0,0.0,-0.112,0.004,0.31,1.87,12.19,6.35,69.7,Normal
2026-07-03 05:42:51.590,Košice,Подгорица,None,0,74.9,80,1039.2,12,0.0,0.0,0.0,-0.067,-0.037,0.128,1.87,12.19,6.35,69.7,Normal
2026-07-03 05:42:52.605,Košice,Подгорица,None,0,74.5,80,1032.9,12,0.0,0.0,1.0,-0.089,0.012,0.128,1.87,12.19,6.35,69.7,Normal
2026-07-03 05:42:53.615,Košice,Подгорица,None,0,74.1,80,1027.1,12,0.0,0.0,1.0,-0.039,0.03,0.122,1.87,12.19,6.35,69.7,Normal
2026-07-03 05:42:54.607,Košice,Подгорица,None,0,73.6,80,1020.8,12,0.0,0.0,1.0,-0.102,-0.012,0.122,1.87,12.19,6.35,69.7,Normal
2026-07-03 05:42:55.602,Košice,Подгорица,None,0,73.2,80,1014.6,12,0.0,0.0,1.0,-0.082,0.022,0.126,1.87,12.19,6.35,69.7,Normal
2026-07-03 05:42:56.592,Košice,Подгорица,None,0,72.8,80,1012.2,12,0.68,0.0,1.0,0.065,-0.043,0.061,1.87,12.2,6.35,69.7,Normal
2026-07-03 05:42:57.615,Košice,Подгорица,None,0,73.1,80,1018.1,12,0.88,0.0,1.0,-0.005,0.008,-0.115,1.87,12.2,6.35,69.7,Normal
2026-07-03 05:42:58.608,Košice,Подгорица,None,0,73.7,80,1027.6,12,0.83,0.0,0.0,0.134,-0.066,-0.232,1.87,12.2,6.35,69.7,Normal
2026-07-03 05:42:59.594,Košice,Подгорица,None,0,74.3,80,1181.0,12,1.0,0.0,0.0,0.077,0.063,-0.019,1.87,12.2,6.35,69.7,Normal
2026-07-03 05:43:00.593,Košice,Подгорица,None,0,74.2,80,1332.0,11,0.97,0.0,1.0,-0.006,-0.063,-0.065,1.87,12.2,6.35,69.7,Normal
2026-07-03 05:43:01.594,Košice,Подгорица,None,0,75.2,80,1350.9,11,0.93,0.0,0.0,0.047,-0.008,-0.34,1.87,12.2,6.35,69.6,Normal
2026-07-03 05:43:02.595,Košice,Подгорица,None,0,76.2,80,1362.6,11,0.54,0.0,-1.0,0.078,0.046,-0.23,1.87,12.21,6.35,69.6,Normal
2026-07-03 05:43:03.605,Košice,Подгорица,None,0,76.1,80,1056.5,12,0.55,0.0,-1.0,0.061,0.011,0.069,1.87,12.21,6.35,69.6,Normal
2026-07-03 05:43:04.596,Košice,Подгорица,None,0,76.3,80,1061.3,12,0.56,0.0,-1.0,0.017,-0.023,-0.107,1.87,12.21,6.35,69.6,Normal
2026-07-03 05:43:05.597,Košice,Подгорица,None,0,76.8,80,1067.9,12,0.55,0.0,-1.0,0.045,-0.044,-0.142,1.87,12.21,6.35,69.6,Normal
2026-07-03 05:43:06.597,Košice,Подгорица,None,0,77.2,80,1074.6,12,0.56,0.0,-1.0,-0.011,-0.035,-0.136,1.87,12.21,6.35,69.5,Normal
2026-07-03 05:43:07.597,Košice,Подгорица,None,0,77.7,80,1081.0,12,0.62,0.0,0.0,-0.101,0.021,-0.131,1.87,12.21,6.35,69.5,Normal
2026-07-03 05:43:08.613,Košice,Подгорица,None,0,78.2,80,1088.2,12,0.59,0.0,-1.0,0.069,0.008,-0.149,1.87,12.21,6.35,69.5,Normal
2026-07-03 05:43:09.597,Košice,Подгорица,None,0,78.7,80,1095.6,12,0.61,0.0,-1.0,-0.012,-0.001,-0.142,1.87,12.22,6.35,69.5,Normal
2026-07-03 05:43:10.598,Košice,Подгорица,None,0,79.3,80,1102.9,12,0.59,0.0,-1.0,-0.017,0.038,-0.143,1.87,12.22,6.35,69.5,Normal
2026-07-03 05:43:11.598,Košice,Подгорица,None,0,79.8,80,1110.6,12,0.6,0.0,-1.0,-0.005,-0.028,-0.152,1.87,12.22,6.35,69.5,Normal
2026-07-03 05:43:12.598,Košice,Подгорица,None,0,80.2,80,1112.7,12,0.0,0.0,-1.0,-0.038,0.075,0.008,1.87,12.22,6.35,69.4,Normal
2026-07-03 05:43:13.615,Košice,Подгорица,None,0,80.1,80,1112.3,12,0.0,0.0,-1.0,0.159,-0.038,0.021,1.87,12.22,6.35,69.4,Normal
2026-07-03 05:43:14.598,Košice,Подгорица,None,0,80.1,80,1112.9,12,0.0,0.0,1.0,-0.11,-0.042,-0.008,1.87,12.22,6.35,69.4,Normal
2026-07-03 05:43:15.598,Košice,Подгорица,None,0,80.2,80,1113.7,12,0.0,0.0,-1.0,0.03,0.007,-0.013,1.87,12.22,6.35,69.4,Normal
2026-07-03 05:43:16.599,Košice,Подгорица,None,0,80.2,80,1113.7,12,0.0,0.0,0.0,0.019,0.021,-0.0,1.87,12.23,6.35,69.4,Normal
2026-07-03 05:43:17.599,Košice,Подгорица,None,0,80.2,80,1113.7,12,0.0,0.0,0.0,-0.075,-0.025,0.002,1.87,12.23,6.35,69.4,Normal
2026-07-03 05:43:18.600,Košice,Подгорица,None,0,80.2,80,1113.9,12,0.0,0.0,-1.0,0.002,-0.011,-0.007,1.87,12.23,6.35,69.4,Normal
2026-07-03 05:43:19.600,Košice,Подгорица,None,0,80.2,80,1113.9,12,0.0,0.0,0.0,-0.043,0.037,-0.027,1.87,12.23,6.35,69.4,Normal
2026-07-03 05:43:20.625,Košice,Подгорица,None,0,80.3,80,1114.2,12,0.0,0.0,0.0,0.002,0.042,-0.009,1.87,12.23,6.35,69.4,Normal
2026-07-03 05:43:21.619,Košice,Подгорица,None,0,80.2,80,1113.7,12,0.0,0.0,-1.0,0.048,0.081,0.024,1.87,12.24,6.35,69.4,Normal
2026-07-03 05:43:22.601,Košice,Подгорица,None,0,80.1,80,1112.7,12,0.0,0.0,-1.0,-0.007,-0.021,0.007,1.87,12.24,6.35,69.4,Normal
2026-07-03 05:43:23.601,Košice,Подгорица,None,0,80.1,80,1112.6,12,0.0,0.0,1.0,-0.039,-0.015,-0.001,1.87,12.24,6.35,69.4,Normal
2026-07-03 05:43:24.619,Košice,Подгорица,None,0,80.1,80,1113.2,12,0.0,0.0,-1.0,0.034,0.002,0.002,1.87,12.24,6.35,69.4,Normal
2026-07-03 05:43:25.603,Košice,Подгорица,None,0,80.2,80,1113.5,12,0.0,0.0,-1.0,0.066,0.052,-0.01,1.87,12.24,6.35,69.3,Normal
2026-07-03 05:43:26.604,Košice,Подгорица,None,0,80.2,80,1113.5,12,0.0,0.0,-1.0,0.005,0.02,0.01,1.87,12.24,6.35,69.3,Normal
2026-07-03 05:43:27.604,Košice,Подгорица,None,0,80.2,80,1113.6,12,0.0,0.0,-1.0,-0.017,-0.053,-0.004,1.87,12.24,6.35,69.3,Normal
2026-07-03 05:43:28.605,Košice,Подгорица,None,0,80.2,80,1114.0,12,0.0,0.0,-1.0,0.04,-0.01,-0.023,1.87,12.25,6.35,69.3,Normal
2026-07-03 05:43:29.625,Košice,Подгорица,None,0,80.2,80,1113.9,12,0.0,0.0,-1.0,0.038,0.0,-0.004,1.87,12.25,6.35,69.3,Normal
2026-07-03 05:43:30.605,Košice,Подгорица,None,0,80.2,80,1113.6,12,0.0,0.0,-1.0,-0.061,-0.038,0.019,1.87,12.25,6.35,69.3,Normal
2026-07-03 05:43:31.606,Košice,Подгорица,None,0,80.1,80,1112.9,12,0.0,0.0,-1.0,0.014,0.04,0.011,1.87,12.25,6.35,69.3,Normal
2026-07-03 05:43:32.626,Košice,Подгорица,None,0,80.1,80,1113.6,12,0.0,0.0,0.0,-0.058,0.063,-0.038,1.87,12.25,6.35,69.3,Normal
2026-07-03 05:43:33.606,Košice,Подгорица,None,0,80.2,80,1114.0,12,0.0,0.0,1.0,-0.101,-0.085,-0.011,1.88,12.25,6.35,69.3,Normal
2026-07-03 05:43:34.626,Košice,Подгорица,None,0,80.2,80,1114.4,12,0.0,0.0,1.0,-0.048,-0.021,-0.021,1.88,12.25,6.35,69.3,Normal
2026-07-03 05:43:35.606,Košice,Подгорица,None,0,80.3,80,1114.7,12,0.0,0.0,1.0,-0.081,-0.004,-0.002,1.88,12.26,6.35,69.2,Normal
2026-07-03 05:43:36.608,Košice,Подгорица,None,0,80.3,80,1114.8,12,0.0,0.0,1.0,0.024,-0.022,-0.001,1.88,12.26,6.35,69.2,Normal
2026-07-03 05:43:37.607,Košice,Подгорица,None,0,80.3,80,1114.9,12,0.0,0.0,1.0,-0.051,0.007,-0.004,1.88,12.26,6.35,69.2,Normal
2026-07-03 05:43:38.608,Košice,Подгорица,None,0,80.3,80,1114.9,12,0.0,0.0,0.0,0.091,-0.009,-0.024,1.88,12.26,6.35,69.2,Normal
2026-07-03 05:43:39.632,Košice,Подгорица,None,0,80.4,80,1115.4,12,0.0,0.0,1.0,-0.007,0.006,-0.016,1.88,12.26,6.35,69.2,Normal
2026-07-03 05:43:40.608,Košice,Подгорица,None,0,80.5,80,1116.2,12,0.0,0.0,1.0,-0.018,-0.007,-0.025,1.88,12.27,6.35,69.2,Normal
2026-07-03 05:43:41.609,Košice,Подгорица,None,0,80.6,80,1117.4,12,0.0,0.0,1.0,-0.017,0.006,-0.021,1.88,12.27,6.35,69.2,Normal
2026-07-03 05:43:42.610,Košice,Подгорица,None,0,80.6,80,1118.4,12,0.0,0.0,1.0,-0.002,-0.007,-0.018,1.88,12.27,6.35,69.2,Normal
2026-07-03 05:43:43.621,Košice,Подгорица,None,0,80.5,80,1116.9,12,0.0,0.0,1.0,-0.042,0.018,0.057,1.88,12.27,6.35,69.2,Normal
2026-07-03 05:43:44.610,Košice,Подгорица,None,0,80.3,80,1114.6,12,0.0,0.0,1.0,0.013,0.053,0.073,1.88,12.27,6.35,69.2,Normal
2026-07-03 05:43:45.611,Košice,Подгорица,None,0,80.1,80,1112.5,12,0.0,0.0,1.0,-0.005,-0.038,0.024,1.88,12.27,6.35,69.2,Normal
2026-07-03 05:43:46.611,Košice,Подгорица,None,0,80.0,80,1111.9,12,0.0,0.0,1.0,0.039,0.039,0.008,1.88,12.27,6.35,69.2,Normal
2026-07-03 05:43:47.611,Košice,Подгорица,None,0,80.0,80,1112.1,12,0.0,0.0,1.0,-0.035,0.07,-0.012,1.88,12.28,6.35,69.2,Normal
2026-07-03 05:43:48.625,Košice,Подгорица,None,0,80.1,80,1113.4,12,0.0,0.0,0.0,0.078,0.003,-0.02,1.88,12.28,6.35,69.2,Normal
2026-07-03 05:43:49.624,Košice,Подгорица,None,0,80.1,80,1113.9,12,0.0,0.0,-1.0,0.101,-0.022,-0.016,1.88,12.28,6.35,69.2,Normal
2026-07-03 05:43:50.633,Košice,Подгорица,None,0,80.2,80,1114.6,12,0.0,0.0,-1.0,0.022,0.048,-0.032,1.88,12.28,6.35,69.1,Normal
2026-07-03 05:43:51.612,Košice,Подгорица,None,0,80.2,80,1115.2,12,0.0,0.0,-1.0,-0.011,0.004,-0.025,1.88,12.28,6.35,69.1,Normal
2026-07-03 05:43:52.613,Košice,Подгорица,None,0,80.3,80,1115.4,12,0.0,0.0,-1.0,0.008,-0.029,-0.006,1.88,12.28,6.35,69.1,Normal
2026-07-03 05:43:53.614,Košice,Подгорица,None,0,80.3,80,1115.9,12,0.0,0.0,0.0,-0.034,0.009,-0.018,1.88,12.28,6.35,69.1,Normal
2026-07-03 05:43:54.639,Košice,Подгорица,None,0,80.3,80,1115.4,12,0.0,0.0,0.0,-0.029,0.016,0.026,1.88,12.28,6.35,69.1,Normal
2026-07-03 05:43:55.614,Košice,Подгорица,None,0,80.3,80,1114.5,12,0.0,0.0,1.0,-0.053,0.054,0.005,1.88,12.28,6.35,69.1,Normal
2026-07-03 05:43:56.615,Košice,Подгорица,None,0,80.2,80,1113.8,12,0.0,0.0,0.0,0.014,-0.029,0.014,1.88,12.28,6.35,69.1,Normal
2026-07-03 05:43:57.615,Košice,Подгорица,None,0,80.2,80,1113.9,12,0.0,0.0,-1.0,0.009,-0.011,0.003,1.88,12.28,6.35,69.1,Normal
2026-07-03 05:43:58.639,Košice,Подгорица,None,0,80.2,80,1113.8,12,0.0,0.0,1.0,-0.078,-0.013,0.004,1.88,12.28,6.35,69.1,Normal
2026-07-03 05:43:59.616,Košice,Подгорица,None,0,80.2,80,1113.8,12,0.0,0.0,0.0,0.009,-0.026,-0.002,1.88,12.28,6.35,69.1,Normal
2026-07-03 05:44:00.626,Košice,Подгорица,None,0,80.2,80,1113.9,12,0.0,0.0,0.0,-0.009,-0.018,-0.005,1.88,12.29,6.35,69.1,Normal
2026-07-03 05:44:01.617,Košice,Подгорица,None,0,80.2,80,1113.7,12,0.0,0.0,0.0,-0.013,-0.039,0.009,1.88,12.29,6.35,69.1,Normal
2026-07-03 05:44:02.618,Košice,Подгорица,None,0,80.2,80,1113.7,12,0.0,0.0,0.0,-0.04,0.058,0.011,1.88,12.29,6.35,69.1,Normal
2026-07-03 05:44:03.649,Košice,Подгорица,None,0,80.2,80,1114.0,12,0.0,0.0,0.0,0.031,0.038,-0.017,1.88,12.29,6.35,69.1,Normal
2026-07-03 05:44:04.649,Košice,Подгорица,None,0,80.2,80,1113.9,12,0.0,0.0,0.0,-0.004,-0.051,0.001,1.88,12.29,6.35,69.1,Normal
2026-07-03 05:44:05.619,Košice,Подгорица,None,0,80.2,80,1113.5,12,0.0,0.0,0.0,-0.016,0.002,0.008,1.88,12.29,6.35,69.1,Normal
2026-07-03 05:44:06.619,Košice,Подгорица,None,0,80.2,80,1114.0,12,0.0,0.0,1.0,-0.045,0.004,0.001,1.88,12.29,6.35,69.1,Normal
2026-07-03 05:44:07.622,Košice,Подгорица,None,0,80.2,80,1113.8,12,0.0,0.0,0.0,0.017,-0.006,-0.006,1.88,12.29,6.35,69.1,Normal
2026-07-03 05:44:08.620,Košice,Подгорица,None,0,80.2,80,1113.8,12,0.0,0.0,0.0,-0.003,0.022,0.006,1.88,12.29,6.35,69.1,Normal
2026-07-03 05:44:09.642,Košice,Подгорица,None,0,80.2,80,1113.9,12,0.0,0.0,0.0,0.012,0.011,-0.004,1.88,12.29,6.35,69.1,Normal
2026-07-03 05:44:10.630,Košice,Подгорица,None,0,80.2,80,1113.9,12,0.0,0.0,0.0,0.031,0.027,-0.007,1.88,12.29,6.35,69.1,Normal
2026-07-03 05:44:11.620,Košice,Подгорица,None,0,80.2,80,1113.8,12,0.0,0.0,-1.0,0.007,-0.018,-0.001,1.88,12.29,6.35,69.1,Normal
2026-07-03 05:44:12.644,Košice,Подгорица,None,0,80.2,80,1114.0,12,0.0,0.0,0.0,-0.069,-0.038,-0.013,1.88,12.29,6.35,69.1,Normal
2026-07-03 05:44:13.621,Košice,Подгорица,None,0,80.2,80,1113.8,12,0.0,0.0,0.0,0.014,-0.078,-0.011,1.88,12.29,6.35,69.1,Normal
2026-07-03 05:44:14.621,Košice,Подгорица,None,0,80.2,80,1114.1,12,0.0,0.0,0.0,-0.012,0.004,-0.002,1.88,12.29,6.35,69.1,Normal
2026-07-03 05:44:15.638,Košice,Подгорица,None,0,80.2,80,1113.9,12,0.0,0.0,0.0,-0.039,0.035,-0.004,1.88,12.29,6.35,69.1,Normal
2026-07-03 05:44:16.633,Košice,Подгорица,None,0,80.2,80,1113.8,12,0.0,0.0,1.0,-0.081,-0.055,0.01,1.88,12.29,6.35,69.1,Normal
2026-07-03 05:44:17.621,Košice,Подгорица,None,0,80.2,80,1113.9,12,0.0,0.0,1.0,-0.001,-0.001,-0.011,1.88,12.29,6.35,69.1,Normal
2026-07-03 05:44:18.634,Košice,Подгорица,None,0,80.2,80,1113.6,12,0.0,0.0,0.0,0.011,0.039,-0.002,1.88,12.29,6.35,69.1,Normal
2026-07-03 05:44:19.623,Košice,Подгорица,None,0,80.2,80,1113.7,12,0.0,0.0,0.0,0.003,0.005,-0.002,1.88,12.29,6.35,69.1,Normal
2026-07-03 05:44:20.623,Košice,Подгорица,None,0,80.2,80,1111.5,12,0.0,0.0,1.0,-0.022,-0.063,0.04,1.88,12.29,6.35,69.1,Normal
2026-07-03 05:44:21.624,Košice,Подгорица,None,0,79.3,80,1099.2,12,0.0,0.0,1.0,-0.029,-0.028,0.292,1.88,12.29,6.35,69.1,Normal
2026-07-03 05:44:22.624,Košice,Подгорица,None,0,78.3,80,1084.6,12,0.0,0.0,1.0,-0.05,0.051,0.336,1.88,12.29,6.35,69.1,Normal
2026-07-03 05:44:23.646,Košice,Подгорица,None,0,77.0,80,1067.2,12,0.0,0.0,-1.0,0.087,-0.036,0.325,1.88,12.29,6.35,69.1,Normal
2026-07-03 05:44:24.625,Košice,Подгорица,None,0,76.0,80,1052.9,12,0.0,0.0,-1.0,0.004,0.015,0.31,1.88,12.29,6.35,69.1,Normal
2026-07-03 05:44:25.625,Košice,Подгорица,None,0,75.2,80,1043.0,12,0.0,0.0,-1.0,0.006,-0.088,0.09,1.88,12.29,6.35,69.1,Normal
2026-07-03 05:44:26.626,Košice,Подгорица,None,0,75.4,80,1046.2,12,0.0,0.0,-1.0,-0.019,-0.034,-0.097,1.88,12.29,6.35,69.1,Normal
2026-07-03 05:44:27.626,Košice,Подгорица,None,0,75.7,80,1050.5,12,0.0,0.0,-1.0,-0.012,-0.067,-0.089,1.88,12.29,6.35,69.1,Normal
2026-07-03 05:44:28.626,Košice,Подгорица,None,0,76.0,80,1054.1,12,0.0,0.0,-1.0,0.027,0.017,-0.059,1.88,12.29,6.35,69.1,Normal
2026-07-03 05:44:29.626,Košice,Подгорица,None,0,76.1,80,1055.0,12,0.0,0.0,-1.0,0.012,-0.008,-0.0,1.88,12.29,6.35,69.1,Normal
2026-07-03 05:44:30.640,Košice,Подгорица,None,0,76.0,80,1053.7,12,0.0,0.0,-1.0,-0.005,-0.025,0.034,1.88,12.3,6.35,69.1,Normal
2026-07-03 05:44:31.627,Košice,Подгорица,None,0,76.0,80,1054.8,12,0.19,0.0,0.0,-0.104,-0.002,-0.041,1.88,12.3,6.35,69.1,Normal
2026-07-03 05:44:32.627,Košice,Подгорица,None,0,76.0,80,1054.9,12,0.08,0.0,-1.0,0.082,0.008,0.003,1.88,12.3,6.35,69.1,Normal
2026-07-03 05:44:33.650,Košice,Подгорица,None,0,76.0,80,1053.9,12,0.03,0.0,1.0,-0.008,0.102,0.039,1.88,12.3,6.35,69.1,Normal
2026-07-03 05:44:34.628,Košice,Подгорица,None,0,75.8,80,1052.6,12,0.15,0.0,1.0,-0.061,-0.048,0.023,1.88,12.3,6.35,69.1,Normal
2026-07-03 05:44:35.628,Košice,Подгорица,None,0,75.8,80,1053.6,12,0.36,0.0,1.0,-0.074,-0.003,-0.03,1.88,12.3,6.35,69.0,Normal
2026-07-03 05:44:36.652,Košice,Подгорица,None,0,75.9,80,1054.8,12,0.39,0.0,1.0,-0.052,0.022,-0.023,1.88,12.3,6.35,69.0,Normal
2026-07-03 05:44:37.640,Košice,Подгорица,None,0,75.9,80,1055.5,12,0.39,0.0,1.0,-0.022,-0.013,0.005,1.88,12.31,6.35,69.0,Normal
2026-07-03 05:44:38.628,Košice,Подгорица,None,0,75.9,80,1056.7,12,0.58,0.0,0.0,0.118,-0.085,0.003,1.88,12.31,6.35,69.0,Normal
2026-07-03 05:44:39.629,Košice,Подгорица,None,0,75.8,80,1055.6,12,0.81,0.0,1.0,0.032,-0.039,0.05,1.88,12.31,6.35,69.0,Normal
2026-07-03 05:44:40.629,Košice,Подгорица,None,0,75.6,80,1052.0,12,0.77,0.0,1.0,-0.077,-0.047,0.095,1.88,12.31,6.35,69.0,Normal
2026-07-03 05:44:41.629,Košice,Подгорица,None,0,75.2,80,1047.0,12,0.78,0.0,1.0,0.022,-0.064,0.089,1.88,12.31,6.35,68.9,Normal
2026-07-03 05:44:42.643,Košice,Подгорица,None,0,75.1,80,1045.4,12,0.8,0.0,0.0,0.056,-0.062,-0.004,1.88,12.31,6.35,68.9,Normal
2026-07-03 05:44:43.631,Košice,Подгорица,None,0,75.3,80,1047.2,12,0.57,0.0,-1.0,0.142,0.075,-0.09,1.88,12.31,6.35,68.9,Normal
2026-07-03 05:44:44.649,Košice,Подгорица,None,0,75.7,80,1052.8,12,0.52,0.0,-1.0,0.086,0.013,-0.092,1.88,12.31,6.35,68.9,Normal
2026-07-03 05:44:45.646,Košice,Подгорица,None,0,76.2,80,1059.6,12,0.53,0.0,-1.0,-0.001,0.016,-0.141,1.88,12.32,6.35,68.9,Normal
2026-07-03 05:44:46.650,Košice,Подгорица,None,0,76.7,80,1067.5,12,0.53,0.0,-1.0,0.037,-0.023,-0.162,1.88,12.32,6.35,68.9,Normal
2026-07-03 05:44:47.632,Košice,Подгорица,None,0,77.4,80,1076.5,12,0.56,0.0,-1.0,0.033,-0.019,-0.188,1.88,12.32,6.36,68.8,Normal
2026-07-03 05:44:48.633,Košice,Подгорица,None,0,78.0,80,1085.9,12,0.55,0.0,-1.0,-0.004,-0.051,-0.189,1.88,12.32,6.36,68.8,Normal
2026-07-03 05:44:49.633,Košice,Подгорица,None,0,78.8,80,1096.1,12,0.56,0.0,-1.0,-0.007,0.036,-0.225,1.88,12.32,6.36,68.8,Normal
2026-07-03 05:44:50.633,Košice,Подгорица,None,0,79.7,80,1108.3,12,0.55,0.0,-1.0,-0.041,0.025,-0.238,1.88,12.33,6.36,68.8,Normal
2026-07-03 05:44:51.635,Košice,Подгорица,None,0,80.2,80,1113.0,12,0.0,0.0,-1.0,0.017,0.022,-0.043,1.88,12.33,6.36,68.8,Normal
2026-07-03 05:44:52.634,Košice,Подгорица,None,0,80.2,80,1112.2,12,0.0,0.0,0.0,-0.081,-0.011,0.038,1.88,12.33,6.36,68.8,Normal
2026-07-03 05:44:53.634,Košice,Подгорица,None,0,80.0,80,1110.7,12,0.0,0.0,1.0,-0.052,-0.104,0.064,1.88,12.33,6.36,68.8,Normal
2026-07-03 05:44:54.634,Košice,Подгорица,None,0,80.0,80,1111.4,12,0.0,0.0,0.0,-0.038,0.001,-0.067,1.88,12.33,6.36,68.8,Normal
2026-07-03 05:44:55.659,Košice,Подгорица,None,0,80.3,80,1114.4,12,0.0,0.0,1.0,-0.083,0.025,-0.077,1.88,12.33,6.36,68.8,Normal
2026-07-03 05:44:56.635,Košice,Подгорица,None,0,80.5,80,1116.0,12,0.0,0.0,1.0,-0.017,-0.006,-0.036,1.88,12.33,6.36,68.8,Normal
2026-07-03 05:44:57.635,Košice,Подгорица,None,0,80.6,80,1117.6,12,0.0,0.0,1.0,-0.042,0.013,-0.035,1.88,12.34,6.36,68.8,Normal
2026-07-03 05:44:58.647,Košice,Подгорица,None,0,80.6,80,1118.6,12,0.0,0.0,1.0,-0.018,-0.015,-0.011,1.88,12.34,6.36,68.8,Normal
2026-07-03 05:44:59.661,Košice,Подгорица,None,0,80.7,80,1118.4,12,0.0,0.0,1.0,-0.023,-0.065,0.014,1.88,12.34,6.36,68.8,Normal
2026-07-03 05:45:00.655,Košice,Подгорица,None,0,80.7,80,1119.6,12,0.0,0.0,-1.0,0.123,0.045,-0.028,1.88,12.34,6.36,68.8,Normal
2026-07-03 05:45:01.649,Košice,Подгорица,None,0,80.8,80,1120.3,12,0.0,0.0,-1.0,0.12,0.064,-0.027,1.88,12.34,6.36,68.8,Normal
2026-07-03 05:45:02.661,Košice,Подгорица,None,0,80.8,80,1121.3,12,0.0,0.0,-1.0,-0.021,-0.077,-0.015,1.89,12.34,6.36,68.8,Normal
2026-07-03 05:45:03.637,Košice,Подгорица,None,0,80.9,80,1121.7,12,0.0,0.0,-1.0,-0.02,0.013,0.014,1.89,12.34,6.36,68.8,Normal
2026-07-03 05:45:04.637,Košice,Подгорица,None,0,80.9,80,1121.5,12,0.0,0.0,-1.0,0.017,0.017,0.027,1.89,12.35,6.36,68.8,Normal
2026-07-03 05:45:05.661,Košice,Подгорица,None,0,80.8,80,1120.0,12,0.0,0.0,1.0,-0.138,0.007,0.052,1.89,12.35,6.36,68.8,Normal
2026-07-03 05:45:06.637,Košice,Подгорица,None,0,80.5,80,1117.0,12,0.0,0.0,1.0,-0.016,0.003,0.068,1.89,12.35,6.36,68.8,Normal
2026-07-03 05:45:07.662,Košice,Подгорица,None,0,80.3,80,1114.4,12,0.0,0.0,1.0,-0.064,-0.026,0.045,1.89,12.35,6.36,68.8,Normal
2026-07-03 05:45:08.655,Košice,Подгорица,None,0,80.2,80,1113.2,12,0.0,0.0,1.0,-0.005,0.008,0.014,1.89,12.35,6.36,68.8,Normal
2026-07-03 05:45:09.661,Košice,Подгорица,None,0,80.1,80,1112.9,12,0.0,0.0,0.0,-0.005,-0.045,0.007,1.89,12.36,6.36,68.7,Normal
2026-07-03 05:45:10.639,Košice,Подгорица,None,0,80.1,80,1113.2,12,0.0,0.0,1.0,0.024,0.0,-0.008,1.89,12.36,6.36,68.7,Normal
2026-07-03 05:45:11.649,Košice,Подгорица,None,0,80.1,80,1112.5,12,0.0,0.0,1.0,-0.053,-0.279,0.051,1.89,12.36,6.36,68.7,Normal
2026-07-03 05:45:12.640,Košice,Подгорица,None,0,80.4,80,1115.9,12,0.0,0.0,1.0,-0.005,0.013,-0.04,1.89,12.36,6.36,68.7,Normal
2026-07-03 05:45:13.642,Košice,Подгорица,None,0,80.4,80,1115.6,12,0.0,0.0,0.0,0.03,-0.047,0.028,1.89,12.36,6.36,68.7,Normal
2026-07-03 05:45:14.662,Košice,Подгорица,None,0,80.4,80,1114.7,12,0.0,0.0,0.0,0.009,0.012,0.016,1.89,12.36,6.36,68.7,Normal
2026-07-03 05:45:15.652,Košice,Подгорица,None,0,80.3,80,1113.8,12,0.0,0.0,0.0,0.007,0.012,0.01,1.89,12.36,6.36,68.7,Normal
2026-07-03 05:45:16.642,Košice,Подгорица,None,0,80.2,80,1113.1,12,0.0,0.0,0.0,0.0,0.009,0.01,1.89,12.37,6.36,68.7,Normal
2026-07-03 05:45:20.643,Košice,Подгорица,None,0,80.2,80,1113.2,12,0.0,0.0,0.0,0.001,0.067,0.001,1.89,12.37,6.36,68.7,Normal
2026-07-03 05:45:21.644,Košice,Подгорица,None,0,80.2,80,1113.0,12,0.0,0.0,1.0,-0.048,0.007,-0.015,1.89,12.37,6.36,68.7,Normal
2026-07-03 05:45:22.645,Košice,Подгорица,None,0,80.2,80,1112.7,12,0.0,0.0,-1.0,0.045,-0.102,-0.01,1.89,12.37,6.36,68.7,Normal
2026-07-03 05:45:23.644,Košice,Подгорица,None,0,80.1,80,1112.1,12,0.0,0.0,0.0,0.015,0.071,0.008,1.89,12.37,6.36,68.7,Normal
2026-07-03 05:45:24.655,Košice,Подгорица,None,0,80.1,80,1111.2,12,0.0,0.0,0.0,-0.032,0.021,0.064,1.89,12.37,6.36,68.7,Normal
2026-07-03 05:45:25.645,Košice,Подгорица,None,0,80.0,80,1111.2,12,0.0,0.0,0.0,-0.009,-0.006,0.002,1.89,12.38,6.36,68.7,Normal
2026-07-03 05:45:26.645,Košice,Подгорица,None,0,80.1,80,1112.5,12,0.0,0.0,0.0,-0.01,-0.052,-0.021,1.89,12.38,6.36,68.7,Normal
2026-07-03 05:45:27.645,Košice,Подгорица,None,0,80.2,80,1113.6,12,0.0,0.0,0.0,0.017,-0.009,-0.032,1.89,12.38,6.36,68.7,Normal
2026-07-03 05:45:28.646,Košice,Подгорица,None,0,80.2,80,1113.8,12,0.0,0.0,0.0,0.001,-0.022,-0.007,1.89,12.38,6.36,68.7,Normal
2026-07-03 05:45:29.656,Košice,Подгорица,None,0,80.2,80,1113.9,12,0.0,0.0,-1.0,-0.018,-0.04,0.001,1.89,12.38,6.36,68.7,Normal
2026-07-03 05:45:30.647,Košice,Подгорица,None,0,80.1,80,1112.5,12,0.0,0.0,-1.0,0.22,0.19,0.109,1.89,12.38,6.36,68.6,Normal
2026-07-03 05:45:31.665,Košice,Подгорица,None,0,80.2,80,1113.4,12,0.0,0.0,-1.0,-0.01,0.089,0.03,1.89,12.38,6.36,68.6,Normal
2026-07-03 05:45:32.648,Košice,Подгорица,None,0,79.9,80,1111.5,12,0.0,0.0,-1.0,-0.015,-0.05,0.032,1.89,12.39,6.36,68.6,Normal
2026-07-03 05:45:33.648,Košice,Подгорица,None,0,79.9,80,1112.0,12,0.0,0.0,0.0,-0.018,-0.016,-0.011,1.89,12.39,6.36,68.6,Normal
2026-07-03 05:45:34.648,Košice,Подгорица,None,0,80.0,80,1113.6,12,0.0,0.0,0.0,-0.033,0.014,-0.029,1.89,12.39,6.36,68.6,Normal
2026-07-03 05:45:35.649,Košice,Подгорица,None,0,80.1,80,1114.9,12,0.0,0.0,-1.0,0.347,0.052,-0.02,1.89,12.39,6.36,68.6,Normal
2026-07-03 05:45:36.670,Košice,Подгорица,None,0,80.2,80,1115.4,12,0.0,0.0,0.0,-0.052,-0.025,0.014,1.89,12.39,6.36,68.5,Normal
2026-07-03 05:45:37.649,Košice,Подгорица,None,0,80.2,80,1115.6,12,0.0,0.0,1.0,-0.142,-0.017,-0.007,1.89,12.39,6.36,68.5,Normal
2026-07-03 05:45:38.666,Košice,Подгорица,None,0,80.0,80,1109.7,12,0.0,0.0,1.0,0.037,0.122,0.158,1.89,12.39,6.36,68.5,Normal
2026-07-03 05:45:39.650,Košice,Подгорица,None,0,79.0,80,1094.5,12,0.0,0.0,1.0,-0.011,0.049,0.342,1.89,12.4,6.36,68.5,Normal
2026-07-03 05:45:40.651,Košice,Подгорица,None,0,77.8,80,1078.2,12,0.0,0.0,1.0,-0.01,-0.069,0.311,1.89,12.4,6.36,68.5,Normal
2026-07-03 05:45:41.667,Košice,Подгорица,None,0,76.6,80,1061.6,12,0.0,0.0,1.0,0.012,-0.075,0.349,1.89,12.4,6.36,68.5,Normal
2026-07-03 05:45:42.651,Košice,Подгорица,None,0,75.6,80,1047.0,12,0.0,0.0,1.0,-0.034,-0.013,0.304,1.89,12.4,6.36,68.5,Normal
2026-07-03 05:45:43.672,Košice,Подгорица,None,0,74.5,80,1031.9,12,0.0,0.0,1.0,-0.012,-0.01,0.293,1.89,12.4,6.36,68.5,Normal
2026-07-03 05:45:44.669,Košice,Подгорица,None,0,73.1,80,1012.0,12,0.0,0.0,1.0,0.053,0.001,0.424,1.89,12.41,6.36,68.5,Normal
2026-07-03 05:45:45.651,Košice,Подгорица,None,0,71.6,80,991.4,12,0.0,0.0,1.0,0.004,0.009,0.427,1.89,12.41,6.36,68.5,Normal
2026-07-03 05:45:46.676,Košice,Подгорица,None,0,70.2,80,1245.5,12,0.0,0.0,0.0,0.055,-0.024,0.375,1.89,12.41,6.36,68.5,Normal
2026-07-03 05:45:47.670,Košice,Подгорица,None,0,68.8,80,1230.3,11,0.0,0.0,0.0,0.023,-0.018,0.38,1.89,12.41,6.36,68.5,Normal
2026-07-03 05:45:48.677,Košice,Подгорица,None,0,67.4,80,1204.3,11,0.0,0.0,1.0,-0.083,-0.088,0.4,1.89,12.41,6.36,68.5,Normal
2026-07-03 05:45:49.653,Košice,Подгорица,None,0,66.1,80,1181.0,11,0.0,0.0,0.0,-0.004,-0.014,0.369,1.89,12.41,6.36,68.5,Normal
2026-07-03 05:45:50.677,Košice,Подгорица,None,0,64.8,80,1159.0,11,0.0,0.0,1.0,-0.071,-0.068,0.245,1.89,12.41,6.36,68.5,Normal
2026-07-03 05:45:51.655,Košice,Подгорица,None,0,64.5,80,1153.8,11,0.0,0.0,0.0,0.027,0.057,0.044,1.89,12.41,6.36,68.5,Normal
2026-07-03 05:45:52.655,Košice,Подгорица,None,0,64.3,80,1150.5,11,0.0,0.0,1.0,-0.011,0.045,0.047,1.89,12.42,6.36,68.5,Normal
2026-07-03 05:45:53.672,Košice,Подгорица,None,0,64.2,80,1148.1,11,0.0,0.0,1.0,-0.009,-0.017,0.036,1.89,12.42,6.36,68.5,Normal
2026-07-03 05:45:54.655,Košice,Подгорица,None,0,64.0,80,1144.9,11,0.0,0.01,0.0,0.031,-0.006,0.046,1.89,12.42,6.36,68.5,Normal
2026-07-03 05:45:55.667,Košice,Подгорица,None,0,62.8,80,1121.7,11,0.0,0.1,0.0,0.016,0.031,0.526,1.89,12.42,6.36,68.5,Normal
2026-07-03 05:45:56.656,Košice,Подгорица,None,0,61.1,80,1093.7,11,0.0,0.0,0.0,0.01,-0.02,0.224,1.89,12.42,6.36,68.5,Normal
2026-07-03 05:45:57.657,Košice,Подгорица,None,0,60.8,80,1088.1,11,0.0,0.0,0.0,0.029,-0.006,0.066,1.89,12.42,6.36,68.5,Normal
2026-07-03 05:45:58.657,Košice,Подгорица,None,0,60.6,80,1084.9,11,0.0,0.0,0.0,0.028,0.07,0.05,1.89,12.42,6.36,68.5,Normal
2026-07-03 05:45:59.680,Košice,Подгорица,None,0,60.4,80,1081.8,11,0.0,0.0,1.0,-0.029,0.007,0.052,1.89,12.42,6.36,68.5,Normal
2026-07-03 05:46:00.657,Košice,Подгорица,None,0,60.2,80,1077.4,11,0.0,0.0,0.0,0.004,-0.03,0.064,1.89,12.42,6.36,68.5,Normal
2026-07-03 05:46:01.657,Košice,Подгорица,None,0,60.0,110,1073.2,11,0.0,0.0,1.0,-0.03,-0.031,0.082,1.89,12.42,6.36,68.5,Normal
2026-07-03 05:46:02.676,Košice,Подгорица,None,0,59.8,70,1069.3,11,0.0,0.0,0.0,-0.0,-0.053,0.072,1.89,12.43,6.36,68.5,Normal
2026-07-03 05:46:03.658,Košice,Подгорица,None,0,58.8,70,1049.7,11,0.0,0.16,0.0,0.015,0.047,0.572,1.89,12.43,6.36,68.5,Normal
2026-07-03 05:46:04.659,Košice,Подгорица,None,0,55.2,70,984.3,11,0.0,0.22,-1.0,0.044,0.015,1.171,1.89,12.43,6.36,68.5,Normal
2026-07-03 05:46:05.670,Košice,Подгорица,None,0,50.9,70,1126.2,10,0.0,0.24,0.0,-0.039,0.028,1.251,1.89,12.43,6.36,68.5,Normal
2026-07-03 05:46:06.660,Košice,Подгорица,None,0,45.7,50,1005.9,10,0.0,0.33,0.0,-0.014,0.021,1.688,1.89,12.43,6.36,68.5,Normal
2026-07-03 05:46:07.660,Košice,Подгорица,None,0,39.0,50,1057.9,10,0.0,0.0,0.0,-0.011,0.008,1.309,1.89,12.43,6.36,68.5,Normal
2026-07-03 05:46:08.679,Košice,Подгорица,None,0,36.7,50,1043.7,9,0.0,0.27,0.0,0.003,-0.035,0.805,1.89,12.43,6.36,68.5,Normal
2026-07-03 05:46:09.676,Košice,Подгорица,None,0,34.4,0,980.3,9,0.0,0.0,-1.0,0.006,-0.002,0.437,1.9,12.44,6.36,68.5,Normal
2026-07-03 05:46:10.673,Košice,Подгорица,None,0,33.2,0,947.4,9,0.0,0.0,-1.0,0.012,0.062,0.242,1.9,12.44,6.36,68.5,Normal
2026-07-03 05:46:11.684,Košice,Подгорица,None,0,32.5,0,930.3,9,0.0,0.0,-1.0,0.042,-0.022,0.153,1.9,12.44,6.36,68.5,Normal
2026-07-03 05:46:12.662,Košice,Подгорица,None,0,32.1,0,917.7,9,0.0,0.0,-1.0,0.028,-0.004,0.118,1.9,12.44,6.36,68.5,Normal
2026-07-03 05:46:13.662,Košice,Подгорица,None,0,31.8,0,1166.0,8,0.0,0.0,-1.0,0.069,-0.007,0.053,1.9,12.44,6.36,68.5,Normal
2026-07-03 05:46:14.663,Košice,Подгорица,None,0,31.4,0,1148.8,8,0.0,0.03,-1.0,0.03,-0.006,0.145,1.9,12.44,6.36,68.5,Normal
2026-07-03 05:46:15.663,Košice,Подгорица,None,0,29.2,0,1064.3,8,0.0,0.17,-1.0,-0.016,0.016,0.923,1.9,12.44,6.36,68.5,Normal
2026-07-03 05:46:16.663,Košice,Подгорица,None,0,25.0,0,909.1,8,0.0,0.31,-1.0,-0.051,0.004,1.443,1.9,12.44,6.36,68.5,Normal
2026-07-03 05:46:17.664,Košice,Подгорица,None,0,19.0,0,1147.6,6,0.0,0.32,0.0,-0.067,-0.027,1.688,1.9,12.44,6.36,68.5,Normal
2026-07-03 05:46:18.664,Košice,Подгорица,None,0,12.4,0,751.5,6,0.0,0.33,0.0,-0.033,0.001,1.911,1.9,12.44,6.36,68.5,Normal
2026-07-03 05:46:19.664,Košice,Подгорица,None,0,6.0,0,578.0,4,0.0,0.32,1.0,-0.025,-0.006,1.703,1.9,12.44,6.36,68.5,Normal
2026-07-03 05:46:20.665,Košice,Подгорица,None,0,0.9,0,547.7,1,0.0,0.0,1.0,-0.045,0.068,0.292,1.9,12.44,6.36,68.5,Normal
2026-07-03 05:46:21.665,Košice,Подгорица,None,0,0.6,0,550.0,1,0.02,0.0,0.0,0.02,-0.007,0.065,1.9,12.44,6.36,68.5,Normal
2026-07-03 05:46:22.665,Košice,Подгорица,None,0,1.3,0,550.0,1,0.0,0.0,0.0,0.005,0.028,-0.088,1.9,12.44,6.36,68.5,Normal
2026-07-03 05:46:23.666,Košice,Подгорица,None,0,2.7,0,596.2,1,0.0,0.0,1.0,-0.001,-0.09,-0.686,1.9,12.44,6.36,68.5,Normal
2026-07-03 05:46:24.678,Košice,Подгорица,None,0,2.6,0,563.8,1,0.07,0.0,1.0,-0.016,0.013,0.013,1.9,12.44,6.36,68.5,Normal
2026-07-03 05:46:25.688,Košice,Подгорица,None,0,3.3,0,714.0,1,0.16,0.0,1.0,0.007,0.021,-0.321,1.9,12.44,6.36,68.5,Normal
2026-07-03 05:46:26.666,Košice,Подгорица,None,0,4.7,0,983.2,1,0.07,0.0,1.0,-0.028,0.025,-0.241,1.9,12.44,6.36,68.5,Normal
2026-07-03 05:46:27.689,Košice,Подгорица,None,0,5.5,0,1154.6,1,0.11,0.0,1.0,-0.011,-0.038,-0.299,1.9,12.44,6.36,68.5,Normal
2026-07-03 05:46:28.685,Košice,Подгорица,None,0,5.6,0,1181.1,1,0.21,0.0,1.0,0.001,0.024,-0.016,1.9,12.44,6.36,68.5,Normal
2026-07-03 05:46:29.680,Košice,Подгорица,None,0,7.0,0,1463.8,1,0.17,0.0,1.0,-0.069,0.013,-0.358,1.9,12.44,6.36,68.5,Normal
2026-07-03 05:46:30.691,Košice,Подгорица,None,0,7.1,0,888.9,3,0.1,0.0,1.0,0.005,-0.011,0.073,1.9,12.44,6.36,68.5,Normal
2026-07-03 05:46:31.668,Košice,Подгорица,None,0,7.1,0,892.0,3,0.07,0.0,1.0,0.005,0.006,-0.023,1.9,12.44,6.36,68.5,Normal
2026-07-03 05:46:32.679,Košice,Подгорица,None,0,6.6,0,827.9,3,0.0,0.0,1.0,-0.01,0.005,0.256,1.9,12.44,6.36,68.5,Normal
2026-07-03 05:46:33.669,Košice,Подгорица,None,0,5.7,0,861.8,3,0.0,0.0,1.0,0.011,0.018,0.216,1.9,12.44,6.36,68.5,Normal
2026-07-03 05:46:34.693,Košice,Подгорица,None,0,5.2,0,1078.0,1,0.0,0.0,1.0,0.006,-0.026,0.228,1.9,12.44,6.36,68.5,Normal
2026-07-03 05:46:35.670,Košice,Подгорица,None,0,4.2,0,860.8,1,0.0,0.0,1.0,0.003,-0.002,0.303,1.9,12.44,6.36,68.5,Normal
2026-07-03 05:46:36.671,Košice,Подгорица,None,0,3.1,0,642.0,1,0.0,0.0,1.0,0.01,-0.001,0.289,1.9,12.44,6.36,68.5,Normal
2026-07-03 05:46:37.671,Košice,Подгорица,None,0,2.6,0,548.6,1,0.0,0.0,1.0,-0.003,-0.029,-0.056,1.9,12.44,6.36,68.5,Normal
2026-07-03 05:46:38.671,Košice,Подгорица,None,0,2.6,0,549.1,1,0.0,0.0,1.0,0.001,-0.001,-0.0,1.9,12.44,6.36,68.5,Normal
2026-07-03 05:46:39.672,Košice,Подгорица,None,0,2.6,0,549.2,1,0.0,0.0,1.0,-0.004,-0.0,-0.002,1.9,12.44,6.36,68.5,Normal
2026-07-03 05:46:40.695,Košice,Подгорица,None,0,2.6,0,549.2,1,0.03,0.0,1.0,0.003,0.001,-0.0,1.9,12.44,6.36,68.5,Normal
2026-07-03 05:46:41.671,Košice,Подгорица,None,0,2.6,0,549.1,1,0.0,0.0,0.0,0.001,0.001,0.001,1.9,12.44,6.36,68.5,Normal
2026-07-03 05:46:42.672,Košice,Подгорица,None,0,2.6,0,549.2,1,0.0,0.0,0.0,0.003,0.0,0.0,1.9,12.44,6.36,68.4,Normal
2026-07-03 05:46:43.696,Košice,Подгорица,None,0,2.6,0,549.2,1,0.0,0.0,-1.0,0.01,-0.034,0.009,1.9,12.44,6.36,68.4,Normal
2026-07-03 05:46:44.695,Košice,Подгорица,None,0,3.8,0,819.2,1,0.19,0.0,0.0,-0.027,-0.028,-0.594,1.9,12.44,6.36,68.4,Normal
2026-07-03 05:46:45.688,Košice,Подгорица,None,0,5.6,0,1179.4,1,0.13,0.0,0.0,-0.006,-0.004,-0.335,1.9,12.44,6.36,68.4,Normal
2026-07-03 05:46:46.673,Košice,Подгорица,None,0,6.1,0,1256.4,1,0.0,0.0,0.0,0.012,-0.029,0.027,1.9,12.44,6.36,68.4,Normal
2026-07-03 05:46:47.698,Košice,Подгорица,None,0,5.0,0,1038.2,1,0.0,0.0,-1.0,0.028,0.002,0.311,1.9,12.44,6.36,68.4,Normal
2026-07-03 05:46:48.694,Košice,Подгорица,None,0,4.6,0,968.7,1,0.18,0.0,-1.0,0.008,-0.012,-0.216,1.9,12.44,6.36,68.4,Normal
2026-07-03 05:46:49.689,Košice,Подгорица,None,0,6.3,0,1342.9,1,0.21,0.0,-1.0,0.003,-0.014,-0.543,1.9,12.44,6.36,68.4,Normal
2026-07-03 05:46:50.675,Košice,Подгорица,None,0,7.3,0,1298.7,1,0.26,0.0,-1.0,0.008,0.052,0.003,1.9,12.44,6.36,68.4,Normal
2026-07-03 05:46:51.693,Košice,Подгорица,None,0,7.6,0,965.7,3,0.19,0.0,-1.0,0.006,-0.025,-0.326,1.9,12.44,6.36,68.4,Normal
2026-07-03 05:46:52.688,Košice,Подгорица,None,0,8.0,0,999.8,3,0.0,0.0,0.0,0.001,0.042,0.187,1.9,12.44,6.36,68.4,Normal
2026-07-03 05:46:53.699,Košice,Подгорица,None,0,7.0,0,879.4,3,0.0,0.0,0.0,0.001,-0.001,0.27,1.9,12.44,6.36,68.4,Normal
2026-07-03 05:46:54.678,Košice,Подгорица,None,0,6.1,0,759.9,3,0.0,0.01,0.0,0.005,-0.003,0.269,1.9,12.44,6.36,68.4,Normal
2026-07-03 05:46:55.690,Košice,Подгорица,None,0,4.1,0,823.7,1,0.0,0.22,0.0,0.002,-0.029,1.009,1.9,12.44,6.36,68.4,Normal
2026-07-03 05:46:56.678,Košice,Подгорица,None,0,2.0,0,492.6,1,0.0,0.24,0.0,0.014,-0.068,-0.038,1.9,12.44,6.36,68.4,Normal
2026-07-03 05:46:57.677,Košice,Подгорица,None,0,-0.0,0,550.0,1,0.0,0.35,0.0,0.011,0.284,0.547,1.9,12.44,6.36,68.4,Normal
2026-07-03 05:46:58.678,Košice,Подгорица,None,0,0.0,0,550.0,1,0.0,0.0,0.0,0.003,0.004,0.003,1.9,12.44,6.36,68.4,Normal
2026-07-03 05:46:59.678,Košice,Подгорица,None,0,0.0,0,550.0,1,0.0,0.0,0.0,-0.003,0.008,-0.002,1.9,12.44,6.36,68.4,Normal
2026-07-03 05:47:00.690,Košice,Подгорица,None,0,0.0,0,550.0,1,0.0,0.0,0.0,-0.0,-0.023,-0.002,1.9,12.44,6.36,68.4,Normal
2026-07-03 05:47:01.691,Košice,Подгорица,None,0,-0.0,0,550.0,1,0.0,0.0,0.0,0.0,0.002,-0.0,1.9,12.44,6.36,68.4,Normal
2026-07-03 05:47:02.697,Košice,Подгорица,None,0,-0.0,0,550.0,1,0.0,0.0,0.0,0.001,0.003,0.0,1.9,12.44,6.36,68.4,Normal
2026-07-03 05:47:03.691,Košice,Подгорица,None,0,-0.0,0,550.0,1,0.0,0.0,0.0,-0.0,-0.0,0.0,1.9,12.44,6.36,68.4,Normal
2026-07-03 05:47:04.700,Košice,Подгорица,None,0,-0.0,0,550.0,1,0.0,0.0,0.0,0.002,0.004,0.0,1.9,12.44,6.36,68.4,Normal
2026-07-03 05:47:05.680,Košice,Подгорица,None,0,0.1,0,756.4,1,0.18,0.0,0.0,0.003,0.045,-0.143,1.9,12.44,6.36,68.4,Normal
2026-07-03 05:47:06.705,Košice,Подгорица,None,0,2.5,0,703.9,1,0.25,0.0,0.0,-0.01,-0.018,-0.963,1.9,12.44,6.36,68.4,Normal
2026-07-03 05:47:07.699,Košice,Подгорица,None,0,6.7,0,1471.5,1,0.47,0.0,0.0,0.0,-0.007,-1.306,1.9,12.44,6.36,68.4,Normal
2026-07-03 05:47:08.682,Košice,Подгорица,None,0,7.9,0,992.4,3,0.46,0.0,0.0,0.002,0.007,0.052,1.9,12.44,6.36,68.4,Normal
2026-07-03 05:47:09.695,Košice,Подгорица,None,0,9.7,0,1254.7,3,0.39,0.0,0.0,0.002,-0.053,-0.94,1.9,12.44,6.36,68.4,Normal
2026-07-03 05:47:10.692,Košice,Подгорица,None,0,12.2,0,1347.5,3,0.33,0.0,0.0,-0.002,0.083,-0.181,1.9,12.44,6.36,68.4,Normal
2026-07-03 05:47:11.701,Košice,Подгорица,None,0,12.3,0,977.9,5,0.29,0.0,-1.0,0.006,0.004,-0.172,1.9,12.44,6.36,68.4,Normal
2026-07-03 05:47:12.684,Košice,Подгорица,None,0,13.9,0,1110.1,5,0.31,0.0,-1.0,0.036,-0.003,-0.535,1.9,12.44,6.36,68.4,Normal
2026-07-03 05:47:13.684,Košice,Подгорица,None,0,15.8,0,1259.7,5,0.3,0.0,-1.0,0.151,-0.006,-0.497,1.9,12.44,6.36,68.4,Normal
2026-07-03 05:47:14.684,Košice,Подгорица,None,0,17.6,0,1394.9,5,0.29,0.0,-1.0,0.049,0.007,-0.462,1.9,12.44,6.36,68.4,Normal
2026-07-03 05:47:15.685,Košice,Подгорица,None,0,18.5,0,1255.6,5,0.27,0.0,-1.0,-0.017,0.05,-0.029,1.9,12.44,6.36,68.4,Normal
2026-07-03 05:47:16.685,Košice,Подгорица,None,0,18.5,0,1134.8,6,0.28,0.0,-1.0,0.035,-0.009,-0.137,1.9,12.44,6.36,68.3,Normal
2026-07-03 05:47:17.685,Košice,Подгорица,None,0,19.6,0,1201.7,6,0.27,0.0,-1.0,0.004,0.002,-0.317,1.9,12.44,6.36,68.3,Normal
2026-07-03 05:47:18.686,Košice,Подгорица,None,0,20.7,0,1269.8,6,0.27,0.0,0.0,-0.073,-0.024,-0.308,1.9,12.45,6.36,68.3,Normal
2026-07-03 05:47:19.686,Košice,Подгорица,None,0,21.7,0,1333.8,6,0.25,0.0,1.0,-0.081,0.011,-0.283,1.9,12.45,6.36,68.3,Normal
2026-07-03 05:47:20.686,Košice,Подгорица,None,0,22.6,0,1385.1,6,0.22,0.0,1.0,-0.08,0.009,-0.23,1.9,12.45,6.36,68.3,Normal
2026-07-03 05:47:21.700,Košice,Подгорица,None,0,23.3,0,1426.4,6,0.21,0.0,1.0,-0.057,-0.004,-0.174,1.9,12.45,6.36,68.3,Normal
2026-07-03 05:47:22.711,Košice,Подгорица,None,0,23.4,0,1107.8,7,0.21,0.0,1.0,-0.038,0.01,0.052,1.9,12.45,6.36,68.3,Normal
2026-07-03 05:47:23.687,Košice,Подгорица,None,0,23.5,0,1115.2,7,0.22,0.0,1.0,-0.119,-0.025,-0.135,1.9,12.45,6.36,68.3,Normal
2026-07-03 05:47:24.702,Košice,Подгорица,None,0,24.1,0,1146.8,7,0.22,0.0,1.0,-0.183,0.019,-0.189,1.9,12.45,6.36,68.3,Normal
2026-07-03 05:47:25.699,Košice,Подгорица,None,0,24.8,0,1180.2,7,0.23,0.0,1.0,-0.118,-0.034,-0.194,1.9,12.45,6.36,68.3,Normal
2026-07-03 05:47:26.709,Košice,Подгорица,None,0,25.6,0,1215.9,7,0.23,0.0,1.0,-0.011,0.002,-0.201,1.9,12.45,6.36,68.3,Normal
2026-07-03 05:47:27.708,Košice,Подгорица,None,0,26.2,0,1246.2,7,0.23,0.0,1.0,0.039,0.018,-0.173,1.9,12.45,6.36,68.3,Normal
2026-07-03 05:47:28.689,Košice,Подгорица,None,0,26.7,0,1266.8,7,0.18,0.0,-1.0,0.125,0.008,-0.105,1.9,12.45,6.36,68.3,Normal
2026-07-03 05:47:29.700,Košice,Подгорица,None,0,26.6,0,1257.9,7,0.0,0.0,-1.0,0.113,0.028,0.155,1.9,12.45,6.36,68.3,Normal
2026-07-03 05:47:30.711,Košice,Подгорица,None,0,25.9,0,1226.0,7,0.0,0.0,-1.0,0.086,0.006,0.184,1.9,12.45,6.36,68.3,Normal
2026-07-03 05:47:31.711,Košice,Подгорица,None,0,25.6,0,1212.1,7,0.19,0.0,0.0,0.004,-0.009,-0.048,1.9,12.45,6.36,68.3,Normal
2026-07-03 05:47:32.706,Košice,Подгорица,None,0,26.0,0,1230.9,7,0.18,0.0,-1.0,-0.012,-0.0,-0.112,1.9,12.45,6.36,68.3,Normal
2026-07-03 05:47:33.692,Košice,Подгорица,None,0,26.3,0,1249.2,7,0.17,0.0,-1.0,0.026,0.009,-0.103,1.9,12.45,6.36,68.2,Normal
2026-07-03 05:47:34.720,Košice,Подгорица,None,0,26.5,0,1251.0,7,0.0,0.0,-1.0,0.014,0.032,0.098,1.9,12.45,6.36,68.2,Normal
2026-07-03 05:47:35.719,Košice,Подгорица,None,0,25.9,0,1224.2,7,0.0,0.0,0.0,-0.032,0.009,0.167,1.9,12.45,6.36,68.2,Normal
2026-07-03 05:47:36.693,Košice,Подгорица,None,0,25.3,0,1196.7,7,0.0,0.0,0.0,-0.024,0.012,0.166,1.9,12.45,6.36,68.2,Normal
2026-07-03 05:47:37.693,Košice,Подгорица,None,0,24.7,0,1167.8,7,0.0,0.0,0.0,-0.009,-0.012,0.17,1.9,12.45,6.36,68.2,Normal
2026-07-03 05:47:38.710,Košice,Подгорица,None,0,24.1,0,1138.8,7,0.0,0.0,1.0,-0.016,-0.011,0.168,1.9,12.45,6.36,68.2,Normal
2026-07-03 05:47:39.694,Košice,Подгорица,None,0,23.5,0,1111.9,7,0.0,0.0,1.0,-0.015,0.083,0.155,1.9,12.45,6.36,68.2,Normal
2026-07-03 05:47:40.712,Košice,Подгорица,None,0,22.9,0,1082.7,7,0.0,0.0,0.0,-0.005,-0.008,0.161,1.9,12.45,6.36,68.2,Normal
2026-07-03 05:47:41.694,Košice,Подгорица,None,0,22.2,0,1049.9,7,0.0,0.05,1.0,-0.034,-0.01,0.292,1.9,12.45,6.36,68.2,Normal
2026-07-03 05:47:42.694,Košice,Подгорица,None,0,20.9,0,985.4,7,0.0,0.05,0.0,0.003,0.039,0.472,1.9,12.45,6.36,68.2,Normal
2026-07-03 05:47:43.715,Košice,Подгорица,None,0,18.3,0,858.5,7,0.0,0.25,0.0,0.011,0.019,1.099,1.9,12.45,6.36,68.2,Normal
2026-07-03 05:47:44.713,Košice,Подгорица,None,0,12.8,0,992.6,5,0.0,0.39,0.0,0.016,0.017,1.966,1.9,12.45,6.36,68.2,Normal
2026-07-03 05:47:45.695,Košice,Подгорица,None,0,5.1,0,771.5,5,0.0,0.33,0.0,-0.011,-0.022,2.14,1.9,12.45,6.36,68.2,Normal
2026-07-03 05:47:46.706,Košice,Подгорица,None,0,1.7,0,550.0,1,0.0,0.0,0.0,0.003,-0.026,0.165,1.9,12.45,6.36,68.2,Normal
2026-07-03 05:47:47.718,Košice,Подгорица,None,0,1.3,0,550.0,1,0.0,0.23,0.0,-0.002,-0.021,0.242,1.9,12.45,6.36,68.2,Normal
2026-07-03 05:47:48.696,Košice,Подгорица,None,0,-0.0,0,550.0,1,0.0,0.28,0.0,0.007,-0.025,0.006,1.9,12.45,6.36,68.2,Normal
2026-07-03 05:47:49.696,Košice,Подгорица,None,0,0.0,0,550.0,1,0.0,0.0,0.0,-0.001,-0.01,-0.001,1.9,12.45,6.36,68.2,Normal
2026-07-03 05:47:50.721,Košice,Подгорица,None,0,-0.0,0,550.0,1,0.0,0.0,0.0,0.002,0.0,0.0,1.9,12.45,6.36,68.2,Normal
2026-07-03 05:47:51.697,Košice,Подгорица,None,0,0.0,0,550.0,1,0.0,0.0,0.0,0.002,-0.01,-0.001,1.9,12.45,6.36,68.2,Normal
2026-07-03 05:47:52.699,Košice,Подгорица,None,0,-0.0,0,550.0,1,0.0,0.0,0.0,-0.001,-0.0,-0.0,1.9,12.45,6.36,68.2,Normal
2026-07-03 05:47:53.698,Košice,Подгорица,None,0,-0.0,0,550.0,1,0.0,0.0,0.0,-0.001,-0.001,-0.0,1.9,12.45,6.36,68.2,Normal
2026-07-03 05:47:54.698,Košice,Подгорица,None,0,-0.0,0,550.0,1,0.0,0.0,0.0,0.001,0.002,-0.0,1.9,12.45,6.36,68.2,Normal
2026-07-03 05:47:55.698,Košice,Подгорица,None,0,-0.0,0,550.0,1,0.0,0.0,0.0,0.001,-0.002,0.0,1.9,12.45,6.36,68.2,Normal
2026-07-03 05:47:56.699,Košice,Подгорица,None,0,-0.0,0,550.0,1,0.0,0.0,0.0,0.001,0.004,0.0,1.9,12.45,6.36,68.2,Normal
2026-07-03 05:47:57.699,Košice,Подгорица,None,0,-0.0,0,550.0,1,0.0,0.0,0.0,0.0,-0.0,-0.0,1.9,12.45,6.36,68.2,Normal
2026-07-03 05:47:58.701,Košice,Подгорица,None,0,-0.0,0,550.0,1,0.0,0.0,0.0,-0.001,-0.001,-0.0,1.9,12.45,6.36,68.2,Normal
2026-07-03 05:47:59.701,Košice,Подгорица,None,0,-0.0,0,550.0,1,0.0,0.0,0.0,-0.0,0.001,-0.0,1.9,12.45,6.36,68.2,Normal
2026-07-03 05:48:00.715,Košice,Подгорица,None,0,-0.0,0,550.0,1,0.0,0.0,0.0,-0.0,0.0,0.0,1.9,12.45,6.36,68.2,Normal
2026-07-03 05:48:01.701,Košice,Подгорица,None,0,-0.0,0,550.0,1,0.0,0.0,0.0,0.002,0.0,0.001,1.9,12.45,6.36,68.2,Normal
2026-07-03 05:48:02.715,Košice,Подгорица,None,0,-0.0,0,550.0,1,0.0,0.0,0.0,0.001,0.001,0.0,1.9,12.45,6.36,68.2,Normal
2026-07-03 05:48:03.703,Košice,Подгорица,None,0,-0.0,0,550.0,1,0.0,0.0,0.0,-0.002,-0.002,-0.0,1.9,12.45,6.36,68.2,Normal
2026-07-03 05:48:04.702,Košice,Подгорица,None,0,-0.0,0,550.0,1,0.0,0.0,0.0,0.0,0.0,0.0,1.9,12.45,6.36,68.2,Normal
2026-07-03 05:48:05.704,Košice,Подгорица,None,0,-0.0,0,550.0,1,0.0,0.0,0.0,0.003,-0.001,0.001,1.9,12.45,6.36,68.2,Normal
2026-07-03 05:48:06.714,Košice,Подгорица,None,0,-0.0,0,550.0,1,0.0,0.0,0.0,0.001,0.003,0.0,1.9,12.45,6.36,68.2,Normal
2026-07-03 05:48:07.704,Košice,Подгорица,None,0,0.0,0,550.0,1,0.0,0.0,0.0,-0.001,0.001,-0.003,1.9,12.45,6.36,68.2,Normal
2026-07-03 05:48:08.705,Košice,Подгорица,None,0,-0.0,0,550.0,1,0.0,0.0,0.0,0.0,-0.0,0.0,1.9,12.45,6.36,68.2,Normal
2026-07-03 05:48:09.719,Košice,Подгорица,None,0,-0.0,0,550.0,1,0.0,0.0,0.0,-0.0,0.021,0.002,1.9,12.45,6.36,68.2,Normal
2026-07-03 05:48:10.705,Košice,Подгорица,None,0,-0.0,0,550.0,1,0.0,0.0,0.0,-0.001,-0.004,0.0,1.9,12.45,6.36,68.2,Normal
2026-07-03 05:48:11.706,Košice,Подгорица,None,0,-0.0,0,550.0,1,0.0,0.0,0.0,-0.001,-0.001,0.0,1.9,12.45,6.36,68.2,Normal
2026-07-03 05:48:12.706,Košice,Подгорица,None,0,-0.0,0,550.0,1,0.0,0.0,0.0,-0.001,0.002,-0.001,1.9,12.45,6.36,68.2,Normal
2026-07-03 05:48:13.705,Košice,Подгорица,None,0,-0.0,0,550.0,1,0.0,0.0,0.0,-0.0,0.003,-0.0,1.9,12.45,6.36,68.2,Normal
2026-07-03 05:48:14.706,Košice,Подгорица,None,0,-0.0,0,550.0,1,0.0,0.0,0.0,-0.002,0.0,-0.0,1.9,12.45,6.36,68.2,Normal
2026-07-03 05:48:15.706,Košice,Подгорица,None,0,-0.0,0,550.0,1,0.0,0.0,0.0,0.001,0.007,0.001,1.9,12.45,6.36,68.2,Normal
2026-07-03 05:48:16.706,Košice,Подгорица,None,0,-0.0,0,550.0,1,0.0,0.0,0.0,-0.001,0.002,-0.0,1.9,12.45,6.36,68.2,Normal
2026-07-03 05:48:17.707,Košice,Подгорица,None,0,0.0,0,550.0,1,0.0,0.0,0.0,0.002,-0.01,-0.0,1.9,12.45,6.36,68.2,Normal
2026-07-03 05:48:18.708,Košice,Подгорица,None,0,-0.0,0,550.0,1,0.0,0.0,0.0,-0.001,-0.001,-0.0,1.9,12.45,6.36,68.2,Normal
2026-07-03 05:48:19.718,Košice,Подгорица,None,0,-0.0,0,550.0,1,0.0,0.0,0.0,0.0,0.024,0.002,1.9,12.45,6.36,68.2,Normal
2026-07-03 05:48:20.721,Košice,Подгорица,None,0,0.0,0,550.0,1,0.0,0.0,0.0,-0.002,0.003,-0.001,1.9,12.45,6.36,68.2,Normal
2026-07-03 05:48:21.721,Košice,Подгорица,None,0,-0.0,0,550.0,1,0.0,0.0,0.0,0.001,-0.001,0.0,1.9,12.45,6.36,68.2,Normal
2026-07-03 05:48:22.721,Košice,Подгорица,None,0,-0.0,0,550.0,1,0.0,0.0,0.0,-0.001,-0.001,-0.0,1.9,12.45,6.36,68.2,Normal
2026-07-03 05:48:23.709,Košice,Подгорица,None,0,0.0,0,550.0,1,0.0,0.0,0.0,0.0,-0.011,-0.001,1.9,12.45,6.36,68.2,Normal
2026-07-03 05:48:24.730,Košice,Подгорица,None,0,-0.0,0,550.0,1,0.0,0.0,0.0,0.002,0.0,0.0,1.9,12.45,6.36,68.2,Normal
2026-07-03 05:48:25.724,Košice,Подгорица,None,0,-0.0,0,550.0,1,0.0,0.0,0.0,-0.002,-0.0,-0.0,1.9,12.45,6.36,68.2,Normal
2026-07-03 05:48:26.710,Košice,Подгорица,None,0,-0.0,0,550.0,1,0.0,0.0,0.0,-0.002,0.0,-0.0,1.9,12.45,6.36,68.2,Normal
2026-07-03 05:48:27.721,Košice,Подгорица,None,0,-0.0,0,550.0,1,0.0,0.0,0.0,-0.002,-0.009,-0.0,1.9,12.45,6.36,68.2,Normal
2026-07-03 05:48:28.711,Košice,Подгорица,None,0,-0.0,0,550.0,1,0.0,0.0,0.0,0.001,0.0,0.0,1.9,12.45,6.36,68.2,Normal
2026-07-03 05:48:29.722,Košice,Подгорица,None,0,0.0,0,550.0,1,0.0,0.0,0.0,-0.003,-0.02,-0.002,1.9,12.45,6.36,68.2,Normal
2026-07-03 05:48:30.729,Košice,Подгорица,None,0,0.0,0,550.0,1,0.0,0.0,0.0,-0.0,-0.013,-0.001,1.9,12.45,6.36,68.2,Normal
2026-07-03 05:48:31.713,Košice,Подгорица,None,0,0.0,0,550.0,1,0.0,0.0,0.0,0.001,-0.014,-0.001,1.9,12.45,6.36,68.2,Normal
2026-07-03 05:48:32.713,Košice,Подгорица,None,0,0.0,0,550.0,1,0.0,0.0,0.0,-0.002,0.002,-0.001,1.9,12.45,6.36,68.2,Normal
2026-07-03 05:48:33.714,Košice,Подгорица,None,0,-0.0,0,550.0,1,0.0,0.0,0.0,-0.001,0.0,0.003,1.9,12.45,6.36,68.2,Normal
2026-07-03 05:48:34.714,Košice,Подгорица,None,0,-0.0,0,550.0,1,0.0,0.0,0.0,0.0,-0.003,0.0,1.9,12.45,6.36,68.2,Normal
2026-07-03 05:48:35.714,Košice,Подгорица,None,0,-0.0,0,550.0,1,0.0,0.0,0.0,0.001,0.001,0.0,1.9,12.45,6.36,68.2,Normal
2026-07-03 05:48:36.714,Košice,Подгорица,None,0,0.0,0,567.0,1,0.19,0.0,0.0,-0.001,-0.002,-0.0,1.9,12.45,6.36,68.2,Normal
2026-07-03 05:48:37.714,Košice,Подгорица,None,0,2.3,0,716.6,1,0.47,0.0,0.0,0.004,-0.045,-1.408,1.9,12.45,6.36,68.2,Normal
2026-07-03 05:48:38.715,Košice,Подгорица,None,0,7.8,0,1513.5,1,0.51,0.0,0.0,0.015,0.004,-0.573,1.9,12.45,6.36,68.2,Normal
2026-07-03 05:48:39.739,Košice,Подгорица,None,0,8.2,0,1042.4,3,0.37,0.0,0.0,0.006,0.054,-0.118,1.9,12.45,6.36,68.2,Normal
2026-07-03 05:48:40.734,Košice,Подгорица,None,0,11.1,0,1433.4,3,0.4,0.0,0.0,-0.043,-0.021,-1.025,1.9,12.45,6.36,68.2,Normal
2026-07-03 05:48:41.716,Košice,Подгорица,None,0,12.3,0,968.0,5,0.26,0.0,0.0,-0.008,0.021,-0.001,1.9,12.45,6.36,68.2,Normal
2026-07-03 05:48:42.716,Košice,Подгорица,None,0,12.9,0,1028.3,5,0.35,0.0,-1.0,0.041,-0.053,-0.442,1.9,12.45,6.36,68.2,Normal
2026-07-03 05:48:43.740,Košice,Подгорица,None,0,15.2,0,1209.3,5,0.35,0.0,0.0,0.01,0.016,-0.622,1.9,12.45,6.36,68.2,Normal
2026-07-03 05:48:44.717,Košice,Подгорица,None,0,17.3,0,1377.6,5,0.35,0.0,0.0,-0.005,0.005,-0.593,1.9,12.64,7.61,68.2,Normal
2026-07-03 05:48:45.736,Košice,Подгорица,None,0,18.7,0,1243.7,5,0.36,0.0,0.0,-0.004,0.059,-0.072,1.9,12.64,7.61,68.2,Normal
2026-07-03 05:48:46.732,Košice,Подгорица,None,0,18.8,0,1155.8,6,0.35,0.0,-1.0,0.028,-0.007,-0.246,1.9,12.64,7.61,68.2,Normal
2026-07-03 05:48:47.735,Košice,Подгорица,None,0,20.4,0,1256.2,6,0.39,0.0,0.0,-0.017,-0.015,-0.503,1.9,12.64,7.61,68.2,Normal
2026-07-03 05:48:48.719,Košice,Подгорица,None,0,22.1,0,1360.0,6,0.35,0.0,0.0,-0.013,-0.001,-0.467,1.9,12.64,7.61,68.1,Normal
2026-07-03 05:48:49.719,Košice,Подгорица,None,0,23.0,0,1404.1,6,0.0,0.0,1.0,-0.149,0.062,0.066,1.9,12.64,7.61,68.1,Normal
2026-07-03 05:48:50.720,Košice,Подгорица,None,0,22.9,0,1405.4,6,0.34,0.0,1.0,-0.118,-0.046,-0.201,1.9,12.64,7.61,68.1,Normal
2026-07-03 05:48:51.739,Košice,Подгорица,None,0,23.6,0,1184.9,6,0.36,0.0,1.0,-0.031,0.039,-0.008,1.9,12.64,7.61,68.1,Normal
2026-07-03 05:48:52.721,Košice,Подгорица,None,0,23.7,0,1130.6,7,0.37,0.0,1.0,-0.03,-0.048,-0.219,1.9,12.64,7.61,68.1,Normal
2026-07-03 05:48:53.721,Košice,Подгорица,None,0,25.1,0,1194.3,7,0.37,0.0,1.0,-0.021,0.001,-0.39,1.9,12.64,7.61,68.1,Normal
2026-07-03 05:48:54.723,Košice,Подгорица,None,0,26.4,0,1258.8,7,0.37,0.0,1.0,0.047,0.001,-0.377,1.9,12.64,7.61,68.1,Normal
2026-07-03 05:48:55.722,Košice,Подгорица,None,0,27.8,0,1322.1,7,0.34,0.0,0.0,0.087,0.007,-0.355,1.9,12.64,7.61,68.1,Normal
2026-07-03 05:48:56.722,Košice,Подгорица,None,0,28.8,0,1371.0,7,0.31,0.0,-1.0,0.072,-0.007,-0.273,1.9,12.64,7.61,68.1,Normal
2026-07-03 05:48:57.723,Košice,Подгорица,None,0,29.8,0,1414.6,7,0.3,0.0,-1.0,0.111,0.014,-0.248,1.9,12.64,7.61,68.1,Normal
2026-07-03 05:48:58.736,Košice,Подгорица,None,0,30.0,0,1100.2,8,0.0,0.0,0.0,-0.025,0.022,0.048,1.9,12.65,7.61,68.1,Normal
2026-07-03 05:48:59.725,Košice,Подгорица,None,0,30.0,0,1105.0,8,0.51,0.0,0.0,-0.031,-0.042,-0.223,1.9,12.65,7.61,68.0,Normal
2026-07-03 05:49:00.725,Košice,Подгорица,None,0,30.6,0,1122.9,8,0.0,0.0,-1.0,-0.028,0.017,0.052,1.9,12.65,7.61,68.0,Normal
2026-07-03 05:49:01.749,Košice,Подгорица,None,0,30.4,0,1118.4,8,0.0,0.0,0.0,-0.016,0.004,-0.007,1.9,12.65,7.61,68.0,Normal
2026-07-03 05:49:02.725,Košice,Подгорица,None,0,30.5,0,1118.9,8,0.0,0.0,0.0,-0.015,0.007,0.005,1.9,12.65,7.61,68.0,Normal
2026-07-03 05:49:03.726,Košice,Подгорица,None,0,30.5,0,1118.0,8,0.0,0.0,0.0,0.001,-0.018,0.005,1.9,12.65,7.61,68.0,Normal
2026-07-03 05:49:04.750,Košice,Подгорица,None,0,30.5,0,1117.9,8,0.0,0.0,0.0,-0.003,0.007,-0.0,1.9,12.65,7.61,68.0,Normal
2026-07-03 05:49:05.740,Košice,Подгорица,None,0,30.4,0,1117.8,8,0.0,0.0,-1.0,0.013,0.01,-0.001,1.9,12.65,7.61,68.0,Normal
2026-07-03 05:49:06.727,Košice,Подгорица,None,0,30.4,0,1117.7,8,0.0,0.0,-1.0,0.041,-0.023,0.004,1.9,12.65,7.61,68.0,Normal
2026-07-03 05:49:07.743,Košice,Подгорица,None,0,30.4,0,1118.0,8,0.0,0.0,-1.0,0.028,0.012,-0.001,1.9,12.65,7.61,68.0,Normal
2026-07-03 05:49:08.728,Košice,Подгорица,None,0,30.4,0,1118.2,8,0.0,0.0,0.0,0.012,0.016,-0.004,1.9,12.65,7.61,68.0,Normal
2026-07-03 05:49:09.728,Košice,Подгорица,None,0,30.4,0,1117.5,8,0.0,0.0,-1.0,-0.023,-0.01,0.002,1.9,12.65,7.61,68.0,Normal
2026-07-03 05:49:10.728,Košice,Подгорица,None,0,30.4,0,1117.6,8,0.0,0.0,-1.0,0.029,0.027,-0.002,1.9,12.65,7.61,68.0,Normal
2026-07-03 05:49:11.729,Košice,Подгорица,None,0,30.4,0,1117.6,8,0.0,0.0,-1.0,-0.035,0.004,-0.004,1.9,12.65,7.61,68.0,Normal
2026-07-03 05:49:12.742,Košice,Подгорица,None,0,30.4,0,1117.8,8,0.0,0.0,-1.0,-0.003,-0.0,0.003,1.9,12.65,7.61,68.0,Normal
2026-07-03 05:49:13.729,Košice,Подгорица,None,0,30.4,0,1117.8,8,0.0,0.0,-1.0,0.068,-0.017,-0.001,1.9,12.65,7.61,68.0,Normal
2026-07-03 05:49:14.748,Košice,Подгорица,None,0,30.4,0,1117.9,8,0.0,0.0,-1.0,-0.006,-0.0,-0.006,1.9,12.65,7.61,68.0,Normal
2026-07-03 05:49:15.740,Košice,Подгорица,None,0,30.4,0,1118.2,8,0.0,0.0,-1.0,0.017,-0.002,-0.007,1.9,12.65,7.61,68.0,Normal
2026-07-03 05:49:16.749,Košice,Подгорица,None,0,30.4,0,1117.5,8,0.0,0.0,-1.0,-0.005,-0.002,0.002,1.9,12.66,7.61,68.0,Normal
2026-07-03 05:49:17.750,Košice,Подгорица,None,0,30.4,0,1118.1,8,0.0,0.0,0.0,-0.038,0.002,-0.016,1.9,12.66,7.61,68.0,Normal
2026-07-03 05:49:18.730,Košice,Подгорица,None,0,30.4,0,1118.1,8,0.0,0.0,-1.0,0.014,-0.012,-0.002,1.9,12.66,7.61,68.0,Normal
2026-07-03 05:49:19.730,Košice,Подгорица,None,0,30.4,0,1117.9,8,0.0,0.0,0.0,-0.032,-0.005,-0.0,1.9,12.66,7.61,68.0,Normal
2026-07-03 05:49:20.731,Košice,Подгорица,None,0,30.4,0,1118.1,8,0.0,0.0,0.0,-0.017,-0.012,-0.016,1.9,12.66,7.61,68.0,Normal
2026-07-03 05:49:21.745,Košice,Подгорица,None,0,30.4,0,1117.5,8,0.0,0.0,0.0,-0.011,0.024,0.012,1.9,12.66,7.61,68.0,Normal
2026-07-03 05:49:22.742,Košice,Подгорица,None,0,30.4,0,1117.8,8,0.0,0.0,-1.0,0.019,0.026,0.001,1.9,12.66,7.61,68.0,Normal
2026-07-03 05:49:23.757,Košice,Подгорица,None,0,30.4,0,1117.9,8,0.0,0.0,-1.0,0.015,-0.004,-0.016,1.9,12.66,7.61,68.0,Normal
2026-07-03 05:49:24.752,Košice,Подгорица,None,0,30.4,0,1117.7,8,0.0,0.0,0.0,-0.011,-0.009,0.009,1.9,12.66,7.61,67.9,Normal
2026-07-03 05:49:25.733,Košice,Подгорица,None,0,30.4,0,1117.7,8,0.0,0.0,-1.0,0.03,-0.011,0.005,1.9,12.66,7.61,67.9,Normal
2026-07-03 05:49:26.750,Košice,Подгорица,None,0,30.4,0,1117.7,8,0.0,0.0,-1.0,-0.007,0.006,-0.002,1.9,12.66,7.61,67.9,Normal
2026-07-03 05:49:27.734,Košice,Подгорица,None,0,30.4,0,1117.6,8,0.0,0.0,-1.0,0.03,0.002,-0.0,1.9,12.66,7.61,67.9,Normal
2026-07-03 05:49:28.734,Košice,Подгорица,None,0,30.4,0,1117.6,8,0.0,0.0,-1.0,0.026,0.017,-0.001,1.9,12.66,7.61,67.9,Normal
2026-07-03 05:49:29.756,Košice,Подгорица,None,0,30.4,0,1117.8,8,0.0,0.0,-1.0,-0.015,-0.01,0.005,1.9,12.66,7.61,67.9,Normal
2026-07-03 05:49:30.754,Košice,Подгорица,None,0,30.4,0,1117.7,8,0.0,0.0,-1.0,-0.006,-0.017,0.004,1.9,12.66,7.61,67.9,Normal
2026-07-03 05:49:31.735,Košice,Подгорица,None,0,30.4,0,1117.8,8,0.0,0.0,-1.0,0.02,-0.019,0.006,1.9,12.66,7.61,67.9,Normal
2026-07-03 05:49:32.735,Košice,Подгорица,None,0,30.4,0,1117.9,8,0.0,0.0,-1.0,0.025,0.011,-0.002,1.9,12.66,7.61,67.9,Normal
2026-07-03 05:49:33.736,Košice,Подгорица,None,0,30.4,0,1117.7,8,0.0,0.0,-1.0,0.024,0.003,0.003,1.9,12.66,7.61,67.9,Normal
2026-07-03 05:49:34.736,Košice,Подгорица,None,0,30.4,0,1117.6,8,0.0,0.0,-1.0,0.033,0.003,0.0,1.9,12.66,7.61,67.9,Normal
2026-07-03 05:49:35.736,Košice,Подгорица,None,0,30.4,0,1117.7,8,0.0,0.0,-1.0,0.009,0.002,-0.002,1.9,12.67,7.61,67.9,Normal
2026-07-03 05:49:36.737,Košice,Подгорица,None,0,30.4,0,1117.8,8,0.0,0.0,-1.0,-0.012,0.004,-0.001,1.9,12.67,7.61,67.9,Normal
2026-07-03 05:49:37.760,Košice,Подгорица,None,0,30.4,0,1118.0,8,0.0,0.0,0.0,-0.081,-0.028,-0.0,1.9,12.67,7.61,67.9,Normal
2026-07-03 05:49:38.755,Košice,Подгорица,None,0,30.4,0,1118.1,8,0.0,0.0,-1.0,-0.013,-0.007,-0.006,1.9,12.67,7.61,67.9,Normal
2026-07-03 05:49:39.759,Košice,Подгорица,None,0,30.5,0,1118.2,8,0.0,0.0,0.0,-0.035,0.002,-0.002,1.9,12.67,7.61,67.9,Normal
2026-07-03 05:49:40.738,Košice,Подгорица,None,0,30.5,0,1118.1,8,0.0,0.0,1.0,-0.2,-0.006,0.006,1.9,12.67,7.61,67.9,Normal
2026-07-03 05:49:41.740,Košice,Подгорица,None,0,30.5,0,1118.3,8,0.0,0.0,1.0,-0.138,0.009,-0.004,1.9,12.67,7.61,67.9,Normal
2026-07-03 05:49:42.740,Košice,Подгорица,None,0,30.5,0,1118.1,8,0.0,0.0,1.0,-0.07,-0.028,0.007,1.9,12.67,7.61,67.9,Normal
2026-07-03 05:49:43.740,Košice,Подгорица,None,0,30.4,0,1117.8,8,0.0,0.0,1.0,-0.035,-0.001,-0.001,1.9,12.67,7.61,67.9,Normal
2026-07-03 05:49:44.758,Košice,Подгорица,None,0,30.4,0,1117.7,8,0.0,0.0,1.0,0.03,0.004,0.002,1.9,12.67,7.61,67.9,Normal
2026-07-03 05:49:45.742,Košice,Подгорица,None,0,30.4,0,1117.8,8,0.0,0.0,1.0,0.088,-0.003,-0.0,1.9,12.67,7.61,67.9,Normal
2026-07-03 05:49:46.742,Košice,Подгорица,None,0,30.4,0,1117.6,8,0.0,0.0,1.0,0.043,-0.003,-0.002,1.9,12.67,7.61,67.9,Normal
2026-07-03 05:49:47.744,Košice,Подгорица,None,0,30.4,0,1117.8,8,0.0,0.0,-1.0,0.08,0.004,-0.002,1.9,12.68,7.61,67.8,Normal
2026-07-03 05:49:48.744,Košice,Подгорица,None,0,30.4,0,1117.9,8,0.0,0.0,-1.0,0.248,0.01,-0.0,1.9,12.68,7.61,67.8,Normal
2026-07-03 05:49:49.745,Košice,Подгорица,None,0,30.5,0,1118.3,8,0.0,0.0,-1.0,0.119,0.003,-0.005,1.9,12.68,7.61,67.8,Normal
2026-07-03 05:49:50.745,Košice,Подгорица,None,0,30.4,0,1117.8,8,0.0,0.0,-1.0,-0.001,-0.017,0.004,1.9,12.68,7.61,67.8,Normal
2026-07-03 05:49:51.745,Košice,Подгорица,None,0,30.4,0,1117.6,8,0.0,0.0,-1.0,-0.016,0.007,0.001,1.9,12.68,7.61,67.8,Normal
2026-07-03 05:49:52.746,Košice,Подгорица,None,0,30.4,0,1117.8,8,0.0,0.0,0.0,-0.086,-0.003,-0.002,1.9,12.68,7.61,67.8,Normal
2026-07-03 05:49:53.745,Košice,Подгорица,None,0,30.5,0,1118.5,8,0.0,0.0,-1.0,0.089,-0.019,-0.006,1.9,12.68,7.61,67.8,Normal
2026-07-03 05:49:54.745,Košice,Подгорица,None,0,30.4,0,1118.0,8,0.0,0.0,0.0,-0.144,-0.004,0.004,1.9,12.68,7.61,67.8,Normal
2026-07-03 05:49:55.746,Košice,Подгорица,None,0,30.4,0,1116.9,8,0.0,0.0,0.0,-0.084,0.005,-0.002,1.9,12.68,7.61,67.8,Normal
2026-07-03 05:49:56.746,Košice,Подгорица,None,0,30.0,0,1100.3,8,0.0,0.0,1.0,-0.127,0.005,0.148,1.9,12.68,7.61,67.8,Normal
2026-07-03 05:49:57.746,Košice,Подгорица,None,0,29.5,0,1080.2,8,0.0,0.0,1.0,-0.1,0.008,0.149,1.9,12.68,7.61,67.8,Normal
2026-07-03 05:49:58.746,Košice,Подгорица,None,0,28.9,0,1060.6,8,0.0,0.0,1.0,-0.043,0.007,0.144,1.9,12.68,7.61,67.8,Normal
2026-07-03 05:49:59.770,Košice,Подгорица,None,0,28.4,0,1040.5,8,0.0,0.0,1.0,-0.152,0.013,0.146,1.9,12.68,7.61,67.8,Normal
2026-07-03 05:50:00.747,Košice,Подгорица,None,0,27.9,0,1021.2,8,0.0,0.0,1.0,-0.117,0.002,0.152,1.9,12.68,7.61,67.8,Normal
2026-07-03 05:50:01.759,Košice,Подгорица,None,0,27.3,0,1000.7,8,0.0,0.0,1.0,0.127,-0.003,0.166,1.9,12.68,7.61,67.8,Normal
2026-07-03 05:50:02.772,Košice,Подгорица,None,0,26.7,0,977.8,8,0.0,0.0,1.0,0.011,0.007,0.185,1.9,12.68,7.61,67.8,Normal
2026-07-03 05:50:03.748,Košice,Подгорица,None,0,26.1,0,954.3,8,0.0,0.0,1.0,0.142,0.003,0.18,1.9,12.68,7.61,67.8,Normal
2026-07-03 05:50:04.748,Košice,Подгорица,None,0,25.4,0,929.7,8,0.0,0.0,1.0,-0.018,-0.001,0.18,1.9,12.68,7.61,67.8,Normal
2026-07-03 05:50:05.767,Košice,Подгорица,None,0,24.7,0,906.4,8,0.0,0.0,0.0,0.137,0.01,0.172,1.9,12.68,7.61,67.8,Normal
2026-07-03 05:50:06.748,Košice,Подгорица,None,0,24.1,0,935.3,8,0.0,0.0,1.0,0.034,0.007,0.161,1.9,12.68,7.61,67.8,Normal
2026-07-03 05:50:07.750,Košice,Подгорица,None,0,23.8,0,1126.5,7,0.15,0.0,1.0,-0.016,0.007,0.066,1.9,12.69,7.61,67.8,Normal
2026-07-03 05:50:08.749,Košice,Подгорица,None,0,23.8,0,1127.8,7,0.14,0.0,1.0,-0.006,-0.004,-0.005,1.9,12.69,7.61,67.8,Normal
2026-07-03 05:50:09.772,Košice,Подгорица,None,0,24.1,0,1146.4,7,0.22,0.0,1.0,0.025,-0.003,-0.176,1.9,12.69,7.61,67.8,Normal
2026-07-03 05:50:10.751,Košice,Подгорица,None,0,24.2,0,1142.6,7,0.03,0.0,1.0,0.052,0.006,0.139,1.9,12.69,7.61,67.8,Normal
2026-07-03 05:50:11.765,Košice,Подгорица,None,0,24.3,0,1151.9,7,0.18,0.0,1.0,0.033,0.013,-0.129,1.9,12.69,7.61,67.8,Normal
2026-07-03 05:50:12.751,Košice,Подгорица,None,0,24.6,0,1166.0,7,0.17,0.0,1.0,-0.002,-0.034,-0.076,1.9,12.69,7.61,67.8,Normal
2026-07-03 05:50:13.765,Košice,Подгорица,None,0,24.7,0,1167.9,7,0.06,0.0,-1.0,0.162,0.026,0.034,1.9,12.69,7.61,67.8,Normal
2026-07-03 05:50:14.753,Košice,Подгорица,None,0,24.3,0,1149.6,7,0.0,0.0,-1.0,0.086,0.048,0.144,1.9,12.69,7.61,67.8,Normal
2026-07-03 05:50:15.765,Košice,Подгорица,None,0,23.7,0,1119.9,7,0.0,0.0,-1.0,0.071,0.006,0.173,1.9,12.69,7.61,67.8,Normal
2026-07-03 05:50:16.774,Košice,Подгорица,None,0,23.1,0,1090.8,7,0.0,0.0,-1.0,0.038,0.005,0.172,1.9,12.69,7.61,67.8,Normal
2026-07-03 05:50:17.767,Košice,Подгорица,None,0,22.5,0,1061.5,7,0.0,0.0,-1.0,-0.02,0.008,0.177,1.9,12.69,7.61,67.8,Normal
2026-07-03 05:50:18.753,Košice,Подгорица,None,0,21.8,0,1030.4,7,0.0,0.0,-1.0,-0.048,-0.003,0.19,1.9,12.69,7.61,67.8,Normal
2026-07-03 05:50:19.771,Košice,Подгорица,None,0,21.1,0,995.7,7,0.0,0.05,-1.0,-0.062,-0.004,0.233,1.9,12.69,7.61,67.8,Normal
2026-07-03 05:50:20.755,Košice,Подгорица,None,0,18.9,0,886.6,7,0.0,0.12,-1.0,-0.055,0.007,0.871,1.9,12.69,7.61,67.8,Normal
2026-07-03 05:50:21.755,Košice,Подгорица,None,0,15.8,0,1235.6,5,0.0,0.19,0.0,-0.061,-0.021,0.885,1.9,12.69,7.61,67.8,Normal
2026-07-03 05:50:22.754,Košice,Подгорица,None,0,13.0,0,1017.1,5,0.0,0.0,1.0,-0.053,0.005,0.564,1.9,12.69,7.61,67.8,Normal
2026-07-03 05:50:23.756,Košice,Подгорица,None,0,11.9,0,935.7,5,0.0,0.0,0.0,-0.013,-0.006,0.228,1.9,12.69,7.61,67.8,Normal
2026-07-03 05:50:24.756,Košice,Подгорица,None,0,11.1,0,873.1,5,0.0,0.0,0.0,-0.006,-0.005,0.215,1.9,12.69,7.61,67.8,Normal
2026-07-03 05:50:25.778,Košice,Подгорица,None,0,9.5,0,885.5,5,0.0,0.08,0.0,-0.004,0.029,0.613,1.9,12.69,7.61,67.8,Normal
2026-07-03 05:50:26.775,Košice,Подгорица,None,0,6.4,0,781.3,3,0.0,0.28,0.0,-0.004,-0.047,1.376,1.9,12.69,7.61,67.8,Normal
2026-07-03 05:50:27.757,Košice,Подгорица,None,0,0.1,0,451.0,1,0.0,0.0,0.0,0.0,0.102,-0.135,1.9,12.69,7.61,67.8,Normal
2026-07-03 05:50:28.758,Košice,Подгорица,None,0,0.5,0,550.0,0,0.0,0.0,0.0,0.014,-0.005,0.019,1.9,12.69,7.61,67.8,Normal
2026-07-03 05:50:29.780,Košice,Подгорица,None,0,0.3,0,550.0,0,0.0,0.0,0.0,-0.001,-0.005,0.048,1.9,12.69,7.61,67.8,Normal
2026-07-03 05:50:30.777,Košice,Подгорица,None,0,0.1,0,550.0,0,0.0,0.0,0.0,0.005,0.001,0.054,1.9,12.69,7.61,67.8,Normal
2026-07-03 05:50:31.758,Košice,Подгорица,None,0,0.0,0,550.0,0,0.0,0.0,0.0,-0.003,-0.002,-0.001,1.9,12.69,7.61,67.8,Normal
2026-07-03 05:50:32.781,Košice,Подгорица,None,0,-0.0,0,550.0,1,0.0,0.0,0.0,-0.001,0.018,0.002,1.9,12.69,7.61,67.8,Normal
2026-07-03 05:50:33.759,Košice,Подгорица,None,0,-0.0,0,550.0,1,0.0,0.0,0.0,0.0,0.003,-0.0,1.9,12.69,7.61,67.8,Normal
2026-07-03 05:50:34.773,Košice,Подгорица,None,0,-0.0,0,550.0,1,0.0,0.0,-1.0,-0.0,0.021,0.002,1.9,12.69,7.61,67.8,Normal
2026-07-03 05:50:35.772,Košice,Подгорица,None,0,0.1,0,729.7,1,0.15,0.0,-1.0,0.006,0.027,-0.088,1.9,12.69,7.61,67.8,Normal
2026-07-03 05:50:36.782,Košice,Подгорица,None,0,1.3,0,698.7,1,0.3,0.0,-1.0,0.021,0.013,-0.588,1.9,12.69,7.61,67.8,Normal
2026-07-03 05:50:37.778,Košice,Подгорица,None,0,5.9,0,1283.8,1,0.37,0.0,-1.0,0.037,-0.021,-1.31,1.9,12.69,7.61,67.8,Normal
2026-07-03 05:50:38.761,Košice,Подгорица,None,0,7.7,0,1274.9,1,0.28,0.0,1.0,-0.013,0.044,-0.055,1.9,12.69,7.61,67.8,Normal
2026-07-03 05:50:39.773,Košice,Подгорица,None,0,8.4,0,1080.3,3,0.34,0.0,1.0,-0.041,-0.04,-0.62,1.9,12.69,7.61,67.8,Normal
2026-07-03 05:50:40.761,Košice,Подгорица,None,0,11.0,0,1414.7,3,0.34,0.0,1.0,-0.01,0.002,-0.781,1.9,12.69,7.61,67.7,Normal
2026-07-03 05:50:41.762,Košice,Подгорица,None,0,12.0,0,942.6,5,0.3,0.0,1.0,-0.094,0.057,0.051,1.9,12.69,7.61,67.7,Normal
2026-07-03 05:50:42.763,Košice,Подгорица,None,0,12.3,0,980.5,5,0.32,0.0,1.0,-0.117,0.042,-0.354,1.9,12.69,7.61,67.7,Normal
2026-07-03 05:50:43.764,Košice,Подгорица,None,0,14.1,0,1129.9,5,0.32,0.0,1.0,-0.042,0.05,-0.53,1.9,12.69,7.61,67.7,Normal
2026-07-03 05:50:44.763,Košice,Подгорица,None,0,16.0,0,1275.8,5,0.32,0.0,1.0,0.009,0.006,-0.508,1.9,12.83,8.5,67.7,Normal
2026-07-03 05:50:45.765,Košice,Подгорица,None,0,17.7,0,1406.0,5,0.28,0.0,0.0,0.074,-0.003,-0.417,1.9,12.83,8.5,67.7,Normal
2026-07-03 05:50:46.764,Košice,Подгорица,None,0,18.4,0,1212.2,5,0.26,0.0,-1.0,0.077,0.011,0.036,1.9,12.83,8.5,67.7,Normal
2026-07-03 05:50:47.765,Košice,Подгорица,None,0,18.3,0,1124.2,6,0.26,0.0,-1.0,0.059,-0.021,-0.148,1.9,12.83,8.5,67.7,Normal
2026-07-03 05:50:48.765,Košice,Подгорица,None,0,19.3,0,1185.2,6,0.26,0.0,-1.0,0.072,-0.005,-0.3,1.9,12.83,8.5,67.7,Normal
2026-07-03 05:50:49.765,Košice,Подгорица,None,0,20.4,0,1248.8,6,0.24,0.0,-1.0,0.126,0.008,-0.268,1.9,12.83,8.5,67.7,Normal
2026-07-03 05:50:50.781,Košice,Подгорица,None,0,21.4,0,1311.5,6,0.27,0.0,-1.0,0.015,-0.005,-0.292,1.9,12.83,8.5,67.7,Normal
2026-07-03 05:50:51.766,Košice,Подгорица,None,0,22.5,0,1379.7,6,0.32,0.0,-1.0,0.239,0.009,-0.344,1.9,12.83,8.5,67.7,Normal
2026-07-03 05:50:52.766,Košice,Подгорица,None,0,23.6,0,1335.8,6,0.29,0.0,-1.0,0.022,0.031,-0.098,1.9,12.83,8.5,67.7,Normal
2026-07-03 05:50:53.766,Košice,Подгорица,None,0,23.5,0,1115.2,7,0.3,0.0,0.0,-0.04,0.01,-0.007,1.9,12.83,8.5,67.7,Normal
2026-07-03 05:50:54.767,Košice,Подгорица,None,0,24.3,0,1158.4,7,0.36,0.0,1.0,-0.136,-0.009,-0.335,1.9,12.83,8.5,67.7,Normal
2026-07-03 05:50:55.767,Košice,Подгорица,None,0,25.7,0,1221.8,7,0.32,0.0,-1.0,-0.002,-0.006,-0.371,1.9,12.83,8.5,67.6,Normal
2026-07-03 05:50:56.768,Košice,Подгорица,None,0,26.9,0,1276.8,7,0.32,0.0,-1.0,0.094,0.002,-0.319,1.9,12.83,8.5,67.6,Normal
2026-07-03 05:50:57.767,Košice,Подгорица,None,0,27.9,0,1328.7,7,0.3,0.0,-1.0,0.185,0.001,-0.29,1.9,12.83,8.5,67.6,Normal
2026-07-03 05:50:58.767,Košice,Подгорица,None,0,28.9,0,1370.6,7,0.23,0.0,-1.0,0.377,0.017,-0.205,1.9,12.83,8.5,67.6,Normal
2026-07-03 05:51:00.768,Košice,Подгорица,None,0,29.6,0,1407.0,7,0.25,0.0,-1.0,-0.061,0.013,-0.135,1.9,12.83,8.5,67.6,Normal
2026-07-03 05:51:01.785,Košice,Подгорица,None,0,29.9,0,1191.1,7,0.27,0.0,-1.0,0.001,0.031,0.032,1.9,12.84,8.51,67.6,Normal
2026-07-03 05:51:02.780,Košice,Подгорица,None,0,29.8,0,1099.2,8,0.34,0.0,-1.0,-0.039,-0.041,-0.126,1.9,12.84,8.51,67.6,Normal
2026-07-03 05:51:03.770,Košice,Подгорица,None,0,30.7,0,1131.9,8,0.43,0.0,1.0,-0.124,-0.01,-0.295,1.9,12.84,8.51,67.6,Normal
2026-07-03 05:51:04.788,Košice,Подгорица,None,0,31.9,0,1175.4,8,0.41,0.0,1.0,-0.044,-0.003,-0.335,1.9,12.84,8.51,67.6,Normal
2026-07-03 05:51:05.771,Košice,Подгорица,None,0,33.2,0,1225.2,8,0.88,0.0,0.0,-0.0,-0.016,-0.413,1.9,12.84,8.51,67.5,Normal
2026-07-03 05:51:06.782,Košice,Подгорица,None,0,35.5,0,1313.6,8,0.93,0.0,0.0,-0.002,0.003,-0.74,1.9,12.84,8.51,67.5,Normal
2026-07-03 05:51:07.771,Košice,Подгорица,None,0,38.3,0,1417.6,8,0.99,0.0,0.0,-0.019,-0.015,-0.8,1.91,12.84,8.51,67.5,Normal
2026-07-03 05:51:08.771,Košice,Подгорица,None,0,40.8,0,1390.0,8,1.0,0.0,0.0,0.01,0.088,-0.32,1.91,12.84,8.51,67.5,Normal
2026-07-03 05:51:09.772,Košice,Подгорица,None,0,40.9,0,1173.6,9,0.5,0.0,0.0,0.022,-0.022,-0.012,1.91,12.84,8.51,67.5,Normal
2026-07-03 05:51:10.785,Košice,Подгорица,None,0,42.0,0,1208.9,9,0.75,0.0,0.0,-0.0,-0.018,-0.442,1.91,12.84,8.51,67.4,Normal
2026-07-03 05:51:11.773,Košice,Подгорица,None,0,43.9,0,1265.9,9,1.0,0.0,0.0,0.02,-0.035,-0.617,1.91,12.84,8.51,67.4,Normal
2026-07-03 05:51:12.774,Košice,Подгорица,None,0,46.2,90,1332.5,9,1.0,0.0,-1.0,0.108,-0.006,-0.653,1.91,12.84,8.51,67.4,Normal
2026-07-03 05:51:13.774,Košice,Подгорица,None,0,48.7,90,1401.8,9,0.94,0.0,-1.0,-0.014,0.019,-0.666,1.91,12.84,8.51,67.3,Normal
2026-07-03 05:51:14.798,Košice,Подгорица,None,0,51.1,90,1469.5,9,0.91,0.0,-1.0,0.056,-0.003,-0.622,1.91,12.84,8.51,67.3,Normal
2026-07-03 05:51:15.774,Košice,Подгорица,None,0,51.9,90,1151.3,10,0.88,0.0,-1.0,0.038,0.043,-0.044,1.91,12.84,8.51,67.3,Normal
2026-07-03 05:51:16.775,Košice,Подгорица,None,0,52.6,90,1173.8,10,1.0,0.0,-1.0,-0.053,-0.021,-0.426,1.91,12.85,8.51,67.3,Normal
2026-07-03 05:51:17.786,Košice,Подгорица,None,0,54.5,90,1215.0,10,1.0,0.0,-1.0,0.056,0.065,-0.514,1.91,12.85,8.51,67.3,Normal
2026-07-03 05:51:18.775,Košice,Подгорица,None,0,56.3,90,1255.3,10,0.98,0.0,-1.0,-0.056,-0.01,-0.507,1.91,12.85,8.51,67.2,Normal
2026-07-03 05:51:19.789,Košice,Подгорица,None,0,57.9,90,1291.0,10,0.91,0.0,-1.0,0.103,0.035,-0.41,1.91,12.85,8.51,67.2,Normal
2026-07-03 05:51:20.800,Košice,Подгорица,None,0,59.3,90,1322.2,10,0.9,0.0,-1.0,0.047,0.046,-0.375,1.91,12.85,8.51,67.2,Normal
2026-07-03 05:51:21.793,Košice,Подгорица,None,0,60.6,90,1349.8,10,0.88,0.0,-1.0,-0.017,0.033,-0.329,1.91,12.85,8.51,67.1,Normal
2026-07-03 05:51:22.776,Košice,Подгорица,None,0,61.8,90,1377.8,10,0.84,0.0,-1.0,-0.05,0.011,-0.357,1.91,12.85,8.51,67.1,Normal
2026-07-03 05:51:23.776,Košice,Подгорица,None,0,63.2,90,1408.5,10,0.9,0.0,-1.0,0.003,0.024,-0.396,1.91,12.85,8.51,67.1,Normal
2026-07-03 05:51:24.798,Košice,Подгорица,None,0,64.5,90,1436.4,10,0.94,0.0,-1.0,-0.031,0.027,-0.321,1.91,12.85,8.51,67.0,Normal
2026-07-03 05:51:25.791,Košice,Подгорица,None,0,65.7,90,1460.1,10,0.96,0.0,-1.0,-0.029,-0.001,-0.341,1.91,12.86,8.51,67.0,Normal
2026-07-03 05:51:26.778,Košice,Подгорица,None,0,65.8,90,1177.6,11,1.0,0.0,1.0,-0.07,-0.028,0.079,1.91,12.86,8.51,67.0,Normal
2026-07-03 05:51:27.795,Košice,Подгорица,None,0,66.4,90,1193.1,11,1.0,0.0,1.0,-0.065,-0.045,-0.308,1.91,12.86,8.51,67.0,Normal
2026-07-03 05:51:28.779,Košice,Подгорица,None,0,67.6,90,1215.2,11,1.0,0.0,0.0,0.027,0.01,-0.357,1.91,12.86,8.51,67.0,Normal
2026-07-03 05:51:29.780,Košice,Подгорица,None,0,68.9,90,1238.7,11,1.0,0.0,0.0,-0.0,0.005,-0.353,1.91,12.86,8.51,66.9,Normal
2026-07-03 05:51:30.780,Košice,Подгорица,None,0,70.2,90,1261.3,11,1.0,0.0,0.0,-0.04,-0.001,-0.355,1.91,12.86,8.51,66.9,Normal
2026-07-03 05:51:31.780,Košice,Подгорица,None,0,70.6,90,1263.7,11,0.0,0.0,0.0,0.026,0.084,0.055,1.91,12.87,8.51,66.9,Normal
2026-07-03 05:51:32.805,Košice,Подгорица,None,0,70.2,90,1255.3,11,0.0,0.0,0.0,-0.008,0.008,0.121,1.91,12.87,8.51,66.9,Normal
2026-07-03 05:51:33.798,Košice,Подгорица,None,0,69.7,90,1247.0,11,0.0,0.0,0.0,-0.0,-0.052,0.13,1.91,12.87,8.51,66.9,Normal
2026-07-03 05:51:34.793,Košice,Подгорица,None,0,69.2,90,1238.8,11,0.0,0.0,0.0,0.01,0.012,0.128,1.91,12.87,8.51,66.9,Normal
2026-07-03 05:51:35.781,Košice,Подгорица,None,0,68.8,90,1230.4,11,0.0,0.0,0.0,0.004,0.037,0.125,1.91,12.87,8.51,66.9,Normal
2026-07-03 05:51:36.803,Košice,Подгорица,None,0,68.3,90,1222.2,11,0.0,0.0,-1.0,0.075,0.071,0.121,1.91,12.87,8.51,66.9,Normal
2026-07-03 05:51:37.782,Košice,Подгорица,None,0,67.8,90,1213.7,11,0.0,0.0,1.0,-0.053,-0.068,0.136,1.91,12.87,8.51,66.9,Normal
2026-07-03 05:51:38.783,Košice,Подгорица,None,0,67.4,90,1205.7,11,0.0,0.0,1.0,-0.049,-0.042,0.125,1.91,12.87,8.51,66.9,Normal
2026-07-03 05:51:39.783,Košice,Подгорица,None,0,66.9,90,1197.7,11,0.0,0.0,1.0,-0.015,0.005,0.123,1.91,12.88,8.51,66.9,Normal
2026-07-03 05:51:40.800,Košice,Подгорица,None,0,66.5,90,1189.5,11,0.0,0.0,0.0,0.016,0.053,0.112,1.91,12.88,8.51,66.9,Normal
2026-07-03 05:51:41.784,Košice,Подгорица,None,0,66.0,90,1181.3,11,0.0,0.0,0.0,-0.015,-0.01,0.122,1.91,12.88,8.51,66.9,Normal
2026-07-03 05:51:42.785,Košice,Подгорица,None,0,65.6,90,1173.2,11,0.0,0.0,0.0,0.023,-0.005,0.119,1.91,12.88,8.51,66.9,Normal
2026-07-03 05:51:43.786,Košice,Подгорица,None,0,65.1,90,1165.6,11,0.0,0.0,0.0,0.005,-0.02,0.121,1.91,12.88,8.51,66.9,Normal
2026-07-03 05:51:44.785,Košice,Подгорица,None,0,64.7,90,1158.1,11,0.0,0.0,1.0,-0.07,-0.066,0.14,1.91,12.88,8.51,66.9,Normal
2026-07-03 05:51:45.804,Košice,Подгорица,None,0,64.3,90,1153.4,11,0.37,0.0,0.0,0.028,-0.037,0.033,1.91,12.88,8.51,66.9,Normal
2026-07-03 05:51:46.786,Košice,Подгорица,None,0,64.4,90,1153.2,11,0.0,0.0,0.0,-0.022,-0.001,-0.005,1.91,12.88,8.51,66.9,Normal
2026-07-03 05:51:47.787,Košice,Подгорица,None,0,64.1,90,1147.2,11,0.0,0.0,1.0,-0.048,-0.01,0.117,1.91,12.88,8.51,66.9,Normal
2026-07-03 05:51:48.787,Košice,Подгорица,None,0,63.4,90,1134.2,11,0.0,0.0,1.0,-0.065,0.06,0.291,1.91,12.89,8.51,66.9,Normal
2026-07-03 05:51:49.787,Košice,Подгорица,None,0,62.2,90,1110.8,11,0.0,0.0,1.0,-0.054,0.005,0.371,1.91,12.89,8.51,66.9,Normal
2026-07-03 05:51:50.788,Košice,Подгорица,None,0,60.8,90,1087.6,11,0.0,0.0,1.0,0.001,0.086,0.391,1.91,12.89,8.51,66.9,Normal
2026-07-03 05:51:51.788,Košice,Подгорица,None,0,59.7,90,1068.2,11,0.0,0.0,1.0,0.008,-0.036,0.305,1.91,12.89,8.51,66.9,Normal
2026-07-03 05:51:52.807,Košice,Подгорица,None,0,58.6,90,1048.4,11,0.0,0.0,0.0,0.049,-0.031,0.301,1.91,12.89,8.51,66.9,Normal
2026-07-03 05:51:53.789,Košice,Подгорица,None,0,57.6,80,1029.7,11,0.0,0.0,1.0,-0.104,0.023,0.285,1.91,12.89,8.51,66.9,Normal
2026-07-03 05:51:54.789,Košice,Подгорица,None,0,56.6,80,1011.3,11,0.0,0.0,1.0,-0.003,-0.027,0.286,1.91,12.9,8.51,66.9,Normal
2026-07-03 05:51:55.802,Košice,Подгорица,None,0,55.6,80,994.2,11,0.0,0.0,1.0,-0.058,0.072,0.256,1.91,12.9,8.51,66.9,Normal
2026-07-03 05:51:56.811,Košice,Подгорица,None,0,54.7,80,977.7,11,0.0,0.0,1.0,0.035,-0.012,0.219,1.91,12.9,8.51,66.9,Normal
2026-07-03 05:51:57.791,Košice,Подгорица,None,0,54.1,80,1137.6,11,0.0,0.0,0.0,0.099,0.011,0.154,1.91,12.9,8.51,66.9,Normal
2026-07-03 05:51:58.814,Košice,Подгорица,None,0,53.6,60,1187.9,10,0.0,0.0,0.0,0.019,-0.014,0.147,1.91,12.9,8.51,66.9,Normal
2026-07-03 05:51:59.808,Košice,Подгорица,None,0,53.0,60,1172.9,10,0.0,0.05,0.0,-0.002,-0.089,0.269,1.91,12.9,8.51,66.9,Normal
2026-07-03 05:52:00.793,Košice,Подгорица,None,0,51.7,60,1143.3,10,0.0,0.05,0.0,-0.028,0.002,0.443,1.91,12.9,8.51,66.9,Normal
2026-07-03 05:52:01.792,Košice,Подгорица,None,0,49.3,60,1090.4,10,0.0,0.05,-1.0,0.008,0.009,0.735,1.91,12.9,8.51,66.9,Normal
2026-07-03 05:52:02.792,Košice,Подгорица,None,0,47.1,40,1041.4,10,0.0,0.08,-1.0,0.173,-0.031,0.646,1.91,12.9,8.51,66.9,Speeding
2026-07-03 05:52:03.792,Košice,Подгорица,None,0,44.4,40,980.4,10,0.0,0.12,-1.0,0.184,-0.004,0.887,1.91,12.9,8.51,66.9,Normal
2026-07-03 05:52:04.803,Košice,Подгорица,None,0,41.1,40,1070.6,10,0.0,0.12,0.0,-0.083,-0.007,0.856,1.91,12.9,8.51,66.9,Normal
2026-07-03 05:52:05.793,Košice,Подгорица,None,0,38.7,40,1105.4,9,0.0,0.0,1.0,-0.165,-0.027,0.412,1.91,12.9,8.51,66.9,Normal
2026-07-03 05:52:06.793,Košice,Подгорица,None,0,37.6,40,1075.7,9,0.0,0.0,1.0,-0.102,0.003,0.246,1.91,12.91,8.51,66.9,Normal
2026-07-03 05:52:07.794,Košice,Подгорица,None,0,36.8,40,1051.1,9,0.0,0.0,1.0,-0.027,0.011,0.237,1.91,12.91,8.51,66.9,Normal
2026-07-03 05:52:08.794,Košice,Подгорица,None,0,35.9,40,1026.8,9,0.0,0.0,0.0,0.116,-0.013,0.236,1.91,12.91,8.51,66.9,Normal
2026-07-03 05:52:09.795,Košice,Подгорица,None,0,35.1,40,1002.1,9,0.0,0.0,1.0,0.01,-0.006,0.232,1.91,12.91,8.51,66.9,Normal
2026-07-03 05:52:10.806,Košice,Подгорица,None,0,34.2,40,977.9,9,0.0,0.0,0.0,0.071,0.003,0.23,1.91,12.91,8.51,66.9,Normal
2026-07-03 05:52:11.795,Košice,Подгорица,None,0,33.4,40,955.1,9,0.0,0.0,-1.0,0.145,-0.001,0.231,1.91,12.91,8.51,66.9,Normal
2026-07-03 05:52:12.796,Košice,Подгорица,None,0,32.7,40,938.0,9,0.42,0.0,-1.0,-0.026,-0.023,0.088,1.91,12.91,8.51,66.9,Normal
2026-07-03 05:52:13.796,Košice,Подгорица,None,0,33.4,40,960.8,9,0.53,0.0,-1.0,0.128,-0.023,-0.325,1.91,12.91,8.51,66.9,Normal
2026-07-03 05:52:14.796,Košice,Подгорица,None,0,34.7,90,1000.0,9,0.75,0.0,0.0,-0.045,-0.025,-0.4,1.91,12.91,8.51,66.8,Normal
2026-07-03 05:52:15.817,Košice,Подгорица,None,0,36.5,90,1053.9,9,0.84,0.0,0.0,-0.069,-0.049,-0.55,1.91,12.91,8.51,66.8,Normal
2026-07-03 05:52:16.812,Košice,Подгорица,None,0,38.5,90,1109.7,9,0.87,0.0,1.0,-0.111,0.04,-0.541,1.91,12.91,8.51,66.8,Normal
2026-07-03 05:52:17.797,Košice,Подгорица,None,0,40.4,90,1165.6,9,0.93,0.0,1.0,-0.015,-0.055,-0.532,1.91,12.91,8.51,66.8,Normal
2026-07-03 05:52:18.797,Košice,Подгорица,None,0,42.3,90,1219.5,9,1.0,0.0,0.0,0.063,0.002,-0.527,1.91,12.91,8.51,66.7,Normal
2026-07-03 05:52:19.816,Košice,Подгорица,None,0,44.3,90,1276.6,9,1.0,0.0,1.0,-0.057,-0.036,-0.559,1.91,12.91,8.51,66.7,Normal
2026-07-03 05:52:20.798,Košice,Подгорица,None,0,46.4,90,1336.9,9,1.0,0.0,0.0,0.061,0.001,-0.61,1.91,12.91,8.51,66.7,Normal
2026-07-03 05:52:21.799,Košice,Подгорица,None,0,48.6,90,1399.8,9,1.0,0.0,1.0,-0.103,-0.004,-0.62,1.91,12.92,8.51,66.7,Normal
2026-07-03 05:52:22.799,Košice,Подгорица,None,0,50.8,90,1462.5,9,1.0,0.0,1.0,0.025,-0.004,-0.597,1.91,12.92,8.51,66.6,Normal
2026-07-03 05:52:23.800,Košice,Подгорица,None,0,51.7,90,1146.4,10,1.0,0.0,0.0,0.038,0.072,-0.001,1.91,12.92,8.51,66.6,Normal
2026-07-03 05:52:24.822,Košice,Подгорица,None,0,52.2,90,1163.5,10,1.0,0.0,1.0,-0.05,-0.036,-0.347,1.91,12.92,8.51,66.6,Normal
2026-07-03 05:52:25.817,Košice,Подгорица,None,0,53.7,90,1197.6,10,1.0,0.0,1.0,-0.017,0.002,-0.443,1.91,12.92,8.51,66.6,Normal
2026-07-03 05:52:26.801,Košice,Подгорица,None,0,55.3,90,1231.9,10,1.0,0.0,1.0,0.01,-0.02,-0.425,1.91,12.92,8.51,66.5,Normal
2026-07-03 05:52:27.818,Košice,Подгорица,None,0,56.8,90,1265.9,10,1.0,0.0,1.0,-0.02,-0.023,-0.408,1.91,12.92,8.51,66.5,Normal
2026-07-03 05:52:28.814,Košice,Подгорица,None,0,58.2,90,1298.1,10,1.0,0.0,1.0,-0.004,-0.022,-0.401,1.91,12.93,8.51,66.5,Normal
2026-07-03 05:52:29.805,Košice,Подгорица,None,0,59.6,90,1328.9,10,1.0,0.0,1.0,-0.003,0.007,-0.401,1.91,12.93,8.51,66.4,Normal
2026-07-03 05:52:30.802,Košice,Подгорица,None,0,61.0,90,1359.4,10,1.0,0.0,0.0,0.071,0.034,-0.399,1.91,12.93,8.51,66.4,Normal
2026-07-03 05:52:31.804,Košice,Подгорица,None,0,62.4,90,1390.5,10,1.0,0.0,1.0,-0.015,0.056,-0.407,1.92,12.93,8.51,66.4,Normal
2026-07-03 05:52:32.816,Košice,Подгорица,None,0,63.9,90,1423.5,10,1.0,0.0,1.0,0.042,-0.034,-0.409,1.92,12.93,8.51,66.3,Normal
2026-07-03 05:52:33.803,Košice,Подгорица,None,0,65.4,90,1456.7,10,1.0,0.0,1.0,-0.026,-0.006,-0.432,1.92,12.93,8.51,66.3,Normal
2026-07-03 05:52:34.804,Košice,Подгорица,None,0,65.9,90,1180.7,11,1.0,0.0,1.0,-0.035,0.05,0.019,1.92,12.93,8.51,66.3,Normal
2026-07-03 05:52:35.804,Košice,Подгорица,None,0,66.2,90,1191.1,11,1.0,0.0,0.0,0.083,-0.069,-0.275,1.92,12.93,8.51,66.3,Normal
2026-07-03 05:52:36.805,Košice,Подгорица,None,0,67.5,90,1214.8,11,1.0,0.0,1.0,-0.012,0.021,-0.374,1.92,12.93,8.51,66.3,Normal
2026-07-03 05:52:37.819,Košice,Подгорица,None,0,69.0,90,1241.1,11,1.0,0.0,1.0,-0.052,0.021,-0.437,1.92,12.94,8.51,66.2,Normal
2026-07-03 05:52:38.828,Košice,Подгорица,None,0,70.8,90,1273.9,11,1.0,0.0,0.0,0.029,0.039,-0.526,1.92,12.94,8.51,66.2,Normal
2026-07-03 05:52:39.820,Košice,Подгорица,None,0,72.5,90,1303.8,11,1.0,0.0,0.0,0.051,0.017,-0.436,1.92,12.94,8.51,66.2,Normal
2026-07-03 05:52:40.807,Košice,Подгорица,None,0,74.1,90,1331.7,11,1.0,0.0,-1.0,0.057,-0.008,-0.439,1.92,12.94,8.51,66.1,Normal
2026-07-03 05:52:41.807,Košice,Подгорица,None,0,75.6,90,1359.3,11,1.0,0.0,0.0,-0.044,-0.012,-0.43,1.92,12.94,8.51,66.1,Normal
2026-07-03 05:52:42.832,Košice,Подгорица,None,0,77.2,90,1387.3,11,1.0,0.0,0.0,-0.031,0.065,-0.427,1.92,12.94,8.51,66.1,Normal
2026-07-03 05:52:43.826,Košice,Подгорица,None,0,78.7,90,1415.4,11,1.0,0.0,0.0,-0.001,-0.032,-0.44,1.92,12.94,8.51,66.0,Normal
2026-07-03 05:52:44.808,Košice,Подгорица,None,0,80.2,90,1441.9,11,1.0,0.0,0.0,0.008,0.048,-0.434,1.92,12.94,8.51,66.0,Normal
2026-07-03 05:52:45.809,Košice,Подгорица,None,0,81.2,90,1221.3,11,1.0,0.0,0.0,0.031,0.125,-0.076,1.92,12.95,8.51,66.0,Normal
2026-07-03 05:52:46.809,Košice,Подгорица,None,0,81.4,90,1133.7,12,1.0,0.0,-1.0,0.031,-0.087,-0.185,1.92,12.95,8.51,66.0,Normal
2026-07-03 05:52:47.809,Košice,Подгорица,None,0,82.5,90,1148.8,12,1.0,0.0,0.0,-0.019,-0.023,-0.315,1.92,12.95,8.51,65.9,Normal
2026-07-03 05:52:48.809,Košice,Подгорица,None,0,83.7,90,1165.5,12,1.0,0.0,0.0,-0.012,0.004,-0.331,1.92,12.95,8.51,65.9,Normal
2026-07-03 05:52:49.810,Košice,Подгорица,None,0,84.8,90,1180.9,12,1.0,0.0,-1.0,0.089,-0.006,-0.292,1.92,12.96,8.51,65.9,Normal
2026-07-03 05:52:50.830,Košice,Подгорица,None,0,85.8,90,1195.1,12,1.0,0.0,-1.0,-0.028,0.046,-0.256,1.92,12.96,8.51,65.9,Normal
2026-07-03 05:52:51.836,Košice,Подгорица,None,0,86.6,90,1206.5,12,1.0,0.0,0.0,-0.037,0.007,-0.212,1.92,12.96,8.51,65.8,Normal
2026-07-03 05:52:52.831,Košice,Подгорица,None,0,87.4,90,1216.5,12,1.0,0.0,0.0,-0.029,0.015,-0.166,1.92,12.96,8.51,65.8,Normal
2026-07-03 05:52:53.830,Košice,Подгорица,None,0,88.0,90,1224.6,12,1.0,0.0,0.0,-0.018,0.05,-0.163,1.92,12.96,8.51,65.8,Normal
2026-07-03 05:52:54.824,Košice,Подгорица,None,0,88.5,90,1232.2,12,1.0,0.0,0.0,-0.002,0.042,-0.154,1.92,12.96,8.51,65.7,Normal
2026-07-03 05:52:55.835,Košice,Подгорица,None,0,89.1,90,1240.1,12,1.0,0.0,0.0,-0.005,0.06,-0.161,1.92,12.96,8.51,65.7,Normal
2026-07-03 05:52:56.829,Košice,Подгорица,None,0,89.6,90,1247.5,12,1.0,0.0,-1.0,0.074,0.001,-0.144,1.92,12.97,8.51,65.7,Normal
2026-07-03 05:52:57.812,Košice,Подгорица,None,0,89.5,90,1240.1,12,0.0,0.0,-1.0,-0.042,0.121,0.343,1.92,12.97,8.51,65.7,Normal
2026-07-03 05:52:58.828,Košice,Подгорица,None,0,88.9,90,1238.0,12,1.0,0.0,-1.0,-0.04,-0.102,-0.087,1.92,12.97,8.51,65.6,Normal
2026-07-03 05:52:59.836,Košice,Подгорица,None,0,89.4,90,1244.4,12,1.0,0.0,-1.0,-0.013,0.02,-0.169,1.92,12.97,8.51,65.6,Normal
2026-07-03 05:53:00.825,Košice,Подгорица,None,0,89.9,90,1247.7,12,0.0,0.0,0.0,-0.016,-0.01,-0.127,1.92,12.97,8.51,65.6,Normal
2026-07-03 05:53:01.836,Košice,Подгорица,None,0,89.6,90,1243.8,12,0.0,0.0,1.0,-0.046,0.036,0.121,1.92,12.97,8.51,65.6,Normal
2026-07-03 05:53:02.831,Košice,Подгорица,None,0,89.4,90,1243.8,12,0.0,0.0,0.0,0.032,-0.045,-0.002,1.92,12.98,8.51,65.6,Normal
2026-07-03 05:53:03.816,Košice,Подгорица,None,0,89.7,90,1247.0,12,0.0,0.0,0.0,0.012,-0.021,-0.072,1.92,12.98,8.51,65.5,Normal
2026-07-03 05:53:04.816,Košice,Подгорица,None,0,89.9,90,1249.7,12,0.0,0.0,0.0,0.004,-0.053,-0.048,1.92,12.98,8.51,65.5,Normal
2026-07-03 05:53:05.816,Košice,Подгорица,None,0,90.0,90,1250.6,12,0.0,0.0,-1.0,0.025,0.02,-0.02,1.92,12.98,8.51,65.5,Normal
2026-07-03 05:53:06.817,Košice,Подгорица,None,0,90.0,90,1250.5,12,0.0,0.0,0.0,0.013,-0.019,0.009,1.92,12.99,8.51,65.5,Normal
2026-07-03 05:53:07.817,Košice,Подгорица,None,0,90.0,90,1250.1,12,0.0,0.0,0.0,0.018,0.04,0.013,1.92,12.99,8.51,65.5,Normal
2026-07-03 05:53:08.834,Košice,Подгорица,None,0,90.0,90,1249.6,12,0.0,0.0,0.0,0.031,-0.006,0.004,1.92,12.99,8.51,65.5,Normal
2026-07-03 05:53:09.819,Košice,Подгорица,None,0,89.9,90,1249.3,12,0.0,0.0,-1.0,0.033,0.081,-0.007,1.92,12.99,8.51,65.5,Normal
2026-07-03 05:53:10.819,Košice,Подгорица,None,0,90.0,90,1249.4,12,0.0,0.0,0.0,0.004,0.067,-0.033,1.92,12.99,8.51,65.5,Normal
2026-07-03 05:53:11.819,Košice,Подгорица,None,0,90.0,90,1249.5,12,0.0,0.0,1.0,-0.137,0.031,-0.012,1.92,12.99,8.51,65.4,Normal
2026-07-03 05:53:12.849,Košice,Подгорица,None,0,90.0,90,1249.5,12,0.0,0.0,0.0,0.013,0.008,-0.007,1.92,12.99,8.51,65.4,Normal
2026-07-03 05:53:13.839,Košice,Подгорица,None,0,90.0,90,1249.4,12,0.0,0.0,0.0,0.021,-0.014,-0.007,1.92,13.0,8.51,65.4,Normal
2026-07-03 05:53:14.820,Košice,Подгорица,None,0,90.0,90,1249.0,12,0.0,0.0,1.0,-0.067,-0.026,0.01,1.92,13.0,8.51,65.4,Normal
2026-07-03 05:53:15.844,Košice,Подгорица,None,0,90.0,90,1248.6,12,0.0,0.0,0.0,0.011,-0.012,0.012,1.92,13.0,8.51,65.4,Normal
2026-07-03 05:53:16.838,Košice,Подгорица,None,0,90.0,90,1248.2,12,0.0,0.0,0.0,-0.004,0.031,-0.0,1.92,13.0,8.51,65.4,Normal
2026-07-03 05:53:17.820,Košice,Подгорица,None,0,89.9,90,1248.1,12,0.0,0.0,0.0,-0.013,-0.0,-0.013,1.92,13.0,8.51,65.4,Normal
2026-07-03 05:53:18.821,Košice,Подгорица,None,0,89.9,90,1247.7,12,0.0,0.0,1.0,-0.057,-0.027,0.026,1.92,13.0,8.51,65.4,Normal
2026-07-03 05:53:19.834,Košice,Подгорица,None,0,89.9,90,1247.9,12,0.0,0.0,1.0,0.002,-0.016,0.011,1.92,13.01,8.51,65.4,Normal
2026-07-03 05:53:20.847,Košice,Подгорица,None,0,89.9,90,1247.9,12,0.0,0.0,1.0,0.025,-0.009,0.002,1.92,13.01,8.51,65.4,Normal
2026-07-03 05:53:21.842,Košice,Подгорица,None,0,89.9,90,1248.0,12,0.0,0.0,-1.0,0.093,0.008,-0.011,1.92,13.01,8.51,65.4,Normal
2026-07-03 05:53:22.822,Košice,Подгорица,None,0,89.9,90,1247.8,12,0.0,0.0,1.0,0.008,-0.036,0.007,1.92,13.01,8.51,65.4,Normal
2026-07-03 05:53:23.823,Košice,Подгорица,None,0,90.0,90,1248.4,12,0.0,0.0,1.0,-0.023,0.023,-0.025,1.93,13.02,8.51,65.4,Normal
2026-07-03 05:53:24.822,Košice,Подгорица,None,0,89.9,90,1247.6,12,0.0,0.0,0.0,0.007,-0.008,0.018,1.93,13.02,8.51,65.4,Normal
2026-07-03 05:53:25.824,Košice,Подгорица,None,0,89.9,90,1247.3,12,0.0,0.0,1.0,-0.108,-0.058,0.021,1.93,13.02,8.51,65.4,Normal
2026-07-03 05:53:26.824,Košice,Подгорица,None,0,89.8,90,1247.6,12,0.0,0.0,-1.0,0.124,0.045,-0.01,1.93,13.02,8.51,65.4,Normal
2026-07-03 05:53:27.824,Košice,Подгорица,None,0,89.8,90,1247.7,12,0.0,0.0,1.0,-0.036,0.051,-0.011,1.93,13.02,8.51,65.4,Normal
2026-07-03 05:53:28.825,Košice,Подгорица,None,0,89.8,90,1247.8,12,0.0,0.0,0.0,0.046,0.008,-0.02,1.93,13.02,8.51,65.4,Normal
2026-07-03 05:53:29.847,Košice,Подгорица,None,0,89.8,90,1247.6,12,0.0,0.0,1.0,-0.026,0.001,0.017,1.93,13.02,8.51,65.3,Normal
2026-07-03 05:53:30.825,Košice,Подгорица,None,0,89.9,90,1248.7,12,0.0,0.0,-1.0,0.047,-0.072,0.008,1.93,13.03,8.51,65.3,Normal
2026-07-03 05:53:31.825,Košice,Подгорица,None,0,89.7,90,1243.8,12,0.0,0.0,-1.0,0.05,0.026,0.124,1.93,13.03,8.51,65.3,Normal
2026-07-03 05:53:32.825,Košice,Подгорица,None,0,89.1,90,1236.1,12,0.0,0.0,1.0,-0.052,0.02,0.161,1.93,13.03,8.51,65.3,Normal
2026-07-03 05:53:33.849,Košice,Подгорица,None,0,88.5,90,1226.9,12,0.0,0.0,1.0,-0.021,0.035,0.18,1.93,13.03,8.51,65.3,Normal
2026-07-03 05:53:34.826,Košice,Подгорица,None,0,87.8,90,1217.8,12,0.0,0.0,-1.0,0.068,-0.081,0.212,1.93,13.03,8.52,65.3,Normal
2026-07-03 05:53:35.826,Košice,Подгорица,None,0,87.1,90,1207.2,12,0.0,0.0,1.0,-0.038,0.111,0.205,1.93,13.03,8.52,65.3,Normal
2026-07-03 05:53:36.838,Košice,Подгорица,None,0,86.2,90,1196.0,12,0.0,0.0,0.0,0.019,0.021,0.201,1.93,13.04,8.52,65.3,Normal
2026-07-03 05:53:37.827,Košice,Подгорица,None,0,85.5,90,1185.2,12,0.0,0.0,1.0,0.036,0.02,0.218,1.93,13.04,8.52,65.3,Normal
2026-07-03 05:53:38.827,Košice,Подгорица,None,0,84.7,90,1174.0,12,0.0,0.0,1.0,-0.084,-0.033,0.234,1.93,13.04,8.52,65.3,Normal
2026-07-03 05:53:39.839,Košice,Подгорица,None,0,84.0,90,1164.1,12,0.0,0.0,0.0,0.025,-0.039,0.209,1.93,13.04,8.52,65.3,Normal
2026-07-03 05:53:40.828,Košice,Подгорица,None,0,83.3,90,1154.9,12,0.0,0.0,1.0,-0.002,0.003,0.182,1.93,13.04,8.52,65.3,Normal
2026-07-03 05:53:41.827,Košice,Подгорица,None,0,82.7,90,1146.5,12,0.0,0.0,0.0,-0.032,0.01,0.149,1.93,13.05,8.52,65.3,Normal
2026-07-03 05:53:42.828,Košice,Подгорица,None,0,82.1,90,1139.0,12,0.0,0.0,1.0,-0.016,-0.029,0.153,1.93,13.05,8.52,65.3,Normal
2026-07-03 05:53:43.829,Košice,Подгорица,None,0,81.7,90,1132.6,12,0.0,0.0,0.0,0.017,-0.025,0.139,1.93,13.05,8.52,65.3,Normal
2026-07-03 05:53:44.849,Košice,Подгорица,None,0,81.2,90,1125.8,12,0.0,0.0,0.0,0.063,-0.041,0.143,1.93,13.05,8.52,65.3,Normal
2026-07-03 05:53:45.844,Košice,Подгорица,None,0,80.7,90,1119.6,12,0.0,0.0,0.0,0.066,0.009,0.145,1.93,13.05,8.52,65.3,Normal
2026-07-03 05:53:46.850,Košice,Подгорица,None,0,80.3,90,1113.6,12,0.0,0.0,-1.0,-0.004,0.038,0.116,1.93,13.05,8.52,65.3,Normal
2026-07-03 05:53:47.830,Košice,Подгорица,None,0,79.8,90,1107.1,12,0.0,0.0,0.0,-0.003,-0.051,0.14,1.93,13.05,8.52,65.3,Normal
2026-07-03 05:53:48.831,Košice,Подгорица,None,0,79.4,90,1101.2,12,0.0,0.0,0.0,-0.002,0.031,0.118,1.93,13.06,8.52,65.3,Normal
2026-07-03 05:53:49.831,Košice,Подгорица,None,0,78.9,90,1094.6,12,0.0,0.0,0.0,-0.03,-0.008,0.116,1.93,13.06,8.52,65.3,Normal
2026-07-03 05:53:50.831,Košice,Подгорица,None,0,78.5,90,1089.6,12,0.3,0.0,0.0,0.005,-0.028,0.121,1.93,13.06,8.52,65.3,Normal
2026-07-03 05:53:51.832,Košice,Подгорица,None,0,78.4,90,1088.5,12,0.22,0.0,0.0,0.001,0.041,0.003,1.93,13.06,8.52,65.3,Normal
2026-07-03 05:53:52.831,Košice,Подгорица,None,0,78.3,90,1085.8,12,0.0,0.0,0.0,-0.004,0.003,0.078,1.93,13.06,8.52,65.3,Normal
2026-07-03 05:53:53.832,Košice,Подгорица,None,0,78.1,90,1085.5,12,0.44,0.0,1.0,-0.061,-0.051,0.033,1.93,13.07,8.52,65.3,Normal
2026-07-03 05:53:54.846,Košice,Подгорица,None,0,78.4,90,1092.0,12,0.93,0.0,-1.0,0.06,-0.027,-0.156,1.93,13.07,8.52,65.3,Normal
2026-07-03 05:53:55.857,Košice,Подгорица,None,0,78.5,90,1405.8,11,1.0,0.0,1.0,-0.035,0.017,0.074,1.93,13.07,8.52,65.3,Normal
2026-07-03 05:53:56.850,Košice,Подгорица,None,0,78.5,90,1298.9,11,0.57,0.0,1.0,-0.043,0.039,-0.018,1.93,13.07,8.52,65.3,Normal
2026-07-03 05:53:57.833,Košice,Подгорица,None,0,78.3,90,1088.6,12,0.59,0.0,-1.0,0.042,-0.012,0.047,1.93,13.07,8.52,65.3,Normal
2026-07-03 05:53:58.851,Košice,Подгорица,None,0,78.6,90,1093.7,12,0.6,0.0,1.0,0.005,-0.005,-0.133,1.93,13.07,8.52,65.2,Normal
2026-07-03 05:53:59.834,Košice,Подгорица,None,0,79.1,90,1100.7,12,0.64,0.0,0.0,0.013,0.011,-0.147,1.93,13.07,8.52,65.2,Normal
2026-07-03 05:54:00.835,Košice,Подгорица,None,0,79.6,90,1108.1,12,0.62,0.0,1.0,0.001,-0.058,-0.147,1.93,13.08,8.52,65.2,Normal
2026-07-03 05:54:01.835,Košice,Подгорица,None,0,80.1,90,1113.6,12,0.47,0.0,0.0,0.033,-0.019,-0.125,1.93,13.08,8.52,65.2,Normal
2026-07-03 05:54:02.855,Košice,Подгорица,None,0,80.5,90,1119.3,12,0.51,0.0,0.0,0.057,-0.08,-0.101,1.93,13.08,8.52,65.2,Normal
2026-07-03 05:54:03.836,Košice,Подгорица,None,0,80.9,90,1124.3,12,0.49,0.0,0.0,0.04,-0.054,-0.096,1.93,13.08,8.52,65.2,Normal
2026-07-03 05:54:04.858,Košice,Подгорица,None,0,81.2,90,1129.2,12,0.57,0.0,1.0,-0.019,0.078,-0.085,1.93,13.08,8.52,65.1,Normal
2026-07-03 05:54:05.852,Košice,Подгорица,None,0,81.7,90,1136.7,12,0.7,0.0,1.0,-0.018,0.014,-0.161,1.93,13.08,8.52,65.1,Normal
2026-07-03 05:54:06.836,Košice,Подгорица,None,0,82.3,90,1144.9,12,0.68,0.0,0.0,0.027,-0.024,-0.168,1.93,13.08,8.52,65.1,Normal
2026-07-03 05:54:07.837,Košice,Подгорица,None,0,82.9,90,1152.9,12,0.65,0.0,0.0,0.021,0.004,-0.158,1.93,13.09,8.52,65.1,Normal
2026-07-03 05:54:08.837,Košice,Подгорица,None,0,83.5,90,1161.3,12,0.63,0.0,1.0,-0.044,0.017,-0.173,1.93,13.09,8.52,65.1,Normal
2026-07-03 05:54:09.837,Košice,Подгорица,None,0,84.0,90,1165.4,12,0.0,0.0,1.0,-0.04,0.007,-0.085,1.93,13.09,8.52,65.0,Normal
2026-07-03 05:54:10.838,Košice,Подгорица,None,0,83.8,90,1162.7,12,0.0,0.0,0.0,0.048,0.013,0.072,1.93,13.09,8.52,65.0,Normal
2026-07-03 05:54:11.839,Košice,Подгорица,None,0,83.6,90,1158.8,12,0.0,0.0,0.0,0.012,0.042,0.061,1.93,13.1,8.52,65.0,Normal
2026-07-03 05:54:12.838,Košice,Подгорица,None,0,83.4,90,1156.1,12,0.0,0.0,1.0,-0.209,0.071,0.039,1.93,13.1,8.52,65.0,Normal
2026-07-03 05:54:13.839,Košice,Подгорица,None,0,83.2,90,1154.1,12,0.0,0.0,1.0,-0.022,-0.013,0.034,1.93,13.1,8.52,65.0,Normal
2026-07-03 05:54:14.856,Košice,Подгорица,None,0,83.1,90,1152.5,12,0.0,0.0,1.0,0.004,-0.022,0.016,1.93,13.1,8.52,65.0,Normal
2026-07-03 05:54:15.860,Košice,Подгорица,None,0,83.0,90,1150.6,12,0.0,0.0,1.0,0.025,0.081,0.056,1.93,13.1,8.52,65.0,Normal
2026-07-03 05:54:16.840,Košice,Подгорица,None,0,82.6,90,1144.9,12,0.0,0.0,1.0,-0.013,0.133,0.093,1.93,13.1,8.52,65.0,Normal
2026-07-03 05:54:17.839,Košice,Подгорица,None,0,82.0,90,1137.0,12,0.0,0.0,1.0,-0.152,-0.004,0.137,1.93,13.1,8.52,65.0,Normal
2026-07-03 05:54:18.853,Košice,Подгорица,None,0,81.5,90,1130.5,12,0.0,0.0,0.0,0.026,-0.009,0.128,1.94,13.11,8.52,65.0,Normal
2026-07-03 05:54:19.864,Košice,Подгорица,None,0,81.0,90,1123.6,12,0.0,0.0,0.0,0.013,0.012,0.145,1.94,13.11,8.52,65.0,Normal
2026-07-03 05:54:20.841,Košice,Подгорица,None,0,80.5,90,1115.9,12,0.0,0.0,0.0,0.02,-0.036,0.184,1.94,13.11,8.52,65.0,Normal
2026-07-03 05:54:21.866,Košice,Подгорица,None,0,79.8,90,1106.0,12,0.0,0.0,0.0,0.038,-0.079,0.222,1.94,13.11,8.52,65.0,Normal
2026-07-03 05:54:22.859,Košice,Подгорица,None,0,79.0,90,1094.9,12,0.0,0.0,-1.0,0.051,-0.029,0.244,1.94,13.11,8.52,65.0,Normal
2026-07-03 05:54:23.865,Košice,Подгорица,None,0,78.2,90,1083.9,12,0.0,0.0,0.0,-0.01,0.003,0.188,1.94,13.11,8.52,65.0,Normal
2026-07-03 05:54:24.853,Košice,Подгорица,None,0,77.6,90,1075.9,12,0.0,0.0,0.0,0.007,-0.035,0.171,1.94,13.11,8.52,65.0,Normal
2026-07-03 05:54:25.845,Košice,Подгорица,None,0,77.1,90,1068.5,12,0.0,0.0,-1.0,0.032,0.005,0.151,1.94,13.12,8.52,65.0,Normal
2026-07-03 05:54:26.845,Košice,Подгорица,None,0,76.6,90,1061.6,12,0.0,0.0,0.0,-0.019,0.018,0.13,1.94,13.12,8.52,65.0,Normal
2026-07-03 05:54:27.844,Košice,Подгорица,None,0,76.1,90,1055.3,12,0.0,0.0,0.0,-0.006,-0.007,0.128,1.94,13.12,8.52,65.0,Normal
2026-07-03 05:54:28.845,Košice,Подгорица,None,0,75.6,90,1048.2,12,0.0,0.0,-1.0,0.053,-0.064,0.153,1.94,13.12,8.52,65.0,Normal
2026-07-03 05:54:29.845,Košice,Подгорица,None,0,74.9,90,1038.3,12,0.0,0.0,-1.0,-0.009,0.069,0.233,1.94,13.12,8.52,65.0,Normal
2026-07-03 05:54:30.846,Košice,Подгорица,None,0,73.8,90,1022.6,12,0.0,0.0,-1.0,0.034,-0.0,0.373,1.94,13.13,8.52,65.0,Normal
2026-07-03 05:54:31.846,Košice,Подгорица,None,0,72.4,90,1003.0,12,0.0,0.0,-1.0,0.014,-0.006,0.4,1.94,13.13,8.52,65.0,Normal
2026-07-03 05:54:32.846,Košice,Подгорица,None,0,71.0,90,983.1,12,0.0,0.0,0.0,-0.035,-0.028,0.404,1.94,13.13,8.52,65.0,Normal
2026-07-03 05:54:33.846,Košice,Подгорица,None,0,69.6,90,1244.9,11,0.0,0.0,0.0,-0.046,-0.007,0.37,1.94,13.13,8.52,65.0,Normal
2026-07-03 05:54:34.847,Košice,Подгорица,None,0,68.2,90,1218.8,11,0.0,0.0,-1.0,0.02,0.003,0.407,1.94,13.13,8.52,65.0,Normal
2026-07-03 05:54:35.858,Košice,Подгорица,None,0,66.7,90,1192.2,11,0.0,0.0,-1.0,-0.021,0.02,0.402,1.94,13.13,8.52,65.0,Normal
2026-07-03 05:54:36.847,Košice,Подгорица,None,0,65.3,90,1167.3,11,0.0,0.0,-1.0,-0.034,0.033,0.387,1.94,13.13,8.52,65.0,Normal
2026-07-03 05:54:37.847,Košice,Подгорица,None,0,63.9,90,1142.2,11,0.0,0.0,-1.0,0.043,-0.022,0.392,1.94,13.13,8.52,65.0,Normal
2026-07-03 05:54:38.847,Košice,Подгорица,None,0,62.6,90,1118.4,11,0.0,0.0,-1.0,-0.029,-0.007,0.384,1.94,13.13,8.52,65.0,Normal
2026-07-03 05:54:39.848,Košice,Подгорица,None,0,61.6,90,1102.1,11,0.11,0.0,-1.0,-0.01,-0.01,0.155,1.94,13.14,8.52,65.0,Normal
2026-07-03 05:54:40.849,Košice,Подгорица,None,0,61.1,90,1094.4,11,0.13,0.0,-1.0,0.029,-0.008,0.112,1.94,13.14,8.52,65.0,Normal
2026-07-03 05:54:41.849,Košice,Подгорица,None,0,60.9,90,1091.1,11,0.33,0.0,-1.0,-0.028,-0.048,0.032,1.94,13.14,8.52,65.0,Normal
2026-07-03 05:54:42.849,Košice,Подгорица,None,0,60.9,90,1091.5,11,0.28,0.0,-1.0,0.017,-0.008,-0.017,1.94,13.14,8.52,65.0,Normal
2026-07-03 05:54:43.871,Košice,Подгорица,None,0,61.0,90,1094.4,11,0.41,0.0,-1.0,-0.036,-0.001,-0.059,1.94,13.14,8.52,65.0,Normal
2026-07-03 05:54:44.850,Košice,Подгорица,None,0,61.2,90,1098.2,11,0.38,0.0,-1.0,0.048,0.03,-0.067,1.94,13.14,8.52,65.0,Normal
2026-07-03 05:54:45.874,Košice,Подгорица,None,0,61.5,90,1103.1,11,0.49,0.0,-1.0,0.012,0.05,-0.078,1.94,13.14,8.52,65.0,Normal
2026-07-03 05:54:46.851,Košice,Подгорица,None,0,61.9,90,1111.4,11,0.55,0.0,-1.0,-0.009,-0.01,-0.14,1.94,13.14,8.52,65.0,Normal
2026-07-03 05:54:47.852,Košice,Подгорица,None,0,62.5,90,1121.9,11,0.56,0.0,0.0,-0.045,-0.044,-0.158,1.94,13.14,8.52,64.9,Normal
2026-07-03 05:54:48.852,Košice,Подгорица,None,0,63.1,90,1132.7,11,0.49,0.0,-1.0,0.005,0.01,-0.176,1.94,13.15,8.52,64.9,Normal
2026-07-03 05:54:49.852,Košice,Подгорица,None,0,63.7,90,1143.3,11,0.53,0.0,1.0,-0.038,-0.018,-0.182,1.94,13.15,8.52,64.9,Normal
2026-07-03 05:54:50.879,Košice,Подгорица,None,0,64.4,90,1155.0,11,0.49,0.0,-1.0,-0.005,0.014,-0.173,1.94,13.15,8.52,64.9,Normal
2026-07-03 05:54:51.853,Košice,Подгорица,None,0,65.0,90,1165.8,11,0.49,0.0,0.0,0.029,-0.022,-0.171,1.94,13.15,8.52,64.9,Normal
2026-07-03 05:54:52.865,Košice,Подгорица,None,0,65.5,90,1176.5,11,0.5,0.0,0.0,0.002,-0.011,-0.167,1.94,13.15,8.52,64.9,Normal
2026-07-03 05:54:53.854,Košice,Подгорица,None,0,66.1,90,1186.6,11,0.49,0.0,1.0,-0.023,-0.006,-0.159,1.94,13.15,8.52,64.8,Normal
2026-07-03 05:54:54.854,Košice,Подгорица,None,0,66.8,90,1198.0,11,0.55,0.0,0.0,-0.003,-0.037,-0.176,1.94,13.16,8.52,64.8,Normal
2026-07-03 05:54:55.854,Košice,Подгорица,None,0,67.4,90,1210.9,11,0.57,0.0,1.0,0.002,0.003,-0.211,1.94,13.16,8.52,64.8,Normal
2026-07-03 05:54:56.875,Košice,Подгорица,None,0,68.1,90,1221.7,11,0.46,0.0,1.0,-0.009,0.001,-0.152,1.94,13.16,8.52,64.8,Normal
2026-07-03 05:54:57.856,Košice,Подгорица,None,0,68.6,90,1232.0,11,0.51,0.0,0.0,0.012,0.026,-0.186,1.94,13.16,8.52,64.8,Normal
2026-07-03 05:54:58.855,Košice,Подгорица,None,0,69.3,90,1245.3,11,0.71,0.0,0.0,-0.014,-0.054,-0.243,1.94,13.16,8.52,64.7,Normal
2026-07-03 05:54:59.857,Košice,Подгорица,None,0,70.3,90,1262.1,11,0.64,0.0,0.0,0.008,0.039,-0.264,1.94,13.16,8.52,64.7,Normal
2026-07-03 05:55:00.858,Košice,Подгорица,None,0,71.0,90,1273.2,11,0.49,0.0,-1.0,0.007,-0.022,-0.172,1.94,13.16,8.52,64.7,Normal
2026-07-03 05:55:01.858,Košice,Подгорица,None,0,71.7,90,1285.4,11,0.49,0.0,-1.0,0.083,0.035,-0.18,1.94,13.16,8.52,64.7,Normal
2026-07-03 05:55:02.859,Košice,Подгорица,None,0,72.4,90,1300.1,11,0.55,0.0,-1.0,0.008,0.001,-0.237,1.94,13.17,8.52,64.7,Normal
2026-07-03 05:55:03.883,Košice,Подгорица,None,0,73.4,90,1317.5,11,0.55,0.0,-1.0,0.094,-0.042,-0.26,1.94,13.17,8.52,64.6,Normal
2026-07-03 05:55:04.859,Košice,Подгорица,None,0,74.3,90,1333.9,11,0.6,0.0,-1.0,-0.021,-0.018,-0.269,1.94,13.17,8.52,64.6,Normal
2026-07-03 05:55:05.873,Košice,Подгорица,None,0,75.2,90,1351.1,11,0.62,0.0,-1.0,-0.021,0.024,-0.28,1.94,13.17,8.52,64.6,Normal
2026-07-03 05:55:06.872,Košice,Подгорица,None,0,76.1,90,1366.3,11,0.63,0.0,-1.0,0.028,0.029,-0.234,1.94,13.17,8.52,64.6,Normal
2026-07-03 05:55:07.877,Košice,Подгорица,None,0,76.1,90,1056.5,12,0.63,0.0,-1.0,0.005,0.051,0.122,1.94,13.17,8.52,64.6,Normal
2026-07-03 05:55:08.860,Košice,Подгорица,None,0,76.0,90,1057.0,12,0.63,0.0,-1.0,0.038,-0.06,-0.014,1.94,13.17,8.52,64.6,Normal
2026-07-03 05:55:09.860,Košice,Подгорица,None,0,76.1,90,1059.5,12,0.65,0.0,0.0,-0.107,-0.026,-0.036,1.94,13.17,8.52,64.5,Normal
2026-07-03 05:55:10.860,Košice,Подгорица,None,0,76.2,90,1060.6,12,0.65,0.0,-1.0,0.041,-0.019,-0.024,1.94,13.18,8.52,64.5,Normal
2026-07-03 05:55:11.861,Košice,Подгорица,None,0,76.2,90,1059.9,12,0.64,0.0,-1.0,-0.048,-0.021,0.009,1.94,13.18,8.52,64.5,Normal
2026-07-03 05:55:12.861,Košice,Подгорица,None,0,76.2,90,1059.8,12,0.68,0.0,0.0,-0.009,-0.059,0.011,1.94,13.18,8.52,64.5,Normal
2026-07-03 05:55:13.874,Košice,Подгорица,None,0,76.2,90,1059.9,12,0.74,0.0,0.0,-0.031,-0.029,0.017,1.94,13.18,8.52,64.5,Normal
2026-07-03 05:55:14.861,Košice,Подгорица,None,0,76.0,90,1058.2,12,0.71,0.0,-1.0,-0.016,0.008,0.027,1.94,13.18,8.52,64.4,Normal
2026-07-03 05:55:15.862,Košice,Подгорица,None,0,76.1,90,1058.7,12,0.75,0.0,0.0,-0.059,-0.05,-0.002,1.94,13.19,8.52,64.4,Normal
2026-07-03 05:55:16.891,Košice,Подгорица,None,0,76.2,90,1061.5,12,0.98,0.0,1.0,-0.099,-0.09,-0.054,1.94,13.19,8.52,64.4,Normal
2026-07-03 05:55:17.894,Košice,Подгорица,None,0,76.5,90,1064.9,12,0.88,0.0,-1.0,0.036,-0.012,-0.079,1.94,13.19,8.52,64.4,Normal
2026-07-03 05:55:18.865,Košice,Подгорица,None,0,76.7,90,1067.8,12,0.9,0.0,0.0,-0.015,0.01,-0.061,1.94,13.19,8.52,64.3,Normal
2026-07-03 05:55:19.865,Košice,Подгорица,None,0,76.9,90,1071.0,12,0.92,0.0,1.0,-0.02,-0.001,-0.062,1.94,13.19,8.52,64.3,Normal
2026-07-03 05:55:20.864,Košice,Подгорица,None,0,77.0,90,1131.3,12,1.0,0.0,0.0,-0.015,0.063,0.084,1.94,13.19,8.52,64.3,Normal
2026-07-03 05:55:21.865,Košice,Подгорица,None,0,76.2,90,1367.0,11,1.0,0.0,0.0,0.157,0.145,0.292,1.94,13.19,8.52,64.3,Normal
2026-07-03 05:55:22.865,Košice,Подгорица,None,0,76.5,90,1373.8,11,1.0,0.0,0.0,-0.001,-0.011,-0.171,1.95,13.2,8.52,64.3,Normal
2026-07-03 05:55:23.865,Košice,Подгорица,None,0,77.1,90,1384.5,11,1.0,0.0,0.0,0.0,0.003,-0.175,1.95,13.2,8.52,64.2,Normal
2026-07-03 05:55:24.865,Košice,Подгорица,None,0,77.7,90,1396.0,11,1.0,0.0,0.0,-0.009,-0.027,-0.173,1.95,13.2,8.52,64.2,Normal
2026-07-03 05:55:25.866,Košice,Подгорица,None,0,78.3,90,1407.1,11,1.0,0.0,-1.0,0.044,0.014,-0.179,1.95,13.2,8.52,64.2,Normal
2026-07-03 05:55:26.886,Košice,Подгорица,None,0,78.9,90,1417.9,11,1.0,0.0,0.0,0.004,0.023,-0.175,1.95,13.2,8.52,64.1,Normal
2026-07-03 05:55:27.866,Košice,Подгорица,None,0,79.5,90,1428.0,11,1.0,0.0,-1.0,0.008,-0.0,-0.152,1.95,13.2,8.52,64.1,Normal
2026-07-03 05:55:28.866,Košice,Подгорица,None,0,80.1,90,1438.5,11,1.0,0.0,0.0,-0.001,0.004,-0.146,1.95,13.2,8.52,64.1,Normal
2026-07-03 05:55:29.868,Košice,Подгорица,None,0,80.7,90,1448.8,11,1.0,0.0,0.0,-0.009,0.006,-0.157,1.95,13.21,8.52,64.0,Normal
2026-07-03 05:55:30.868,Košice,Подгорица,None,0,81.2,90,1458.5,11,1.0,0.0,0.0,0.006,-0.007,-0.145,1.95,13.21,8.52,64.0,Normal
2026-07-03 05:55:31.867,Košice,Подгорица,None,0,81.8,90,1468.0,11,0.95,0.0,0.0,0.011,0.016,-0.138,1.95,13.21,8.52,64.0,Normal
2026-07-03 05:55:32.879,Košice,Подгорица,None,0,82.3,90,1477.1,11,1.0,0.0,0.0,-0.011,-0.029,-0.13,1.95,13.21,8.52,63.9,Normal
2026-07-03 05:55:33.891,Košice,Подгорица,None,0,82.8,90,1486.5,11,0.96,0.0,0.0,0.005,0.04,-0.147,1.95,13.21,8.52,63.9,Normal
2026-07-03 05:55:34.881,Košice,Подгорица,None,0,83.2,90,1492.9,11,0.8,0.0,0.0,-0.01,-0.035,-0.075,1.95,13.22,8.52,63.9,Normal
2026-07-03 05:55:35.868,Košice,Подгорица,None,0,83.5,90,1498.5,11,0.81,0.0,-1.0,0.118,0.017,-0.09,1.95,13.22,8.52,63.8,Normal
2026-07-03 05:55:36.883,Košice,Подгорица,None,0,83.9,90,1505.3,11,0.93,0.0,1.0,-0.105,0.053,-0.115,1.95,13.22,8.52,63.8,Normal
2026-07-03 05:55:37.869,Košice,Подгорица,None,0,84.2,90,1512.0,11,0.89,0.0,0.0,-0.013,-0.009,-0.085,1.95,13.22,8.52,63.8,Normal
2026-07-03 05:55:38.887,Košice,Подгорица,None,0,83.9,90,1500.3,11,0.0,0.0,0.0,-0.004,0.075,0.264,1.95,13.22,8.52,63.8,Normal
2026-07-03 05:55:39.888,Košice,Подгорица,None,0,82.8,90,1481.0,11,0.0,0.0,-1.0,0.012,0.007,0.296,1.95,13.22,8.52,63.8,Normal
2026-07-03 05:55:40.871,Košice,Подгорица,None,0,81.9,90,1465.2,11,0.0,0.0,-1.0,0.063,-0.012,0.212,1.95,13.22,8.52,63.8,Normal
2026-07-03 05:55:41.889,Košice,Подгорица,None,0,81.3,90,1454.2,11,0.0,0.0,1.0,-0.031,0.086,0.13,1.95,13.23,8.52,63.8,Normal
2026-07-03 05:55:42.886,Košice,Подгорица,None,0,80.9,90,1300.7,11,0.0,0.0,0.0,-0.009,-0.035,0.061,1.95,13.23,8.52,63.8,Normal
2026-07-03 05:55:43.892,Košice,Подгорица,None,0,80.8,90,1121.3,12,0.0,0.0,0.0,-0.029,0.005,-0.0,1.95,13.23,8.52,63.8,Normal
2026-07-03 05:55:44.874,Košice,Подгорица,None,0,80.9,90,1122.0,12,0.0,0.0,-1.0,-0.03,-0.081,-0.017,1.95,13.23,8.52,63.8,Normal
2026-07-03 05:55:45.874,Košice,Подгорица,None,0,81.1,90,1124.5,12,0.0,0.0,0.0,-0.05,0.04,-0.07,1.95,13.23,8.52,63.8,Normal
2026-07-03 05:55:46.874,Košice,Подгорица,None,0,80.6,80,1115.7,12,0.0,0.29,0.0,-0.034,0.106,0.575,1.95,13.23,8.53,63.8,Normal
2026-07-03 05:55:47.874,Košice,Подгорица,None,0,75.9,80,1048.2,12,0.0,0.41,0.0,0.005,0.064,1.697,1.95,13.23,8.53,63.8,Normal
2026-07-03 05:55:48.874,Košice,Подгорица,None,0,69.7,80,1008.7,12,0.0,0.23,0.0,-0.003,-0.035,1.47,1.95,13.24,8.53,63.8,Normal
2026-07-03 05:55:49.887,Košice,Подгорица,None,0,63.8,80,1134.6,11,0.0,0.4,0.0,0.005,0.018,2.06,1.95,13.24,8.53,63.8,Normal
2026-07-03 05:55:50.894,Košice,Подгорица,None,0,55.5,60,986.8,11,0.0,0.4,0.0,-0.032,0.006,2.246,1.95,13.24,8.53,63.8,Normal
2026-07-03 05:55:51.876,Košice,Подгорица,None,0,47.8,60,1055.3,10,0.0,0.47,0.0,-0.003,-0.03,2.226,1.95,13.24,8.53,63.8,Normal
2026-07-03 05:55:52.895,Košice,Подгорица,None,0,42.0,60,971.4,10,0.0,0.0,-1.0,0.05,-0.069,0.639,1.95,13.24,8.53,63.8,Normal
2026-07-03 05:55:53.888,Košice,Подгорица,None,0,41.5,60,1188.8,9,0.0,0.0,-1.0,0.122,-0.028,-0.104,1.95,13.24,8.53,63.8,Normal
2026-07-03 05:55:54.878,Košice,Подгорица,None,0,42.0,60,1202.6,9,0.0,0.0,-1.0,0.051,0.022,-0.138,1.95,13.24,8.53,63.8,Normal
2026-07-03 05:55:55.877,Košice,Подгорица,None,0,42.3,40,1208.3,9,0.0,0.0,0.0,-0.103,-0.005,0.154,1.95,13.25,8.53,63.8,Normal
2026-07-03 05:55:56.889,Košice,Подгорица,None,0,42.5,40,1215.0,9,0.0,0.0,1.0,-0.18,-0.013,-0.104,1.95,13.25,8.53,63.8,Normal
2026-07-03 05:55:57.877,Košice,Подгорица,None,0,42.9,40,1227.6,9,0.0,0.0,1.0,-0.159,-0.017,-0.125,1.95,13.25,8.53,63.8,Normal
2026-07-03 05:55:58.878,Košice,Подгорица,None,0,42.1,40,1203.8,9,0.0,0.0,1.0,0.0,0.05,0.352,1.95,13.25,8.53,63.8,Normal
2026-07-03 05:55:59.900,Košice,Подгорица,None,0,42.1,40,1205.9,9,0.0,0.0,1.0,-0.11,0.001,-0.109,1.95,13.25,8.53,63.8,Normal
2026-07-03 05:56:00.897,Košice,Подгорица,None,0,41.7,40,1186.2,9,0.0,0.44,1.0,-0.046,0.083,0.846,1.95,13.25,8.53,63.8,Normal
2026-07-03 05:56:01.879,Košice,Подгорица,None,0,38.4,40,1099.1,9,0.0,0.0,-1.0,0.227,-0.119,0.231,1.95,13.25,8.53,63.8,Normal
2026-07-03 05:56:02.900,Košice,Подгорица,None,0,38.6,40,1104.0,9,0.0,0.0,-1.0,0.157,0.021,-0.095,1.95,13.25,8.53,63.8,Normal
2026-07-03 05:56:03.880,Košice,Подгорица,None,0,39.0,90,1117.3,9,0.0,0.0,-1.0,-0.08,0.006,-0.129,1.95,13.25,8.53,63.8,Normal
2026-07-03 05:56:04.890,Košice,Подгорица,None,0,40.0,90,1150.5,9,0.54,0.0,0.0,-0.056,-0.116,-0.541,1.95,13.25,8.53,63.7,Normal
2026-07-03 05:56:05.880,Košice,Подгорица,None,0,42.6,90,1228.3,9,1.0,0.0,1.0,-0.01,-0.005,-0.859,1.95,13.25,8.53,63.7,Normal
2026-07-03 05:56:06.892,Košice,Подгорица,None,0,45.9,90,1322.7,9,1.0,0.0,1.0,-0.03,0.017,-0.928,1.95,13.25,8.53,63.7,Normal
2026-07-03 05:56:07.881,Košice,Подгорица,None,0,49.2,90,1418.1,9,1.0,0.0,1.0,-0.027,0.011,-0.938,1.95,13.25,8.53,63.7,Normal
2026-07-03 05:56:08.882,Košice,Подгорица,None,0,52.1,90,1337.9,9,1.0,0.0,1.0,-0.007,0.168,-0.492,1.95,13.25,8.53,63.6,Normal
2026-07-03 05:56:09.882,Košice,Подгорица,None,0,53.4,90,1188.9,10,1.0,0.0,1.0,-0.003,0.006,-0.436,1.95,13.26,8.53,63.6,Normal
2026-07-03 05:56:10.882,Košice,Подгорица,None,0,55.9,90,1247.2,10,1.0,0.0,0.0,0.012,0.008,-0.77,1.95,13.26,8.53,63.6,Normal
2026-07-03 05:56:11.883,Košice,Подгорица,None,0,58.7,90,1308.9,10,1.0,0.0,1.0,-0.045,-0.075,-0.757,1.95,13.26,8.53,63.6,Normal
2026-07-03 05:56:12.884,Košice,Подгорица,None,0,61.4,90,1368.5,10,1.0,0.0,1.0,-0.004,-0.069,-0.776,1.95,13.26,8.53,63.5,Normal
2026-07-03 05:56:13.884,Košice,Подгорица,None,0,63.9,90,1424.3,10,1.0,0.0,1.0,-0.048,0.056,-0.691,1.95,13.26,8.53,63.5,Normal
2026-07-03 05:56:14.884,Košice,Подгорица,None,0,66.1,90,1388.3,10,1.0,0.0,1.0,-0.075,0.079,-0.376,1.95,13.26,8.53,63.5,Normal
2026-07-03 05:56:15.885,Košice,Подгорица,None,0,66.6,90,1197.0,11,1.0,0.0,1.0,0.061,0.014,-0.101,1.95,13.26,8.53,63.5,Normal
2026-07-03 05:56:16.885,Košice,Подгорица,None,0,67.8,90,1220.4,11,1.0,0.0,1.0,-0.029,-0.041,-0.389,1.95,13.26,8.53,63.4,Normal
2026-07-03 05:56:17.885,Košice,Подгорица,None,0,69.1,90,1242.6,11,1.0,0.0,1.0,0.006,0.033,-0.329,1.95,13.26,8.53,63.4,Normal
2026-07-03 05:56:18.886,Košice,Подгорица,None,0,70.0,90,1257.9,11,1.0,0.0,0.0,0.102,-0.027,-0.185,1.95,13.27,8.53,63.4,Normal
2026-07-03 05:56:19.910,Košice,Подгорица,None,0,70.7,90,1269.9,11,1.0,0.0,-1.0,0.037,-0.001,-0.175,1.95,13.27,8.53,63.4,Normal
2026-07-03 05:56:20.906,Košice,Подгорица,None,0,71.3,90,1281.5,11,1.0,0.0,1.0,-0.023,0.082,-0.181,1.95,13.27,8.53,63.3,Normal
2026-07-03 05:56:21.899,Košice,Подгорица,None,0,72.0,90,1293.2,11,1.0,0.0,1.0,-0.033,0.024,-0.187,1.95,13.27,8.53,63.3,Normal
2026-07-03 05:56:22.888,Košice,Подгорица,None,0,72.6,90,1305.4,11,1.0,0.0,0.0,0.011,0.012,-0.181,1.95,13.27,8.53,63.3,Normal
2026-07-03 05:56:23.888,Košice,Подгорица,None,0,73.3,90,1316.7,11,1.0,0.0,0.0,-0.001,-0.005,-0.183,1.95,13.28,8.53,63.2,Normal
2026-07-03 05:56:24.889,Košice,Подгорица,None,0,74.0,90,1328.8,11,1.0,0.0,0.0,0.001,-0.058,-0.188,1.95,13.28,8.53,63.2,Normal
2026-07-03 05:56:25.902,Košice,Подгорица,None,0,74.6,90,1340.1,11,1.0,0.0,1.0,-0.118,0.017,-0.173,1.95,13.28,8.53,63.2,Normal
2026-07-03 05:56:26.889,Košice,Подгорица,None,0,75.2,90,1351.4,11,1.0,0.0,-1.0,0.022,0.013,-0.172,1.95,13.28,8.53,63.1,Normal
2026-07-03 05:56:27.890,Košice,Подгорица,None,0,75.8,90,1362.9,11,1.0,0.0,0.0,-0.007,0.034,-0.199,1.95,13.28,8.53,63.1,Normal
2026-07-03 05:56:28.890,Košice,Подгорица,None,0,76.5,90,1373.5,11,1.0,0.0,0.0,0.001,0.013,-0.15,1.96,13.28,8.53,63.1,Normal
2026-07-03 05:56:29.890,Košice,Подгорица,None,0,76.8,90,1379.4,11,1.0,0.0,-1.0,0.05,0.002,-0.062,1.96,13.28,8.53,63.0,Normal
2026-07-03 05:56:30.901,Košice,Подгорица,None,0,77.2,90,1387.1,11,1.0,0.0,0.0,-0.041,-0.03,-0.17,1.96,13.28,8.53,63.0,Normal
2026-07-03 05:56:31.912,Košice,Подгорица,None,0,77.7,90,1395.8,11,1.0,0.0,-1.0,0.027,0.014,-0.109,1.96,13.29,8.53,63.0,Normal
2026-07-03 05:56:32.891,Košice,Подгорица,None,0,77.9,90,1399.7,11,1.0,0.0,-1.0,0.02,-0.031,-0.041,1.96,13.29,8.53,62.9,Normal
2026-07-03 05:56:33.913,Košice,Подгорица,None,0,78.0,90,1401.6,11,1.0,0.0,-1.0,0.016,-0.012,-0.021,1.96,13.29,8.53,62.9,Normal
2026-07-03 05:56:34.906,Košice,Подгорица,None,0,78.2,90,1404.9,11,1.0,0.0,-1.0,-0.02,-0.023,-0.064,1.96,13.29,8.53,62.9,Normal
2026-07-03 05:56:35.917,Košice,Подгорица,None,0,78.5,90,1410.1,11,1.0,0.0,-1.0,-0.059,0.02,-0.12,1.96,13.29,8.53,62.8,Normal
2026-07-03 05:56:36.893,Košice,Подгорица,None,0,79.1,90,1420.0,11,1.0,0.0,-1.0,-0.015,0.013,-0.193,1.96,13.29,8.53,62.8,Normal
2026-07-03 05:56:37.911,Košice,Подгорица,None,0,80.1,90,1438.8,11,1.0,0.0,0.0,-0.035,-0.021,-0.334,1.96,13.29,8.53,62.8,Normal
2026-07-03 05:56:38.906,Košice,Подгорица,None,0,81.0,90,1316.8,11,1.0,0.0,0.0,-0.028,0.125,-0.064,1.96,13.3,8.53,62.7,Normal
2026-07-03 05:56:39.894,Košice,Подгорица,None,0,80.8,90,1124.8,12,1.0,0.0,0.0,0.124,-0.212,-0.034,1.96,13.3,8.53,62.7,Normal
2026-07-03 05:56:40.916,Košice,Подгорица,None,0,81.5,90,1134.7,12,1.0,0.0,0.0,-0.015,0.098,-0.242,1.96,13.3,8.53,62.7,Normal
2026-07-03 05:56:41.896,Košice,Подгорица,None,0,82.3,90,1146.8,12,1.0,0.0,-1.0,0.004,-0.009,-0.243,1.96,13.3,8.53,62.7,Normal
2026-07-03 05:56:42.896,Košice,Подгорица,None,0,83.1,90,1153.1,12,0.0,0.0,0.0,-0.01,0.053,-0.119,1.96,13.3,8.53,62.7,Normal
2026-07-03 05:56:43.896,Košice,Подгорица,None,0,82.9,90,1149.0,12,0.0,0.0,0.0,-0.018,-0.025,0.121,1.96,13.31,8.53,62.7,Normal
2026-07-03 05:56:44.897,Košice,Подгорица,None,0,82.4,90,1143.1,12,0.25,0.0,-1.0,0.043,-0.014,0.117,1.96,13.31,8.53,62.7,Normal
2026-07-03 05:56:45.897,Košice,Подгорица,None,0,82.5,90,1147.4,12,0.45,0.0,-1.0,0.028,-0.016,-0.136,1.96,13.31,8.53,62.6,Normal
2026-07-03 05:56:46.911,Košice,Подгорица,None,0,83.1,90,1155.2,12,0.47,0.0,-1.0,0.007,0.002,-0.185,1.96,13.31,8.53,62.6,Normal
2026-07-03 05:56:47.898,Košice,Подгорица,None,0,83.8,90,1166.3,12,0.63,0.0,-1.0,-0.001,-0.021,-0.262,1.96,13.31,8.53,62.6,Normal
2026-07-03 05:56:48.917,Košice,Подгорица,None,0,84.6,90,1172.9,12,0.0,0.0,-1.0,-0.026,0.073,-0.088,1.96,13.31,8.53,62.6,Normal
2026-07-03 05:56:49.909,Košice,Подгорица,None,0,84.8,90,1175.6,12,0.0,0.0,-1.0,0.002,0.046,-0.056,1.96,13.32,8.53,62.6,Normal
2026-07-03 05:56:50.922,Košice,Подгорица,None,0,84.9,90,1178.3,12,0.15,0.0,-1.0,0.031,0.062,-0.06,1.96,13.32,8.53,62.6,Normal
2026-07-03 05:56:51.899,Košice,Подгорица,None,0,85.5,90,1189.9,12,0.59,0.0,-1.0,0.049,-0.023,-0.272,1.96,13.32,8.53,62.6,Normal
2026-07-03 05:56:52.899,Košice,Подгорица,None,0,86.2,90,1199.0,12,0.65,0.0,-1.0,0.017,0.013,-0.122,1.96,13.32,8.53,62.6,Normal
2026-07-03 05:56:53.918,Košice,Подгорица,None,0,86.0,90,1192.5,12,0.0,0.0,-1.0,-0.028,0.047,0.146,1.96,13.32,8.53,62.6,Normal
2026-07-03 05:56:54.913,Košice,Подгорица,None,0,85.5,90,1186.4,12,0.34,0.0,-1.0,-0.019,-0.053,0.136,1.96,13.32,8.53,62.6,Normal
2026-07-03 05:56:55.900,Košice,Подгорица,None,0,85.6,90,1190.6,12,0.71,0.0,0.0,-0.031,-0.027,-0.121,1.96,13.32,8.53,62.5,Normal
2026-07-03 05:56:56.901,Košice,Подгорица,None,0,86.1,90,1197.8,12,0.5,0.0,0.0,0.017,-0.002,-0.169,1.96,13.33,8.53,62.5,Normal
2026-07-03 05:56:57.925,Košice,Подгорица,None,0,86.0,90,1193.2,12,0.0,0.0,-1.0,0.042,0.032,0.11,1.96,13.33,8.53,62.5,Normal
2026-07-03 05:56:58.901,Košice,Подгорица,None,0,85.6,90,1187.3,12,0.0,0.0,-1.0,0.019,-0.021,0.124,1.96,13.33,8.53,62.5,Normal
2026-07-03 05:56:59.901,Košice,Подгорица,None,0,85.3,90,1182.4,12,0.0,0.0,1.0,-0.102,-0.092,0.087,1.96,13.33,8.53,62.5,Normal
2026-07-03 05:57:00.924,Košice,Подгорица,None,0,85.0,90,1179.1,12,0.0,0.0,1.0,0.025,-0.009,0.045,1.96,13.33,8.53,62.5,Normal
2026-07-03 05:57:01.902,Košice,Подгорица,None,0,85.0,90,1178.3,12,0.0,0.0,1.0,-0.028,-0.042,-0.007,1.96,13.34,8.53,62.5,Normal
2026-07-03 05:57:02.903,Košice,Подгорица,None,0,85.0,90,1178.7,12,0.0,0.0,1.0,-0.022,0.049,-0.005,1.96,13.34,8.53,62.5,Normal
2026-07-03 05:57:03.913,Košice,Подгорица,None,0,85.1,90,1179.8,12,0.0,0.0,1.0,-0.003,0.032,-0.059,1.96,13.34,8.53,62.5,Normal
2026-07-03 05:57:04.904,Košice,Подгорица,None,0,85.2,90,1181.1,12,0.0,0.0,1.0,0.113,-1.283,0.052,1.96,13.34,8.53,62.5,Normal
2026-07-03 05:57:05.904,Košice,Подгорица,None,0,85.2,90,1181.1,12,0.0,0.0,1.0,-0.065,-0.034,0.001,1.96,13.34,8.53,62.5,Normal
2026-07-03 05:57:06.904,Košice,Подгорица,None,0,85.3,90,1182.3,12,0.0,0.0,1.0,0.081,-0.074,-0.024,1.96,13.34,8.53,62.5,Normal
2026-07-03 05:57:07.905,Košice,Подгорица,None,0,85.4,90,1183.7,12,0.0,0.0,1.0,-0.069,-0.03,-0.019,1.96,13.35,8.53,62.5,Normal
2026-07-03 05:57:08.927,Košice,Подгорица,None,0,85.5,90,1185.1,12,0.0,0.0,1.0,-0.083,0.035,-0.04,1.96,13.35,8.53,62.5,Normal
2026-07-03 05:57:09.927,Košice,Подгорица,None,0,85.5,90,1184.5,12,0.0,0.0,1.0,0.039,0.01,0.03,1.96,13.35,8.53,62.5,Normal
2026-07-03 05:57:10.919,Košice,Подгорица,None,0,85.7,90,1190.8,12,0.37,0.0,0.0,0.094,-0.074,-0.219,1.96,13.35,8.53,62.5,Normal
2026-07-03 05:57:11.906,Košice,Подгорица,None,0,86.6,90,1204.2,12,0.37,0.0,0.0,0.043,-0.009,-0.27,1.96,13.35,8.53,62.5,Normal
2026-07-03 05:57:12.925,Košice,Подгорица,None,0,87.1,90,1208.6,12,0.0,0.0,-1.0,0.04,0.03,-0.042,1.96,13.36,8.53,62.5,Normal
2026-07-03 05:57:13.906,Košice,Подгорица,None,0,87.1,90,1207.7,12,0.0,0.0,-1.0,0.155,-0.016,0.06,1.96,13.36,8.53,62.5,Normal
2026-07-03 05:57:14.919,Košice,Подгорица,None,0,86.7,90,1201.8,12,0.0,0.0,-1.0,-0.013,0.0,0.144,1.96,13.36,8.53,62.5,Normal
2026-07-03 05:57:15.907,Košice,Подгорица,None,0,86.2,90,1194.9,12,0.0,0.0,1.0,-0.083,-0.031,0.146,1.96,13.36,8.53,62.5,Normal
2026-07-03 05:57:16.907,Košice,Подгорица,None,0,85.7,90,1188.9,12,0.02,0.0,1.0,-0.197,0.034,0.119,1.96,13.36,8.53,62.5,Normal
2026-07-03 05:57:17.908,Košice,Подгорица,None,0,85.5,90,1188.1,12,0.41,0.0,1.0,0.019,-0.017,0.005,1.96,13.36,8.53,62.5,Normal
2026-07-03 05:57:18.920,Košice,Подгорица,None,0,85.7,90,1191.9,12,0.47,0.0,1.0,0.012,0.035,-0.071,1.96,13.37,8.53,62.5,Normal
2026-07-03 05:57:19.932,Košice,Подгорица,None,0,86.0,90,1195.8,12,0.41,0.0,0.0,0.074,-0.068,-0.044,1.96,13.37,8.53,62.5,Normal
2026-07-03 05:57:20.908,Košice,Подгорица,None,0,86.2,90,1196.2,12,0.12,0.0,1.0,-0.006,0.016,-0.014,1.96,13.37,8.53,62.5,Normal
2026-07-03 05:57:21.926,Košice,Подгорица,None,0,85.8,90,1189.3,12,0.0,0.0,1.0,-0.132,-0.061,0.155,1.96,13.37,8.53,62.5,Normal
2026-07-03 05:57:22.922,Košice,Подгорица,None,0,85.2,90,1183.2,12,0.42,0.0,1.0,-0.08,0.047,0.133,1.96,13.37,8.53,62.5,Normal
2026-07-03 05:57:23.910,Košice,Подгорица,None,0,85.2,90,1184.5,12,0.49,0.0,0.0,0.083,0.043,-0.071,1.97,13.37,8.53,62.4,Normal
2026-07-03 05:57:24.933,Košice,Подгорица,None,0,85.5,90,1188.7,12,0.51,0.0,0.0,0.048,-0.016,-0.086,1.97,13.37,8.53,62.4,Normal
2026-07-03 05:57:25.911,Košice,Подгорица,None,0,85.8,90,1192.7,12,0.44,0.0,0.0,0.024,-0.057,-0.06,1.97,13.38,8.53,62.4,Normal
2026-07-03 05:57:26.911,Košice,Подгорица,None,0,86.2,90,1198.2,12,0.58,0.0,-1.0,0.033,0.019,-0.094,1.97,13.38,8.53,62.4,Normal
2026-07-03 05:57:27.911,Košice,Подгорица,None,0,86.6,90,1204.3,12,0.58,0.0,0.0,-0.003,-0.021,-0.109,1.97,13.38,8.53,62.4,Normal
2026-07-03 05:57:28.928,Košice,Подгорица,None,0,87.1,90,1210.8,12,0.54,0.0,-1.0,0.009,-0.024,-0.119,1.97,13.38,8.53,62.3,Normal
2026-07-03 05:57:29.911,Košice,Подгорица,None,0,87.4,90,1216.2,12,0.56,0.0,-1.0,0.019,0.013,-0.107,1.97,13.39,8.53,62.3,Normal
2026-07-03 05:57:30.912,Košice,Подгорица,None,0,87.8,90,1221.0,12,0.55,0.0,-1.0,0.085,-0.018,-0.105,1.97,13.39,8.53,62.3,Normal
2026-07-03 05:57:31.912,Košice,Подгорица,None,0,88.0,90,1221.2,12,0.0,0.0,-1.0,-0.026,0.088,0.046,1.97,13.39,8.53,62.3,Normal
2026-07-03 05:57:32.933,Košice,Подгорица,None,0,87.5,90,1214.0,12,0.0,0.0,-1.0,-0.007,-0.022,0.147,1.97,13.39,8.53,62.3,Normal
2026-07-03 05:57:33.914,Košice,Подгорица,None,0,86.9,90,1205.5,12,0.0,0.0,-1.0,0.025,0.07,0.162,1.97,13.39,8.53,62.3,Normal
2026-07-03 05:57:34.914,Košice,Подгорица,None,0,86.5,90,1202.2,12,0.45,0.0,-1.0,0.011,-0.082,0.053,1.97,13.39,8.53,62.3,Normal
2026-07-03 05:57:35.915,Košice,Подгорица,None,0,86.4,90,1198.3,12,0.0,0.0,-1.0,0.007,0.072,0.101,1.97,13.39,8.53,62.3,Normal
2026-07-03 05:57:36.915,Košice,Подгорица,None,0,85.8,90,1189.5,12,0.0,0.0,-1.0,-0.013,0.003,0.182,1.97,13.4,8.53,62.3,Normal
2026-07-03 05:57:37.939,Košice,Подгорица,None,0,85.2,90,1181.1,12,0.0,0.0,-1.0,-0.038,-0.04,0.166,1.97,13.4,8.53,62.3,Normal
2026-07-03 05:57:38.937,Košice,Подгорица,None,0,84.6,90,1173.2,12,0.0,0.0,0.0,-0.111,0.006,0.16,1.97,13.4,8.53,62.3,Normal
2026-07-03 05:57:39.917,Košice,Подгорица,None,0,84.1,90,1166.2,12,0.0,0.0,1.0,-0.119,-0.018,0.135,1.97,13.4,8.53,62.3,Normal
2026-07-03 05:57:40.917,Košice,Подгорица,None,0,83.7,90,1160.2,12,0.0,0.0,0.0,0.022,0.001,0.12,1.97,13.4,8.53,62.3,Normal
2026-07-03 05:57:41.918,Košice,Подгорица,None,0,83.2,90,1154.1,12,0.0,0.0,0.0,0.019,-0.027,0.123,1.97,13.4,8.53,62.3,Normal
2026-07-03 05:57:42.936,Košice,Подгорица,None,0,82.8,90,1148.2,12,0.0,0.0,0.0,0.02,0.058,0.111,1.97,13.4,8.53,62.3,Normal
2026-07-03 05:57:43.918,Košice,Подгорица,None,0,82.5,90,1143.7,12,0.0,0.0,0.0,0.01,-0.067,0.092,1.97,13.41,8.53,62.3,Normal
2026-07-03 05:57:44.942,Košice,Подгорица,None,0,82.2,90,1139.8,12,0.0,0.0,0.0,0.004,0.03,0.08,1.97,13.41,8.53,62.3,Normal
2026-07-03 05:57:45.919,Košice,Подгорица,None,0,81.9,90,1135.9,12,0.0,0.0,1.0,-0.108,-0.025,0.084,1.97,13.41,8.53,62.3,Normal
2026-07-03 05:57:46.945,Košice,Подгорица,None,0,81.5,90,1130.6,12,0.0,0.0,1.0,0.042,0.018,0.093,1.97,13.41,8.53,62.3,Normal
2026-07-03 05:57:47.939,Košice,Подгорица,None,0,81.1,90,1125.1,12,0.0,0.0,1.0,-0.046,0.037,0.119,1.97,13.42,8.53,62.3,Normal
2026-07-03 05:57:48.933,Košice,Подгорица,None,0,80.7,90,1119.1,12,0.0,0.0,1.0,-0.064,0.045,0.116,1.97,13.42,8.53,62.3,Normal
2026-07-03 05:57:49.920,Košice,Подгорица,None,0,80.2,90,1112.5,12,0.0,0.0,1.0,-0.028,-0.011,0.133,1.97,13.42,8.53,62.3,Normal
2026-07-03 05:57:50.920,Košice,Подгорица,None,0,79.8,90,1107.1,12,0.0,0.0,1.0,0.085,-0.0,0.096,1.97,13.42,8.53,62.3,Normal
2026-07-03 05:57:51.931,Košice,Подгорица,None,0,79.5,90,1101.7,12,0.0,0.0,1.0,-0.081,-0.002,0.104,1.97,13.42,8.53,62.3,Normal
2026-07-03 05:57:52.921,Košice,Подгорица,None,0,79.1,90,1096.2,12,0.0,0.0,0.0,0.163,0.007,0.113,1.97,13.42,8.53,62.3,Normal
2026-07-03 05:57:53.922,Košice,Подгорица,None,0,78.4,90,1086.6,12,0.0,0.0,1.0,-0.122,0.127,0.277,1.97,13.42,8.53,62.3,Normal
2026-07-03 05:57:54.924,Košice,Подгорица,None,0,77.2,90,1069.2,12,0.0,0.0,-1.0,0.237,0.025,0.356,1.97,13.42,8.53,62.3,Normal
2026-07-03 05:57:55.922,Košice,Подгорица,None,0,75.6,90,1047.1,12,0.0,0.0,-1.0,-0.014,0.034,0.497,1.97,13.43,8.53,62.3,Normal
2026-07-03 05:57:56.924,Košice,Подгорица,None,0,73.8,90,1021.8,12,0.0,0.0,0.0,-0.033,-0.029,0.52,1.97,13.43,8.53,62.3,Normal
2026-07-03 05:57:57.923,Košice,Подгорица,None,0,72.0,90,997.2,12,0.0,0.05,0.0,-0.029,0.001,0.505,1.97,13.43,8.53,62.3,Normal
2026-07-03 05:57:58.924,Košice,Подгорица,None,0,68.9,90,1185.6,12,0.0,0.19,-1.0,0.028,-0.008,1.114,1.97,13.43,8.53,62.3,Normal
2026-07-03 05:57:59.924,Košice,Подгорица,None,0,63.7,90,1135.5,11,0.0,0.24,0.0,-0.023,-0.088,1.598,1.97,13.43,8.53,62.3,Normal
2026-07-03 05:58:00.924,Košice,Подгорица,None,0,60.4,90,1078.4,11,0.0,0.0,-1.0,0.065,-0.051,0.542,1.97,13.43,8.54,62.3,Normal
2026-07-03 05:58:01.925,Košice,Подгорица,None,0,59.0,90,1053.8,11,0.0,0.0,-1.0,0.082,0.048,0.313,1.97,13.43,8.54,62.3,Normal
2026-07-03 05:58:02.925,Košice,Подгорица,None,0,57.5,90,1024.6,11,0.0,0.13,-1.0,-0.102,0.008,0.712,1.97,13.43,8.54,62.3,Normal
2026-07-03 05:58:03.925,Košice,Подгорица,None,0,55.0,50,981.5,11,0.0,0.0,-1.0,0.01,0.001,0.534,1.97,13.44,8.54,62.3,Normal
2026-07-03 05:58:04.926,Košice,Подгорица,None,0,53.0,50,1179.2,10,0.0,0.0,-1.0,0.022,-0.021,0.504,1.97,13.44,8.54,62.3,Normal
2026-07-03 05:58:05.926,Košice,Подгорица,None,0,51.2,50,1132.4,10,0.0,0.0,-1.0,0.001,-0.004,0.577,1.97,13.44,8.54,62.3,Normal
2026-07-03 05:58:06.925,Košice,Подгорица,None,0,49.0,50,1084.4,10,0.17,0.0,-1.0,0.113,-0.029,0.628,1.97,13.44,8.54,62.3,Normal
2026-07-03 05:58:07.926,Košice,Подгорица,None,0,47.1,50,1045.7,10,0.31,0.0,-1.0,-0.07,-0.023,0.447,1.97,13.44,8.54,62.3,Normal
2026-07-03 05:58:08.941,Košice,Подгорица,None,0,45.7,50,1013.5,10,0.34,0.0,0.0,-0.118,-0.071,0.387,1.97,13.44,8.54,62.3,Normal
2026-07-03 05:58:09.950,Košice,Подгорица,None,0,44.4,50,987.4,10,0.44,0.0,0.0,-0.033,0.024,0.304,1.97,13.44,8.54,62.2,Normal
2026-07-03 05:58:10.948,Košice,Подгорица,None,0,43.4,50,965.0,10,0.41,0.0,1.0,-0.1,0.008,0.267,1.97,13.44,8.54,62.2,Normal
2026-07-03 05:58:11.927,Košice,Подгорица,None,0,42.4,50,940.9,10,0.32,0.0,1.0,-0.074,0.011,0.334,1.97,13.45,8.54,62.2,Normal
2026-07-03 05:58:12.928,Košice,Подгорица,None,0,41.3,50,919.8,10,0.63,0.0,1.0,-0.19,0.012,0.229,1.97,13.45,8.54,62.2,Normal
2026-07-03 05:58:13.946,Košice,Подгорица,None,0,40.8,50,909.1,10,0.53,0.0,1.0,-0.083,-0.017,0.121,1.97,13.45,8.54,62.2,Normal
2026-07-03 05:58:14.939,Košice,Подгорица,None,0,40.2,50,896.6,10,0.58,0.0,1.0,0.006,-0.008,0.161,1.97,13.45,8.54,62.2,Normal
2026-07-03 05:58:15.947,Košice,Подгорица,None,0,39.9,50,889.4,10,0.58,0.0,1.0,0.02,0.041,0.065,1.97,13.45,8.54,62.2,Normal
2026-07-03 05:58:16.929,Košice,Подгорица,None,0,39.6,50,882.3,10,0.58,0.0,1.0,-0.024,0.008,0.085,1.97,13.45,8.54,62.1,Normal
2026-07-03 05:58:17.930,Košice,Подгорица,None,0,38.7,50,1101.5,10,0.49,0.0,-1.0,0.145,0.002,0.376,1.97,13.45,8.54,62.1,Normal
2026-07-03 05:58:18.929,Košice,Подгорица,None,0,37.7,50,1083.1,9,0.59,0.0,1.0,-0.076,-0.045,0.085,1.97,13.45,8.54,62.1,Normal
2026-07-03 05:58:19.930,Košice,Подгорица,None,0,37.9,50,1089.6,9,0.65,0.0,1.0,-0.141,-0.018,-0.1,1.97,13.45,8.54,62.1,Normal
2026-07-03 05:58:20.952,Košice,Подгорица,None,0,38.4,50,1106.0,9,0.65,0.0,1.0,0.022,0.012,-0.167,1.97,13.45,8.54,62.1,Normal
2026-07-03 05:58:21.931,Košice,Подгорица,None,0,39.1,50,1124.0,9,0.52,0.0,1.0,-0.042,0.037,-0.195,1.97,13.45,8.54,62.1,Normal
2026-07-03 05:58:22.943,Košice,Подгорица,None,0,38.9,50,1112.2,9,0.0,0.0,1.0,0.008,0.028,0.269,1.97,13.45,8.54,62.1,Normal
2026-07-03 05:58:23.954,Košice,Подгорица,None,0,37.8,50,1079.7,9,0.0,0.0,1.0,0.07,-0.022,0.318,1.97,13.45,8.54,62.1,Normal
2026-07-03 05:58:24.949,Košice,Подгорица,None,0,36.9,50,1058.0,9,0.39,0.0,1.0,-0.009,-0.042,0.122,1.97,13.45,8.54,62.1,Normal
2026-07-03 05:58:25.951,Košice,Подгорица,None,0,37.1,50,1067.8,9,0.43,0.0,1.0,-0.005,0.006,-0.155,1.97,13.45,8.54,62.0,Normal
2026-07-03 05:58:26.932,Košice,Подгорица,None,0,37.8,50,1085.6,9,0.43,0.0,1.0,0.099,0.02,-0.186,1.97,13.46,8.54,62.0,Normal
2026-07-03 05:58:27.932,Košice,Подгорица,None,0,38.5,50,1107.7,9,0.44,0.0,1.0,-0.05,0.011,-0.236,1.97,13.46,8.54,62.0,Normal
2026-07-03 05:58:28.932,Košice,Подгорица,None,0,39.5,50,1134.7,9,0.52,0.0,1.0,-0.024,-0.0,-0.286,1.97,13.46,8.54,62.0,Normal
2026-07-03 05:58:29.933,Košice,Подгорица,None,0,40.5,50,1164.2,9,0.5,0.0,1.0,-0.031,0.007,-0.287,1.97,13.46,8.54,62.0,Normal
2026-07-03 05:58:30.934,Košice,Подгорица,None,0,41.6,50,1195.0,9,0.5,0.0,1.0,0.01,-0.001,-0.293,1.98,13.46,8.54,62.0,Normal
2026-07-03 05:58:31.954,Košice,Подгорица,None,0,42.7,50,1226.1,9,0.48,0.0,1.0,-0.013,-0.005,-0.299,1.98,13.46,8.54,61.9,Normal
2026-07-03 05:58:32.933,Košice,Подгорица,None,0,43.7,50,1254.4,9,0.47,0.0,-1.0,0.143,0.011,-0.285,1.98,13.46,8.54,61.9,Normal
2026-07-03 05:58:33.935,Košice,Подгорица,None,0,44.6,50,1277.5,9,0.0,0.0,-1.0,0.052,0.014,-0.139,1.98,13.46,8.54,61.9,Normal
2026-07-03 05:58:34.935,Košice,Подгорица,None,0,44.8,50,1286.7,9,0.59,0.0,0.0,0.004,-0.059,-0.229,1.98,13.46,8.54,61.9,Normal
2026-07-03 05:58:35.936,Košice,Подгорица,None,0,46.1,50,1324.8,9,0.62,0.0,0.0,-0.005,-0.0,-0.4,1.98,13.46,8.54,61.9,Normal
2026-07-03 05:58:36.956,Košice,Подгорица,None,0,47.7,50,1369.6,9,0.62,0.0,0.0,0.014,0.005,-0.426,1.98,13.46,8.54,61.9,Normal
2026-07-03 05:58:37.948,Košice,Подгорица,None,0,48.7,50,1261.5,9,0.0,0.0,0.0,0.043,0.076,-0.08,1.98,13.46,8.54,61.8,Normal
2026-07-03 05:58:38.954,Košice,Подгорица,None,0,48.7,50,1081.4,10,0.44,0.0,-1.0,-0.008,-0.006,-0.024,1.98,13.46,8.54,61.8,Normal
2026-07-03 05:58:39.959,Košice,Подгорица,None,0,49.3,50,1096.3,10,0.49,0.0,-1.0,0.06,-0.049,-0.226,1.98,13.47,8.54,61.8,Normal
2026-07-03 05:58:40.951,Košice,Подгорица,None,0,49.8,50,1106.0,10,0.32,0.0,1.0,-0.054,0.001,-0.085,1.98,13.47,8.54,61.8,Normal
2026-07-03 05:58:41.947,Košice,Подгорица,None,0,49.7,50,1102.1,10,0.42,0.0,1.0,-0.062,0.089,0.101,1.98,13.47,8.54,61.8,Normal
2026-07-03 05:58:42.938,Košice,Подгорица,None,0,49.9,60,1108.5,10,0.35,0.0,-1.0,0.035,0.062,-0.11,1.98,13.47,8.54,61.8,Normal
2026-07-03 05:58:43.956,Košice,Подгорица,None,0,50.5,60,1124.6,10,0.68,0.0,1.0,-0.022,-0.012,-0.231,1.98,13.47,8.54,61.8,Normal
2026-07-03 05:58:44.938,Košice,Подгорица,None,0,51.6,60,1149.2,10,0.69,0.0,1.0,0.008,0.007,-0.32,1.98,13.47,8.54,61.8,Normal
2026-07-03 05:58:45.939,Košice,Подгорица,None,0,52.8,60,1174.3,10,0.47,0.0,0.0,-0.0,-0.014,-0.285,1.98,13.47,8.54,61.8,Normal
2026-07-03 05:58:46.962,Košice,Подгорица,None,0,53.6,60,1192.5,10,0.53,0.0,1.0,-0.071,-0.033,-0.228,1.98,13.48,8.54,61.7,Normal
2026-07-03 05:58:47.939,Košice,Подгорица,None,0,54.4,60,1210.1,10,0.43,0.0,1.0,-0.025,0.01,-0.212,1.98,13.48,8.54,61.7,Normal
2026-07-03 05:58:48.940,Košice,Подгорица,None,0,54.5,60,1208.2,10,0.0,0.0,1.0,-0.037,-0.017,0.099,1.98,13.48,8.54,61.7,Normal
2026-07-03 05:58:49.940,Košice,Подгорица,None,0,54.3,60,1203.0,10,0.0,0.0,1.0,-0.088,-0.007,0.044,1.98,13.48,8.54,61.7,Normal
2026-07-03 05:58:50.940,Košice,Подгорица,None,0,54.3,60,1203.5,10,0.0,0.0,1.0,0.038,0.029,-0.048,1.98,13.48,8.54,61.7,Normal
2026-07-03 05:58:51.940,Košice,Подгорица,None,0,54.4,60,1206.0,10,0.0,0.0,1.0,0.045,-0.011,-0.036,1.98,13.48,8.54,61.7,Normal
2026-07-03 05:58:52.941,Košice,Подгорица,None,0,54.6,60,1210.1,10,0.0,0.0,1.0,0.017,0.019,-0.06,1.98,13.48,8.54,61.7,Normal
2026-07-03 05:58:53.941,Košice,Подгорица,None,0,54.7,60,1213.9,10,0.0,0.0,1.0,-0.062,-0.077,-0.043,1.98,13.48,8.54,61.7,Normal
2026-07-03 05:58:54.942,Košice,Подгорица,None,0,54.9,60,1217.0,10,0.0,0.0,0.0,0.061,-0.012,-0.029,1.98,13.48,8.54,61.7,Normal
2026-07-03 05:58:55.965,Košice,Подгорица,None,0,54.9,60,1216.9,10,0.0,0.0,1.0,-0.006,0.01,0.019,1.98,13.48,8.54,61.7,Normal
2026-07-03 05:58:56.944,Košice,Подгорица,None,0,54.7,60,1213.3,10,0.0,0.0,-1.0,0.056,-0.043,0.069,1.98,13.48,8.54,61.7,Normal
2026-07-03 05:58:57.944,Košice,Подгорица,None,0,54.3,60,1204.4,10,0.0,0.0,0.0,0.022,-0.002,0.118,1.98,13.49,8.54,61.7,Normal
2026-07-03 05:58:58.944,Košice,Подгорица,None,0,53.9,60,1195.5,10,0.21,0.0,0.0,0.013,0.045,0.096,1.98,13.49,8.54,61.7,Normal
2026-07-03 05:58:59.944,Košice,Подгорица,None,0,53.8,60,1192.7,10,0.0,0.0,0.0,0.0,0.016,0.002,1.98,13.49,8.54,61.7,Normal
2026-07-03 05:59:00.966,Košice,Подгорица,None,0,53.4,60,1184.7,10,0.0,0.0,1.0,-0.005,0.014,0.125,1.98,13.49,8.54,61.7,Normal
2026-07-03 05:59:01.945,Košice,Подгорица,None,0,53.0,60,1174.0,10,0.0,0.0,1.0,-0.007,-0.014,0.146,1.98,13.49,8.54,61.7,Normal
2026-07-03 05:59:02.955,Košice,Подгорица,None,0,52.4,50,1160.7,10,0.0,0.0,1.0,-0.02,0.001,0.172,1.98,13.49,8.54,61.7,Normal
2026-07-03 05:59:03.964,Košice,Подгорица,None,0,51.7,50,1145.4,10,0.0,0.0,1.0,-0.033,-0.035,0.203,1.98,13.49,8.54,61.7,Normal
2026-07-03 05:59:04.946,Košice,Подгорица,None,0,51.0,50,1131.2,10,0.0,0.0,1.0,-0.035,-0.033,0.191,1.98,13.49,8.54,61.7,Normal
2026-07-03 05:59:05.957,Košice,Подгорица,None,0,50.3,50,1114.9,10,0.0,0.0,1.0,-0.016,0.001,0.191,1.98,13.49,8.54,61.7,Normal
2026-07-03 05:59:06.946,Košice,Подгорица,None,0,49.7,50,1101.1,10,0.0,0.0,1.0,0.001,0.056,0.165,1.98,13.49,8.54,61.7,Normal
2026-07-03 05:59:07.946,Košice,Подгорица,None,0,49.0,50,1086.0,10,0.0,0.0,1.0,-0.003,-0.018,0.18,1.98,13.49,8.54,61.7,Normal
2026-07-03 05:59:08.970,Košice,Подгорица,None,0,48.4,50,1073.0,10,0.0,0.0,1.0,0.007,-0.039,0.157,1.98,13.5,8.54,61.7,Normal
2026-07-03 05:59:09.947,Košice,Подгорица,None,0,47.9,50,1061.6,10,0.0,0.0,1.0,-0.062,0.059,0.14,1.98,13.5,8.54,61.7,Normal
2026-07-03 05:59:10.947,Košice,Подгорица,None,0,47.4,50,1051.2,10,0.0,0.0,1.0,-0.017,0.019,0.116,1.98,13.5,8.54,61.7,Normal
2026-07-03 05:59:11.948,Košice,Подгорица,None,0,47.0,50,1040.8,10,0.0,0.0,1.0,-0.001,-0.021,0.149,1.98,13.5,8.54,61.7,Normal
2026-07-03 05:59:12.970,Košice,Подгорица,None,0,46.5,50,1030.3,10,0.0,0.0,1.0,0.051,-0.003,0.127,1.98,13.5,8.54,61.7,Normal
2026-07-03 05:59:13.948,Košice,Подгорица,None,0,46.0,50,1018.0,10,0.0,0.0,1.0,-0.033,-0.012,0.165,1.98,13.5,8.54,61.7,Normal
2026-07-03 05:59:14.966,Košice,Подгорица,None,0,45.4,50,1005.3,10,0.0,0.0,1.0,-0.101,-0.005,0.146,1.98,13.5,8.54,61.7,Normal
2026-07-03 05:59:15.972,Košice,Подгорица,None,0,44.9,50,993.8,10,0.0,0.0,1.0,-0.047,-0.008,0.136,1.98,13.5,8.54,61.7,Normal
2026-07-03 05:59:16.960,Košice,Подгорица,None,0,44.4,50,983.5,10,0.0,0.0,1.0,-0.009,0.044,0.113,1.98,13.51,8.54,61.7,Normal
2026-07-03 05:59:17.968,Košice,Подгорица,None,0,44.1,50,975.5,10,0.0,0.0,1.0,-0.115,0.031,0.082,1.98,13.51,8.54,61.7,Normal
2026-07-03 05:59:18.960,Košice,Подгорица,None,0,43.9,50,971.1,10,0.0,0.0,1.0,0.061,0.022,0.044,1.98,13.51,8.54,61.7,Normal
2026-07-03 05:59:19.970,Košice,Подгорица,None,0,43.8,50,969.5,10,0.0,0.0,1.0,-0.066,-0.019,-0.01,1.98,13.51,8.54,61.7,Normal
2026-07-03 05:59:20.951,Košice,Подгорица,None,0,44.0,50,974.1,10,0.0,0.0,1.0,0.096,0.008,-0.088,1.98,13.51,8.54,61.7,Normal
2026-07-03 05:59:21.950,Košice,Подгорица,None,0,44.3,50,982.4,10,0.0,0.0,1.0,0.014,-0.008,-0.112,1.98,13.51,8.54,61.7,Normal
2026-07-03 05:59:22.970,Košice,Подгорица,None,0,44.9,50,996.0,10,0.0,0.0,1.0,-0.076,-0.029,-0.212,1.98,13.51,8.54,61.7,Normal
2026-07-03 05:59:23.951,Košice,Подгорица,None,0,46.0,60,1023.0,10,0.39,0.0,1.0,0.115,-0.012,-0.379,1.98,13.51,8.54,61.7,Normal
2026-07-03 05:59:24.974,Košice,Подгорица,None,0,47.3,60,1053.0,10,0.29,0.0,0.0,0.145,-0.029,-0.346,1.98,13.51,8.54,61.7,Normal
2026-07-03 05:59:25.953,Košice,Подгорица,None,0,48.4,60,1076.7,10,0.37,0.0,-1.0,0.074,-0.058,-0.312,1.98,13.51,8.54,61.7,Normal
2026-07-03 05:59:26.976,Košice,Подгорица,None,0,49.4,60,1097.2,10,0.19,0.0,-1.0,0.019,0.003,-0.213,1.98,13.51,8.54,61.7,Normal
2026-07-03 05:59:27.975,Košice,Подгорица,None,0,49.9,60,1108.6,10,0.2,0.0,-1.0,0.16,0.003,-0.111,1.98,13.51,8.54,61.7,Normal
2026-07-03 05:59:28.970,Košice,Подгорица,None,0,50.4,60,1120.2,10,0.46,0.0,-1.0,0.027,-0.061,-0.171,1.98,13.52,8.54,61.7,Normal
2026-07-03 05:59:29.963,Košice,Подгорица,None,0,51.3,60,1142.6,10,0.57,0.0,-1.0,0.103,0.027,-0.313,1.98,13.52,8.54,61.6,Normal
2026-07-03 05:59:30.954,Košice,Подгорица,None,0,52.3,90,1165.6,10,0.56,0.0,-1.0,-0.105,-0.019,-0.24,1.98,13.52,8.54,61.6,Normal
2026-07-03 05:59:31.954,Košice,Подгорица,None,0,52.8,90,1174.8,10,0.56,0.0,-1.0,-0.088,-0.082,-0.032,1.98,13.52,8.54,61.6,Normal
2026-07-03 05:59:32.954,Košice,Подгорица,None,0,52.7,90,1174.4,10,0.81,0.0,0.0,-0.178,-0.035,0.004,1.98,13.52,8.54,61.6,Normal
2026-07-03 05:59:33.955,Košice,Подгорица,None,0,53.0,90,1180.6,10,0.85,0.0,0.0,-0.092,-0.028,-0.109,1.98,13.52,8.54,61.5,Normal
2026-07-03 05:59:34.956,Košice,Подгорица,None,0,53.4,90,1190.1,10,0.89,0.0,0.0,-0.048,-0.005,-0.131,1.98,13.52,8.54,61.5,Normal
2026-07-03 05:59:35.975,Košice,Подгорица,None,0,53.9,90,1201.3,10,0.95,0.0,1.0,-0.078,0.012,-0.146,1.98,13.52,8.54,61.5,Normal
2026-07-03 05:59:36.956,Košice,Подгорица,None,0,54.5,90,1214.8,10,0.93,0.0,1.0,-0.111,0.01,-0.18,1.98,13.52,8.54,61.5,Normal
2026-07-03 05:59:37.980,Košice,Подгорица,None,0,55.3,90,1233.7,10,0.94,0.0,1.0,-0.059,0.011,-0.25,1.98,13.52,8.54,61.4,Normal
2026-07-03 05:59:38.975,Košice,Подгорица,None,0,56.3,90,1252.7,10,0.58,0.0,0.0,0.115,-0.03,-0.236,1.98,13.52,8.54,61.4,Normal
2026-07-03 05:59:39.979,Košice,Подгорица,None,0,56.7,90,1262.5,10,0.69,0.0,1.0,-0.079,-0.039,-0.124,1.98,13.53,8.54,61.4,Normal
2026-07-03 05:59:40.969,Košice,Подгорица,None,0,57.4,90,1277.8,10,0.89,0.0,1.0,0.013,0.014,-0.213,1.98,13.53,8.54,61.4,Normal
2026-07-03 05:59:41.958,Košice,Подгорица,None,0,58.2,90,1295.5,10,0.95,0.0,1.0,0.052,0.004,-0.205,1.98,13.53,8.54,61.3,Normal
2026-07-03 05:59:42.971,Košice,Подгорица,None,0,58.9,90,1311.1,10,0.84,0.0,-1.0,0.048,0.046,-0.184,1.98,13.53,8.54,61.3,Normal
2026-07-03 05:59:43.958,Košice,Подгорица,None,0,59.5,90,1324.9,10,0.84,0.0,-1.0,0.026,0.021,-0.174,1.98,13.53,8.54,61.3,Normal
2026-07-03 05:59:44.974,Košice,Подгорица,None,0,60.2,90,1339.6,10,0.89,0.0,0.0,-0.006,-0.008,-0.193,1.98,13.53,8.54,61.2,Normal
2026-07-03 05:59:45.980,Košice,Подгорица,None,0,60.9,90,1356.1,10,0.96,0.0,0.0,0.02,-0.02,-0.236,1.98,13.54,8.54,61.2,Normal
2026-07-03 05:59:46.973,Košice,Подгорица,None,0,61.8,90,1375.8,10,0.89,0.0,1.0,-0.122,0.02,-0.27,1.98,13.54,8.54,61.2,Normal
2026-07-03 05:59:47.959,Košice,Подгорица,None,0,62.8,90,1397.4,10,0.87,0.0,0.0,0.034,-0.028,-0.265,1.98,13.54,8.54,61.2,Normal
2026-07-03 05:59:48.961,Košice,Подгорица,None,0,63.8,90,1419.8,10,0.85,0.0,0.0,0.039,-0.03,-0.307,1.98,13.54,8.54,61.1,Normal
2026-07-03 05:59:49.984,Košice,Подгорица,None,0,64.1,90,1146.8,11,0.84,0.0,1.0,-0.097,0.006,0.072,1.98,13.54,8.54,61.1,Normal
2026-07-03 05:59:50.961,Košice,Подгорица,None,0,64.2,90,1153.1,11,0.82,0.0,1.0,-0.017,-0.121,-0.196,1.98,13.54,8.54,61.1,Normal
2026-07-03 05:59:51.982,Košice,Подгорица,None,0,65.2,90,1171.5,11,0.82,0.0,0.0,0.059,0.016,-0.307,1.98,13.54,8.54,61.1,Normal
2026-07-03 05:59:52.963,Košice,Подгорица,None,0,66.3,90,1191.6,11,0.9,0.0,1.0,-0.008,0.009,-0.368,1.98,13.54,8.54,61.1,Normal
2026-07-03 05:59:53.964,Košice,Подгорица,None,0,67.7,90,1216.3,11,0.89,0.0,1.0,-0.016,0.008,-0.402,1.98,13.54,8.54,61.0,Normal
2026-07-03 05:59:54.963,Košice,Подгорица,None,0,69.1,90,1242.6,11,0.88,0.0,1.0,-0.023,0.018,-0.417,1.98,13.55,8.54,61.0,Normal
2026-07-03 05:59:55.964,Košice,Подгорица,None,0,70.7,90,1271.2,11,0.89,0.0,1.0,0.014,0.005,-0.457,1.98,13.55,8.54,61.0,Normal
2026-07-03 05:59:56.976,Košice,Подгорица,None,0,72.4,90,1300.8,11,0.87,0.0,1.0,-0.021,0.036,-0.462,1.98,13.55,8.54,60.9,Normal
2026-07-03 05:59:57.965,Košice,Подгорица,None,0,74.0,90,1330.5,11,0.87,0.0,1.0,-0.07,0.047,-0.468,1.99,13.55,8.54,60.9,Normal
2026-07-03 05:59:58.965,Košice,Подгорица,None,0,75.8,90,1363.0,11,0.96,0.0,1.0,-0.036,-0.007,-0.499,1.99,13.55,8.54,60.9,Normal
2026-07-03 05:59:59.976,Košice,Подгорица,None,0,77.6,90,1389.0,11,0.74,0.0,1.0,-0.035,-0.007,-0.458,1.99,13.55,8.54,60.9,Normal
2026-07-03 06:00:00.986,Košice,Подгорица,None,0,78.2,90,1085.7,12,0.84,0.0,1.0,0.002,0.065,-0.1,1.99,13.55,8.54,60.9,Normal
2026-07-03 06:00:01.965,Košice,Подгорица,None,0,79.1,90,1101.7,12,0.75,0.0,0.0,0.08,0.006,-0.329,1.99,13.55,8.54,60.8,Normal
2026-07-03 06:00:02.976,Košice,Подгорица,None,0,80.4,90,1120.0,12,0.76,0.0,1.0,-0.023,-0.016,-0.35,1.99,13.56,8.54,60.8,Normal
2026-07-03 06:00:03.984,Košice,Подгорица,None,0,81.7,90,1138.0,12,0.75,0.0,1.0,-0.024,0.045,-0.359,1.99,13.56,8.54,60.8,Normal
2026-07-03 06:00:04.966,Košice,Подгорица,None,0,82.7,90,1146.7,12,0.0,0.0,1.0,-0.066,0.081,-0.11,1.99,13.56,8.54,60.8,Normal
2026-07-03 06:00:05.967,Košice,Подгорица,None,0,83.0,90,1154.4,12,0.54,0.0,1.0,0.091,-0.188,-0.168,1.99,13.56,8.54,60.8,Normal
2026-07-03 06:00:06.967,Košice,Подгорица,None,0,83.9,90,1166.6,12,0.53,0.0,1.0,0.022,0.028,-0.276,1.99,13.57,8.54,60.8,Normal
2026-07-03 06:00:07.968,Košice,Подгорица,None,0,84.8,90,1179.3,12,0.44,0.0,1.0,-0.058,0.025,-0.242,1.99,13.57,8.54,60.7,Normal
2026-07-03 06:00:08.969,Košice,Подгорица,None,0,85.7,90,1191.5,12,0.48,0.0,1.0,-0.004,0.025,-0.252,1.99,13.57,8.54,60.7,Normal
2026-07-03 06:00:09.968,Košice,Подгорица,None,0,86.6,90,1203.1,12,0.4,0.0,1.0,0.021,-0.017,-0.231,1.99,13.57,8.54,60.7,Normal
2026-07-03 06:00:10.969,Košice,Подгорица,None,0,87.0,90,1208.6,12,0.29,0.0,1.0,0.066,0.044,-0.072,1.99,13.57,8.54,60.7,Normal
2026-07-03 06:00:11.970,Košice,Подгорица,None,0,87.3,90,1210.4,12,0.02,0.0,1.0,-0.075,0.075,-0.042,1.99,13.57,8.54,60.7,Normal
2026-07-03 06:00:12.970,Košice,Подгорица,None,0,87.5,90,1216.0,12,0.39,0.0,1.0,0.027,-0.003,-0.13,1.99,13.57,8.54,60.7,Normal
2026-07-03 06:00:13.969,Košice,Подгорица,None,0,88.0,90,1220.9,12,0.0,0.0,1.0,0.048,0.055,-0.103,1.99,13.58,8.54,60.7,Normal
2026-07-03 06:00:14.970,Košice,Подгорица,None,0,88.0,90,1220.8,12,0.0,0.0,0.0,0.072,0.038,-0.004,1.99,13.58,8.54,60.7,Normal
2026-07-03 06:00:15.989,Košice,Подгорица,None,0,88.1,90,1221.6,12,0.0,0.0,0.0,0.02,0.015,-0.029,1.99,13.58,8.54,60.7,Normal
2026-07-03 06:00:16.971,Košice,Подгорица,None,0,88.2,90,1223.0,12,0.0,0.0,0.0,0.038,-0.008,-0.038,1.99,13.58,8.54,60.7,Normal
2026-07-03 06:00:17.971,Košice,Подгорица,None,0,88.3,90,1224.9,12,0.0,0.0,0.0,-0.003,0.038,-0.036,1.99,13.58,8.54,60.7,Normal
2026-07-03 06:00:18.987,Košice,Подгорица,None,0,88.4,90,1226.5,12,0.0,0.0,0.0,0.002,0.051,-0.041,1.99,13.58,8.54,60.7,Normal
2026-07-03 06:00:19.998,Košice,Подгорица,None,0,88.5,90,1227.2,12,0.0,0.0,-1.0,0.031,0.033,-0.016,1.99,13.58,8.54,60.7,Normal
2026-07-03 06:00:20.973,Košice,Подгорица,None,0,88.3,90,1225.3,12,0.0,0.0,0.0,0.004,0.004,0.017,1.99,13.59,8.54,60.7,Normal
2026-07-03 06:00:21.974,Košice,Подгорица,None,0,88.2,90,1224.2,12,0.0,0.0,0.0,0.028,0.073,0.01,1.99,13.59,8.54,60.7,Normal
2026-07-03 06:00:22.974,Košice,Подгорица,None,0,88.0,90,1219.7,12,0.0,0.0,-1.0,0.027,0.074,0.111,1.99,13.59,8.54,60.7,Normal
2026-07-03 06:00:23.990,Košice,Подгорица,None,0,87.5,90,1213.0,12,0.0,0.0,-1.0,0.031,0.011,0.134,1.99,13.59,8.54,60.7,Normal
2026-07-03 06:00:24.975,Košice,Подгорица,None,0,87.0,90,1206.2,12,0.0,0.0,-1.0,0.118,-0.001,0.138,1.99,13.6,8.54,60.7,Normal
2026-07-03 06:00:25.975,Košice,Подгорица,None,0,86.4,90,1197.7,12,0.0,0.0,-1.0,-0.057,-0.07,0.182,1.99,13.6,8.54,60.7,Normal
2026-07-03 06:00:26.987,Košice,Подгорица,None,0,85.7,90,1187.9,12,0.0,0.0,-1.0,0.014,0.042,0.212,1.99,13.6,8.54,60.7,Normal
2026-07-03 06:00:27.999,Košice,Подгорица,None,0,84.8,90,1175.9,12,0.0,0.0,-1.0,-0.06,0.033,0.261,1.99,13.6,8.54,60.7,Normal
2026-07-03 06:00:28.976,Košice,Подгорица,None,0,83.8,90,1161.5,12,0.0,0.0,-1.0,0.074,-0.026,0.32,1.99,13.6,8.54,60.7,Normal
2026-07-03 06:00:29.986,Košice,Подгорица,None,0,82.6,90,1148.0,12,0.0,0.0,-1.0,0.032,-0.059,0.285,1.99,13.6,8.54,60.7,Normal
2026-07-03 06:00:30.977,Košice,Подгорица,None,0,82.2,90,1145.2,12,0.0,0.0,-1.0,-0.073,-0.091,0.031,1.99,13.6,8.54,60.6,Normal
2026-07-03 06:00:31.977,Košice,Подгорица,None,0,82.2,90,1145.1,12,0.0,0.0,-1.0,-0.027,0.01,0.0,1.99,13.61,8.54,60.6,Normal
2026-07-03 06:00:32.977,Košice,Подгорица,None,0,82.3,90,1145.4,12,0.0,0.0,-1.0,0.037,0.047,0.011,1.99,13.61,8.54,60.6,Normal
2026-07-03 06:00:33.977,Košice,Подгорица,None,0,82.3,90,1145.9,12,0.0,0.0,-1.0,0.01,0.0,-0.004,1.99,13.61,8.54,60.6,Normal
2026-07-03 06:00:35.001,Košice,Подгорица,None,0,82.4,90,1147.1,12,0.0,0.0,-1.0,0.017,-0.018,-0.022,1.99,13.61,8.54,60.5,Normal
2026-07-03 06:00:35.997,Košice,Подгорица,None,0,82.5,90,1148.5,12,0.0,0.0,-1.0,-0.001,-0.011,-0.035,1.99,13.62,8.54,60.5,Normal
2026-07-03 06:00:36.994,Košice,Подгорица,None,0,82.6,90,1150.7,12,0.0,0.0,0.0,-0.048,0.005,-0.057,1.99,13.62,8.54,60.5,Normal
2026-07-03 06:00:37.990,Košice,Подгорица,None,0,82.8,90,1153.0,12,0.15,0.0,1.0,-0.077,0.013,-0.046,1.99,13.62,8.54,60.4,Normal
2026-07-03 06:00:38.990,Košice,Подгорица,None,0,83.0,90,1155.4,12,0.57,0.0,-1.0,0.006,-0.048,-0.048,1.99,13.62,8.54,60.4,Normal
2026-07-03 06:00:39.979,Košice,Подгорица,None,0,83.1,90,1157.6,12,0.87,0.0,0.0,-0.007,0.039,-0.051,1.99,13.62,8.54,60.4,Normal
2026-07-03 06:00:41.001,Košice,Подгорица,None,0,83.3,90,1160.2,12,0.84,0.0,0.0,-0.035,0.05,-0.047,1.99,13.62,8.54,60.4,Normal
2026-07-03 06:00:41.999,Košice,Подгорица,None,0,83.5,90,1162.9,12,0.92,0.0,0.0,0.023,-0.021,-0.075,1.99,13.62,8.54,60.3,Normal
2026-07-03 06:00:42.981,Košice,Подгорица,None,0,83.8,90,1166.3,12,0.75,0.0,0.0,-0.036,-0.001,-0.096,1.99,13.63,8.54,60.3,Normal
2026-07-03 06:00:44.005,Košice,Подгорица,None,0,84.0,90,1168.5,12,0.0,0.0,1.0,-0.045,-0.076,-0.037,1.99,13.63,8.54,60.3,Normal
2026-07-03 06:00:44.981,Košice,Подгорица,None,0,84.1,90,1168.7,12,0.0,0.0,0.0,-0.013,0.023,0.004,1.99,13.63,8.54,60.3,Normal
2026-07-03 06:00:45.983,Košice,Подгорица,None,0,84.0,90,1167.1,12,0.0,0.0,0.0,-0.002,0.025,0.029,1.99,13.63,8.54,60.3,Normal
2026-07-03 06:00:46.982,Košice,Подгорица,None,0,83.9,90,1165.9,12,0.0,0.0,0.0,-0.005,0.079,0.002,1.99,13.63,8.54,60.3,Normal
2026-07-03 06:00:47.994,Košice,Подгорица,None,0,83.9,90,1164.6,12,0.0,0.0,0.0,-0.003,0.01,0.031,1.99,13.63,8.55,60.2,Normal
2026-07-03 06:00:48.992,Košice,Подгорица,None,0,83.9,90,1164.1,12,0.0,0.0,-1.0,0.022,0.014,0.008,1.99,13.63,8.55,60.2,Normal
2026-07-03 06:00:49.984,Košice,Подгорица,None,0,83.8,90,1163.0,12,0.0,0.0,-1.0,0.012,-0.026,0.033,1.99,13.64,8.55,60.2,Normal
2026-07-03 06:00:50.984,Košice,Подгорица,None,0,83.8,90,1162.7,12,0.0,0.0,0.0,-0.008,-0.032,0.004,1.99,13.64,8.55,60.2,Normal
2026-07-03 06:00:51.992,Košice,Подгорица,None,0,83.8,90,1162.5,12,0.0,0.0,1.0,0.051,0.056,-0.012,2.0,13.64,8.55,60.2,Normal
2026-07-03 06:00:52.984,Košice,Подгорица,None,0,83.8,90,1162.7,12,0.0,0.0,0.0,0.019,0.037,-0.012,2.0,13.64,8.55,60.2,Normal
2026-07-03 06:00:53.985,Košice,Подгорица,None,0,83.9,90,1163.7,12,0.0,0.0,1.0,-0.01,-0.043,-0.007,2.0,13.65,8.55,60.2,Normal
2026-07-03 06:00:54.984,Košice,Подгорица,None,0,84.0,90,1165.3,12,0.0,0.0,0.0,-0.005,-0.036,-0.02,2.0,13.65,8.55,60.2,Normal
2026-07-03 06:00:55.984,Košice,Подгорица,None,0,84.1,90,1167.2,12,0.0,0.0,1.0,-0.099,-0.005,-0.034,2.0,13.65,8.55,60.2,Normal
2026-07-03 06:00:56.985,Košice,Подгорица,None,0,84.2,90,1168.2,12,0.0,0.0,1.0,-0.034,-0.075,-0.02,2.0,13.65,8.55,60.2,Normal
2026-07-03 06:00:57.985,Košice,Подгорица,None,0,84.1,90,1166.8,12,0.0,0.0,1.0,-0.0,-0.023,0.049,2.0,13.65,8.55,60.2,Normal
2026-07-03 06:00:58.986,Košice,Подгорица,None,0,83.9,90,1164.1,12,0.0,0.0,1.0,-0.014,0.0,0.073,2.0,13.65,8.55,60.2,Normal
2026-07-03 06:00:59.986,Košice,Подгорица,None,0,83.8,90,1162.2,12,0.0,0.0,1.0,0.012,-0.007,0.015,2.0,13.65,8.55,60.2,Normal
2026-07-03 06:01:01.001,Košice,Подгорица,None,0,83.7,90,1161.9,12,0.0,0.0,1.0,0.024,-0.01,0.019,2.0,13.66,8.55,60.2,Normal
2026-07-03 06:01:02.011,Košice,Подгорица,None,0,83.8,90,1162.7,12,0.0,0.0,1.0,0.049,0.003,-0.042,2.0,13.66,8.55,60.2,Normal
2026-07-03 06:01:02.998,Košice,Подгорица,None,0,84.0,90,1165.2,12,0.0,0.0,1.0,0.013,0.032,-0.057,2.0,13.66,8.55,60.2,Normal
2026-07-03 06:01:04.007,Košice,Подгорица,None,0,84.2,90,1167.4,12,0.0,0.0,0.0,0.066,-0.061,-0.049,2.0,13.66,8.55,60.2,Normal
2026-07-03 06:01:04.987,Košice,Подгорица,None,0,84.3,90,1169.3,12,0.0,0.0,1.0,-0.008,-0.013,-0.035,2.0,13.66,8.55,60.2,Normal
2026-07-03 06:01:05.999,Košice,Подгорица,None,0,84.4,90,1170.2,12,0.0,0.0,0.0,0.063,0.003,-0.013,2.0,13.66,8.55,60.2,Normal
2026-07-03 06:01:07.013,Košice,Подгорица,None,0,84.4,90,1170.6,12,0.0,0.0,0.0,0.033,0.044,-0.006,2.0,13.66,8.55,60.2,Normal
2026-07-03 06:01:07.988,Košice,Подгорица,None,0,84.4,90,1169.9,12,0.0,0.0,1.0,-0.027,-0.005,0.015,2.0,13.67,8.55,60.2,Normal
2026-07-03 06:01:09.001,Košice,Подгорица,None,0,84.4,90,1173.3,12,0.55,0.0,1.0,-0.026,-0.088,-0.056,2.0,13.67,8.55,60.2,Normal
2026-07-03 06:01:10.007,Košice,Подгорица,None,0,84.9,90,1181.1,12,0.46,0.0,0.0,0.029,0.015,-0.163,2.0,13.67,8.55,60.2,Normal
2026-07-03 06:01:11.004,Košice,Подгорица,None,0,85.5,90,1188.3,12,0.46,0.0,-1.0,0.035,0.049,-0.135,2.0,13.67,8.55,60.2,Normal
2026-07-03 06:01:11.989,Košice,Подгорица,None,0,85.9,90,1193.3,12,0.37,0.0,0.0,0.014,0.044,-0.085,2.0,13.67,8.55,60.2,Normal
2026-07-03 06:01:12.990,Košice,Подгорица,None,0,86.3,90,1199.5,12,0.44,0.0,1.0,-0.125,0.106,-0.095,2.0,13.68,8.55,60.2,Normal
2026-07-03 06:01:14.005,Košice,Подгорица,None,0,86.5,90,1203.2,12,0.49,0.0,1.0,-0.003,0.092,-0.085,2.0,13.68,8.55,60.1,Normal
2026-07-03 06:01:14.991,Košice,Подгорица,None,0,87.0,90,1210.5,12,0.54,0.0,0.0,0.054,0.009,-0.178,2.0,13.68,8.55,60.1,Normal
2026-07-03 06:01:16.013,Košice,Подгорица,None,0,87.7,90,1219.6,12,0.54,0.0,1.0,0.024,0.001,-0.176,2.0,13.68,8.55,60.1,Normal
2026-07-03 06:01:16.992,Košice,Подгорица,None,0,88.3,90,1227.2,12,0.39,0.0,1.0,-0.007,0.024,-0.167,2.0,13.68,8.55,60.1,Normal
2026-07-03 06:01:17.992,Košice,Подгорица,None,0,88.6,90,1231.9,12,0.67,0.0,1.0,-0.034,-0.02,-0.127,2.0,13.68,8.55,60.1,Normal
2026-07-03 06:01:18.992,Košice,Подгорица,None,0,89.3,90,1241.6,12,0.41,0.0,0.0,0.035,-0.093,-0.164,2.0,13.69,8.55,60.1,Normal
2026-07-03 06:01:19.992,Košice,Подгорица,None,0,89.4,90,1240.1,12,0.14,0.0,0.0,0.022,-0.121,0.084,2.0,13.69,8.55,60.1,Normal
2026-07-03 06:01:20.992,Košice,Подгорица,None,0,89.1,90,1236.0,12,0.13,0.0,0.0,0.006,0.008,0.117,2.0,13.69,8.55,60.1,Normal
2026-07-03 06:01:22.011,Košice,Подгорица,None,0,88.9,90,1235.3,12,0.36,0.0,1.0,-0.065,-0.01,0.001,2.0,13.69,8.55,60.0,Normal
2026-07-03 06:01:23.006,Košice,Подгорица,None,0,89.0,90,1237.2,12,0.42,0.0,1.0,-0.013,-0.052,-0.043,2.0,13.69,8.55,60.0,Normal
2026-07-03 06:01:24.016,Košice,Подгорица,None,0,89.4,90,1242.9,12,0.5,0.0,1.0,0.018,-0.094,-0.13,2.0,13.69,8.55,60.0,Normal
2026-07-03 06:01:25.006,Košice,Подгорица,None,0,89.8,90,1248.9,12,0.47,0.0,1.0,-0.028,0.044,-0.13,2.0,13.7,8.55,60.0,Normal
2026-07-03 06:01:26.015,Košice,Подгорица,None,0,90.0,90,1253.6,12,0.0,0.0,1.0,0.012,-0.114,-0.162,2.0,13.7,8.55,60.0,Normal
2026-07-03 06:01:27.006,Košice,Подгорица,None,0,90.6,90,1258.6,12,0.0,0.0,0.0,0.059,0.048,-0.135,2.0,13.7,8.55,60.0,Normal
2026-07-03 06:01:28.016,Košice,Подгорица,None,0,90.5,90,1254.3,12,0.0,0.0,1.0,-0.048,0.002,0.104,2.0,13.7,8.55,60.0,Normal
2026-07-03 06:01:29.006,Košice,Подгорица,None,0,90.0,90,1248.4,12,0.0,0.0,1.0,0.006,-0.043,0.145,2.0,13.7,8.55,60.0,Normal
2026-07-03 06:01:29.994,Košice,Подгорица,None,0,89.5,90,1241.7,12,0.0,0.0,0.0,0.052,0.005,0.135,2.0,13.71,8.55,60.0,Normal
2026-07-03 06:01:30.994,Košice,Подгорица,None,0,89.1,90,1235.0,12,0.0,0.0,0.0,0.035,0.021,0.139,2.0,13.71,8.55,60.0,Normal
2026-07-03 06:01:32.017,Košice,Подгорица,None,0,88.6,90,1228.5,12,0.0,0.0,0.0,0.026,-0.057,0.139,2.0,13.71,8.55,60.0,Normal
2026-07-03 06:01:33.013,Košice,Подгорица,None,0,88.3,90,1224.6,12,0.0,0.0,1.0,-0.091,-0.024,0.065,2.0,13.71,8.55,60.0,Normal
2026-07-03 06:01:33.995,Košice,Подгорица,None,0,88.0,90,1220.0,12,0.0,0.0,1.0,0.059,-0.002,0.123,2.0,13.71,8.55,60.0,Normal
2026-07-03 06:01:34.995,Košice,Подгорица,None,0,87.6,90,1214.2,12,0.0,0.0,1.0,0.003,0.053,0.125,2.0,13.71,8.55,60.0,Normal
2026-07-03 06:01:35.996,Košice,Подгорица,None,0,86.9,90,1203.7,12,0.0,0.0,1.0,-0.055,0.006,0.268,2.0,13.72,8.55,60.0,Normal
2026-07-03 06:01:37.020,Košice,Подгорица,None,0,85.8,90,1188.4,12,0.0,0.0,1.0,-0.01,0.041,0.321,2.0,13.72,8.55,60.0,Normal
2026-07-03 06:01:37.997,Košice,Подгорица,None,0,84.5,90,1170.9,12,0.0,0.0,-1.0,0.087,0.109,0.355,2.0,13.72,8.55,60.0,Normal
2026-07-03 06:01:38.997,Košice,Подгорица,None,0,83.1,90,1152.0,12,0.0,0.0,0.0,0.001,0.098,0.357,2.0,13.72,8.55,60.0,Normal
2026-07-03 06:01:40.010,Košice,Подгорица,None,0,81.8,90,1133.6,12,0.0,0.0,0.0,-0.017,0.06,0.335,2.0,13.72,8.55,60.0,Normal
2026-07-03 06:01:40.998,Košice,Подгорица,None,0,80.9,90,1121.9,12,0.0,0.0,0.0,-0.008,0.012,0.191,2.0,13.72,8.55,60.0,Normal
2026-07-03 06:01:41.997,Košice,Подгорица,None,0,80.0,90,1108.6,12,0.0,0.0,1.0,-0.013,-0.008,0.272,2.0,13.72,8.55,60.0,Normal
2026-07-03 06:01:42.999,Košice,Подгорица,None,0,78.7,90,1091.3,12,0.0,0.0,1.0,0.064,-0.083,0.392,2.01,13.73,8.55,60.0,Normal
2026-07-03 06:01:44.018,Košice,Подгорица,None,0,77.2,90,1069.8,12,0.0,0.0,0.0,0.076,0.0,0.436,2.01,13.73,8.55,60.0,Normal
2026-07-03 06:01:45.011,Košice,Подгорица,None,0,75.5,90,1046.4,12,0.0,0.0,0.0,0.003,-0.019,0.487,2.01,13.73,8.55,60.0,Normal
2026-07-03 06:01:46.009,Košice,Подгорица,None,0,73.6,90,1020.0,12,0.0,0.0,1.0,-0.182,-0.025,0.535,2.01,13.73,8.55,60.0,Normal
2026-07-03 06:01:47.000,Košice,Подгорица,None,0,71.7,90,992.8,12,0.0,0.0,0.0,0.104,0.016,0.565,2.01,13.73,8.55,60.0,Normal
2026-07-03 06:01:48.000,Košice,Подгорица,None,0,69.6,80,1250.1,11,0.0,0.0,1.0,-0.038,0.014,0.551,2.01,13.74,8.55,60.0,Normal
2026-07-03 06:01:49.025,Košice,Подгорица,None,0,67.3,80,1201.9,11,0.0,0.1,1.0,-0.08,0.039,0.842,2.01,13.74,8.55,60.0,Normal
2026-07-03 06:01:50.018,Košice,Подгорица,None,0,63.6,80,1135.3,11,0.0,0.1,1.0,0.029,-0.002,1.076,2.01,13.74,8.55,60.0,Normal
2026-07-03 06:01:51.000,Košice,Подгорица,None,0,59.7,80,1066.1,11,0.0,0.05,1.0,-0.043,-0.004,1.07,2.01,13.74,8.55,60.0,Normal
2026-07-03 06:01:52.002,Košice,Подгорица,None,0,56.8,60,1013.9,11,0.0,0.0,1.0,0.015,-0.114,0.722,2.01,13.74,8.55,60.0,Normal
2026-07-03 06:01:53.002,Košice,Подгорица,None,0,54.2,60,968.0,11,0.0,0.0,-1.0,0.084,-0.023,0.691,2.01,13.74,8.55,60.0,Normal
2026-07-03 06:01:54.001,Košice,Подгорица,None,0,50.8,60,1123.4,10,0.0,0.1,-1.0,0.079,-0.056,1.151,2.01,13.74,8.55,60.0,Normal
2026-07-03 06:01:55.002,Košice,Подгорица,None,0,46.8,60,1033.7,10,0.0,0.0,-1.0,0.08,0.039,0.983,2.01,13.74,8.55,60.0,Normal
2026-07-03 06:01:56.003,Košice,Подгорица,None,0,44.0,40,973.8,10,0.0,0.0,-1.0,0.029,-0.003,0.696,2.01,13.74,8.55,60.0,Normal
2026-07-03 06:01:57.004,Košice,Подгорица,None,0,41.6,40,1057.8,10,0.0,0.0,1.0,-0.146,-0.006,0.648,2.01,13.74,8.55,60.0,Normal
2026-07-03 06:01:58.020,Košice,Подгорица,None,0,39.5,40,1128.8,9,0.0,0.0,1.0,-0.188,0.005,0.551,2.01,13.75,8.55,59.9,Normal
2026-07-03 06:01:59.016,Košice,Подгорица,None,0,37.5,40,1069.8,9,0.0,0.0,1.0,-0.035,0.019,0.587,2.01,13.75,8.55,59.9,Normal
2026-07-03 06:02:00.004,Košice,Подгорица,None,0,35.5,40,1013.3,9,0.0,0.0,1.0,-0.046,0.006,0.55,2.01,13.75,8.55,59.9,Normal
2026-07-03 06:02:01.005,Košice,Подгорица,None,0,33.5,40,959.0,9,0.55,0.0,1.0,0.068,0.003,0.528,2.01,13.75,8.55,59.9,Normal
2026-07-03 06:02:02.005,Košice,Подгорица,None,0,32.7,40,939.8,9,0.34,0.0,1.0,0.032,-0.004,0.12,2.01,13.75,8.55,59.9,Normal
2026-07-03 06:02:03.005,Košice,Подгорица,None,0,32.3,40,927.1,9,0.43,0.0,-1.0,0.251,-0.012,0.105,2.01,13.75,8.55,59.9,Normal
2026-07-03 06:02:04.005,Košice,Подгорица,None,0,32.0,40,922.3,9,0.66,0.0,-1.0,0.287,-0.04,0.017,2.01,13.75,8.55,59.9,Normal
2026-07-03 06:02:05.024,Košice,Подгорица,None,0,31.0,40,1467.3,7,1.0,0.0,-1.0,-0.006,-0.024,0.392,2.01,13.75,8.55,59.9,Normal
2026-07-03 06:02:06.018,Košice,Подгорица,None,0,31.3,90,1495.2,7,1.0,0.0,-1.0,-0.031,-0.064,-0.482,2.01,13.75,8.55,59.9,Normal
2026-07-03 06:02:07.006,Košice,Подгорица,None,0,30.8,90,1129.8,8,1.0,0.0,0.0,-0.085,0.027,0.377,2.01,13.75,8.55,59.9,Normal
2026-07-03 06:02:08.007,Košice,Подгорица,None,0,31.0,90,1148.0,8,1.0,0.0,1.0,-0.074,-0.072,-0.418,2.01,13.75,8.55,59.9,Normal
2026-07-03 06:02:09.007,Košice,Подгорица,None,0,32.9,90,1217.1,8,1.0,0.0,-1.0,-0.001,0.043,-0.559,2.01,13.75,8.55,59.8,Normal
2026-07-03 06:02:10.030,Košice,Подгорица,None,0,35.0,90,1295.5,8,1.0,0.0,0.0,-0.025,-0.001,-0.607,2.01,13.75,8.55,59.8,Normal
2026-07-03 06:02:11.007,Košice,Подгорица,None,0,37.1,90,1371.1,8,0.92,0.0,-1.0,0.02,0.027,-0.581,2.01,13.75,8.55,59.8,Normal
2026-07-03 06:02:12.008,Košice,Подгорица,None,0,39.3,90,1453.5,8,0.94,0.0,-1.0,0.019,-0.003,-0.618,2.01,13.75,8.55,59.7,Normal
2026-07-03 06:02:13.008,Košice,Подгорица,None,0,40.6,90,1248.7,8,0.9,0.0,-1.0,0.042,0.115,0.017,2.01,13.75,8.55,59.7,Normal
2026-07-03 06:02:14.022,Košice,Подгорица,None,0,40.6,90,1169.6,9,0.93,0.0,-1.0,-0.009,-0.049,-0.289,2.01,13.75,8.55,59.7,Normal
2026-07-03 06:02:15.010,Košice,Подгорица,None,0,42.3,90,1219.3,9,0.92,0.0,-1.0,-0.026,-0.005,-0.549,2.01,13.76,8.55,59.7,Normal
2026-07-03 06:02:16.021,Košice,Подгорица,None,0,44.3,90,1277.7,9,1.0,0.0,-1.0,0.001,0.033,-0.551,2.01,13.76,8.55,59.6,Normal
2026-07-03 06:02:17.010,Košice,Подгорица,None,0,46.4,90,1337.9,9,1.0,0.0,-1.0,0.012,-0.029,-0.561,2.01,13.76,8.55,59.6,Normal
2026-07-03 06:02:18.024,Košice,Подгорица,None,0,48.6,90,1399.5,9,0.9,0.0,-1.0,-0.002,0.01,-0.587,2.01,13.76,8.55,59.6,Normal
2026-07-03 06:02:19.031,Košice,Подгорица,None,0,50.7,90,1458.5,9,1.0,0.0,-1.0,-0.001,-0.0,-0.546,2.01,13.76,8.55,59.6,Normal
2026-07-03 06:02:20.026,Košice,Подгорица,None,0,51.7,90,1189.7,10,1.0,0.0,-1.0,0.042,0.077,-0.012,2.01,13.76,8.55,59.5,Normal
2026-07-03 06:02:21.012,Košice,Подгорица,None,0,51.9,90,1158.5,10,1.0,0.0,-1.0,0.051,-0.096,-0.298,2.01,13.76,8.55,59.5,Normal
2026-07-03 06:02:22.013,Košice,Подгорица,None,0,53.5,90,1193.8,10,1.0,0.0,1.0,-0.264,0.012,-0.472,2.01,13.76,8.55,59.5,Normal
2026-07-03 06:02:23.030,Košice,Подгорица,None,0,55.2,90,1231.9,10,1.0,0.0,1.0,0.005,0.027,-0.477,2.01,13.77,8.55,59.5,Normal
2026-07-03 06:02:24.014,Košice,Подгорица,None,0,56.9,90,1265.3,10,0.0,0.0,0.0,0.02,0.059,-0.451,2.01,13.77,8.55,59.4,Normal
2026-07-03 06:02:25.015,Košice,Подгорица,None,0,57.1,90,1264.8,10,0.0,0.0,-1.0,0.156,0.117,0.115,2.01,13.77,8.55,59.4,Normal
2026-07-03 06:02:26.033,Košice,Подгорица,None,0,56.5,90,1251.5,10,0.0,0.0,-1.0,0.039,-0.02,0.221,2.01,13.77,8.55,59.4,Normal
2026-07-03 06:02:27.015,Košice,Подгорица,None,0,55.4,90,1227.0,10,0.0,0.0,-1.0,-0.036,0.026,0.318,2.01,13.77,8.55,59.4,Normal
2026-07-03 06:02:28.038,Košice,Подгорица,None,0,54.3,90,1201.6,10,0.0,0.0,-1.0,-0.015,-0.04,0.324,2.01,13.77,8.55,59.4,Normal
2026-07-03 06:02:29.032,Košice,Подгорица,None,0,53.1,90,1176.0,10,0.0,0.0,-1.0,0.028,-0.032,0.325,2.01,13.77,8.55,59.4,Normal
2026-07-03 06:02:30.016,Košice,Подгорица,None,0,52.0,90,1152.5,10,0.0,0.0,-1.0,0.009,0.01,0.303,2.01,13.77,8.55,59.4,Normal
2026-07-03 06:02:31.036,Košice,Подгорица,None,0,50.9,90,1126.8,10,0.0,0.0,-1.0,0.03,0.068,0.294,2.01,13.77,8.55,59.4,Normal
2026-07-03 06:02:32.029,Košice,Подгорица,None,0,49.8,90,1102.9,10,0.0,0.0,-1.0,-0.054,-0.019,0.316,2.01,13.77,8.55,59.4,Normal
2026-07-03 06:02:33.040,Košice,Подгорица,None,0,48.3,90,1069.3,10,0.0,0.0,-1.0,-0.034,-0.04,0.406,2.01,13.78,8.55,59.4,Normal
2026-07-03 06:02:34.016,Košice,Подгорица,None,0,47.0,90,1040.2,10,0.0,0.01,-1.0,0.031,0.013,0.406,2.01,13.78,8.55,59.4,Normal
2026-07-03 06:02:35.017,Košice,Подгорица,None,0,45.9,90,1015.7,10,0.0,0.0,-1.0,0.014,0.008,0.263,2.01,13.78,8.55,59.4,Normal
2026-07-03 06:02:36.028,Košice,Подгорица,None,0,45.0,90,995.4,10,0.0,0.0,-1.0,-0.052,-0.015,0.261,2.01,13.78,8.55,59.4,Normal
2026-07-03 06:02:37.038,Košice,Подгорица,None,0,43.2,90,953.7,10,0.0,0.2,-1.0,0.017,0.01,0.916,2.01,13.78,8.55,59.4,Normal
2026-07-03 06:02:38.018,Košice,Подгорица,None,0,39.6,0,1128.9,9,0.0,0.25,-1.0,0.044,-0.054,0.901,2.01,13.78,8.55,59.4,Normal
2026-07-03 06:02:39.044,Košice,Подгорица,None,0,33.5,0,951.5,9,0.0,0.0,-1.0,0.055,0.049,1.961,2.01,13.78,8.55,59.4,Normal
2026-07-03 06:02:40.020,Košice,Подгорица,None,0,31.2,0,1103.0,9,0.0,0.0,-1.0,0.113,-0.003,0.272,2.01,13.78,8.55,59.4,Normal
2026-07-03 06:02:41.020,Košice,Подгорица,None,0,30.5,0,1114.6,8,0.0,0.0,-1.0,-0.067,0.005,0.227,2.01,13.78,8.55,59.4,Normal
2026-07-03 06:02:42.020,Košice,Подгорица,None,0,29.5,0,1080.0,8,0.0,0.0,-1.0,-0.057,-0.073,0.266,2.01,13.78,8.55,59.4,Normal
2026-07-03 06:02:43.020,Košice,Подгорица,None,0,28.5,0,1045.4,8,0.0,0.0,1.0,-0.351,-0.044,0.27,2.01,13.78,8.55,59.4,Normal
2026-07-03 06:02:44.020,Košice,Подгорица,None,0,28.4,0,1047.0,8,0.49,0.0,1.0,-0.201,-0.072,-0.242,2.01,13.78,8.55,59.4,Normal
2026-07-03 06:02:45.021,Košice,Подгорица,None,0,29.6,0,1090.0,8,0.41,0.0,1.0,0.077,-0.01,-0.315,2.01,13.78,8.55,59.4,Normal
2026-07-03 06:02:46.042,Košice,Подгорица,None,0,30.9,0,1140.6,8,0.45,0.0,-1.0,0.121,-0.047,-0.411,2.01,13.78,8.55,59.4,Normal
2026-07-03 06:02:47.035,Košice,Подгорица,None,0,32.2,0,1185.8,8,0.2,0.0,0.0,0.023,-0.013,-0.305,2.01,13.78,8.55,59.4,Normal
2026-07-03 06:02:48.052,Košice,Подгорица,None,0,32.0,0,1172.1,8,0.0,0.0,1.0,0.011,0.029,0.198,2.01,13.78,8.55,59.4,Normal
2026-07-03 06:02:49.023,Košice,Подгорица,None,0,31.2,0,1141.6,8,0.0,0.0,1.0,-0.208,0.007,0.232,2.01,13.78,8.55,59.4,Normal
2026-07-03 06:02:50.024,Košice,Подгорица,None,0,30.7,0,1128.8,8,0.04,0.0,1.0,-0.055,-0.032,-0.067,2.01,13.79,8.55,59.4,Normal
2026-07-03 06:02:51.024,Košice,Подгорица,None,0,31.2,0,1149.6,8,0.48,0.0,1.0,-0.036,-0.011,-0.273,2.01,13.79,8.55,59.4,Normal
2026-07-03 06:02:52.024,Košice,Подгорица,None,0,31.4,0,1151.1,8,0.0,0.0,1.0,-0.008,0.054,0.174,2.01,13.79,8.55,59.4,Normal
2026-07-03 06:02:53.025,Košice,Подгорица,None,0,30.6,0,1119.4,8,0.0,0.0,1.0,-0.036,-0.004,0.252,2.01,13.79,8.55,59.4,Normal
2026-07-03 06:02:54.027,Košice,Подгорица,None,0,29.7,0,1086.3,8,0.0,0.0,0.0,0.117,-0.003,0.253,2.01,13.79,8.55,59.4,Normal
2026-07-03 06:02:55.025,Košice,Подгорица,None,0,28.8,0,1053.3,8,0.0,0.0,-1.0,0.112,0.01,0.254,2.01,13.79,8.55,59.4,Normal
2026-07-03 06:02:56.040,Košice,Подгорица,None,0,27.7,0,1011.5,8,0.0,0.11,1.0,-0.085,-0.008,0.508,2.01,13.79,8.55,59.4,Normal
2026-07-03 06:02:57.027,Košice,Подгорица,None,0,24.9,0,906.0,8,0.0,0.12,1.0,-0.327,0.005,0.874,2.01,13.79,8.55,59.4,Normal
2026-07-03 06:02:58.027,Košice,Подгорица,None,0,23.0,0,1402.9,6,0.0,0.0,1.0,-0.097,-0.013,0.207,2.01,13.79,8.55,59.4,Normal
2026-07-03 06:02:59.027,Košice,Подгорица,None,0,22.2,0,1348.8,6,0.0,0.0,1.0,0.003,0.01,0.284,2.01,13.79,8.55,59.4,Normal
2026-07-03 06:03:00.027,Košice,Подгорица,None,0,21.1,0,1283.3,6,0.0,0.0,-1.0,0.185,-0.003,0.326,2.01,13.79,8.55,59.4,Normal
2026-07-03 06:03:01.029,Košice,Подгорица,None,0,19.9,0,1213.7,6,0.0,0.0,-1.0,0.419,0.004,0.331,2.01,13.79,8.55,59.4,Normal
2026-07-03 06:03:02.029,Košice,Подгорица,None,0,18.9,0,1147.4,6,0.0,0.0,1.0,-0.057,-0.005,0.274,2.01,13.79,8.55,59.4,Normal
2026-07-03 06:03:03.029,Košice,Подгорица,None,0,17.9,0,1091.6,6,0.0,0.0,0.0,-0.019,-0.001,0.248,2.01,13.79,8.55,59.4,Normal
2026-07-03 06:03:04.041,Košice,Подгорица,None,0,17.1,0,1038.0,6,0.0,0.0,1.0,-0.042,-0.002,0.24,2.01,13.79,8.55,59.4,Normal
2026-07-03 06:03:05.049,Košice,Подгорица,None,0,16.2,0,986.3,6,0.0,0.0,-1.0,0.066,-0.009,0.233,2.01,13.8,8.55,59.4,Normal
2026-07-03 06:03:06.031,Košice,Подгорица,None,0,15.4,0,935.7,6,0.0,0.0,0.0,-0.002,-0.03,0.229,2.01,13.8,8.55,59.4,Normal
2026-07-03 06:03:07.031,Košice,Подгорица,None,0,12.0,0,801.8,6,0.0,0.37,0.0,-0.01,0.047,1.894,2.01,13.8,8.55,59.4,Normal
2026-07-03 06:03:08.051,Košice,Подгорица,None,0,7.0,0,681.8,4,0.0,0.05,0.0,-0.06,-0.053,0.656,2.01,13.8,8.55,59.4,Normal
2026-07-03 06:03:09.048,Košice,Подгорица,None,0,5.9,0,1215.1,1,0.0,0.0,0.0,-0.007,-0.042,0.129,2.01,13.8,8.55,59.4,Normal
2026-07-03 06:03:10.034,Košice,Подгорица,None,0,4.9,0,997.7,1,0.0,0.0,0.0,-0.033,-0.001,0.315,2.01,13.8,8.55,59.4,Normal
2026-07-03 06:03:11.032,Košice,Подгорица,None,0,3.7,0,768.5,1,0.0,0.0,0.0,-0.009,-0.004,0.303,2.01,13.8,8.55,59.4,Normal
2026-07-03 06:03:12.049,Košice,Подгорица,None,0,2.7,0,549.2,1,0.0,0.04,0.0,0.002,-0.006,0.307,2.01,13.8,8.55,59.4,Normal
2026-07-03 06:03:13.032,Košice,Подгорица,None,0,2.3,0,520.1,1,0.0,0.36,0.0,-0.006,-0.023,0.079,2.01,13.8,8.55,59.4,Normal
2026-07-03 06:03:14.057,Košice,Подгорица,None,0,-0.0,0,550.0,1,0.0,0.0,0.0,0.004,-0.059,0.005,2.01,13.8,8.55,59.4,Normal
2026-07-03 06:03:15.033,Košice,Подгорица,None,0,0.0,0,550.0,0,0.0,0.0,0.0,-0.0,-0.0,0.0,2.01,13.8,8.55,59.4,Normal
2026-07-03 06:03:16.033,Košice,Подгорица,None,0,0.0,0,550.0,0,0.0,0.0,0.0,0.001,0.0,0.0,2.01,13.8,8.55,59.4,Normal
2026-07-03 06:03:17.034,Košice,Подгорица,None,0,-0.0,0,550.0,0,0.0,0.0,0.0,0.0,0.001,-0.001,2.01,13.8,8.55,59.4,Normal
2026-07-03 06:03:18.053,Košice,Подгорица,None,0,-0.0,0,0.0,0,0.0,0.0,0.0,-0.0,-0.0,-0.0,2.01,13.8,8.55,59.4,Normal
2026-07-03 06:03:19.035,Košice,Подгорица,None,0,-0.0,0,0.0,0,0.0,0.0,0.0,0.001,0.003,0.0,2.01,13.8,8.55,59.4,Normal
2026-07-03 06:03:20.035,Košice,Подгорица,None,0,-0.0,0,0.0,0,0.0,0.0,0.0,-0.001,0.001,0.0,2.01,13.8,8.55,59.4,Normal
2026-07-03 06:03:25.036,Košice,Подгорица,None,0,-0.0,0,0.0,0,0.0,0.0,0.0,0.001,-0.0,-0.0,2.01,13.8,8.55,59.4,Normal
2026-07-03 06:03:26.061,Košice,Подгорица,None,0,-0.0,0,0.0,0,0.0,0.0,0.0,-0.001,-0.001,0.0,2.01,13.8,8.55,59.4,Normal
2026-07-03 06:03:27.036,Košice,Подгорица,None,0,-0.0,0,0.0,0,0.0,0.0,0.0,0.0,-0.0,0.0,2.01,13.8,8.55,59.4,Normal
2026-07-03 06:03:38.064,Košice,Подгорица,None,0,0.0,0,0.0,0,0.0,0.0,0.0,-0.0,0.003,-0.001,2.01,13.8,8.55,59.4,Normal
2026-07-03 06:03:39.041,Košice,Подгорица,None,0,-0.0,0,0.0,0,0.0,0.0,0.0,-0.0,-0.001,0.001,2.01,13.8,8.55,59.4,Normal
2026-07-03 06:03:40.059,Košice,Подгорица,None,0,0.0,0,0.0,0,0.0,0.0,0.0,0.0,-0.003,0.0,2.01,13.8,8.55,59.4,Normal
2026-07-03 06:03:41.042,Košice,Подгорица,None,0,0.0,0,550.0,0,0.0,0.0,0.0,0.0,-0.0,-0.0,2.01,13.8,8.55,59.4,Normal
2026-07-03 06:03:42.043,Košice,Подгорица,None,0,0.0,0,550.0,0,0.0,0.0,0.0,0.0,0.002,-0.0,2.01,13.8,8.55,59.4,Normal
2026-07-03 06:03:43.044,Košice,Подгорица,None,0,0.0,0,550.0,0,0.0,0.0,0.0,0.0,-0.0,-0.0,2.01,13.8,8.55,59.4,Normal
2026-07-03 06:03:44.066,Košice,Подгорица,None,0,-0.0,0,550.0,0,0.0,0.0,0.0,-0.0,-0.001,0.0,2.01,13.8,8.55,59.4,Normal
2026-07-03 06:03:48.066,Košice,Подгорица,None,0,-0.0,0,550.0,0,0.0,0.0,0.0,0.0,0.0,0.0,2.01,13.8,8.55,59.4,Normal
2026-07-03 06:03:49.046,Košice,Подгорица,None,0,-0.0,0,550.0,0,0.0,0.0,0.0,0.0,0.0,0.0,2.01,13.8,8.55,59.4,Normal
2026-07-03 06:03:50.045,Košice,Подгорица,None,0,0.0,0,550.0,0,0.0,0.0,0.0,0.001,-0.001,-0.0,2.01,13.8,8.55,59.4,Normal
2026-07-03 06:03:51.045,Košice,Подгорица,None,0,-0.0,0,550.0,0,0.0,0.0,0.0,0.0,-0.0,0.0,2.01,13.8,8.55,59.4,Normal
2026-07-03 06:03:52.046,Košice,Подгорица,None,0,0.0,0,550.0,1,0.0,0.0,0.0,-0.0,-0.0,-0.0,2.01,13.8,8.55,59.4,Normal
2026-07-03 06:03:53.056,Košice,Подгорица,None,0,0.0,0,550.0,1,0.0,0.0,0.0,-0.0,0.0,-0.0,2.01,13.8,8.55,59.4,Normal
2026-07-03 06:03:54.047,Košice,Подгорица,None,0,-0.0,0,550.0,1,0.0,0.0,0.0,-0.0,0.0,0.0,2.01,13.8,8.55,59.4,Normal
2026-07-03 06:03:55.047,Košice,Подгорица,None,0,0.0,0,550.0,1,0.0,0.0,0.0,0.0,0.002,-0.0,2.01,13.8,8.55,59.4,Normal
2026-07-03 06:03:56.047,Košice,Подгорица,None,0,-0.0,0,550.0,1,0.0,0.0,0.0,-0.0,-0.001,0.0,2.01,13.8,8.55,59.4,Normal
2026-07-03 06:03:57.048,Košice,Подгорица,None,0,0.5,0,656.8,1,0.08,0.0,0.0,0.002,-0.012,-0.284,2.01,13.8,8.55,59.4,Normal
2026-07-03 06:03:58.049,Košice,Подгорица,None,0,1.6,0,700.6,1,0.12,0.0,0.0,0.01,-0.014,-0.346,2.01,13.8,8.55,59.4,Normal
2026-07-03 06:03:59.049,Košice,Подгорица,None,0,3.2,0,719.1,1,0.1,0.0,0.0,0.003,0.006,-0.525,2.01,13.8,8.55,59.4,Normal
2026-07-03 06:04:00.050,Košice,Подгорица,None,0,4.4,0,937.7,1,0.22,0.0,0.0,0.005,0.035,-0.305,2.01,13.8,8.55,59.4,Normal
2026-07-03 06:04:01.050,Košice,Подгорица,None,0,7.1,0,1534.7,1,0.49,0.0,0.0,-0.004,-0.051,-1.152,2.01,13.8,8.55,59.4,Normal
2026-07-03 06:04:02.050,Košice,Подгорица,None,0,7.8,0,984.7,3,0.44,0.0,-1.0,-0.003,0.022,0.057,2.01,13.8,8.55,59.4,Normal
2026-07-03 06:04:03.051,Košice,Подгорица,None,0,9.6,0,1217.9,3,0.0,0.0,-1.0,0.096,-0.093,-0.669,2.01,13.8,8.55,59.4,Normal
2026-07-03 06:04:04.051,Košice,Подгорица,None,0,9.2,0,1142.9,3,0.0,0.0,-1.0,0.179,0.005,0.28,2.01,13.8,8.55,59.4,Normal
2026-07-03 06:04:05.070,Košice,Подгорица,None,0,8.0,0,998.1,3,0.0,0.0,-1.0,0.117,-0.001,0.32,2.01,13.8,8.55,59.4,Normal
2026-07-03 06:04:06.063,Košice,Подгорица,None,0,6.9,0,857.8,3,0.0,0.0,0.0,-0.138,-0.001,0.315,2.01,13.8,8.55,59.4,Normal
2026-07-03 06:04:07.067,Košice,Подгорица,None,0,8.2,0,1098.2,3,0.86,0.0,0.0,0.169,-0.038,-1.21,2.01,13.8,8.55,59.4,Normal
2026-07-03 06:04:08.076,Košice,Подгорица,None,0,13.3,0,1520.1,3,0.7,0.0,1.0,-0.155,0.137,-0.516,2.01,13.8,8.55,59.3,Normal
2026-07-03 06:04:09.052,Košice,Подгорица,None,0,13.6,0,1091.1,5,0.59,0.0,1.0,-0.31,0.049,-0.282,2.01,13.8,8.55,59.3,Normal
2026-07-03 06:04:10.064,Košice,Подгорица,None,0,17.0,0,1367.7,5,0.63,0.0,1.0,-0.274,-0.005,-1.096,2.01,13.8,8.55,59.3,Normal
2026-07-03 06:04:11.071,Košice,Подгорица,None,0,19.0,0,1138.7,7,0.65,0.0,1.0,-0.073,0.041,-0.033,2.01,13.8,8.55,59.3,Normal
2026-07-03 06:04:12.066,Košice,Подгорица,None,0,19.5,0,936.7,7,0.66,0.0,1.0,-0.012,-0.054,-0.501,2.01,13.8,8.55,59.3,Normal
2026-07-03 06:04:13.072,Košice,Подгорица,None,0,22.1,0,1059.9,7,0.65,0.0,1.0,0.043,0.0,-0.709,2.01,13.8,8.55,59.3,Normal
2026-07-03 06:04:14.076,Košice,Подгорица,None,0,23.4,0,1107.6,7,0.0,0.0,1.0,-0.0,0.053,0.033,2.01,13.8,8.55,59.3,Normal
2026-07-03 06:04:15.054,Košice,Подгорица,None,0,22.9,0,1080.2,7,0.0,0.0,1.0,0.001,0.003,0.186,2.01,13.8,8.55,59.3,Normal
2026-07-03 06:04:16.054,Košice,Подгорица,None,0,22.2,0,1048.3,7,0.0,0.0,-1.0,0.366,-0.004,0.203,2.01,13.8,8.55,59.3,Normal
2026-07-03 06:04:17.067,Košice,Подгорица,None,0,22.6,0,1076.5,7,0.53,0.0,-1.0,0.274,-0.031,-0.378,2.01,13.8,8.55,59.3,Normal
2026-07-03 06:04:18.055,Košice,Подгорица,None,0,24.1,0,1149.5,7,0.33,0.0,-1.0,0.183,0.014,-0.365,2.01,13.8,8.55,59.3,Normal
2026-07-03 06:04:19.055,Košice,Подгорица,None,0,25.3,0,1203.9,7,0.33,0.0,-1.0,0.096,0.002,-0.338,2.01,13.8,8.55,59.3,Normal
2026-07-03 06:04:20.056,Košice,Подгорица,None,0,26.4,0,1254.8,7,0.25,0.0,0.0,-0.163,0.012,-0.276,2.01,13.8,8.55,59.3,Normal
2026-07-03 06:04:21.056,Košice,Подгорица,None,0,27.2,0,1291.9,7,0.45,0.0,1.0,-0.152,-0.007,-0.226,2.01,13.8,8.55,59.3,Normal
2026-07-03 06:04:22.075,Košice,Подгорица,None,0,28.9,0,1381.5,7,0.66,0.0,1.0,-0.191,-0.022,-0.684,2.01,13.8,8.55,59.2,Normal
2026-07-03 06:04:23.057,Košice,Подгорица,None,0,30.6,0,1215.3,7,0.6,0.0,1.0,-0.125,0.064,-0.098,2.01,13.8,8.55,59.2,Normal
2026-07-03 06:04:24.057,Košice,Подгорица,None,0,30.9,0,1142.5,8,0.78,0.0,1.0,0.015,-0.045,-0.386,2.01,13.8,8.55,59.2,Normal
2026-07-03 06:04:25.058,Košice,Подгорица,None,0,33.1,0,1226.0,8,0.82,0.0,1.0,-0.027,-0.014,-0.688,2.01,13.8,8.55,59.2,Normal
2026-07-03 06:04:26.058,Košice,Подгорица,None,0,35.6,0,1315.4,8,0.71,0.0,1.0,0.022,0.024,-0.665,2.01,13.8,8.55,59.2,Normal
2026-07-03 06:04:27.058,Košice,Подгорица,None,0,37.9,0,1400.5,8,0.68,0.0,1.0,-0.001,-0.017,-0.641,2.01,13.8,8.55,59.1,Normal
2026-07-03 06:04:28.084,Košice,Подгорица,None,0,40.3,0,1484.8,8,0.93,0.0,0.0,0.052,-0.029,-0.669,2.01,13.8,8.55,59.1,Normal
2026-07-03 06:04:29.079,Košice,Подгорица,None,0,40.8,0,1167.3,9,0.74,0.0,-1.0,0.08,-0.004,0.039,2.01,13.8,8.55,59.1,Normal
2026-07-03 06:04:30.059,Košice,Подгорица,None,0,41.5,0,1192.6,9,0.6,0.0,0.0,-0.066,0.024,-0.362,2.01,13.81,8.55,59.1,Normal
2026-07-03 06:04:31.070,Košice,Подгорица,None,0,43.0,90,1235.2,9,0.6,0.0,0.0,-0.052,-0.013,-0.409,2.01,13.81,8.55,59.1,Normal
2026-07-03 06:04:32.059,Košice,Подгорица,None,0,44.4,90,1275.7,9,0.49,0.0,-1.0,0.282,0.001,-0.395,2.01,13.81,8.55,59.1,Normal
2026-07-03 06:04:33.060,Košice,Подгорица,None,0,45.8,90,1318.0,9,0.74,0.0,-1.0,0.008,-0.027,-0.443,2.01,13.81,8.55,59.0,Normal
2026-07-03 06:04:34.084,Košice,Подгорица,None,0,47.7,90,1372.0,9,0.81,0.0,-1.0,-0.024,-0.006,-0.524,2.01,13.81,8.55,59.0,Normal
2026-07-03 06:04:35.077,Košice,Подгорица,None,0,49.7,90,1430.2,9,0.93,0.0,-1.0,-0.073,-0.015,-0.598,2.01,13.81,8.55,59.0,Normal
2026-07-03 06:04:36.061,Košice,Подгорица,None,0,51.6,90,1399.3,9,0.85,0.0,-1.0,-0.039,0.091,-0.326,2.01,13.81,8.55,59.0,Normal
2026-07-03 06:04:37.062,Košice,Подгорица,None,0,52.0,90,1156.4,10,0.85,0.0,-1.0,0.015,0.021,-0.082,2.01,13.81,8.55,58.9,Normal
2026-07-03 06:04:38.085,Košice,Подгорица,None,0,53.4,90,1189.3,10,0.78,0.0,-1.0,-0.026,-0.047,-0.487,2.01,13.81,8.55,58.9,Normal
2026-07-03 06:04:39.062,Košice,Подгорица,None,0,55.0,90,1225.5,10,0.75,0.0,-1.0,-0.016,-0.066,-0.463,2.01,13.81,8.55,58.9,Normal
2026-07-03 06:04:40.063,Košice,Подгорица,None,0,56.6,90,1260.2,10,0.74,0.0,-1.0,-0.024,-0.037,-0.444,2.01,13.81,8.55,58.9,Normal
2026-07-03 06:04:41.064,Košice,Подгорица,None,0,58.1,90,1293.1,10,0.8,0.0,-1.0,0.025,0.054,-0.397,2.01,13.81,8.55,58.8,Normal
2026-07-03 06:04:42.078,Košice,Подгорица,None,0,59.4,90,1323.5,10,0.78,0.0,-1.0,0.052,-0.013,-0.346,2.02,13.82,8.55,58.8,Normal
2026-07-03 06:04:43.064,Košice,Подгорица,None,0,60.6,90,1349.0,10,0.85,0.0,0.0,-0.075,0.013,-0.308,2.02,13.82,8.55,58.8,Normal
2026-07-03 06:04:44.065,Košice,Подгорица,None,0,61.8,90,1377.6,10,0.97,0.0,1.0,-0.044,-0.018,-0.381,2.02,13.82,8.55,58.8,Normal
2026-07-03 06:04:45.065,Košice,Подгорица,None,0,63.2,90,1408.3,10,0.96,0.0,-1.0,0.001,0.02,-0.395,2.02,13.82,8.55,58.7,Normal
2026-07-03 06:04:46.065,Košice,Подгорица,None,0,64.6,90,1437.3,10,0.86,0.0,-1.0,0.057,-0.02,-0.348,2.02,13.82,8.55,58.7,Normal
2026-07-03 06:04:47.086,Košice,Подгорица,None,0,65.0,90,1163.9,11,0.76,0.0,-1.0,0.104,0.046,0.073,2.02,13.82,8.55,58.7,Normal
2026-07-03 06:04:48.066,Košice,Подгорица,None,0,65.0,90,1167.6,11,0.78,0.0,-1.0,-0.031,-0.062,-0.15,2.02,13.83,8.55,58.7,Normal
2026-07-03 06:04:49.067,Košice,Подгорица,None,0,65.8,90,1182.7,11,0.8,0.0,-1.0,0.032,0.013,-0.247,2.02,13.83,8.55,58.7,Normal
2026-07-03 06:04:50.066,Košice,Подгорица,None,0,66.7,90,1199.8,11,0.92,0.0,-1.0,-0.038,-0.006,-0.277,2.02,13.83,8.55,58.6,Normal
2026-07-03 06:04:51.067,Košice,Подгорица,None,0,67.8,90,1218.6,11,0.86,0.0,-1.0,0.006,0.014,-0.294,2.02,13.83,8.55,58.6,Normal
2026-07-03 06:04:52.078,Košice,Подгорица,None,0,68.8,90,1236.6,11,0.84,0.0,-1.0,0.003,0.009,-0.274,2.02,13.83,8.55,58.6,Normal
2026-07-03 06:04:53.067,Košice,Подгорица,None,0,69.8,90,1254.8,11,0.93,0.0,-1.0,-0.014,-0.03,-0.297,2.02,13.83,8.55,58.5,Normal
2026-07-03 06:04:54.068,Košice,Подгорица,None,0,70.9,90,1274.7,11,0.93,0.0,-1.0,0.007,-0.01,-0.314,2.02,13.83,8.56,58.5,Normal
2026-07-03 06:04:55.087,Košice,Подгорица,None,0,72.1,90,1295.4,11,0.93,0.0,-1.0,-0.047,0.018,-0.323,2.02,13.83,8.56,58.5,Normal
2026-07-03 06:04:56.069,Košice,Подгорица,None,0,73.2,90,1314.7,11,0.82,0.0,-1.0,0.052,-0.003,-0.294,2.02,13.84,8.56,58.5,Normal
2026-07-03 06:04:57.079,Košice,Подгорица,None,0,74.2,90,1332.5,11,0.75,0.0,-1.0,0.024,0.043,-0.265,2.02,13.84,8.56,58.4,Normal
2026-07-03 06:04:58.091,Košice,Подгорица,None,0,74.6,90,1335.7,11,0.0,0.0,-1.0,-0.014,0.051,0.034,2.02,13.84,8.56,58.4,Normal
2026-07-03 06:04:59.070,Košice,Подгорица,None,0,74.2,90,1327.9,11,0.0,0.0,0.0,-0.068,0.025,0.15,2.02,13.84,8.56,58.4,Normal
2026-07-03 06:05:00.091,Košice,Подгорица,None,0,73.7,90,1319.0,11,0.21,0.0,1.0,-0.101,0.007,0.143,2.02,13.84,8.56,58.4,Normal
2026-07-03 06:05:01.086,Košice,Подгорица,None,0,73.4,90,1313.6,11,0.0,0.0,-1.0,0.073,0.01,0.113,2.02,13.84,8.56,58.4,Normal
2026-07-03 06:05:02.071,Košice,Подгорица,None,0,73.1,90,1308.6,11,0.0,0.0,-1.0,0.052,0.025,0.063,2.02,13.84,8.56,58.4,Normal
2026-07-03 06:05:03.085,Košice,Подгорица,None,0,72.7,90,1300.2,11,0.0,0.0,0.0,-0.045,-0.015,0.143,2.02,13.84,8.56,58.4,Normal
2026-07-03 06:05:04.071,Košice,Подгорица,None,0,72.2,90,1291.8,11,0.0,0.0,0.0,-0.022,0.015,0.131,2.02,13.85,8.56,58.4,Normal
2026-07-03 06:05:05.071,Košice,Подгорица,None,0,71.7,90,1283.4,11,0.0,0.0,-1.0,0.024,0.08,0.114,2.02,13.85,8.56,58.4,Normal
2026-07-03 06:05:06.072,Košice,Подгорица,None,0,71.2,90,1274.3,11,0.0,0.0,-1.0,0.054,0.011,0.13,2.02,13.85,8.56,58.4,Normal
2026-07-03 06:05:07.072,Košice,Подгорица,None,0,70.8,90,1266.1,11,0.0,0.0,1.0,-0.066,-0.056,0.142,2.02,13.85,8.56,58.4,Normal
2026-07-03 06:05:08.072,Košice,Подгорица,None,0,70.1,90,1252.9,11,0.0,0.0,1.0,-0.051,-0.028,0.289,2.02,13.85,8.56,58.4,Normal
2026-07-03 06:05:09.084,Košice,Подгорица,None,0,68.9,90,1232.7,11,0.0,0.0,0.0,-0.004,0.005,0.304,2.02,13.86,8.56,58.4,Normal
2026-07-03 06:05:10.089,Košice,Подгорица,None,0,67.9,90,1214.6,11,0.0,0.0,-1.0,0.062,-0.018,0.271,2.02,13.86,8.56,58.4,Normal
2026-07-03 06:05:11.096,Košice,Подгорица,None,0,66.9,90,1195.4,11,0.0,0.05,-1.0,0.054,0.012,0.335,2.02,13.86,8.56,58.4,Normal
2026-07-03 06:05:12.089,Košice,Подгорица,None,0,63.2,90,1125.1,11,0.0,0.25,-1.0,-0.056,-0.031,1.5,2.02,13.86,8.56,58.4,Normal
2026-07-03 06:05:13.084,Košice,Подгорица,None,0,57.6,90,1025.8,11,0.0,0.25,-1.0,-0.016,-0.029,1.548,2.02,13.86,8.56,58.4,Normal
2026-07-03 06:05:14.091,Košice,Подгорица,None,0,50.7,90,1036.8,11,0.0,0.0,-1.0,0.011,0.021,2.0,2.02,13.86,8.56,58.4,Normal
2026-07-03 06:05:15.074,Košice,Подгорица,None,0,48.4,90,1071.2,10,0.0,0.0,-1.0,0.004,0.01,0.303,2.02,13.86,8.56,58.4,Normal
2026-07-03 06:05:16.075,Košice,Подгорица,None,0,47.5,40,1050.9,10,0.0,0.0,-1.0,-0.001,0.007,0.245,2.02,13.86,8.56,58.4,Speeding
2026-07-03 06:05:17.075,Košice,Подгорица,None,0,46.1,40,1018.8,10,0.0,0.0,-1.0,0.037,0.017,0.494,2.02,13.86,8.56,58.4,Speeding
2026-07-03 06:05:18.090,Košice,Подгорица,None,0,44.4,40,984.0,10,0.0,0.0,-1.0,0.02,0.005,0.358,2.02,13.86,8.56,58.4,Normal
2026-07-03 06:05:19.099,Košice,Подгорица,None,0,43.0,40,952.5,10,0.0,0.0,-1.0,0.095,-0.009,0.433,2.02,13.86,8.56,58.4,Normal
2026-07-03 06:05:20.094,Košice,Подгорица,None,0,41.2,40,1177.2,9,0.32,0.0,-1.0,-0.017,-0.031,0.58,2.02,13.87,8.56,58.4,Normal
2026-07-03 06:05:21.077,Košice,Подгорица,None,0,39.2,40,1125.0,9,0.55,0.0,1.0,-0.19,-0.061,0.437,2.02,13.87,8.56,58.4,Normal
2026-07-03 06:05:22.094,Košice,Подгорица,None,0,37.5,40,1075.3,9,0.46,0.0,1.0,-0.449,0.007,0.507,2.02,13.87,8.56,58.4,Harsh Cornering
2026-07-03 06:05:23.077,Košice,Подгорица,None,0,35.5,40,1251.8,9,1.0,0.0,1.0,0.011,0.036,0.707,2.02,13.87,8.56,58.4,Normal
2026-07-03 06:05:24.094,Košice,Подгорица,None,0,33.4,40,1234.0,8,0.99,0.0,1.0,0.047,-0.079,0.169,2.02,13.87,8.56,58.4,Normal
2026-07-03 06:05:25.078,Košice,Подгорица,None,0,33.8,40,1252.7,8,1.0,0.0,1.0,-0.015,-0.001,-0.207,2.02,13.87,8.56,58.3,Normal
2026-07-03 06:05:26.104,Košice,Подгорица,None,0,34.6,40,1282.1,8,0.88,0.0,1.0,-0.022,-0.008,-0.213,2.02,13.87,8.56,58.3,Normal
2026-07-03 06:05:27.079,Košice,Подгорица,None,0,35.4,40,1312.2,8,0.88,0.0,1.0,-0.167,0.02,-0.239,2.02,13.87,8.56,58.3,Normal
2026-07-03 06:05:28.080,Košice,Подгорица,None,0,36.3,40,1343.0,8,0.89,0.0,1.0,-0.072,0.014,-0.231,2.02,13.87,8.56,58.2,Normal
2026-07-03 06:05:29.106,Košice,Подгорица,None,0,37.1,40,1373.2,8,0.92,0.0,1.0,0.044,-0.022,-0.22,2.02,13.87,8.56,58.2,Normal
2026-07-03 06:05:30.080,Košice,Подгорица,None,0,37.9,40,1403.5,8,0.9,0.0,1.0,0.042,0.001,-0.246,2.02,13.87,8.56,58.2,Normal
2026-07-03 06:05:31.099,Košice,Подгорица,None,0,38.9,40,1438.1,8,0.88,0.0,1.0,-0.041,0.013,-0.295,2.02,13.87,8.56,58.1,Normal
2026-07-03 06:05:32.094,Košice,Подгорица,None,0,40.0,40,1478.2,8,0.88,0.0,1.0,0.028,0.009,-0.313,2.02,13.87,8.56,58.1,Normal
2026-07-03 06:05:33.106,Košice,Подгорица,None,0,41.2,40,1524.1,8,0.83,0.0,1.0,-0.011,-0.046,-0.361,2.02,13.87,8.56,58.1,Normal
2026-07-03 06:05:34.082,Košice,Подгорица,None,0,41.9,40,1546.7,8,0.62,0.0,1.0,0.07,0.008,-0.138,2.02,13.87,8.56,58.1,Normal
2026-07-03 06:05:35.097,Košice,Подгорица,None,0,41.9,40,1206.8,9,0.79,0.0,1.0,0.048,0.056,0.184,2.02,13.88,8.56,58.0,Normal
2026-07-03 06:05:36.083,Košice,Подгорица,None,0,41.8,40,1203.8,9,0.64,0.0,-1.0,0.177,-0.054,-0.242,2.02,13.88,8.56,58.0,Normal
2026-07-03 06:05:37.083,Košice,Подгорица,None,0,43.2,40,1241.3,9,0.56,0.0,-1.0,0.101,0.006,-0.415,2.02,13.88,8.56,58.0,Normal
2026-07-03 06:05:38.100,Košice,Подгорица,None,0,44.1,40,1264.7,9,0.0,0.0,0.0,-0.016,0.084,-0.056,2.02,13.88,8.56,58.0,Normal
2026-07-03 06:05:39.083,Košice,Подгорица,None,0,44.6,40,1275.9,9,0.0,0.0,0.0,-0.008,0.039,-0.035,2.02,13.88,8.56,58.0,Normal
2026-07-03 06:05:40.085,Košice,Подгорица,None,0,44.3,40,1267.5,9,0.0,0.0,0.0,0.009,0.011,0.097,2.02,13.88,8.56,58.0,Normal
2026-07-03 06:05:41.084,Košice,Подгорица,None,0,44.2,40,1264.7,9,0.0,0.0,-1.0,0.037,0.011,0.005,2.02,13.88,8.56,58.0,Normal
2026-07-03 06:05:42.102,Košice,Подгорица,None,0,44.1,40,1263.2,9,0.0,0.0,0.0,-0.007,0.03,0.022,2.02,13.88,8.56,58.0,Normal
2026-07-03 06:05:43.085,Košice,Подгорица,None,0,44.1,40,1262.2,9,0.0,0.0,0.0,-0.003,0.004,0.005,2.02,13.89,8.56,58.0,Normal
2026-07-03 06:05:44.085,Košice,Подгорица,None,0,44.1,40,1262.0,9,0.0,0.0,0.0,0.021,-0.023,-0.001,2.02,13.89,8.56,58.0,Normal
2026-07-03 06:05:45.086,Košice,Подгорица,None,0,44.1,40,1261.6,9,0.0,0.0,1.0,-0.025,0.004,-0.006,2.02,13.89,8.56,58.0,Normal
2026-07-03 06:05:46.099,Košice,Подгорица,None,0,44.1,40,1264.7,9,0.35,0.0,1.0,-0.006,0.045,-0.065,2.02,13.89,8.56,58.0,Normal
2026-07-03 06:05:47.086,Košice,Подгорица,None,0,44.8,40,1285.7,9,0.0,0.0,0.0,0.017,-0.008,-0.247,2.02,13.89,8.56,57.9,Normal
2026-07-03 06:05:48.086,Košice,Подгорица,None,0,44.8,40,1281.5,9,0.0,0.0,1.0,0.034,0.002,0.121,2.02,13.89,8.56,57.9,Normal
2026-07-03 06:05:49.087,Košice,Подгорица,None,0,44.4,40,1271.9,9,0.0,0.0,0.0,0.009,-0.041,0.087,2.02,13.89,8.56,57.9,Normal
2026-07-03 06:05:50.087,Košice,Подгорица,None,0,44.1,40,1262.3,9,0.0,0.0,0.0,0.005,0.028,0.099,2.02,13.89,8.56,57.9,Normal
2026-07-03 06:05:51.087,Košice,Подгорица,None,0,43.7,40,1249.4,9,0.0,0.0,-1.0,0.015,-0.048,0.135,2.02,13.89,8.56,57.9,Normal
2026-07-03 06:05:52.088,Košice,Подгорица,None,0,43.2,40,1234.9,9,0.0,0.0,0.0,0.031,-0.036,0.126,2.02,13.89,8.56,57.9,Normal
2026-07-03 06:05:53.088,Košice,Подгорица,None,0,42.7,60,1221.2,9,0.0,0.0,0.0,-0.009,-0.041,0.126,2.02,13.89,8.56,57.9,Normal
2026-07-03 06:05:54.088,Košice,Подгорица,None,0,42.3,60,1210.6,9,0.0,0.0,0.0,-0.001,-0.042,0.083,2.02,13.89,8.56,57.9,Normal
2026-07-03 06:05:55.088,Košice,Подгорица,None,0,42.2,60,1207.9,9,0.0,0.0,0.0,0.024,0.025,0.004,2.02,13.89,8.56,57.9,Normal
2026-07-03 06:05:56.088,Košice,Подгорица,None,0,42.4,60,1213.5,9,0.0,0.0,1.0,-0.119,-0.056,-0.093,2.02,13.89,8.56,57.9,Normal
2026-07-03 06:05:57.089,Košice,Подгорица,None,0,42.9,60,1227.5,9,0.0,0.0,1.0,0.072,-0.014,-0.166,2.02,13.9,8.56,57.9,Normal
2026-07-03 06:05:58.105,Košice,Подгорица,None,0,43.5,60,1245.7,9,0.0,0.0,1.0,-0.076,0.018,-0.209,2.02,13.9,8.56,57.9,Normal
2026-07-03 06:05:59.116,Košice,Подгорица,None,0,44.0,60,1256.6,9,0.0,0.09,1.0,-0.101,0.019,0.044,2.02,13.9,8.56,57.9,Normal
2026-07-03 06:06:00.091,Košice,Подгорица,None,0,43.0,60,1226.3,9,0.0,0.22,1.0,-0.021,-0.0,0.605,2.02,13.9,8.56,57.9,Normal
2026-07-03 06:06:01.091,Košice,Подгорица,None,0,39.9,40,1137.3,9,0.0,0.19,1.0,-0.049,-0.008,0.861,2.02,13.9,8.56,57.9,Normal
2026-07-03 06:06:02.112,Košice,Подгорица,None,0,38.1,40,1089.0,9,0.0,0.06,1.0,0.058,-0.06,0.234,2.02,13.9,8.56,57.9,Normal
2026-07-03 06:06:03.104,Košice,Подгорица,None,0,37.6,40,1072.9,9,0.0,0.36,1.0,-0.114,0.024,0.176,2.02,13.9,8.56,57.9,Normal
2026-07-03 06:06:04.115,Košice,Подгорица,None,0,33.2,40,943.5,9,0.0,0.25,1.0,0.039,0.0,1.376,2.02,13.9,8.56,57.9,Normal
2026-07-03 06:06:05.107,Košice,Подгорица,None,0,31.3,40,1150.4,8,0.0,0.0,1.0,-0.028,-0.026,-0.016,2.02,13.9,8.56,57.9,Normal
2026-07-03 06:06:06.115,Košice,Подгорица,None,0,31.6,40,1159.9,8,0.0,0.0,-1.0,0.096,-0.006,-0.043,2.03,13.91,8.56,57.9,Normal
2026-07-03 06:06:07.109,Košice,Подгорица,None,0,31.7,40,1162.1,8,0.0,0.0,-1.0,0.308,0.007,-0.0,2.03,13.91,8.56,57.9,Normal
2026-07-03 06:06:08.093,Košice,Подгорица,None,0,31.6,40,1159.6,8,0.0,0.0,-1.0,0.201,0.023,0.021,2.03,13.91,8.56,57.9,Normal
2026-07-03 06:06:09.094,Košice,Подгорица,None,0,30.1,40,1094.7,8,0.0,0.32,0.0,-0.24,0.113,1.27,2.03,13.91,8.56,57.9,Normal
2026-07-03 06:06:10.094,Košice,Подгорица,None,0,25.3,40,927.9,8,0.0,0.0,1.0,-0.337,-0.07,0.637,2.03,13.91,8.56,57.9,Normal
2026-07-03 06:06:11.105,Košice,Подгорица,None,0,24.7,40,903.6,8,0.0,0.0,1.0,-0.04,0.0,0.066,2.03,13.91,8.56,57.9,Normal
2026-07-03 06:06:12.113,Košice,Подгорица,None,0,25.2,40,930.9,8,0.43,0.0,1.0,-0.022,-0.016,-0.344,2.03,13.91,8.56,57.9,Normal
2026-07-03 06:06:13.095,Košice,Подгорица,None,0,26.9,40,997.0,8,0.53,0.0,1.0,0.029,-0.011,-0.556,2.03,13.91,8.56,57.9,Normal
2026-07-03 06:06:14.095,Košice,Подгорица,None,0,29.0,40,1075.3,8,0.68,0.0,1.0,-0.081,-0.011,-0.602,2.03,13.91,8.56,57.9,Normal
2026-07-03 06:06:15.112,Košice,Подгорица,None,0,31.6,40,1169.3,8,0.65,0.0,1.0,0.091,-0.014,-0.703,2.03,13.91,8.56,57.9,Normal
2026-07-03 06:06:16.118,Košice,Подгорица,None,0,32.5,40,1192.9,8,0.0,0.0,1.0,0.058,0.002,-0.0,2.03,13.91,8.56,57.9,Normal
2026-07-03 06:06:17.097,Košice,Подгорица,None,0,32.4,40,1187.7,8,0.0,0.0,-1.0,0.179,-0.014,0.053,2.03,13.91,8.56,57.9,Normal
2026-07-03 06:06:18.121,Košice,Подгорица,None,0,32.2,40,1181.0,8,0.0,0.0,-1.0,0.131,0.003,0.048,2.03,13.91,8.56,57.9,Normal
2026-07-03 06:06:19.097,Košice,Подгорица,None,0,32.1,40,1176.3,8,0.0,0.0,-1.0,0.056,0.027,0.031,2.03,13.91,8.56,57.9,Normal
2026-07-03 06:06:20.110,Košice,Подгорица,None,0,32.0,60,1173.2,8,0.0,0.0,1.0,-0.186,-0.013,0.018,2.03,13.91,8.56,57.9,Normal
2026-07-03 06:06:21.098,Košice,Подгорица,None,0,32.0,60,1172.1,8,0.0,0.0,1.0,-0.285,-0.026,-0.013,2.03,13.91,8.56,57.9,Normal
2026-07-03 06:06:22.098,Košice,Подгорица,None,0,32.2,60,1179.1,8,0.0,0.0,1.0,0.022,-0.013,-0.066,2.03,13.91,8.56,57.9,Normal
2026-07-03 06:06:23.121,Košice,Подгорица,None,0,32.4,60,1189.1,8,0.0,0.0,1.0,0.042,0.011,-0.077,2.03,13.91,8.56,57.9,Normal
2026-07-03 06:06:24.100,Košice,Подгорица,None,0,32.8,60,1204.9,8,0.27,0.0,1.0,0.071,0.002,-0.167,2.03,13.91,8.56,57.9,Normal
2026-07-03 06:06:25.100,Košice,Подгорица,None,0,33.7,60,1239.6,8,0.11,0.0,0.0,0.097,-0.011,-0.333,2.03,13.92,8.56,57.9,Normal
2026-07-03 06:06:26.101,Košice,Подгорица,None,0,34.9,60,1286.0,8,0.57,0.0,0.0,0.056,-0.017,-0.486,2.03,13.92,8.56,57.9,Normal
2026-07-03 06:06:27.102,Košice,Подгорица,None,0,37.2,50,1367.2,8,0.14,0.0,-1.0,0.097,0.015,-0.54,2.03,13.92,8.56,57.8,Normal
2026-07-03 06:06:28.102,Košice,Подгорица,None,0,38.1,50,1399.7,8,0.0,0.0,-1.0,0.069,-0.004,-0.16,2.03,13.92,8.56,57.8,Normal
2026-07-03 06:06:29.102,Košice,Подгорица,None,0,38.7,50,1125.9,9,0.0,0.0,-1.0,0.148,-0.026,-0.159,2.03,13.92,8.56,57.8,Normal
2026-07-03 06:06:30.103,Košice,Подгорица,None,0,39.0,50,1116.6,9,0.0,0.0,-1.0,0.043,-0.036,-0.037,2.03,13.92,8.56,57.8,Normal
2026-07-03 06:06:31.103,Košice,Подгорица,None,0,39.1,50,1116.5,9,0.0,0.0,-1.0,0.063,0.024,0.012,2.03,13.92,8.56,57.8,Normal
2026-07-03 06:06:32.104,Košice,Подгорица,None,0,38.9,50,1113.2,9,0.0,0.0,-1.0,0.054,0.014,0.046,2.03,13.92,8.56,57.8,Normal
2026-07-03 06:06:33.117,Košice,Подгорица,None,0,38.6,40,1102.5,9,0.0,0.0,-1.0,-0.057,0.02,0.137,2.03,13.92,8.56,57.8,Normal
2026-07-03 06:06:34.128,Košice,Подгорица,None,0,37.9,40,1082.1,9,0.0,0.0,-1.0,-0.036,-0.025,0.23,2.03,13.92,8.56,57.8,Normal
2026-07-03 06:06:35.104,Košice,Подгорица,None,0,37.0,40,1057.7,9,0.0,0.0,-1.0,-0.057,0.002,0.249,2.03,13.92,8.56,57.8,Normal
2026-07-03 06:06:36.105,Košice,Подгорица,None,0,36.1,40,1032.2,9,0.0,0.0,-1.0,-0.099,-0.017,0.253,2.03,13.92,8.56,57.8,Normal
2026-07-03 06:06:37.104,Košice,Подгорица,None,0,35.2,40,1005.8,9,0.0,0.0,-1.0,0.181,-0.018,0.25,2.03,13.92,8.56,57.8,Normal
2026-07-03 06:06:38.117,Košice,Подгорица,None,0,34.4,40,980.6,9,0.0,0.0,-1.0,0.204,0.015,0.232,2.03,13.92,8.56,57.8,Normal
2026-07-03 06:06:39.105,Košice,Подгорица,None,0,33.5,40,955.5,9,0.0,0.0,-1.0,0.319,-0.007,0.245,2.03,13.92,8.56,57.8,Normal
2026-07-03 06:06:40.118,Košice,Подгорица,None,0,32.6,40,935.0,9,0.43,0.0,-1.0,-0.036,0.002,0.165,2.03,13.93,8.56,57.8,Normal
2026-07-03 06:06:41.128,Košice,Подгорица,None,0,32.7,40,936.6,9,0.11,0.0,0.0,-0.208,0.013,0.028,2.03,13.93,8.56,57.8,Normal
2026-07-03 06:06:42.122,Košice,Подгорица,None,0,32.4,40,930.1,9,0.79,0.0,1.0,-0.262,0.001,0.07,2.03,13.93,8.56,57.8,Normal
2026-07-03 06:06:43.107,Košice,Подгорица,None,0,33.2,40,957.2,9,0.83,0.0,1.0,-0.164,-0.016,-0.351,2.03,13.93,8.56,57.8,Normal
2026-07-03 06:06:44.107,Košice,Подгорица,None,0,34.8,60,1000.8,9,0.48,0.0,-1.0,0.019,-0.009,-0.405,2.03,13.93,8.56,57.8,Normal
2026-07-03 06:06:45.109,Košice,Подгорица,None,0,36.3,60,1045.3,9,0.8,0.0,0.0,0.015,-0.028,-0.483,2.03,13.93,8.56,57.8,Normal
2026-07-03 06:06:46.108,Košice,Подгорица,None,0,38.1,60,1096.7,9,0.67,0.0,0.0,-0.008,0.032,-0.453,2.03,13.93,8.56,57.8,Normal
2026-07-03 06:06:47.130,Košice,Подгорица,None,0,39.6,60,1135.9,9,0.0,0.0,1.0,-0.043,-0.013,-0.31,2.03,13.93,8.56,57.7,Normal
2026-07-03 06:06:48.134,Košice,Подгорица,None,0,39.5,60,1130.9,9,0.0,0.0,1.0,-0.034,0.005,0.113,2.03,13.93,8.56,57.7,Normal
2026-07-03 06:06:49.109,Košice,Подгорица,None,0,39.9,60,1148.9,9,0.73,0.0,1.0,-0.034,-0.042,-0.344,2.03,13.93,8.56,57.7,Normal
2026-07-03 06:06:50.110,Košice,Подгорица,None,0,41.5,60,1193.7,9,0.65,0.0,1.0,0.015,-0.006,-0.438,2.03,13.93,8.56,57.7,Normal
2026-07-03 06:06:51.121,Košice,Подгорица,None,0,42.5,60,1215.6,9,0.0,0.0,1.0,-0.02,0.047,-0.001,2.03,13.94,8.56,57.7,Normal
2026-07-03 06:06:52.130,Košice,Подгорица,None,0,42.1,60,1204.1,9,0.12,0.0,1.0,-0.007,0.038,0.129,2.03,13.94,8.56,57.7,Normal
2026-07-03 06:06:53.121,Košice,Подгорица,None,0,41.9,60,1197.8,9,0.0,0.0,0.0,0.035,-0.018,0.065,2.03,13.94,8.56,57.7,Normal
2026-07-03 06:06:54.133,Košice,Подгорица,None,0,41.4,60,1184.9,9,0.0,0.0,0.0,0.031,0.029,0.13,2.03,13.94,8.56,57.7,Normal
2026-07-03 06:06:55.110,Košice,Подгорица,None,0,41.0,60,1171.3,9,0.0,0.0,0.0,0.019,-0.012,0.132,2.03,13.94,8.56,57.7,Normal
2026-07-03 06:06:56.122,Košice,Подгорица,None,0,40.5,60,1157.1,9,0.0,0.0,-1.0,0.062,0.018,0.133,2.03,13.94,8.56,57.7,Normal
2026-07-03 06:06:57.130,Košice,Подгорица,None,0,39.7,60,1135.9,9,0.0,0.0,0.0,-0.055,0.002,0.232,2.03,13.94,8.56,57.7,Normal
2026-07-03 06:06:58.124,Košice,Подгорица,None,0,38.7,60,1103.1,9,0.0,0.24,-1.0,0.233,-0.026,0.5,2.03,13.94,8.56,57.7,Normal
2026-07-03 06:06:59.135,Košice,Подгорица,None,0,33.8,40,960.1,9,0.0,0.26,-1.0,0.089,-0.003,1.564,2.03,13.94,8.56,57.7,Normal
2026-07-03 06:07:00.129,Košice,Подгорица,None,0,30.1,40,1105.0,9,0.0,0.0,-1.0,-0.034,-0.054,0.425,2.03,13.94,8.56,57.7,Normal
2026-07-03 06:07:01.137,Košice,Подгорица,None,0,29.2,40,1070.5,8,0.0,0.0,-1.0,0.002,-0.007,0.234,2.03,13.94,8.56,57.7,Normal
2026-07-03 06:07:02.132,Košice,Подгорица,None,0,28.4,40,1038.0,8,0.0,0.0,-1.0,0.187,-0.029,0.236,2.03,13.94,8.56,57.7,Normal
2026-07-03 06:07:03.115,Košice,Подгорица,None,0,27.5,40,1007.3,8,0.0,0.0,1.0,-0.23,-0.019,0.249,2.03,13.94,8.56,57.7,Normal
2026-07-03 06:07:04.115,Košice,Подгорица,None,0,26.6,40,977.4,8,0.32,0.0,1.0,-0.289,0.002,0.191,2.03,13.94,8.56,57.7,Normal
2026-07-03 06:07:05.116,Košice,Подгорица,None,0,27.3,40,1009.4,8,0.59,0.0,1.0,-0.218,-0.03,-0.407,2.03,13.94,8.56,57.7,Normal
2026-07-03 06:07:06.115,Košice,Подгорица,None,0,29.2,40,1081.5,8,0.69,0.0,1.0,0.031,0.0,-0.603,2.03,13.94,8.56,57.7,Normal
2026-07-03 06:07:07.116,Košice,Подгорица,None,0,31.4,40,1161.0,8,0.71,0.0,-1.0,0.218,-0.005,-0.605,2.03,13.95,8.56,57.6,Normal
2026-07-03 06:07:08.116,Košice,Подгорица,None,0,33.6,40,1242.8,8,0.67,0.0,-1.0,0.254,0.013,-0.603,2.03,13.95,8.56,57.6,Normal
2026-07-03 06:07:09.116,Košice,Подгорица,None,0,35.7,40,1319.9,8,0.59,0.0,-1.0,0.036,-0.001,-0.559,2.03,13.95,8.56,57.6,Normal
2026-07-03 06:07:10.117,Košice,Подгорица,None,0,37.5,40,1382.6,8,0.53,0.0,-1.0,-0.122,0.039,-0.447,2.03,13.95,8.56,57.6,Normal
2026-07-03 06:07:11.117,Košice,Подгорица,None,0,38.4,40,1187.9,8,0.53,0.0,-1.0,-0.059,0.09,-0.028,2.03,13.95,8.56,57.6,Normal
2026-07-03 06:07:12.143,Košice,Подгорица,None,0,38.5,40,1104.9,9,0.52,0.0,1.0,-0.095,-0.07,-0.175,2.03,13.95,8.56,57.5,Normal
2026-07-03 06:07:13.135,Košice,Подгорица,None,0,39.0,60,1115.2,9,0.0,0.0,1.0,-0.187,0.083,0.079,2.03,13.95,8.56,57.5,Normal
2026-07-03 06:07:14.128,Košice,Подгорица,None,0,39.1,60,1123.5,9,0.76,0.0,1.0,-0.002,-0.053,-0.286,2.03,13.95,8.56,57.5,Normal
2026-07-03 06:07:15.137,Košice,Подгорица,None,0,41.0,60,1181.2,9,0.75,0.0,1.0,0.033,-0.051,-0.632,2.03,13.95,8.56,57.5,Normal
2026-07-03 06:07:16.132,Košice,Подгорица,None,0,43.2,60,1237.5,9,0.0,0.0,1.0,-0.048,0.015,-0.442,2.03,13.95,8.56,57.5,Normal
2026-07-03 06:07:17.140,Košice,Подгорица,None,0,43.8,60,1253.2,9,0.0,0.0,1.0,-0.002,0.031,-0.114,2.03,13.95,8.56,57.5,Normal
2026-07-03 06:07:18.121,Košice,Подгорица,None,0,44.2,60,1265.9,9,0.0,0.0,-1.0,0.169,0.009,-0.124,2.03,13.95,8.56,57.5,Normal
2026-07-03 06:07:19.131,Košice,Подгорица,None,0,44.8,60,1281.4,9,0.0,0.0,0.0,0.061,0.02,-0.166,2.03,13.95,8.56,57.5,Normal
2026-07-03 06:07:20.144,Košice,Подгорица,None,0,45.4,60,1300.9,9,0.0,0.0,0.0,0.033,-0.006,-0.197,2.03,13.95,8.56,57.5,Normal
2026-07-03 06:07:21.140,Košice,Подгорица,None,0,46.1,50,1320.4,9,0.0,0.0,0.0,0.018,-0.007,-0.196,2.03,13.96,8.56,57.5,Normal
2026-07-03 06:07:22.121,Košice,Подгорица,None,0,46.8,50,1340.6,9,0.0,0.0,1.0,-0.027,-0.037,-0.19,2.03,13.96,8.56,57.5,Normal
2026-07-03 06:07:23.134,Košice,Подгорица,None,0,47.5,50,1359.0,9,0.0,0.0,1.0,-0.037,-0.005,-0.174,2.03,13.96,8.56,57.5,Normal
2026-07-03 06:07:24.122,Košice,Подгорица,None,0,48.0,50,1374.9,9,0.0,0.0,1.0,0.024,0.038,-0.151,2.03,13.96,8.56,57.5,Normal
2026-07-03 06:07:25.123,Košice,Подгорица,None,0,48.5,50,1387.9,9,0.0,0.0,1.0,0.006,0.027,-0.114,2.03,13.96,8.56,57.5,Normal
2026-07-03 06:07:26.123,Košice,Подгорица,None,0,48.8,50,1119.6,9,0.0,0.0,1.0,0.006,-0.016,-0.103,2.03,13.96,8.56,57.5,Normal
2026-07-03 06:07:27.123,Košice,Подгорица,None,0,49.1,50,1089.3,10,0.0,0.0,-1.0,0.041,-0.028,-0.044,2.03,13.96,8.56,57.5,Normal
2026-07-03 06:07:28.124,Košice,Подгорица,None,0,49.0,70,1086.4,10,0.0,0.0,-1.0,0.08,0.025,0.075,2.03,13.96,8.56,57.5,Normal
2026-07-03 06:07:29.124,Košice,Подгорица,None,0,48.7,70,1078.4,10,0.0,0.0,-1.0,-0.044,0.028,0.12,2.03,13.97,8.56,57.5,Normal
2026-07-03 06:07:30.124,Košice,Подгорица,None,0,48.2,70,1067.0,10,0.0,0.0,-1.0,0.089,-0.033,0.141,2.03,13.97,8.56,57.5,Normal
2026-07-03 06:07:31.124,Košice,Подгорица,None,0,47.6,70,1054.7,10,0.0,0.0,1.0,-0.299,-0.019,0.18,2.03,13.97,8.56,57.5,Normal
2026-07-03 06:07:32.124,Košice,Подгорица,None,0,46.9,70,1040.0,10,0.0,0.0,1.0,-0.279,-0.019,0.182,2.03,13.97,8.56,57.5,Normal
2026-07-03 06:07:33.124,Košice,Подгорица,None,0,46.4,70,1027.8,10,0.0,0.0,-1.0,0.243,0.018,0.145,2.03,13.97,8.56,57.5,Normal
2026-07-03 06:07:34.125,Košice,Подгорица,None,0,45.9,70,1016.4,10,0.0,0.0,-1.0,0.06,-0.009,0.144,2.03,13.97,8.56,57.5,Normal
2026-07-03 06:07:35.125,Košice,Подгорица,None,0,45.3,70,1004.4,10,0.0,0.0,-1.0,-0.018,0.015,0.151,2.03,13.97,8.56,57.5,Normal
2026-07-03 06:07:36.150,Košice,Подгорица,None,0,45.2,70,1008.7,10,0.8,0.0,-1.0,-0.027,-0.035,-0.191,2.03,13.97,8.56,57.5,Normal
2026-07-03 06:07:37.149,Košice,Подгорица,None,0,46.5,70,1037.5,10,0.96,0.0,-1.0,0.097,-0.013,-0.407,2.03,13.97,8.56,57.5,Normal
2026-07-03 06:07:38.146,Košice,Подгорица,None,0,48.0,70,1071.5,10,0.86,0.0,-1.0,-0.005,-0.0,-0.438,2.03,13.97,8.56,57.4,Normal
2026-07-03 06:07:39.144,Košice,Подгорица,None,0,49.5,60,1104.1,10,0.81,0.0,-1.0,-0.018,-0.002,-0.392,2.03,13.97,8.56,57.4,Normal
2026-07-03 06:07:40.126,Košice,Подгорица,None,0,50.7,60,1129.2,10,0.76,0.0,-1.0,0.001,0.012,-0.269,2.03,13.97,8.56,57.4,Normal
2026-07-03 06:07:41.148,Košice,Подгорица,None,0,51.3,60,1144.0,10,0.8,0.0,-1.0,0.022,-0.001,-0.139,2.03,13.98,8.56,57.4,Normal
2026-07-03 06:07:42.128,Košice,Подгорица,None,0,50.7,60,1123.8,10,0.0,0.0,-1.0,-0.005,0.03,0.424,2.03,13.98,8.56,57.4,Normal
2026-07-03 06:07:43.143,Košice,Подгорица,None,0,48.9,60,1082.3,10,0.0,0.0,-1.0,0.02,-0.009,0.56,2.03,13.98,8.56,57.4,Normal
2026-07-03 06:07:44.141,Košice,Подгорица,None,0,46.7,60,1034.2,10,0.0,0.0,-1.0,-0.007,-0.041,0.635,2.03,13.98,8.56,57.4,Normal
2026-07-03 06:07:45.130,Košice,Подгорица,None,0,44.7,60,996.4,10,0.93,0.0,-1.0,0.07,-0.095,0.364,2.03,13.98,8.56,57.3,Normal
2026-07-03 06:07:46.129,Košice,Подгорица,None,0,43.9,60,975.4,10,1.0,0.0,-1.0,0.063,-0.006,0.207,2.03,13.98,8.56,57.3,Normal
2026-07-03 06:07:47.130,Košice,Подгорица,None,0,41.8,60,1195.0,9,1.0,0.0,-1.0,-0.109,0.026,0.706,2.03,13.98,8.56,57.3,Normal
2026-07-03 06:07:48.130,Košice,Подгорица,None,0,40.8,60,1173.9,9,1.0,0.0,-1.0,-0.028,-0.044,0.044,2.03,13.98,8.56,57.3,Normal
2026-07-03 06:07:49.131,Košice,Подгорица,None,0,40.9,60,1177.1,9,1.0,0.0,-1.0,-0.106,0.032,-0.078,2.03,13.98,8.56,57.3,Normal
2026-07-03 06:07:50.132,Košice,Подгорица,None,0,41.3,60,1190.3,9,1.0,0.0,0.0,-0.071,-0.0,-0.167,2.03,13.98,8.56,57.2,Normal
2026-07-03 06:07:51.143,Košice,Подгорица,None,0,42.2,60,1215.4,9,1.0,0.0,0.0,-0.041,-0.013,-0.287,2.03,13.98,8.56,57.2,Normal
2026-07-03 06:07:52.132,Košice,Подгорица,None,0,43.4,60,1248.4,9,0.94,0.0,0.0,-0.014,0.015,-0.355,2.03,13.98,8.56,57.2,Normal
2026-07-03 06:07:53.155,Košice,Подгорица,None,0,43.1,60,1232.1,9,0.0,0.0,1.0,-0.046,0.024,0.266,2.03,13.98,8.56,57.2,Normal
2026-07-03 06:07:54.153,Košice,Подгорица,None,0,42.2,60,1205.2,9,0.0,0.0,1.0,-0.297,0.006,0.239,2.03,13.99,8.56,57.2,Normal
2026-07-03 06:07:55.151,Košice,Подгорица,None,0,38.4,60,1088.1,9,0.0,0.1,1.0,-0.233,0.332,2.499,2.03,13.99,8.56,57.2,Normal
2026-07-03 06:07:56.132,Košice,Подгорица,None,0,32.9,60,937.6,9,0.0,0.0,1.0,0.2,-0.006,1.089,2.03,13.99,8.56,57.2,Normal
2026-07-03 06:07:57.146,Košice,Подгорица,None,0,31.0,60,1129.1,9,0.82,0.0,1.0,0.005,-0.011,0.403,2.03,13.99,8.56,57.2,Normal
2026-07-03 06:07:58.158,Košice,Подгорица,None,0,29.7,60,1093.1,8,0.37,0.0,1.0,-0.049,0.01,0.224,2.03,13.99,8.56,57.2,Normal
2026-07-03 06:07:59.155,Košice,Подгорица,None,0,28.4,60,1041.9,8,0.42,0.0,1.0,0.016,0.022,0.452,2.03,13.99,8.56,57.2,Normal
2026-07-03 06:08:00.151,Košice,Подгорица,None,0,26.9,60,985.5,8,0.0,0.0,1.0,0.042,-0.01,0.401,2.03,13.99,8.56,57.2,Normal
2026-07-03 06:08:36.160,Košice,Подгорица,None,0,25.4,60,931.7,8,0.3,0.0,1.0,0.07,0.008,0.291,2.03,13.99,8.56,57.2,Normal
2026-07-03 06:08:37.170,Košice,Подгорица,None,0,25.7,60,951.7,8,0.72,0.0,1.0,-0.0,-0.034,-0.365,2.03,13.99,8.56,57.1,Normal
2026-07-03 06:08:38.150,Košice,Подгорица,None,0,27.6,60,1024.9,8,0.76,0.0,1.0,-0.016,-0.026,-0.644,2.03,13.99,8.56,57.1,Normal
2026-07-03 06:08:39.150,Košice,Подгорица,None,0,29.7,60,1093.6,8,0.5,0.0,1.0,0.012,0.084,-0.304,2.03,13.99,8.56,57.1,Normal
2026-07-03 06:08:40.172,Košice,Подгорица,None,0,31.0,60,1147.3,8,0.51,0.0,1.0,0.05,-0.011,-0.449,2.03,13.99,8.56,57.1,Normal
2026-07-03 06:08:41.150,Košice,Подгорица,None,0,32.0,60,1174.9,8,0.0,0.0,-1.0,0.245,0.074,-0.016,2.04,14.0,8.56,57.1,Normal
2026-07-03 06:08:42.150,Košice,Подгорица,None,0,31.8,40,1165.1,8,0.0,0.0,-1.0,0.202,0.058,0.061,2.04,14.0,8.56,57.1,Normal
2026-07-03 06:08:43.151,Košice,Подгорица,None,0,31.7,40,1163.5,8,0.0,0.0,-1.0,0.259,0.038,-0.032,2.04,14.0,8.56,57.1,Normal
2026-07-03 06:08:44.162,Košice,Подгорица,None,0,31.7,40,1163.4,8,0.0,0.0,-1.0,0.225,0.018,0.022,2.04,14.0,8.56,57.1,Normal
2026-07-03 06:08:45.151,Košice,Подгорица,None,0,31.5,40,1153.0,8,0.19,0.0,-1.0,-0.059,-0.005,0.132,2.04,14.0,8.56,57.1,Normal
2026-07-03 06:08:46.152,Košice,Подгорица,None,0,31.5,40,1165.4,8,0.7,0.0,-1.0,-0.26,-0.012,-0.176,2.04,14.0,8.56,57.1,Normal
2026-07-03 06:08:47.153,Košice,Подгорица,None,0,31.9,40,1178.5,8,0.49,0.0,-1.0,0.049,0.009,-0.002,2.04,14.0,8.56,57.1,Normal
2026-07-03 06:08:48.164,Košice,Подгорица,None,0,31.9,40,1175.3,8,0.42,0.0,-1.0,0.011,0.021,0.01,2.04,14.0,8.56,57.0,Normal
2026-07-03 06:08:49.169,Košice,Подгорица,None,0,32.3,40,1197.2,8,0.61,0.0,-1.0,-0.029,0.079,-0.3,2.04,14.0,8.56,57.0,Normal
2026-07-03 06:08:50.165,Košice,Подгорица,None,0,33.8,40,1251.8,8,0.58,0.0,-1.0,-0.038,-0.034,-0.47,2.04,14.0,8.56,57.0,Normal
2026-07-03 06:08:51.175,Košice,Подгорица,None,0,35.6,40,1318.0,8,0.63,0.0,-1.0,-0.111,-0.038,-0.528,2.04,14.0,8.56,57.0,Normal
2026-07-03 06:08:52.169,Košice,Подгорица,None,0,37.4,40,1376.0,8,0.46,0.0,0.0,-0.138,0.054,-0.299,2.04,14.0,8.56,57.0,Normal
2026-07-03 06:08:53.154,Košice,Подгорица,None,0,38.4,40,1300.5,8,0.62,0.0,1.0,-0.132,0.029,-0.124,2.04,14.0,8.56,56.9,Normal
2026-07-03 06:08:54.154,Košice,Подгорица,None,0,38.2,40,1095.1,9,0.45,0.0,1.0,-0.15,0.047,0.068,2.04,14.0,8.56,56.9,Normal
2026-07-03 06:08:55.167,Košice,Подгорица,None,0,38.1,40,1089.7,9,0.0,0.0,0.0,0.029,0.035,0.182,2.04,14.0,8.56,56.9,Normal
2026-07-03 06:08:56.166,Košice,Подгорица,None,0,37.2,40,1062.6,9,0.0,0.0,1.0,-0.131,0.026,0.271,2.04,14.0,8.56,56.9,Normal
2026-07-03 06:08:57.155,Košice,Подгорица,None,0,35.6,40,1016.8,9,0.0,0.06,1.0,-0.156,0.075,0.609,2.04,14.0,8.56,56.9,Normal
2026-07-03 06:08:58.178,Košice,Подгорица,None,0,33.5,40,957.2,9,0.0,0.0,1.0,-0.342,-0.04,0.339,2.04,14.01,8.56,56.9,Normal
2026-07-03 06:08:59.174,Košice,Подгорица,None,0,33.3,40,957.9,9,0.56,0.0,1.0,-0.008,-0.097,-0.153,2.04,14.01,8.56,56.9,Normal
2026-07-03 06:09:00.157,Košice,Подгорица,None,0,34.0,40,973.9,9,0.0,0.0,1.0,0.136,0.014,-0.06,2.04,14.01,8.56,56.9,Normal
2026-07-03 06:09:01.167,Košice,Подгорица,None,0,33.4,40,953.5,9,0.06,0.0,1.0,0.153,-0.004,0.228,2.04,14.01,8.56,56.9,Normal
2026-07-03 06:09:02.180,Košice,Подгорица,None,0,32.7,40,935.7,9,0.42,0.0,1.0,-0.173,0.027,0.172,2.04,14.01,8.56,56.9,Normal
2026-07-03 06:09:03.175,Košice,Подгорица,None,0,33.3,40,962.2,9,0.68,0.0,1.0,-0.073,-0.037,-0.365,2.04,14.01,8.56,56.9,Normal
2026-07-03 06:09:04.157,Košice,Подгорица,None,0,34.7,40,1002.6,9,0.63,0.0,1.0,0.102,0.032,-0.395,2.04,14.01,8.56,56.9,Normal
2026-07-03 06:09:05.157,Košice,Подгорица,None,0,36.0,40,1038.7,9,0.41,0.0,1.0,-0.094,-0.036,-0.354,2.04,14.01,8.56,56.9,Normal
2026-07-03 06:09:06.158,Košice,Подгорица,None,0,37.1,40,1069.4,9,0.58,0.0,1.0,-0.068,-0.019,-0.315,2.04,14.01,8.56,56.8,Normal
2026-07-03 06:09:07.158,Košice,Подгорица,None,0,38.2,40,1100.3,9,0.46,0.0,-1.0,0.216,0.017,-0.288,2.04,14.01,8.56,56.8,Normal
2026-07-03 06:09:08.159,Košice,Подгорица,None,0,39.3,40,1129.6,9,0.66,0.0,-1.0,0.208,-0.011,-0.336,2.04,14.01,8.56,56.8,Normal
2026-07-03 06:09:09.173,Košice,Подгорица,None,0,41.1,40,1182.6,9,0.59,0.0,-1.0,0.122,-0.031,-0.571,2.04,14.01,8.56,56.8,Normal
2026-07-03 06:09:10.181,Košice,Подгорица,None,0,43.3,60,1244.7,9,0.49,0.0,0.0,-0.022,0.062,-0.618,2.04,14.01,8.56,56.8,Normal
2026-07-03 06:09:11.161,Košice,Подгорица,None,0,45.7,60,1314.6,9,0.75,0.0,-1.0,0.011,-0.023,-0.783,2.04,14.01,8.56,56.8,Normal
2026-07-03 06:09:12.161,Košice,Подгорица,None,0,48.5,60,1397.1,9,0.69,0.0,-1.0,0.134,-0.001,-0.791,2.04,14.01,8.56,56.7,Normal
2026-07-03 06:09:13.181,Košice,Подгорица,None,0,50.1,60,1112.9,10,0.66,0.0,-1.0,0.021,0.004,-0.269,2.04,14.02,8.56,56.7,Normal
2026-07-03 06:09:14.162,Košice,Подгорица,None,0,51.4,60,1145.1,10,0.6,0.0,-1.0,0.039,-0.017,-0.459,2.04,14.02,8.56,56.7,Normal
2026-07-03 06:09:15.162,Košice,Подгорица,None,0,52.9,60,1175.3,10,0.1,0.0,-1.0,0.022,0.036,-0.335,2.04,14.02,8.56,56.7,Normal
2026-07-03 06:09:16.163,Košice,Подгорица,None,0,53.6,60,1192.4,10,0.62,0.0,-1.0,-0.012,-0.025,-0.233,2.04,14.02,8.56,56.7,Normal
2026-07-03 06:09:17.163,Košice,Подгорица,None,0,54.5,60,1213.3,10,0.55,0.0,-1.0,0.121,0.006,-0.249,2.04,14.02,8.56,56.7,Normal
2026-07-03 06:09:18.163,Košice,Подгорица,None,0,55.0,60,1221.6,10,0.42,0.0,-1.0,-0.028,0.069,0.014,2.04,14.02,8.56,56.6,Normal
2026-07-03 06:09:19.182,Košice,Подгорица,None,0,55.4,60,1233.0,10,0.45,0.0,-1.0,-0.042,-0.019,-0.207,2.04,14.02,8.56,56.6,Normal
2026-07-03 06:09:20.175,Košice,Подгорица,None,0,56.0,60,1240.7,10,0.0,0.0,1.0,-0.135,0.023,-0.008,2.04,14.03,8.56,56.6,Normal
2026-07-03 06:09:21.184,Košice,Подгорица,None,0,55.6,70,1232.3,10,0.0,0.0,-1.0,0.095,-0.001,0.123,2.04,14.03,8.56,56.6,Normal
2026-07-03 06:09:22.190,Košice,Подгорица,None,0,55.3,70,1229.7,10,0.53,0.0,-1.0,0.117,-0.031,-0.037,2.04,14.03,8.56,56.6,Normal
2026-07-03 06:09:23.187,Košice,Подгорица,None,0,56.1,70,1249.0,10,0.46,0.0,-1.0,0.102,0.016,-0.272,2.04,14.03,8.56,56.6,Normal
2026-07-03 06:09:24.181,Košice,Подгорица,None,0,56.9,70,1264.7,10,0.44,0.0,-1.0,-0.064,-0.055,-0.177,2.04,14.03,8.56,56.6,Normal
2026-07-03 06:09:25.177,Košice,Подгорица,None,0,57.5,70,1278.8,10,0.44,0.0,-1.0,-0.053,-0.0,-0.181,2.04,14.03,8.56,56.6,Normal
2026-07-03 06:09:26.166,Košice,Подгорица,None,0,58.2,70,1293.8,10,0.52,0.0,-1.0,0.024,-0.018,-0.196,2.04,14.03,8.56,56.5,Normal
2026-07-03 06:09:27.166,Košice,Подгорица,None,0,59.0,70,1312.1,10,0.49,0.0,-1.0,0.058,0.042,-0.228,2.04,14.03,8.57,56.5,Normal
2026-07-03 06:09:28.187,Košice,Подгорица,None,0,59.8,70,1330.3,10,0.55,0.0,0.0,-0.106,0.035,-0.214,2.04,14.03,8.57,56.5,Normal
2026-07-03 06:09:29.166,Košice,Подгорица,None,0,60.5,70,1345.5,10,0.4,0.0,1.0,-0.095,-0.03,-0.175,2.04,14.03,8.57,56.5,Normal
2026-07-03 06:09:30.167,Košice,Подгорица,None,0,60.9,70,1181.3,10,0.43,0.0,0.0,-0.002,0.038,0.015,2.04,14.04,8.57,56.5,Normal
2026-07-03 06:09:31.184,Košice,Подгорица,None,0,60.8,70,1091.0,11,0.56,0.0,0.0,0.041,-0.006,-0.044,2.04,14.04,8.57,56.5,Normal
2026-07-03 06:09:32.167,Košice,Подгорица,None,0,61.0,70,1096.1,11,0.69,0.0,0.0,-0.019,-0.034,-0.109,2.04,14.04,8.57,56.5,Normal
2026-07-03 06:09:33.187,Košice,Подгорица,None,0,61.9,70,1112.1,11,0.73,0.0,1.0,-0.021,0.027,-0.283,2.04,14.04,8.57,56.4,Normal
2026-07-03 06:09:34.169,Košice,Подгорица,None,0,62.9,70,1130.1,11,0.7,0.0,1.0,-0.007,0.015,-0.29,2.04,14.04,8.57,56.4,Normal
2026-07-03 06:09:35.168,Košice,Подгорица,None,0,63.8,70,1145.9,11,0.59,0.0,0.0,-0.014,0.03,-0.249,2.04,14.04,8.57,56.4,Normal
2026-07-03 06:09:36.193,Košice,Подгорица,None,0,64.7,70,1159.5,11,0.29,0.0,0.0,0.023,-0.027,-0.221,2.04,14.04,8.57,56.4,Normal
2026-07-03 06:09:37.185,Košice,Подгорица,None,0,64.6,70,1156.2,11,0.0,0.0,0.0,0.039,0.066,0.072,2.04,14.04,8.57,56.4,Normal
2026-07-03 06:09:38.169,Košice,Подгорица,None,0,64.1,70,1147.6,11,0.0,0.0,0.0,0.003,-0.037,0.13,2.04,14.04,8.57,56.4,Normal
2026-07-03 06:09:39.170,Košice,Подгорица,None,0,63.7,70,1139.9,11,0.2,0.0,1.0,-0.093,0.114,0.103,2.04,14.05,8.57,56.4,Normal
2026-07-03 06:09:40.170,Košice,Подгорица,None,0,63.8,70,1144.7,11,0.47,0.0,1.0,-0.113,0.01,-0.125,2.04,14.05,8.57,56.4,Normal
2026-07-03 06:09:41.171,Košice,Подгорица,None,0,64.3,70,1154.8,11,0.53,0.0,1.0,-0.098,-0.009,-0.167,2.04,14.05,8.57,56.3,Normal
2026-07-03 06:09:42.172,Košice,Подгорица,None,0,64.9,70,1165.4,11,0.49,0.0,1.0,-0.042,0.038,-0.158,2.04,14.05,8.57,56.3,Normal
2026-07-03 06:09:43.172,Košice,Подгорица,None,0,65.5,70,1175.2,11,0.52,0.0,1.0,0.01,-0.028,-0.154,2.04,14.05,8.57,56.3,Normal
2026-07-03 06:09:44.172,Košice,Подгорица,None,0,66.1,70,1186.1,11,0.52,0.0,1.0,0.007,0.012,-0.17,2.04,14.05,8.57,56.3,Normal
2026-07-03 06:09:45.172,Košice,Подгорица,None,0,66.4,70,1187.8,11,0.0,0.0,1.0,-0.138,0.054,0.05,2.04,14.06,8.57,56.3,Normal
2026-07-03 06:09:46.194,Košice,Подгорица,None,0,66.3,70,1189.1,11,0.49,0.0,1.0,0.072,-0.042,-0.061,2.04,14.06,8.57,56.3,Normal
2026-07-03 06:09:47.190,Košice,Подгорица,None,0,66.7,70,1198.1,11,0.51,0.0,1.0,0.124,-0.022,-0.147,2.04,14.06,8.57,56.3,Normal
2026-07-03 06:09:48.184,Košice,Подгорица,None,0,67.3,70,1208.2,11,0.52,0.0,0.0,0.153,0.029,-0.172,2.04,14.06,8.57,56.2,Normal
2026-07-03 06:09:49.173,Košice,Подгорица,None,0,68.1,70,1223.0,11,0.56,0.0,1.0,0.026,-0.063,-0.271,2.04,14.06,8.57,56.2,Normal
2026-07-03 06:09:50.174,Košice,Подгорица,None,0,69.1,70,1241.4,11,0.56,0.0,1.0,0.03,-0.01,-0.322,2.04,14.06,8.57,56.2,Normal
2026-07-03 06:09:51.174,Košice,Подгорица,None,0,70.1,70,1256.4,11,0.0,0.0,0.0,0.08,0.015,-0.273,2.04,14.06,8.57,56.2,Normal
2026-07-03 06:09:52.176,Košice,Подгорица,None,0,70.2,70,1257.2,11,0.0,0.0,1.0,0.026,0.057,0.078,2.04,14.06,8.57,56.2,Normal
2026-07-03 06:09:53.176,Košice,Подгорица,None,0,69.9,70,1252.9,11,0.0,0.0,1.0,-0.031,0.012,0.066,2.04,14.07,8.57,56.2,Normal
2026-07-03 06:09:54.176,Košice,Подгорица,None,0,69.8,70,1252.6,11,0.0,0.0,1.0,-0.053,-0.003,-0.002,2.04,14.07,8.57,56.2,Normal
2026-07-03 06:09:55.175,Košice,Подгорица,None,0,69.8,70,1254.2,11,0.0,0.0,1.0,0.093,0.066,-0.029,2.04,14.07,8.57,56.1,Normal
2026-07-03 06:09:56.177,Košice,Подгорица,None,0,69.9,70,1255.7,11,0.0,0.0,1.0,0.03,-0.033,-0.019,2.04,14.07,8.57,56.1,Normal
2026-07-03 06:09:57.177,Košice,Подгорица,None,0,69.9,70,1255.8,11,0.0,0.0,1.0,-0.068,0.015,0.014,2.04,14.07,8.57,56.1,Normal
2026-07-03 06:09:58.177,Košice,Подгорица,None,0,69.9,70,1256.6,11,0.0,0.0,1.0,-0.024,-0.007,-0.014,2.04,14.07,8.57,56.1,Normal
2026-07-03 06:09:59.192,Košice,Подгорица,None,0,70.0,70,1258.5,11,0.0,0.0,1.0,0.06,0.053,-0.054,2.04,14.07,8.57,56.0,Normal
2026-07-03 06:10:00.179,Košice,Подгорица,None,0,70.2,70,1260.1,11,0.0,0.0,0.0,0.039,0.023,-0.034,2.04,14.07,8.57,56.0,Normal
2026-07-03 06:10:01.180,Košice,Подгорица,None,0,70.2,70,1260.9,11,0.0,0.0,1.0,-0.022,0.03,-0.008,2.04,14.07,8.57,56.0,Normal
2026-07-03 06:10:02.180,Košice,Подгорица,None,0,70.3,70,1260.8,11,0.0,0.0,1.0,-0.014,-0.02,0.005,2.04,14.08,8.57,55.9,Normal
2026-07-03 06:10:03.196,Košice,Подгорица,None,0,70.2,70,1260.3,11,0.0,0.0,1.0,-0.024,0.009,0.006,2.04,14.08,8.57,55.9,Normal
2026-07-03 06:10:04.204,Košice,Подгорица,None,0,70.2,70,1259.9,11,0.0,0.0,0.0,0.027,-0.012,0.014,2.04,14.08,8.57,55.9,Normal
2026-07-03 06:10:05.197,Košice,Подгорица,None,0,70.2,70,1259.7,11,0.0,0.0,0.0,0.019,0.004,0.016,2.04,14.08,8.57,55.9,Normal
2026-07-03 06:10:06.195,Košice,Подгорица,None,0,70.2,70,1259.2,11,0.0,0.0,0.0,0.02,0.059,-0.016,2.04,14.08,8.57,55.9,Normal
2026-07-03 06:10:07.181,Košice,Подгорица,None,0,69.6,70,1245.7,11,0.0,0.0,-1.0,0.066,0.049,0.242,2.05,14.09,8.57,55.9,Normal
2026-07-03 06:10:08.181,Košice,Подгорица,None,0,68.8,50,1230.5,11,0.0,0.0,0.0,0.002,0.003,0.215,2.05,14.09,8.57,55.9,Speeding
2026-07-03 06:10:09.181,Košice,Подгорица,None,0,68.1,50,1218.1,11,0.0,0.0,0.0,-0.021,-0.034,0.182,2.05,14.09,8.57,55.9,Speeding
2026-07-03 06:10:10.211,Košice,Подгорица,None,0,67.4,50,1205.3,11,0.0,0.0,0.0,-0.04,0.065,0.262,2.05,14.09,8.57,55.9,Speeding
2026-07-03 06:10:11.182,Košice,Подгорица,None,0,66.3,50,1185.8,11,0.0,0.0,0.0,-0.032,0.016,0.318,2.05,14.09,8.57,55.9,Speeding
2026-07-03 06:10:12.194,Košice,Подгорица,None,0,63.2,50,1126.1,11,0.0,0.33,0.0,-0.001,0.073,1.539,2.05,14.09,8.57,55.9,Speeding
2026-07-03 06:10:13.199,Košice,Подгорица,None,0,56.1,50,999.3,11,0.0,0.12,-1.0,0.182,0.013,2.07,2.05,14.09,8.57,55.9,Speeding
2026-07-03 06:10:14.184,Košice,Подгорица,None,0,53.2,50,1156.6,11,0.0,0.0,-1.0,0.071,-0.005,0.331,2.05,14.09,8.57,55.9,Normal
2026-07-03 06:10:15.184,Košice,Подгорица,None,0,52.3,50,1157.5,10,0.0,0.0,-1.0,0.111,0.017,0.22,2.05,14.09,8.57,55.9,Normal
2026-07-03 06:10:16.184,Košice,Подгорица,None,0,51.8,50,1147.0,10,0.0,0.0,-1.0,-0.058,0.012,0.127,2.05,14.1,8.57,55.9,Normal
2026-07-03 06:10:17.184,Košice,Подгорица,None,0,51.4,50,1141.8,10,0.16,0.0,-1.0,-0.003,-0.049,0.027,2.05,14.1,8.57,55.9,Normal
2026-07-03 06:10:18.203,Košice,Подгорица,None,0,51.1,50,1133.5,10,0.0,0.0,-1.0,0.046,0.05,0.101,2.05,14.1,8.57,55.9,Normal
2026-07-03 06:10:19.184,Košice,Подгорица,None,0,50.8,50,1124.9,10,0.0,0.0,0.0,-0.148,-0.021,0.12,2.05,14.1,8.57,55.9,Normal
2026-07-03 06:10:20.204,Košice,Подгорица,None,0,50.3,50,1115.4,10,0.0,0.0,-1.0,-0.031,-0.026,0.119,2.05,14.1,8.57,55.9,Normal
2026-07-03 06:10:21.185,Košice,Подгорица,None,0,50.0,50,1110.7,10,0.0,0.0,-1.0,0.055,-0.016,0.02,2.05,14.1,8.57,55.9,Normal
2026-07-03 06:10:22.205,Košice,Подгорица,None,0,50.2,50,1113.4,10,0.0,0.0,-1.0,0.063,0.017,-0.043,2.05,14.1,8.57,55.9,Normal
2026-07-03 06:10:23.198,Košice,Подгорица,None,0,50.2,50,1113.9,10,0.0,0.0,-1.0,0.035,-0.038,0.012,2.05,14.1,8.57,55.8,Normal
2026-07-03 06:10:24.209,Košice,Подгорица,None,0,50.2,50,1113.5,10,0.0,0.0,-1.0,-0.086,-0.022,-0.003,2.05,14.1,8.57,55.8,Normal
2026-07-03 06:10:25.202,Košice,Подгорица,None,0,50.2,50,1113.2,10,0.0,0.0,-1.0,0.046,0.026,-0.003,2.05,14.1,8.57,55.8,Normal
2026-07-03 06:10:26.197,Košice,Подгорица,None,0,50.2,50,1113.9,10,0.0,0.0,-1.0,-0.058,-0.025,-0.004,2.05,14.1,8.57,55.8,Normal
2026-07-03 06:10:27.187,Košice,Подгорица,None,0,50.2,50,1113.7,10,0.0,0.0,0.0,-0.092,-0.016,0.005,2.05,14.1,8.57,55.8,Normal
2026-07-03 06:10:28.188,Košice,Подгорица,None,0,50.2,50,1113.7,10,0.0,0.0,-1.0,-0.029,0.002,-0.005,2.05,14.11,8.57,55.8,Normal
2026-07-03 06:10:29.204,Košice,Подгорица,None,0,50.2,50,1113.4,10,0.0,0.0,-1.0,0.082,0.028,-0.003,2.05,14.11,8.57,55.8,Normal
2026-07-03 06:10:30.188,Košice,Подгорица,None,0,50.2,50,1113.4,10,0.0,0.0,-1.0,-0.028,0.058,-0.0,2.05,14.11,8.57,55.8,Normal
2026-07-03 06:10:31.189,Košice,Подгорица,None,0,50.2,50,1113.7,10,0.0,0.0,-1.0,-0.035,0.032,-0.003,2.05,14.11,8.57,55.8,Normal
2026-07-03 06:10:32.189,Košice,Подгорица,None,0,50.2,50,1113.4,10,0.0,0.0,-1.0,0.001,-0.007,-0.0,2.05,14.11,8.57,55.8,Normal
2026-07-03 06:10:33.211,Košice,Подгорица,None,0,50.2,50,1113.9,10,0.22,0.0,-1.0,0.021,-0.015,-0.002,2.05,14.11,8.57,55.8,Normal
2026-07-03 06:10:34.206,Košice,Подгорица,None,0,50.4,50,1120.1,10,0.3,0.0,0.0,-0.112,-0.026,-0.098,2.05,14.11,8.57,55.8,Normal
2026-07-03 06:10:35.210,Košice,Подгорица,None,0,50.7,50,1125.7,10,0.16,0.0,-1.0,0.054,0.008,-0.061,2.05,14.12,8.57,55.8,Normal
2026-07-03 06:10:36.207,Košice,Подгорица,None,0,50.8,50,1127.5,10,0.14,0.0,-1.0,-0.13,-0.0,-0.006,2.05,14.12,8.57,55.8,Normal
2026-07-03 06:10:37.190,Košice,Подгорица,None,0,50.9,50,1130.5,10,0.0,0.0,-1.0,-0.036,-0.015,-0.072,2.05,14.12,8.57,55.8,Normal
2026-07-03 06:10:38.191,Košice,Подгорица,None,0,51.0,50,1133.8,10,0.31,0.0,-1.0,0.015,-0.007,-0.059,2.05,14.12,8.57,55.8,Normal
2026-07-03 06:10:39.204,Košice,Подгорица,None,0,51.4,50,1142.2,10,0.29,0.0,-1.0,0.002,-0.003,-0.108,2.05,14.12,8.57,55.8,Normal
2026-07-03 06:10:40.191,Košice,Подгорица,None,0,51.8,50,1150.4,10,0.29,0.0,-1.0,0.008,-0.01,-0.11,2.05,14.12,8.57,55.7,Normal
2026-07-03 06:10:41.191,Košice,Подгорица,None,0,52.2,50,1159.1,10,0.36,0.0,0.0,-0.031,0.004,-0.12,2.05,14.12,8.57,55.7,Normal
2026-07-03 06:10:42.192,Košice,Подгорица,None,0,52.4,50,1163.1,10,0.0,0.0,1.0,-0.117,0.024,0.004,2.05,14.12,8.57,55.7,Normal
2026-07-03 06:10:43.193,Košice,Подгорица,None,0,52.1,50,1155.6,10,0.15,0.0,0.0,-0.006,0.019,0.116,2.05,14.12,8.57,55.7,Normal
2026-07-03 06:10:44.205,Košice,Подгорица,None,0,52.0,50,1155.7,10,0.23,0.0,1.0,-0.011,0.057,-0.037,2.05,14.12,8.57,55.7,Normal
2026-07-03 06:10:45.216,Košice,Подгорица,None,0,52.1,50,1155.3,10,0.14,0.0,-1.0,0.028,-0.017,0.039,2.05,14.12,8.57,55.7,Normal
2026-07-03 06:10:46.194,Košice,Подгорица,None,0,51.8,50,1148.8,10,0.15,0.0,-1.0,0.023,-0.007,0.107,2.05,14.13,8.57,55.7,Normal
2026-07-03 06:10:47.216,Košice,Подгорица,None,0,51.7,50,1148.9,10,0.38,0.0,-1.0,0.071,-0.027,-0.043,2.05,14.13,8.57,55.7,Normal
2026-07-03 06:10:48.195,Košice,Подгорица,None,0,51.8,50,1150.1,10,0.4,0.0,0.0,-0.009,-0.025,0.005,2.05,14.13,8.57,55.7,Normal
2026-07-03 06:10:49.195,Košice,Подгорица,None,0,51.8,50,1150.2,10,0.37,0.0,0.0,0.025,0.029,-0.001,2.05,14.13,8.57,55.7,Normal
2026-07-03 06:10:50.196,Košice,Подгорица,None,0,51.4,50,1139.6,10,0.0,0.0,0.0,-0.018,0.032,0.2,2.05,14.13,8.57,55.7,Normal
2026-07-03 06:10:51.196,Košice,Подгорица,None,0,50.7,50,1126.5,10,0.36,0.0,0.0,-0.004,-0.001,0.137,2.05,14.13,8.57,55.7,Normal
2026-07-03 06:10:52.196,Košice,Подгорица,None,0,50.6,50,1126.0,10,0.21,0.0,0.0,0.003,-0.004,-0.031,2.05,14.13,8.57,55.6,Normal
2026-07-03 06:10:53.214,Košice,Подгорица,None,0,50.6,50,1124.0,10,0.0,0.0,0.0,0.026,0.099,0.051,2.05,14.13,8.57,55.6,Normal
2026-07-03 06:10:54.208,Košice,Подгорица,None,0,50.4,50,1119.2,10,0.0,0.0,0.0,0.01,0.014,0.056,2.05,14.13,8.57,55.6,Normal
2026-07-03 06:10:55.197,Košice,Подгорица,None,0,50.3,50,1116.8,10,0.0,0.0,0.0,-0.0,-0.076,0.022,2.05,14.13,8.57,55.6,Normal
2026-07-03 06:10:56.222,Košice,Подгорица,None,0,50.3,50,1118.1,10,0.0,0.0,1.0,-0.016,0.012,-0.059,2.05,14.13,8.57,55.6,Normal
2026-07-03 06:10:57.216,Košice,Подгорица,None,0,50.5,50,1119.7,10,0.0,0.0,1.0,-0.028,0.011,0.013,2.05,14.14,8.57,55.6,Normal
2026-07-03 06:10:58.212,Košice,Подгорица,None,0,50.3,50,1115.1,10,0.0,0.0,1.0,-0.035,-0.024,0.063,2.05,14.14,8.57,55.6,Normal
2026-07-03 06:10:59.222,Košice,Подгорица,None,0,50.3,50,1115.5,10,0.0,0.0,1.0,0.058,0.021,-0.046,2.05,14.14,8.57,55.6,Normal
2026-07-03 06:11:00.223,Košice,Подгорица,None,0,50.5,50,1119.3,10,0.0,0.0,1.0,-0.007,0.021,-0.077,2.05,14.14,8.57,55.6,Normal
2026-07-03 06:11:01.217,Košice,Подгорица,None,0,50.9,50,1128.9,10,0.0,0.0,1.0,-0.05,0.036,-0.116,2.05,14.14,8.57,55.6,Normal
2026-07-03 06:11:02.224,Košice,Подгорица,None,0,51.4,50,1139.6,10,0.0,0.0,0.0,0.062,0.004,-0.158,2.05,14.14,8.57,55.6,Normal
2026-07-03 06:11:03.217,Košice,Подгорица,None,0,51.6,50,1141.8,10,0.0,0.15,0.0,0.028,0.067,0.265,2.05,14.14,8.57,55.6,Normal
2026-07-03 06:11:04.211,Košice,Подгорица,None,0,48.7,50,1074.4,10,0.0,0.36,0.0,0.011,0.046,1.308,2.05,14.14,8.57,55.6,Normal
2026-07-03 06:11:05.202,Košice,Подгорица,None,0,42.9,50,945.0,10,0.0,0.44,0.0,0.01,0.051,1.717,2.05,14.15,8.57,55.6,Normal
2026-07-03 06:11:06.202,Košice,Подгорица,None,0,36.4,50,1038.3,9,0.0,0.47,1.0,-0.043,-0.033,1.889,2.05,14.15,8.57,55.6,Normal
2026-07-03 06:11:07.202,Košice,Подгорица,None,0,30.2,50,969.6,9,0.0,0.0,1.0,-0.182,0.014,0.933,2.05,14.15,8.57,55.6,Normal
2026-07-03 06:11:08.202,Košice,Подгорица,None,0,29.1,50,1063.8,8,0.0,0.0,1.0,-0.341,-0.0,0.224,2.05,14.15,8.57,55.6,Normal
2026-07-03 06:11:09.203,Košice,Подгорица,None,0,28.7,50,1058.6,8,0.37,0.0,1.0,0.023,-0.058,-0.145,2.05,14.15,8.57,55.6,Normal
2026-07-03 06:11:10.203,Košice,Подгорица,None,0,29.5,50,1085.9,8,0.32,0.0,-1.0,0.278,0.007,-0.171,2.05,14.15,8.57,55.6,Normal
2026-07-03 06:11:11.203,Košice,Подгорица,None,0,30.2,50,1111.9,8,0.37,0.0,-1.0,0.243,-0.012,-0.232,2.05,14.15,8.57,55.6,Normal
2026-07-03 06:11:12.204,Košice,Подгорица,None,0,31.3,50,1157.2,8,0.51,0.0,-1.0,0.082,-0.025,-0.408,2.05,14.15,8.57,55.5,Normal
2026-07-03 06:11:13.204,Košice,Подгорица,None,0,32.9,50,1216.4,8,0.5,0.0,-1.0,0.034,-0.011,-0.452,2.05,14.15,8.57,55.5,Normal
2026-07-03 06:11:14.205,Košice,Подгорица,None,0,34.4,50,1270.5,8,0.46,0.0,-1.0,0.006,0.005,-0.377,2.05,14.15,8.57,55.5,Normal
2026-07-03 06:11:15.204,Košice,Подгорица,None,0,35.8,50,1319.3,8,0.46,0.0,-1.0,0.1,-0.008,-0.357,2.05,14.15,8.57,55.5,Normal
2026-07-03 06:11:16.204,Košice,Подгорица,None,0,37.0,50,1363.2,8,0.51,0.0,-1.0,-0.009,0.001,-0.305,2.05,14.15,8.57,55.5,Normal
2026-07-03 06:11:17.205,Košice,Подгорица,None,0,38.0,50,1399.3,8,0.49,0.0,-1.0,-0.005,-0.01,-0.238,2.05,14.15,8.57,55.4,Normal
2026-07-03 06:11:18.205,Košice,Подгорица,None,0,38.6,50,1422.3,8,0.46,0.0,-1.0,-0.013,-0.004,-0.145,2.05,14.15,8.57,55.4,Normal
2026-07-03 06:11:19.218,Košice,Подгорица,None,0,38.9,50,1432.2,8,0.4,0.0,-1.0,0.001,-0.009,-0.028,2.05,14.15,8.57,55.4,Normal
2026-07-03 06:11:20.206,Košice,Подгорица,None,0,39.0,60,1434.4,8,0.52,0.0,-1.0,-0.02,-0.003,-0.03,2.05,14.15,8.57,55.4,Normal
2026-07-03 06:11:21.206,Košice,Подгорица,None,0,39.4,60,1453.4,8,0.77,0.0,-1.0,0.012,-0.023,-0.22,2.05,14.16,8.57,55.4,Normal
2026-07-03 06:11:22.206,Košice,Подгорица,None,0,40.2,60,1482.6,8,0.74,0.0,0.0,-0.083,0.011,-0.213,2.05,14.16,8.57,55.3,Normal
2026-07-03 06:11:23.227,Košice,Подгорица,None,0,40.9,60,1509.2,8,0.73,0.0,0.0,-0.043,-0.032,-0.201,2.05,14.16,8.57,55.3,Normal
2026-07-03 06:11:24.207,Košice,Подгорица,None,0,41.5,60,1530.8,8,0.69,0.0,0.0,-0.028,-0.004,-0.151,2.05,14.16,8.57,55.3,Normal
2026-07-03 06:11:25.232,Košice,Подгорица,None,0,42.1,60,1553.5,8,0.84,0.0,0.0,-0.018,-0.01,-0.199,2.05,14.16,8.57,55.3,Normal
2026-07-03 06:11:26.226,Košice,Подгорица,None,0,42.9,60,1580.3,8,0.74,0.0,0.0,-0.009,0.021,-0.186,2.05,14.16,8.57,55.2,Normal
2026-07-03 06:11:27.209,Košice,Подгорица,None,0,43.4,60,1599.7,8,0.69,0.0,0.0,0.004,0.001,-0.135,2.05,14.16,8.57,55.2,Normal
2026-07-03 06:11:28.209,Košice,Подгорица,None,0,43.9,60,1615.8,8,0.66,0.0,0.0,0.035,-0.022,-0.091,2.05,14.16,8.57,55.2,Normal
2026-07-03 06:11:29.210,Košice,Подгорица,None,0,44.5,60,1638.5,8,0.74,0.0,1.0,-0.046,0.027,-0.19,2.05,14.16,8.57,55.1,Normal
2026-07-03 06:11:30.210,Košice,Подгорица,None,0,44.6,60,1639.1,8,0.44,0.0,1.0,-0.044,0.015,0.026,2.05,14.17,8.57,55.1,Normal
2026-07-03 06:11:31.210,Košice,Подгорица,None,0,44.8,60,1650.4,8,0.61,0.0,1.0,0.017,-0.033,-0.151,2.05,14.17,8.57,55.1,Normal
2026-07-03 06:11:32.210,Košice,Подгорица,None,0,45.5,60,1676.5,8,0.58,0.0,1.0,-0.034,0.07,-0.222,2.05,14.17,8.57,55.1,Normal
2026-07-03 06:11:33.231,Košice,Подгорица,None,0,46.4,60,1702.8,8,0.62,0.0,1.0,-0.005,0.015,-0.224,2.05,14.17,8.57,55.1,Normal
2026-07-03 06:11:34.211,Košice,Подгорица,None,0,45.9,60,1314.2,9,0.66,0.0,1.0,0.01,0.018,0.218,2.05,14.17,8.57,55.1,Normal
2026-07-03 06:11:35.211,Košice,Подгорица,None,0,46.2,60,1328.7,9,0.66,0.0,1.0,0.003,-0.03,-0.273,2.05,14.17,8.57,55.0,Normal
2026-07-03 06:11:36.211,Košice,Подгорица,None,0,47.3,60,1360.8,9,0.64,0.0,1.0,0.008,-0.023,-0.325,2.05,14.17,8.57,55.0,Normal
2026-07-03 06:11:37.211,Košice,Подгорица,None,0,48.5,60,1393.0,9,0.6,0.0,1.0,-0.136,0.017,-0.315,2.05,14.17,8.57,55.0,Normal
2026-07-03 06:11:38.233,Košice,Подгорица,None,0,48.4,60,1072.6,10,0.62,0.0,1.0,-0.057,0.055,0.18,2.06,14.17,8.57,55.0,Normal
2026-07-03 06:11:39.228,Košice,Подгорица,None,0,48.2,60,1073.7,10,0.59,0.0,1.0,-0.015,-0.054,-0.09,2.06,14.17,8.57,55.0,Normal
2026-07-03 06:11:40.212,Košice,Подгорица,None,0,48.6,60,1083.3,10,0.59,0.0,1.0,-0.05,0.001,-0.132,2.06,14.17,8.57,55.0,Normal
2026-07-03 06:11:41.212,Košice,Подгорица,None,0,49.1,60,1094.6,10,0.6,0.0,1.0,-0.045,0.014,-0.162,2.06,14.17,8.57,54.9,Normal
2026-07-03 06:11:42.236,Košice,Подгорица,None,0,49.8,60,1109.7,10,0.62,0.0,1.0,0.067,-0.044,-0.19,2.06,14.18,8.57,54.9,Normal
2026-07-03 06:11:43.232,Košice,Подгорица,None,0,50.3,60,1121.7,10,0.66,0.0,1.0,0.024,0.01,-0.122,2.06,14.18,8.57,54.9,Normal
2026-07-03 06:11:44.214,Košice,Подгорица,None,0,50.7,60,1131.3,10,0.76,0.0,1.0,0.055,-0.059,-0.115,2.06,14.18,8.57,54.9,Normal
2026-07-03 06:11:45.213,Košice,Подгорица,None,0,51.1,60,1137.3,10,0.69,0.0,0.0,0.143,-0.019,-0.059,2.06,14.18,8.57,54.8,Normal
2026-07-03 06:11:46.214,Košice,Подгорица,None,0,51.2,60,1140.6,10,0.65,0.0,1.0,-0.143,0.04,-0.048,2.06,14.18,8.57,54.8,Normal
2026-07-03 06:11:47.226,Košice,Подгорица,None,0,51.5,60,1145.7,10,0.64,0.0,1.0,0.019,-0.001,-0.07,2.06,14.18,8.57,54.8,Normal
2026-07-03 06:11:48.236,Košice,Подгорица,None,0,51.9,60,1154.6,10,0.63,0.0,1.0,-0.028,-0.023,-0.137,2.06,14.18,8.57,54.8,Normal
2026-07-03 06:11:49.214,Košice,Подгорица,None,0,52.1,60,1155.5,10,0.0,0.0,0.0,0.137,0.08,0.083,2.06,14.18,8.57,54.8,Normal
2026-07-03 06:11:50.214,Košice,Подгорица,None,0,51.5,60,1142.0,10,0.06,0.0,-1.0,0.17,0.004,0.195,2.06,14.18,8.57,54.8,Normal
2026-07-03 06:11:51.214,Košice,Подгорица,None,0,51.0,60,1134.3,10,0.45,0.0,-1.0,0.018,-0.015,0.054,2.06,14.18,8.57,54.8,Normal
2026-07-03 06:11:52.215,Košice,Подгорица,None,0,51.1,60,1135.4,10,0.45,0.0,-1.0,0.031,0.003,-0.015,2.06,14.18,8.57,54.8,Normal
2026-07-03 06:11:53.227,Košice,Подгорица,None,0,51.2,60,1138.8,10,0.49,0.0,-1.0,0.031,0.01,-0.054,2.06,14.19,8.57,54.7,Normal
2026-07-03 06:11:54.215,Košice,Подгорица,None,0,51.3,60,1142.0,10,0.45,0.0,-1.0,0.018,-0.0,-0.029,2.06,14.19,8.57,54.7,Normal
2026-07-03 06:11:55.216,Košice,Подгорица,None,0,51.3,60,1141.8,10,0.45,0.0,-1.0,0.033,0.001,0.007,2.06,14.19,8.57,54.7,Normal
2026-07-03 06:11:56.216,Košice,Подгорица,None,0,51.4,60,1143.4,10,0.47,0.0,-1.0,0.015,-0.04,-0.034,2.06,14.19,8.57,54.7,Normal
2026-07-03 06:11:57.234,Košice,Подгорица,None,0,51.7,60,1149.7,10,0.47,0.0,-1.0,0.01,-0.032,-0.111,2.06,14.19,8.57,54.7,Normal
2026-07-03 06:11:58.217,Košice,Подгорица,None,0,52.3,60,1163.7,10,0.48,0.0,1.0,-0.16,-0.006,-0.216,2.06,14.19,8.57,54.7,Normal
2026-07-03 06:11:59.235,Košice,Подгорица,None,0,53.2,60,1181.8,10,0.32,0.0,-1.0,0.009,0.0,-0.224,2.06,14.19,8.57,54.6,Normal
2026-07-03 06:12:00.228,Košice,Подгорица,None,0,53.4,60,1185.4,10,0.36,0.0,-1.0,0.102,0.01,-0.046,2.06,14.19,8.57,54.6,Normal
2026-07-03 06:12:01.239,Košice,Подгорица,None,0,53.8,70,1196.4,10,0.36,0.0,-1.0,0.051,0.001,-0.139,2.06,14.2,8.57,54.6,Normal
2026-07-03 06:12:02.219,Košice,Подгорица,None,0,54.2,70,1206.4,10,0.47,0.0,-1.0,0.013,-0.078,-0.118,2.06,14.2,8.57,54.6,Normal
2026-07-03 06:12:03.218,Košice,Подгорица,None,0,54.7,70,1217.9,10,0.47,0.0,-1.0,-0.082,-0.016,-0.131,2.06,14.2,8.57,54.6,Normal
2026-07-03 06:12:04.218,Košice,Подгорица,None,0,55.1,70,1226.5,10,0.45,0.0,-1.0,-0.016,0.023,-0.105,2.06,14.2,8.57,54.6,Normal
2026-07-03 06:12:05.237,Košice,Подгорица,None,0,55.5,70,1233.9,10,0.55,0.0,1.0,-0.117,0.018,-0.099,2.06,14.2,8.57,54.6,Normal
2026-07-03 06:12:06.244,Košice,Подгорица,None,0,56.0,70,1245.6,10,0.53,0.0,1.0,-0.066,-0.001,-0.146,2.06,14.2,8.57,54.5,Normal
2026-07-03 06:12:07.238,Košice,Подгорица,None,0,56.5,70,1257.6,10,0.63,0.0,1.0,-0.092,-0.004,-0.161,2.06,14.2,8.57,54.5,Normal
2026-07-03 06:12:08.220,Košice,Подгорица,None,0,57.2,70,1273.5,10,0.56,0.0,1.0,-0.089,0.005,-0.218,2.06,14.2,8.57,54.5,Normal
2026-07-03 06:12:09.239,Košice,Подгорица,None,0,57.8,70,1286.5,10,0.5,0.0,1.0,-0.063,0.007,-0.142,2.06,14.2,8.57,54.5,Normal
2026-07-03 06:12:10.237,Košice,Подгорица,None,0,58.4,70,1298.4,10,0.57,0.0,1.0,-0.033,0.018,-0.156,2.06,14.2,8.57,54.5,Normal
2026-07-03 06:12:11.220,Košice,Подгорица,None,0,59.1,70,1315.1,10,0.55,0.0,1.0,0.083,-0.005,-0.228,2.06,14.21,8.57,54.4,Normal
2026-07-03 06:12:12.242,Košice,Подгорица,None,0,59.9,70,1334.2,10,0.59,0.0,1.0,0.046,-0.015,-0.249,2.06,14.21,8.57,54.4,Normal
2026-07-03 06:12:13.222,Košice,Подгорица,None,0,60.9,70,1357.1,10,0.63,0.0,1.0,0.011,0.049,-0.316,2.06,14.21,8.57,54.4,Normal
2026-07-03 06:12:14.223,Košice,Подгорица,None,0,62.1,70,1382.6,10,0.64,0.0,1.0,0.037,0.011,-0.324,2.06,14.21,8.57,54.4,Normal
2026-07-03 06:12:15.222,Košice,Подгорица,None,0,62.4,70,1116.4,11,0.67,0.0,0.0,0.058,0.026,0.036,2.06,14.21,8.57,54.4,Normal
2026-07-03 06:12:16.224,Košice,Подгорица,None,0,62.7,70,1127.1,11,0.65,0.0,0.0,0.041,-0.031,-0.226,2.06,14.21,8.57,54.4,Normal
2026-07-03 06:12:17.223,Košice,Подгорица,None,0,63.6,70,1142.1,11,0.63,0.0,-1.0,0.031,-0.032,-0.232,2.06,14.21,8.57,54.3,Normal
2026-07-03 06:12:18.224,Košice,Подгорица,None,0,64.3,70,1154.8,11,0.56,0.0,0.0,0.004,-0.011,-0.195,2.06,14.21,8.57,54.3,Normal
2026-07-03 06:12:19.224,Košice,Подгорица,None,0,64.9,70,1165.5,11,0.53,0.0,0.0,0.009,0.004,-0.143,2.06,14.21,8.57,54.3,Normal
2026-07-03 06:12:20.225,Košice,Подгорица,None,0,65.5,70,1175.0,11,0.49,0.0,0.0,0.017,0.009,-0.136,2.06,14.22,8.57,54.3,Normal
2026-07-03 06:12:21.225,Košice,Подгорица,None,0,65.6,70,1174.0,11,0.0,0.0,0.0,-0.014,0.087,0.087,2.06,14.22,8.57,54.3,Normal
2026-07-03 06:12:22.226,Košice,Подгорица,None,0,65.1,70,1165.6,11,0.0,0.0,0.0,-0.019,-0.029,0.127,2.06,14.22,8.57,54.3,Normal
2026-07-03 06:12:23.226,Košice,Подгорица,None,0,64.4,70,1151.6,11,0.0,0.0,0.0,0.047,0.074,0.23,2.06,14.22,8.57,54.3,Normal
2026-07-03 06:12:24.226,Košice,Подгорица,None,0,63.7,70,1139.0,11,0.0,0.0,-1.0,0.062,0.065,0.132,2.06,14.22,8.57,54.3,Normal
2026-07-03 06:12:25.226,Košice,Подгорица,None,0,63.3,70,1132.1,11,0.0,0.0,-1.0,-0.014,0.014,0.104,2.06,14.22,8.57,54.3,Normal
2026-07-03 06:12:26.238,Košice,Подгорица,None,0,63.0,70,1127.1,11,0.0,0.0,-1.0,0.079,0.04,0.069,2.06,14.23,8.57,54.3,Normal
2026-07-03 06:12:27.227,Košice,Подгорица,None,0,63.0,70,1125.5,11,0.0,0.0,-1.0,0.143,0.047,-0.02,2.06,14.23,8.57,54.3,Normal
2026-07-03 06:12:28.245,Košice,Подгорица,None,0,63.1,70,1127.4,11,0.0,0.0,-1.0,0.021,-0.039,-0.037,2.06,14.23,8.57,54.3,Normal
2026-07-03 06:12:29.227,Košice,Подгорица,None,0,61.9,70,1100.5,11,0.0,0.33,-1.0,0.034,0.166,1.066,2.06,14.23,8.57,54.3,Normal
2026-07-03 06:12:30.229,Košice,Подгорица,None,0,59.3,70,1058.9,11,0.0,0.0,-1.0,-0.043,-0.025,0.168,2.06,14.23,8.57,54.3,Normal
2026-07-03 06:12:31.229,Košice,Подгорица,None,0,58.9,70,1052.7,11,0.0,0.0,-1.0,0.082,-0.046,0.116,2.06,14.23,8.57,54.3,Normal
2026-07-03 06:12:32.247,Košice,Подгорица,None,0,58.1,70,1037.8,11,0.0,0.0,-1.0,-0.183,0.009,0.314,2.06,14.23,8.58,54.3,Normal
2026-07-03 06:12:33.229,Košice,Подгорица,None,0,56.9,70,1016.9,11,0.0,0.0,1.0,-0.23,0.021,0.283,2.06,14.23,8.58,54.3,Normal
2026-07-03 06:12:34.255,Košice,Подгорица,None,0,56.3,70,1030.6,11,0.97,0.0,1.0,-0.036,-0.031,0.058,2.06,14.23,8.58,54.3,Normal
2026-07-03 06:12:35.231,Košice,Подгорица,None,0,56.1,70,1246.8,10,0.71,0.0,0.0,0.014,-0.013,0.053,2.06,14.24,8.58,54.3,Normal
2026-07-03 06:12:36.243,Košice,Подгорица,None,0,56.8,70,1265.7,10,0.69,0.0,1.0,0.004,-0.018,-0.318,2.06,14.24,8.58,54.2,Normal
2026-07-03 06:12:37.249,Košice,Подгорица,None,0,58.1,70,1293.4,10,0.68,0.0,1.0,-0.023,0.018,-0.341,2.06,14.24,8.58,54.2,Normal
2026-07-03 06:12:38.255,Košice,Подгорица,None,0,59.1,70,1315.8,10,0.6,0.0,1.0,-0.042,-0.012,-0.273,2.06,14.24,8.58,54.2,Normal
2026-07-03 06:12:39.232,Košice,Подгорица,None,0,60.2,70,1339.7,10,0.48,0.0,1.0,-0.008,-0.015,-0.304,2.06,14.24,8.58,54.2,Normal
2026-07-03 06:12:40.232,Košice,Подгорица,None,0,61.2,70,1361.3,10,0.68,0.0,1.0,0.031,-0.012,-0.275,2.06,14.24,8.58,54.1,Normal
2026-07-03 06:12:41.233,Košice,Подгорица,None,0,62.2,70,1379.5,10,0.59,0.0,1.0,-0.004,-0.005,-0.275,2.06,14.24,8.58,54.1,Normal
2026-07-03 06:12:42.233,Košice,Подгорица,None,0,62.3,70,1114.7,11,0.67,0.0,1.0,-0.03,0.035,0.055,2.06,14.24,8.58,54.1,Normal
2026-07-03 06:12:43.233,Košice,Подгорица,None,0,62.7,70,1126.1,11,0.67,0.0,0.0,0.064,-0.013,-0.234,2.06,14.24,8.58,54.1,Normal
2026-07-03 06:12:44.234,Košice,Подгорица,None,0,63.5,70,1141.5,11,0.68,0.0,1.0,-0.087,0.027,-0.236,2.06,14.24,8.58,54.1,Normal
2026-07-03 06:12:45.245,Košice,Подгорица,None,0,64.6,70,1160.9,11,0.86,0.0,1.0,-0.008,-0.03,-0.314,2.06,14.25,8.58,54.1,Normal
2026-07-03 06:12:46.234,Košice,Подгорица,None,0,65.6,70,1177.0,11,0.35,0.0,-1.0,0.111,0.031,-0.23,2.06,14.25,8.58,54.0,Normal
2026-07-03 06:12:47.251,Košice,Подгорица,None,0,65.6,70,1176.3,11,0.37,0.0,1.0,-0.023,0.0,0.063,2.06,14.25,8.58,54.0,Normal
2026-07-03 06:12:48.255,Košice,Подгорица,None,0,65.8,70,1179.6,11,0.24,0.0,1.0,-0.015,-0.02,-0.071,2.06,14.25,8.58,54.0,Normal
2026-07-03 06:12:49.248,Košice,Подгорица,None,0,65.7,70,1175.8,11,0.0,0.0,1.0,-0.049,-0.02,0.103,2.06,14.25,8.58,54.0,Normal
2026-07-03 06:12:50.257,Košice,Подгорица,None,0,65.3,70,1168.1,11,0.0,0.0,1.0,-0.154,-0.008,0.128,2.06,14.25,8.58,54.0,Normal
2026-07-03 06:12:51.237,Košice,Подгорица,None,0,64.8,70,1159.9,11,0.0,0.0,1.0,-0.059,-0.017,0.136,2.06,14.26,8.58,54.0,Normal
2026-07-03 06:12:52.236,Košice,Подгорица,None,0,64.5,70,1153.8,11,0.04,0.0,1.0,-0.087,0.003,0.085,2.06,14.26,8.58,54.0,Normal
2026-07-03 06:12:53.261,Košice,Подгорица,None,0,64.2,70,1152.2,11,0.56,0.0,1.0,0.064,-0.012,-0.003,2.06,14.26,8.58,54.0,Normal
2026-07-03 06:12:54.255,Košice,Подгорица,None,0,64.6,70,1160.6,11,0.49,0.0,1.0,0.032,0.026,-0.157,2.06,14.26,8.58,54.0,Normal
2026-07-03 06:12:55.250,Košice,Подгорица,None,0,65.2,70,1170.3,11,0.5,0.0,1.0,0.026,-0.018,-0.153,2.06,14.26,8.58,54.0,Normal
2026-07-03 06:12:56.263,Košice,Подгорица,None,0,65.7,70,1180.2,11,0.47,0.0,1.0,0.046,-0.014,-0.161,2.06,14.26,8.58,54.0,Normal
2026-07-03 06:12:57.256,Košice,Подгорица,None,0,66.1,70,1186.1,11,0.34,0.0,-1.0,0.128,0.02,-0.082,2.07,14.26,8.58,53.9,Normal
2026-07-03 06:12:58.248,Košice,Подгорица,None,0,66.5,70,1192.8,11,0.44,0.0,-1.0,0.137,-0.001,-0.121,2.07,14.26,8.58,53.9,Normal
2026-07-03 06:12:59.239,Košice,Подгорица,None,0,67.0,70,1201.4,11,0.42,0.0,-1.0,0.084,-0.003,-0.124,2.07,14.27,8.58,53.9,Normal
2026-07-03 06:13:00.239,Košice,Подгорица,None,0,67.4,70,1208.6,11,0.41,0.0,-1.0,-0.029,-0.033,-0.108,2.07,14.27,8.58,53.9,Normal
2026-07-03 06:13:01.261,Košice,Подгорица,None,0,67.8,70,1216.6,11,0.39,0.0,1.0,-0.105,-0.002,-0.15,2.07,14.27,8.58,53.9,Normal
2026-07-03 06:13:02.241,Košice,Подгорица,None,0,68.6,70,1232.1,11,0.63,0.0,0.0,-0.023,-0.038,-0.281,2.07,14.27,8.58,53.9,Normal
2026-07-03 06:13:03.241,Košice,Подгорица,None,0,69.6,70,1249.1,11,0.54,0.0,1.0,-0.002,0.024,-0.253,2.07,14.27,8.58,53.9,Normal
2026-07-03 06:13:04.241,Košice,Подгорица,None,0,70.1,70,1254.9,11,0.0,0.0,1.0,-0.01,0.064,0.009,2.07,14.27,8.58,53.8,Normal
2026-07-03 06:13:05.262,Košice,Подгорица,None,0,69.7,70,1247.8,11,0.0,0.0,0.0,0.039,-0.002,0.139,2.07,14.27,8.58,53.8,Normal
2026-07-03 06:13:06.261,Košice,Подгорица,None,0,69.7,70,1250.4,11,0.49,0.0,1.0,-0.013,-0.035,-0.114,2.07,14.27,8.58,53.8,Normal
2026-07-03 06:13:07.243,Košice,Подгорица,None,0,69.8,70,1251.3,11,0.27,0.0,1.0,-0.134,0.266,0.069,2.07,14.27,8.58,53.8,Normal
2026-07-03 06:13:08.244,Košice,Подгорица,None,0,69.2,70,1239.6,11,0.26,0.0,1.0,-0.116,-0.042,0.271,2.07,14.28,8.58,53.8,Normal
2026-07-03 06:13:09.244,Košice,Подгорица,None,0,68.5,70,1227.7,11,0.29,0.0,1.0,0.01,-0.075,0.122,2.07,14.28,8.58,53.8,Normal
2026-07-03 06:13:10.244,Košice,Подгорица,None,0,68.1,70,1222.0,11,0.55,0.0,1.0,0.078,-0.045,0.089,2.07,14.28,8.58,53.8,Normal
2026-07-03 06:13:11.243,Košice,Подгорица,None,0,67.8,70,1213.5,11,0.0,0.0,0.0,0.161,0.06,0.199,2.07,14.28,8.58,53.8,Normal
2026-07-03 06:13:12.243,Košice,Подгорица,None,0,67.0,70,1200.0,11,0.16,0.0,0.0,0.092,-0.047,0.138,2.07,14.28,8.58,53.8,Normal
2026-07-03 06:13:13.244,Košice,Подгорица,None,0,66.0,70,1179.6,11,0.0,0.0,-1.0,0.435,-0.008,0.356,2.07,14.29,8.58,53.8,Harsh Cornering
2026-07-03 06:13:14.245,Košice,Подгорица,None,0,64.7,70,1157.6,11,0.0,0.0,-1.0,0.042,0.035,0.331,2.07,14.29,8.58,53.8,Normal
2026-07-03 06:13:15.256,Košice,Подгорица,None,0,64.0,70,1149.5,11,0.69,0.0,-1.0,0.085,-0.078,0.041,2.07,14.29,8.58,53.8,Normal
2026-07-03 06:13:16.265,Košice,Подгорица,None,0,64.0,70,1150.4,11,0.66,0.0,-1.0,-0.032,0.051,-0.022,2.07,14.29,8.58,53.7,Normal
2026-07-03 06:13:17.245,Košice,Подгорица,None,0,63.5,70,1136.5,11,0.0,0.0,-1.0,-0.006,0.077,0.272,2.07,14.29,8.58,53.7,Normal
2026-07-03 06:13:18.246,Košice,Подгорица,None,0,62.6,70,1120.4,11,0.31,0.0,1.0,-0.164,0.023,0.255,2.07,14.29,8.58,53.7,Normal
2026-07-03 06:13:19.246,Košice,Подгорица,None,0,62.1,70,1113.8,11,0.38,0.0,1.0,-0.135,-0.054,0.074,2.07,14.29,8.58,53.7,Normal
2026-07-03 06:13:20.247,Košice,Подгорица,None,0,61.6,70,1102.4,11,0.0,0.0,0.0,0.05,0.015,0.23,2.07,14.29,8.58,53.7,Normal
2026-07-03 06:13:21.260,Košice,Подгорица,None,0,60.1,70,1074.9,11,0.0,0.0,1.0,-0.109,0.038,0.467,2.07,14.29,8.58,53.7,Normal
2026-07-03 06:13:22.247,Košice,Подгорица,None,0,58.6,70,1047.9,11,0.04,0.0,1.0,-0.038,-0.022,0.325,2.07,14.3,8.58,53.7,Normal
2026-07-03 06:13:23.267,Košice,Подгорица,None,0,57.1,70,1020.8,11,0.0,0.0,1.0,-0.001,-0.036,0.405,2.07,14.3,8.58,53.7,Normal
2026-07-03 06:13:24.248,Košice,Подгорица,None,0,55.9,70,998.7,11,0.0,0.0,1.0,-0.035,-0.023,0.293,2.07,14.3,8.58,53.7,Normal
2026-07-03 06:13:25.265,Košice,Подгорица,None,0,55.1,70,986.7,11,0.0,0.0,-1.0,0.428,-0.028,0.14,2.07,14.3,8.58,53.7,Harsh Cornering
2026-07-03 06:13:26.274,Košice,Подгорица,None,0,54.7,70,978.8,11,0.0,0.0,-1.0,0.293,-0.007,0.107,2.07,14.3,8.58,53.7,Normal
2026-07-03 06:13:27.249,Košice,Подгорица,None,0,54.5,70,978.3,11,0.49,0.0,-1.0,-0.152,-0.04,-0.033,2.07,14.3,8.58,53.7,Normal
2026-07-03 06:13:28.250,Košice,Подгорица,None,0,55.0,70,988.6,11,0.53,0.0,-1.0,0.134,0.007,-0.179,2.07,14.3,8.58,53.7,Normal
2026-07-03 06:13:29.266,Košice,Подгорица,None,0,55.7,70,1000.6,11,0.58,0.0,-1.0,-0.06,0.001,-0.185,2.07,14.3,8.58,53.7,Normal
2026-07-03 06:13:30.264,Košice,Подгорица,None,0,56.1,70,1003.5,11,0.0,0.0,0.0,-0.165,0.018,0.042,2.07,14.3,8.58,53.7,Normal
2026-07-03 06:13:31.261,Košice,Подгорица,None,0,55.6,70,995.1,11,0.0,0.0,-1.0,0.034,0.018,0.132,2.07,14.3,8.58,53.7,Normal
2026-07-03 06:13:32.251,Košice,Подгорица,None,0,55.1,70,986.5,11,0.0,0.0,0.0,-0.095,0.004,0.157,2.07,14.3,8.58,53.7,Normal
2026-07-03 06:13:33.265,Košice,Подгорица,None,0,54.3,70,971.9,11,0.0,0.0,-1.0,0.063,-0.018,0.273,2.07,14.31,8.58,53.7,Normal
2026-07-03 06:13:34.264,Košice,Подгорица,None,0,52.8,70,1168.9,10,0.0,0.0,-1.0,-0.009,0.001,0.542,2.07,14.31,8.58,53.6,Normal
2026-07-03 06:13:35.276,Košice,Подгорица,None,0,48.9,70,1079.3,10,0.0,0.22,1.0,-0.039,0.022,1.615,2.07,14.31,8.58,53.6,Normal
2026-07-03 06:13:36.270,Košice,Подгорица,None,0,42.3,70,932.1,10,0.0,0.0,1.0,-0.118,-0.029,1.79,2.07,14.31,8.58,53.6,Normal
2026-07-03 06:13:37.253,Košice,Подгорица,None,0,39.4,70,1124.9,9,0.0,0.0,1.0,-0.241,0.014,0.519,2.07,14.31,8.58,53.6,Normal
2026-07-03 06:13:38.274,Košice,Подгорица,None,0,38.1,70,1091.3,9,0.02,0.0,1.0,0.003,-0.005,0.16,2.07,14.31,8.58,53.6,Normal
2026-07-03 06:13:39.254,Košice,Подгорица,None,0,37.6,70,1072.7,9,0.0,0.0,1.0,0.068,-0.015,0.178,2.07,14.31,8.58,53.6,Normal
2026-07-03 06:13:40.254,Košice,Подгорица,None,0,37.3,70,1067.5,9,0.0,0.0,1.0,0.013,0.013,-0.005,2.07,14.31,8.58,53.6,Normal
2026-07-03 06:13:41.255,Košice,Подгорица,None,0,37.5,70,1072.5,9,0.0,0.0,1.0,-0.014,0.001,-0.065,2.07,14.32,8.58,53.6,Normal
2026-07-03 06:13:42.274,Košice,Подгорица,None,0,37.7,70,1076.7,9,0.0,0.0,1.0,0.002,0.008,-0.01,2.07,14.32,8.58,53.6,Normal
2026-07-03 06:13:43.255,Košice,Подгорица,None,0,37.4,70,1070.3,9,0.0,0.0,1.0,0.059,-0.041,0.123,2.07,14.32,8.58,53.6,Normal
2026-07-03 06:13:44.274,Košice,Подгорица,None,0,36.7,70,1049.2,9,0.01,0.0,0.0,0.146,0.004,0.237,2.07,14.32,8.58,53.6,Normal
2026-07-03 06:13:45.257,Košice,Подгорица,None,0,36.2,70,1039.1,9,0.31,0.0,-1.0,0.184,-0.013,0.048,2.07,14.32,8.58,53.6,Normal
2026-07-03 06:13:46.256,Košice,Подгорица,None,0,36.4,70,1042.7,9,0.22,0.0,0.0,-0.006,0.001,-0.027,2.07,14.32,8.58,53.6,Normal
2026-07-03 06:13:47.271,Košice,Подгорица,None,0,36.0,70,1029.8,9,0.0,0.0,-1.0,0.105,0.003,0.209,2.07,14.32,8.58,53.6,Normal
2026-07-03 06:13:48.257,Košice,Подгорица,None,0,35.1,70,1004.4,9,0.3,0.0,-1.0,0.187,-0.019,0.235,2.07,14.32,8.58,53.6,Normal
2026-07-03 06:13:49.275,Košice,Подгорица,None,0,34.7,70,991.4,9,0.0,0.0,-1.0,0.008,0.038,0.161,2.07,14.32,8.58,53.6,Normal
2026-07-03 06:13:50.282,Košice,Подгорица,None,0,33.7,70,962.7,9,0.0,0.0,-1.0,0.123,-0.006,0.293,2.07,14.32,8.58,53.6,Normal
2026-07-03 06:13:51.258,Košice,Подгорица,None,0,32.8,50,935.9,9,0.0,0.0,-1.0,0.158,0.005,0.257,2.07,14.32,8.58,53.6,Normal
2026-07-03 06:13:52.281,Košice,Подгорица,None,0,31.9,50,925.4,9,0.0,0.0,-1.0,0.085,0.016,0.212,2.07,14.32,8.58,53.6,Normal
2026-07-03 06:13:53.272,Košice,Подгорица,None,0,31.4,50,1148.8,8,0.0,0.0,-1.0,0.057,-0.029,0.154,2.07,14.32,8.58,53.6,Normal
2026-07-03 06:13:54.280,Košice,Подгорица,None,0,30.6,50,1119.0,8,0.0,0.0,-1.0,-0.072,-0.008,0.237,2.07,14.32,8.58,53.6,Normal
2026-07-03 06:13:55.273,Košice,Подгорица,None,0,29.9,50,1103.9,8,0.47,0.0,0.0,-0.145,-0.005,-0.028,2.07,14.32,8.58,53.6,Normal
2026-07-03 06:13:56.273,Košice,Подгорица,None,0,31.0,50,1145.2,8,0.42,0.0,1.0,-0.314,-0.005,-0.365,2.07,14.32,8.58,53.6,Normal
2026-07-03 06:13:57.260,Košice,Подгорица,None,0,32.6,50,1202.8,8,0.51,0.0,1.0,-0.11,0.004,-0.521,2.07,14.32,8.58,53.6,Normal
2026-07-03 06:13:58.282,Košice,Подгорица,None,0,34.5,50,1273.8,8,0.49,0.0,1.0,-0.071,0.01,-0.53,2.07,14.33,8.58,53.6,Normal
2026-07-03 06:13:59.279,Košice,Подгорица,None,0,36.3,50,1339.3,8,0.46,0.0,0.0,0.024,0.033,-0.486,2.07,14.33,8.58,53.5,Normal
2026-07-03 06:14:00.261,Košice,Подгорица,None,0,38.1,50,1403.7,8,0.51,0.0,1.0,-0.06,-0.012,-0.513,2.07,14.33,8.58,53.5,Normal
2026-07-03 06:14:01.262,Košice,Подгорица,None,0,38.7,50,1109.0,9,0.53,0.0,1.0,-0.022,0.004,-0.061,2.07,14.33,8.58,53.5,Normal
2026-07-03 06:14:02.261,Košice,Подгорица,None,0,39.5,50,1136.3,9,0.52,0.0,1.0,-0.019,-0.088,-0.374,2.07,14.33,8.58,53.5,Normal
2026-07-03 06:14:03.262,Košice,Подгорица,None,0,41.0,50,1178.1,9,0.49,0.0,1.0,-0.001,-0.019,-0.418,2.07,14.33,8.58,53.5,Normal
2026-07-03 06:14:04.264,Košice,Подгорица,None,0,42.4,50,1218.1,9,0.52,0.0,1.0,-0.117,0.052,-0.372,2.07,14.33,8.58,53.5,Normal
2026-07-03 06:14:05.263,Košice,Подгорица,None,0,43.7,50,1256.4,9,0.5,0.0,1.0,-0.01,-0.045,-0.343,2.07,14.33,8.58,53.5,Normal
2026-07-03 06:14:06.263,Košice,Подгорица,None,0,44.9,50,1291.5,9,0.55,0.0,1.0,0.017,-0.021,-0.355,2.07,14.33,8.58,53.4,Normal
2026-07-03 06:14:07.275,Košice,Подгорица,None,0,46.0,50,1322.0,9,0.48,0.0,0.0,0.03,-0.009,-0.266,2.07,14.33,8.58,53.4,Normal
2026-07-03 06:14:08.264,Košice,Подгорица,None,0,47.0,50,1348.2,9,0.47,0.0,0.0,0.051,0.012,-0.256,2.07,14.33,8.58,53.4,Normal
2026-07-03 06:14:09.264,Košice,Подгорица,None,0,47.8,50,1373.8,9,0.51,0.0,1.0,-0.085,0.031,-0.261,2.07,14.33,8.58,53.4,Normal
2026-07-03 06:14:10.264,Košice,Подгорица,None,0,48.6,50,1284.1,9,0.59,0.0,1.0,-0.055,0.05,-0.037,2.07,14.33,8.58,53.4,Normal
2026-07-03 06:14:11.287,Košice,Подгорица,None,0,48.4,50,1075.4,10,0.62,0.0,1.0,-0.044,-0.03,0.031,2.07,14.34,8.58,53.4,Normal
2026-07-03 06:14:12.265,Košice,Подгорица,None,0,49.0,50,1091.1,10,0.61,0.0,1.0,-0.041,-0.002,-0.245,2.07,14.34,8.58,53.3,Normal
2026-07-03 06:14:13.288,Košice,Подгорица,None,0,50.0,50,1113.0,10,0.59,0.0,0.0,0.096,-0.011,-0.293,2.07,14.34,8.58,53.3,Normal
2026-07-03 06:14:14.266,Košice,Подгорица,None,0,50.3,50,1117.0,10,0.0,0.0,1.0,-0.109,0.015,0.045,2.07,14.34,8.58,53.3,Normal
2026-07-03 06:14:15.266,Košice,Подгорица,None,0,50.7,50,1124.5,10,0.0,0.0,1.0,0.004,0.011,-0.104,2.07,14.34,8.58,53.3,Normal
2026-07-03 06:14:16.283,Košice,Подгорица,None,0,50.6,50,1122.0,10,0.0,0.0,1.0,-0.062,-0.002,0.057,2.07,14.34,8.58,53.3,Normal
2026-07-03 06:14:17.279,Košice,Подгорица,None,0,50.5,50,1118.9,10,0.0,0.0,1.0,-0.027,-0.014,0.026,2.07,14.34,8.58,53.3,Normal
2026-07-03 06:14:18.287,Košice,Подгорица,None,0,50.4,50,1118.7,10,0.0,0.0,1.0,-0.056,0.021,-0.004,2.07,14.34,8.58,53.3,Normal
2026-07-03 06:14:19.281,Košice,Подгорица,None,0,50.4,50,1117.8,10,0.0,0.0,-1.0,0.099,-0.011,0.007,2.07,14.35,8.58,53.3,Normal
2026-07-03 06:14:20.292,Košice,Подгорица,None,0,50.4,50,1117.8,10,0.0,0.0,-1.0,0.129,0.003,0.004,2.07,14.35,8.58,53.3,Normal
2026-07-03 06:14:21.269,Košice,Подгорица,None,0,50.4,50,1117.1,10,0.0,0.0,0.0,-0.011,-0.012,0.002,2.07,14.35,8.58,53.3,Normal
2026-07-03 06:14:22.269,Košice,Подгорица,None,0,50.4,50,1117.1,10,0.0,0.0,0.0,-0.023,-0.008,-0.003,2.07,14.35,8.58,53.3,Normal
2026-07-03 06:14:23.270,Košice,Подгорица,None,0,50.4,50,1116.6,10,0.0,0.0,0.0,-0.023,0.033,0.008,2.08,14.35,8.58,53.3,Normal
2026-07-03 06:14:24.291,Košice,Подгорица,None,0,50.3,50,1116.4,10,0.0,0.0,0.0,-0.01,-0.017,0.006,2.08,14.35,8.58,53.3,Normal
2026-07-03 06:14:25.270,Košice,Подгорица,None,0,50.3,50,1116.8,10,0.0,0.0,1.0,-0.146,0.013,-0.026,2.08,14.35,8.58,53.3,Normal
2026-07-03 06:14:26.282,Košice,Подгорица,None,0,50.3,50,1116.0,10,0.0,0.0,1.0,-0.149,0.02,0.029,2.08,14.35,8.58,53.3,Normal
2026-07-03 06:14:27.291,Košice,Подгорица,None,0,50.3,50,1115.7,10,0.0,0.0,1.0,-0.031,-0.007,0.007,2.08,14.35,8.58,53.3,Normal
2026-07-03 06:14:28.271,Košice,Подгорица,None,0,50.3,50,1115.9,10,0.0,0.0,1.0,0.111,-0.042,0.007,2.08,14.35,8.58,53.3,Normal
2026-07-03 06:14:29.271,Košice,Подгорица,None,0,50.3,50,1116.0,10,0.0,0.0,1.0,-0.011,-0.016,-0.003,2.08,14.35,8.58,53.3,Normal
2026-07-03 06:14:30.290,Košice,Подгорица,None,0,50.3,50,1117.3,10,0.0,0.0,-1.0,0.265,0.025,-0.019,2.08,14.36,8.58,53.3,Normal
2026-07-03 06:14:31.284,Košice,Подгорица,None,0,50.4,70,1122.2,10,0.57,0.0,-1.0,0.131,-0.039,-0.122,2.08,14.36,8.58,53.3,Normal
2026-07-03 06:14:32.271,Košice,Подгорица,None,0,51.3,70,1142.5,10,0.51,0.0,-1.0,0.128,-0.051,-0.269,2.08,14.36,8.58,53.2,Normal
2026-07-03 06:14:33.272,Košice,Подгорица,None,0,52.2,70,1163.1,10,0.5,0.0,-1.0,-0.114,-0.033,-0.252,2.08,14.36,8.58,53.2,Normal
2026-07-03 06:14:34.272,Košice,Подгорица,None,0,53.1,70,1182.6,10,0.67,0.0,-1.0,-0.207,-0.058,-0.258,2.08,14.36,8.58,53.2,Normal
2026-07-03 06:14:35.293,Košice,Подгорица,None,0,54.1,70,1204.3,10,0.61,0.0,-1.0,0.152,0.014,-0.271,2.08,14.36,8.58,53.2,Normal
2026-07-03 06:14:36.289,Košice,Подгорица,None,0,55.0,70,1224.3,10,0.51,0.0,-1.0,0.017,0.022,-0.243,2.08,14.36,8.58,53.2,Normal
2026-07-03 06:14:37.274,Košice,Подгорица,None,0,55.7,70,1238.2,10,0.52,0.0,0.0,-0.204,-0.005,-0.162,2.08,14.36,8.58,53.2,Normal
2026-07-03 06:14:38.296,Košice,Подгорица,None,0,56.5,70,1258.5,10,0.73,0.0,0.0,-0.089,-0.015,-0.302,2.08,14.36,8.58,53.1,Normal
2026-07-03 06:14:39.275,Košice,Подгорица,None,0,57.7,70,1284.1,10,0.65,0.0,0.0,-0.043,0.024,-0.324,2.08,14.36,8.58,53.1,Normal
2026-07-03 06:14:40.276,Košice,Подгорица,None,0,58.8,70,1309.4,10,0.66,0.0,-1.0,0.048,0.002,-0.315,2.08,14.36,8.58,53.1,Normal
2026-07-03 06:14:41.275,Košice,Подгорица,None,0,59.9,70,1333.5,10,0.58,0.0,-1.0,-0.021,-0.025,-0.299,2.08,14.37,8.58,53.1,Normal
2026-07-03 06:14:42.276,Košice,Подгорица,None,0,60.8,70,1351.9,10,0.25,0.0,-1.0,0.004,0.002,-0.222,2.08,14.37,8.58,53.0,Normal
2026-07-03 06:14:43.276,Košice,Подгорица,None,0,61.4,70,1365.7,10,0.65,0.0,-1.0,0.066,-0.026,-0.211,2.08,14.37,8.58,53.0,Normal
2026-07-03 06:14:44.276,Košice,Подгорица,None,0,61.8,70,1369.9,10,0.0,0.0,-1.0,-0.073,0.042,0.057,2.08,14.37,8.58,53.0,Normal
2026-07-03 06:14:45.276,Košice,Подгорица,None,0,61.4,70,1363.5,10,0.48,0.0,-1.0,-0.002,0.002,0.075,2.08,14.37,8.58,53.0,Normal
2026-07-03 06:14:46.277,Košice,Подгорица,None,0,61.8,70,1370.9,10,0.03,0.0,-1.0,-0.009,-0.007,-0.123,2.08,14.37,8.58,53.0,Normal
2026-07-03 06:14:47.277,Košice,Подгорица,None,0,61.8,70,1372.3,10,0.38,0.0,-1.0,-0.002,-0.066,-0.03,2.08,14.38,8.58,53.0,Normal
2026-07-03 06:14:48.296,Košice,Подгорица,None,0,62.0,70,1375.4,10,0.29,0.0,-1.0,-0.092,-0.015,-0.065,2.08,14.38,8.58,53.0,Normal
2026-07-03 06:14:49.292,Košice,Подгорица,None,0,61.8,70,1106.0,11,0.0,0.0,-1.0,-0.027,0.039,0.076,2.08,14.38,8.58,53.0,Normal
2026-07-03 06:14:50.277,Košice,Подгорица,None,0,61.4,70,1097.5,11,0.0,0.0,-1.0,-0.008,-0.095,0.159,2.08,14.38,8.58,53.0,Normal
2026-07-03 06:14:51.298,Košice,Подгорица,None,0,60.9,70,1088.7,11,0.0,0.0,-1.0,0.033,-0.031,0.142,2.08,14.38,8.58,53.0,Normal
2026-07-03 06:14:52.278,Košice,Подгорица,None,0,60.4,70,1080.4,11,0.0,0.0,-1.0,0.053,-0.019,0.167,2.08,14.38,8.58,53.0,Normal
2026-07-03 06:14:53.297,Košice,Подгорица,None,0,59.5,70,1066.3,11,0.32,0.0,0.0,-0.182,0.068,0.282,2.08,14.38,8.58,53.0,Normal
2026-07-03 06:14:54.279,Košice,Подгорица,None,0,58.6,70,1047.5,11,0.0,0.0,1.0,-0.097,-0.027,0.277,2.08,14.38,8.58,53.0,Normal
2026-07-03 06:14:55.292,Košice,Подгорица,None,0,56.8,70,1016.0,11,0.0,0.0,0.0,-0.03,-0.053,0.539,2.08,14.38,8.58,53.0,Normal
2026-07-03 06:14:56.303,Košice,Подгорица,None,0,54.9,70,982.1,11,0.0,0.0,1.0,-0.136,-0.011,0.528,2.08,14.38,8.58,53.0,Normal
2026-07-03 06:14:57.281,Košice,Подгорица,None,0,53.3,70,1158.3,11,0.1,0.0,1.0,-0.079,-0.005,0.449,2.08,14.39,8.58,53.0,Normal
2026-07-03 06:14:58.281,Košice,Подгорица,None,0,52.0,70,1155.7,10,0.33,0.0,1.0,-0.076,-0.067,0.197,2.08,14.39,8.58,53.0,Normal
2026-07-03 06:14:59.282,Košice,Подгорица,None,0,51.7,70,1148.1,10,0.46,0.0,1.0,0.0,0.036,0.023,2.08,14.39,8.58,52.9,Normal
2026-07-03 06:15:00.282,Košice,Подгорица,None,0,52.2,70,1161.2,10,0.51,0.0,1.0,-0.022,0.007,-0.215,2.08,14.39,8.58,52.9,Normal
2026-07-03 06:15:01.283,Košice,Подгорица,None,0,53.0,70,1181.0,10,0.56,0.0,0.0,0.174,0.035,-0.27,2.08,14.39,8.58,52.9,Normal
2026-07-03 06:15:02.283,Košice,Подгорица,None,0,54.0,70,1201.4,10,0.55,0.0,1.0,0.034,0.006,-0.264,2.08,14.39,8.58,52.9,Normal
2026-07-03 06:15:03.284,Košice,Подгорица,None,0,54.2,70,1202.1,10,0.0,0.0,1.0,-0.054,0.052,0.077,2.08,14.39,8.58,52.9,Normal
2026-07-03 06:15:04.304,Košice,Подгорица,None,0,53.8,70,1192.0,10,0.0,0.0,1.0,-0.049,0.0,0.131,2.08,14.39,8.58,52.9,Normal
2026-07-03 06:15:05.284,Košice,Подгорица,None,0,53.3,70,1182.8,10,0.38,0.0,1.0,0.015,0.017,0.126,2.08,14.39,8.58,52.9,Normal
2026-07-03 06:15:06.284,Košice,Подгорица,None,0,53.7,70,1193.2,10,0.36,0.0,1.0,0.052,-0.033,-0.196,2.08,14.39,8.58,52.9,Normal
2026-07-03 06:15:07.284,Košice,Подгорица,None,0,53.6,70,1188.0,10,0.0,0.0,0.0,0.069,-0.014,0.108,2.08,14.4,8.58,52.9,Normal
2026-07-03 06:15:08.284,Košice,Подгорица,None,0,53.2,70,1178.9,10,0.0,0.0,1.0,-0.03,-0.033,0.12,2.08,14.4,8.58,52.9,Normal
2026-07-03 06:15:09.284,Košice,Подгорица,None,0,52.7,50,1168.5,10,0.0,0.0,0.0,0.058,-0.021,0.131,2.08,14.4,8.58,52.9,Normal
2026-07-03 06:15:10.285,Košice,Подгорица,None,0,52.3,50,1158.5,10,0.0,0.0,-1.0,0.034,0.004,0.121,2.08,14.4,8.58,52.9,Normal
2026-07-03 06:15:11.309,Košice,Подгорица,None,0,51.8,50,1148.2,10,0.0,0.0,-1.0,0.018,0.013,0.125,2.08,14.4,8.58,52.9,Normal
2026-07-03 06:15:12.305,Košice,Подгорица,None,0,51.4,50,1138.4,10,0.0,0.0,-1.0,0.025,-0.013,0.119,2.08,14.4,8.58,52.9,Normal
2026-07-03 06:15:13.300,Košice,Подгорица,None,0,50.9,50,1128.5,10,0.0,0.0,1.0,-0.098,-0.006,0.127,2.08,14.4,8.58,52.9,Normal
2026-07-03 06:15:14.286,Košice,Подгорица,None,0,50.5,50,1118.9,10,0.0,0.0,0.0,0.015,-0.005,0.119,2.08,14.4,8.58,52.9,Normal
2026-07-03 06:15:15.286,Košice,Подгорица,None,0,50.2,50,1118.9,10,0.0,0.0,0.0,-0.004,0.005,-0.116,2.08,14.41,8.58,52.9,Normal
2026-07-03 06:15:16.287,Košice,Подгорица,None,0,51.1,50,1134.8,10,0.0,0.0,-1.0,0.029,0.058,-0.122,2.08,14.41,8.58,52.8,Normal
2026-07-03 06:15:17.287,Košice,Подгорица,None,0,50.9,50,1128.9,10,0.0,0.0,-1.0,0.004,0.049,0.111,2.08,14.41,8.58,52.8,Normal
2026-07-03 06:15:18.287,Košice,Подгорица,None,0,50.6,50,1121.4,10,0.0,0.0,0.0,-0.023,-0.041,0.084,2.08,14.41,8.58,52.8,Normal
2026-07-03 06:15:19.307,Košice,Подгорица,None,0,50.4,50,1118.2,10,0.0,0.0,0.0,-0.026,0.037,0.024,2.08,14.41,8.58,52.8,Normal
2026-07-03 06:15:20.310,Košice,Подгорица,None,0,50.3,50,1116.6,10,0.0,0.0,0.0,-0.016,0.005,0.023,2.08,14.41,8.58,52.8,Normal
2026-07-03 06:15:21.289,Košice,Подгорица,None,0,50.3,50,1115.4,10,0.0,0.0,0.0,-0.008,0.014,0.012,2.08,14.41,8.58,52.8,Normal
2026-07-03 06:15:22.289,Košice,Подгорица,None,0,50.2,50,1114.9,10,0.0,0.0,1.0,-0.075,-0.005,0.005,2.08,14.41,8.58,52.8,Normal
2026-07-03 06:15:23.309,Košice,Подгорица,None,0,50.2,50,1114.5,10,0.0,0.0,1.0,-0.075,-0.01,0.004,2.08,14.41,8.58,52.8,Normal
2026-07-03 06:15:24.289,Košice,Подгорица,None,0,50.2,50,1113.9,10,0.0,0.0,1.0,-0.064,0.018,0.002,2.08,14.41,8.58,52.8,Normal
2026-07-03 06:15:25.290,Košice,Подгорица,None,0,50.2,50,1114.5,10,0.0,0.0,1.0,0.03,-0.019,-0.011,2.08,14.41,8.58,52.8,Normal
2026-07-03 06:15:26.290,Košice,Подгорица,None,0,50.2,50,1115.5,10,0.0,0.0,1.0,-0.036,-0.058,-0.02,2.08,14.42,8.58,52.8,Normal
2026-07-03 06:15:27.291,Košice,Подгорица,None,0,49.4,50,1086.8,10,0.0,0.79,1.0,-0.149,-0.055,1.194,2.08,14.42,8.58,52.8,Normal
2026-07-03 06:15:28.291,Košice,Подгорица,None,0,39.8,50,942.2,10,0.0,0.0,1.0,0.091,0.061,2.536,2.08,14.42,8.58,52.8,Normal
2026-07-03 06:15:29.292,Košice,Подгорица,None,0,37.3,50,1067.6,9,0.0,0.0,1.0,-0.053,-0.042,0.211,2.08,14.42,8.58,52.8,Normal
2026-07-03 06:15:30.292,Košice,Подгорица,None,0,36.9,50,1057.9,9,0.23,0.0,1.0,0.068,-0.003,0.013,2.08,14.42,8.58,52.8,Normal
2026-07-03 06:15:31.292,Košice,Подгорица,None,0,37.0,50,1061.3,9,0.19,0.0,-1.0,0.364,0.014,-0.052,2.08,14.42,8.58,52.8,Normal
2026-07-03 06:15:32.303,Košice,Подгорица,None,0,37.4,50,1073.6,9,0.52,0.0,-1.0,0.273,-0.044,-0.181,2.08,14.42,8.58,52.8,Normal
2026-07-03 06:15:33.315,Košice,Подгорица,None,0,38.5,50,1106.8,9,0.49,0.0,1.0,-0.401,-0.002,-0.323,2.08,14.42,8.58,52.8,Harsh Cornering
2026-07-03 06:15:34.310,Košice,Подгорица,None,0,39.6,50,1139.6,9,0.5,0.0,1.0,-0.181,0.02,-0.327,2.08,14.42,8.58,52.7,Normal
2026-07-03 06:15:35.306,Košice,Подгорица,None,0,40.8,50,1176.2,9,0.84,0.0,1.0,-0.027,-0.0,-0.373,2.08,14.42,8.58,52.7,Normal
2026-07-03 06:15:36.312,Košice,Подгорица,None,0,42.8,50,1234.7,9,0.95,0.0,0.0,0.109,-0.025,-0.607,2.08,14.42,8.58,52.7,Normal
2026-07-03 06:15:37.306,Košice,Подгорица,None,0,44.8,50,1290.2,9,0.68,0.0,-1.0,0.107,0.019,-0.518,2.08,14.42,8.58,52.7,Normal
2026-07-03 06:15:38.318,Košice,Подгорица,None,0,46.3,50,1330.7,9,0.49,0.0,-1.0,0.017,0.011,-0.291,2.08,14.42,8.58,52.7,Normal
2026-07-03 06:15:39.313,Košice,Подгорица,None,0,47.5,50,1365.4,9,0.56,0.0,-1.0,-0.001,-0.021,-0.37,2.08,14.42,8.58,52.6,Normal
2026-07-03 06:15:40.308,Košice,Подгорица,None,0,48.6,50,1389.4,9,0.44,0.0,0.0,-0.003,-0.025,-0.238,2.08,14.43,8.58,52.6,Normal
2026-07-03 06:15:41.315,Košice,Подгорица,None,0,48.6,50,1077.8,10,0.49,0.0,0.0,0.02,-0.017,0.048,2.08,14.43,8.58,52.6,Normal
2026-07-03 06:15:42.296,Košice,Подгорица,None,0,49.0,50,1090.5,10,0.53,0.0,0.0,0.005,-0.056,-0.226,2.08,14.43,8.58,52.6,Normal
2026-07-03 06:15:43.318,Košice,Подгорица,None,0,49.3,50,1096.7,10,0.59,0.0,0.0,-0.016,-0.025,-0.063,2.08,14.43,8.59,52.6,Normal
2026-07-03 06:15:44.296,Košice,Подгорица,None,0,50.1,50,1112.9,10,0.0,0.0,0.0,-0.004,-0.014,-0.242,2.08,14.43,8.59,52.6,Normal
2026-07-03 06:15:45.298,Košice,Подгорица,None,0,50.1,50,1110.6,10,0.0,0.0,-1.0,0.042,-0.004,0.074,2.08,14.43,8.59,52.6,Normal
2026-07-03 06:15:46.317,Košice,Подгорица,None,0,50.0,50,1108.7,10,0.0,0.0,0.0,0.003,0.002,0.006,2.08,14.43,8.59,52.6,Normal
2026-07-03 06:15:47.298,Košice,Подгорица,None,0,49.7,50,1101.0,10,0.0,0.0,1.0,0.019,-0.031,0.112,2.08,14.44,8.59,52.6,Normal
2026-07-03 06:15:48.298,Košice,Подгорица,None,0,49.2,50,1090.0,10,0.0,0.0,-1.0,-0.007,0.003,0.163,2.08,14.44,8.59,52.6,Normal
2026-07-03 06:15:49.298,Košice,Подгорица,None,0,48.7,50,1078.6,10,0.0,0.0,1.0,-0.013,0.009,0.127,2.08,14.44,8.59,52.6,Normal
2026-07-03 06:15:50.299,Košice,Подгорица,None,0,48.3,50,1070.4,10,0.0,0.0,1.0,0.008,-0.019,0.091,2.08,14.44,8.59,52.6,Normal
2026-07-03 06:15:51.299,Košice,Подгорица,None,0,48.1,50,1065.7,10,0.0,0.0,0.0,0.007,-0.004,0.049,2.09,14.44,8.59,52.6,Normal
2026-07-03 06:15:52.300,Košice,Подгорица,None,0,47.9,50,1061.5,10,0.0,0.0,0.0,-0.007,-0.058,0.031,2.09,14.44,8.59,52.6,Normal
2026-07-03 06:15:53.299,Košice,Подгорица,None,0,48.0,50,1063.2,10,0.0,0.0,0.0,-0.0,0.005,-0.039,2.09,14.44,8.59,52.6,Normal
2026-07-03 06:15:54.299,Košice,Подгорица,None,0,48.1,50,1066.6,10,0.0,0.0,0.0,-0.003,0.039,-0.041,2.09,14.44,8.59,52.6,Normal
2026-07-03 06:15:55.312,Košice,Подгорица,None,0,48.2,50,1068.9,10,0.0,0.0,0.0,-0.01,0.076,-0.039,2.09,14.44,8.59,52.6,Normal
2026-07-03 06:15:56.300,Košice,Подгорица,None,0,48.3,50,1072.7,10,0.15,0.0,0.0,0.013,-0.131,-0.026,2.09,14.44,8.59,52.6,Normal
2026-07-03 06:15:57.301,Košice,Подгорица,None,0,48.1,50,1067.3,10,0.0,0.0,0.0,0.021,-0.005,0.096,2.09,14.44,8.59,52.6,Normal
2026-07-03 06:15:58.301,Košice,Подгорица,None,0,47.8,50,1059.8,10,0.0,0.0,0.0,-0.004,-0.043,0.089,2.09,14.44,8.59,52.6,Normal
2026-07-03 06:15:59.301,Košice,Подгорица,None,0,47.6,50,1056.9,10,0.12,0.0,-1.0,0.089,0.019,-0.002,2.09,14.45,8.59,52.6,Normal
2026-07-03 06:16:00.302,Košice,Подгорица,None,0,47.7,50,1058.8,10,0.19,0.0,-1.0,0.135,-0.034,-0.041,2.09,14.45,8.59,52.6,Normal
2026-07-03 06:16:01.303,Košice,Подгорица,None,0,48.1,50,1070.3,10,0.35,0.0,-1.0,-0.011,-0.053,-0.183,2.09,14.45,8.59,52.5,Normal
2026-07-03 06:16:02.303,Košice,Подгорица,None,0,48.4,50,1072.7,10,0.0,0.0,-1.0,0.076,0.087,0.013,2.09,14.45,8.59,52.5,Normal
2026-07-03 06:16:03.305,Košice,Подгорица,None,0,48.4,50,1072.5,10,0.0,0.0,-1.0,-0.024,-0.008,0.002,2.09,14.45,8.59,52.5,Normal
2026-07-03 06:16:04.303,Košice,Подгорица,None,0,48.3,50,1071.8,10,0.0,0.0,-1.0,-0.003,0.018,-0.002,2.09,14.45,8.59,52.5,Normal
2026-07-03 06:16:05.305,Košice,Подгорица,None,0,48.4,50,1073.4,10,0.0,0.0,-1.0,-0.007,-0.021,-0.018,2.09,14.45,8.59,52.5,Normal
2026-07-03 06:16:06.327,Košice,Подгорица,None,0,48.5,50,1074.2,10,0.0,0.0,-1.0,-0.018,-0.018,-0.01,2.09,14.45,8.59,52.5,Normal
2026-07-03 06:16:07.304,Košice,Подгорица,None,0,48.1,50,1064.6,10,0.0,0.08,-1.0,0.064,-0.006,0.169,2.09,14.46,8.59,52.5,Normal
2026-07-03 06:16:08.314,Košice,Подгорица,None,0,46.2,50,1022.0,10,0.0,0.11,-1.0,-0.051,-0.065,0.68,2.09,14.46,8.59,52.5,Normal
2026-07-03 06:16:09.304,Košice,Подгорица,None,0,41.1,50,928.7,10,0.0,0.44,-1.0,0.049,0.007,2.073,2.09,14.46,8.59,52.5,Normal
2026-07-03 06:16:10.305,Košice,Подгорица,None,0,33.6,50,953.3,9,0.0,0.0,-1.0,-0.001,0.017,2.077,2.09,14.46,8.59,52.5,Normal
2026-07-03 06:16:11.306,Košice,Подгорица,None,0,31.2,50,1127.1,9,0.0,0.0,-1.0,0.248,-0.005,0.226,2.09,14.46,8.59,52.5,Normal
2026-07-03 06:16:12.305,Košice,Подгорица,None,0,30.6,50,1119.6,8,0.0,0.0,-1.0,-0.111,0.008,0.189,2.09,14.46,8.59,52.5,Normal
2026-07-03 06:16:13.305,Košice,Подгорица,None,0,29.9,50,1097.5,8,0.19,0.0,0.0,-0.148,0.013,0.133,2.09,14.46,8.59,52.5,Normal
2026-07-03 06:16:14.327,Košice,Подгорица,None,0,30.2,70,1112.8,8,0.34,0.0,1.0,-0.118,0.002,-0.17,2.09,14.46,8.59,52.5,Normal
2026-07-03 06:16:15.319,Košice,Подгорица,None,0,31.3,70,1150.4,8,0.0,0.0,0.0,-0.046,-0.029,-0.343,2.09,14.46,8.59,52.5,Normal
2026-07-03 06:16:16.328,Košice,Подгорица,None,0,31.8,70,1171.7,8,0.41,0.0,1.0,-0.031,-0.009,-0.206,2.09,14.46,8.59,52.5,Normal
2026-07-03 06:16:17.307,Košice,Подгорица,None,0,33.3,70,1226.2,8,0.35,0.0,0.0,-0.021,0.022,-0.47,2.09,14.46,8.59,52.5,Normal
2026-07-03 06:16:18.307,Košice,Подгорица,None,0,34.7,70,1273.7,8,0.12,0.0,0.0,-0.007,0.049,-0.222,2.09,14.46,8.59,52.5,Normal
2026-07-03 06:16:19.329,Košice,Подгорица,None,0,35.4,70,1299.8,8,0.09,0.0,-1.0,0.027,0.017,-0.156,2.09,14.46,8.59,52.5,Normal
2026-07-03 06:16:20.325,Košice,Подгорица,None,0,36.5,70,1345.6,8,0.39,0.0,-1.0,0.014,-0.057,-0.483,2.09,14.46,8.59,52.5,Normal
2026-07-03 06:16:21.320,Košice,Подгорица,None,0,38.1,70,1401.8,8,0.19,0.0,0.0,-0.022,0.016,-0.353,2.09,14.46,8.59,52.5,Normal
2026-07-03 06:16:22.331,Košice,Подгорица,None,0,38.9,70,1114.4,9,0.16,0.0,-1.0,0.049,0.005,-0.165,2.09,14.46,8.59,52.5,Normal
2026-07-03 06:16:23.310,Košice,Подгорица,None,0,39.6,70,1132.3,9,0.0,0.0,1.0,-0.108,0.007,-0.148,2.09,14.47,8.59,52.5,Normal
2026-07-03 06:16:24.333,Košice,Подгорица,None,0,39.8,70,1140.3,9,0.0,0.0,1.0,-0.058,0.011,-0.057,2.09,14.47,8.59,52.5,Normal
2026-07-03 06:16:25.325,Košice,Подгорица,None,0,40.0,70,1143.9,9,0.0,0.0,0.0,0.014,-0.011,-0.026,2.09,14.47,8.59,52.5,Normal
2026-07-03 06:16:26.335,Košice,Подгорица,None,0,40.0,70,1143.8,9,0.0,0.0,0.0,0.017,0.004,0.018,2.09,14.47,8.59,52.5,Normal
2026-07-03 06:16:27.310,Košice,Подгорица,None,0,39.8,70,1139.8,9,0.01,0.0,0.0,0.01,-0.001,0.054,2.09,14.47,8.59,52.5,Normal
2026-07-03 06:16:28.332,Košice,Подгорица,None,0,39.9,70,1141.5,9,0.19,0.0,0.0,0.001,0.03,0.025,2.09,14.47,8.59,52.5,Normal
2026-07-03 06:16:29.329,Košice,Подгорица,None,0,39.7,70,1135.6,9,0.0,0.0,-1.0,0.027,0.031,0.085,2.09,14.47,8.59,52.5,Normal
2026-07-03 06:16:30.321,Košice,Подгорица,None,0,39.3,70,1124.8,9,0.0,0.0,0.0,-0.01,-0.023,0.111,2.09,14.47,8.59,52.5,Normal
2026-07-03 06:16:31.312,Košice,Подгорица,None,0,38.9,70,1113.3,9,0.0,0.0,1.0,-0.034,0.001,0.12,2.09,14.47,8.59,52.5,Normal
2026-07-03 06:16:32.312,Košice,Подгорица,None,0,38.5,70,1100.5,9,0.0,0.0,1.0,-0.113,0.01,0.128,2.09,14.47,8.59,52.5,Normal
2026-07-03 06:16:33.323,Košice,Подгорица,None,0,38.0,50,1087.9,9,0.0,0.0,1.0,-0.262,-0.017,0.133,2.09,14.47,8.59,52.5,Normal
2026-07-03 06:16:34.332,Košice,Подгорица,None,0,37.2,50,1062.9,9,0.0,0.0,1.0,0.026,0.001,0.291,2.09,14.47,8.59,52.5,Normal
2026-07-03 06:16:35.313,Košice,Подгорица,None,0,35.8,50,1022.9,9,0.0,0.0,1.0,0.175,-0.011,0.462,2.09,14.47,8.59,52.5,Normal
2026-07-03 06:16:36.333,Košice,Подгорица,None,0,33.9,50,966.9,9,0.0,0.0,1.0,0.004,0.004,0.551,2.09,14.47,8.59,52.5,Normal
2026-07-03 06:16:37.314,Košice,Подгорица,None,0,32.2,50,922.7,9,0.16,0.0,1.0,-0.076,0.012,0.372,2.09,14.47,8.59,52.5,Normal
2026-07-03 06:16:38.338,Košice,Подгорица,None,0,30.7,50,1123.3,8,0.0,0.0,1.0,-0.096,-0.036,0.456,2.09,14.48,8.59,52.5,Normal
2026-07-03 06:16:39.315,Košice,Подгорица,None,0,29.1,50,1063.2,8,0.0,0.0,1.0,-0.033,-0.039,0.479,2.09,14.48,8.59,52.5,Normal
2026-07-03 06:16:40.315,Košice,Подгорица,None,0,27.6,50,1010.7,8,0.0,0.0,0.0,0.161,0.076,0.363,2.09,14.48,8.59,52.5,Normal
2026-07-03 06:16:41.316,Košice,Подгорица,None,0,26.3,50,964.4,8,0.0,0.0,-1.0,0.182,-0.056,0.31,2.09,14.48,8.59,52.5,Normal
2026-07-03 06:16:42.329,Košice,Подгорица,None,0,25.4,0,929.9,8,0.0,0.0,-1.0,0.444,0.041,0.222,2.09,14.48,8.59,52.5,Normal
2026-07-03 06:16:43.316,Košice,Подгорица,None,0,24.7,0,902.7,8,0.0,0.0,-1.0,0.322,0.001,0.169,2.09,14.48,8.59,52.5,Normal
2026-07-03 06:16:44.318,Košice,Подгорица,None,0,24.1,0,1014.5,8,0.0,0.0,-1.0,0.259,-0.011,0.125,2.09,14.48,8.59,52.5,Normal
2026-07-03 06:16:45.341,Košice,Подгорица,None,0,23.7,0,1121.2,7,0.0,0.0,1.0,-0.616,0.021,0.175,2.09,14.48,8.59,52.5,Normal
2026-07-03 06:16:46.317,Košice,Подгорица,None,0,23.1,0,1097.5,7,0.15,0.0,1.0,-0.302,-0.036,0.029,2.09,14.48,8.59,52.5,Normal
2026-07-03 06:16:47.318,Košice,Подгорица,None,0,22.7,0,1074.1,7,0.04,0.0,1.0,-0.403,0.012,0.2,2.09,14.48,8.59,52.4,Normal
2026-07-03 06:16:48.318,Košice,Подгорица,None,0,22.7,0,1076.2,7,0.19,0.0,1.0,-0.01,-0.008,-0.139,2.09,14.48,8.59,52.4,Normal
2026-07-03 06:16:49.319,Košice,Подгорица,None,0,22.5,0,1064.8,7,0.0,0.0,0.0,0.138,0.006,0.154,2.09,14.48,8.59,52.4,Normal
2026-07-03 06:16:50.342,Košice,Подгорица,None,0,21.9,0,1034.4,7,0.0,0.0,1.0,-0.081,0.006,0.179,2.09,14.48,8.59,52.4,Normal
2026-07-03 06:16:51.336,Košice,Подгорица,None,0,21.2,0,1002.5,7,0.0,0.0,1.0,-0.024,-0.011,0.184,2.09,14.48,8.59,52.4,Normal
2026-07-03 06:16:52.330,Košice,Подгорица,None,0,20.6,0,972.4,7,0.0,0.0,1.0,0.107,0.006,0.186,2.09,14.48,8.59,52.4,Normal
2026-07-03 06:16:53.338,Košice,Подгорица,None,0,19.9,0,937.8,7,0.0,0.0,-1.0,0.167,-0.003,0.204,2.09,14.49,8.59,52.4,Normal
2026-07-03 06:16:54.322,Košice,Подгорица,None,0,18.8,0,884.7,7,0.0,0.31,-1.0,0.245,-0.043,0.69,2.09,14.49,8.59,52.4,Normal
2026-07-03 06:16:55.321,Košice,Подгорица,None,0,14.0,0,1089.6,5,0.0,0.23,0.0,0.009,-0.013,1.463,2.09,14.49,8.59,52.4,Normal
2026-07-03 06:16:56.321,Košice,Подгорица,None,0,8.6,0,811.7,5,0.0,0.29,0.0,-0.014,0.007,1.662,2.09,14.49,8.59,52.4,Normal
2026-07-03 06:16:57.322,Košice,Подгорица,None,0,2.8,0,529.2,2,0.0,0.38,0.0,-0.004,0.035,1.735,2.09,14.49,8.59,52.4,Normal
2026-07-03 06:16:58.322,Košice,Подгорица,None,0,-0.1,0,550.0,0,0.0,0.0,0.0,0.001,-0.039,0.011,2.09,14.49,8.59,52.4,Normal
2026-07-03 06:16:59.322,Košice,Подгорица,None,0,0.0,0,550.0,0,0.0,0.0,0.0,0.0,-0.02,0.001,2.09,14.49,8.59,52.4,Normal
2026-07-03 06:17:00.322,Košice,Подгорица,None,0,0.0,0,550.0,0,0.0,0.0,0.0,0.001,0.0,0.0,2.09,14.49,8.59,52.4,Normal
2026-07-03 06:17:01.323,Košice,Подгорица,None,0,-0.0,0,550.0,0,0.0,0.0,0.0,-0.0,0.0,0.0,2.09,14.49,8.59,52.4,Normal
2026-07-03 06:17:02.323,Košice,Подгорица,None,0,-0.0,0,550.0,0,0.0,0.0,0.0,-0.002,0.0,-0.0,2.09,14.49,8.59,52.4,Normal
2026-07-03 06:17:03.324,Košice,Подгорица,None,0,-0.0,0,550.0,0,0.0,0.0,0.0,-0.0,0.001,-0.0,2.09,14.49,8.59,52.4,Normal
2026-07-03 06:17:04.324,Košice,Подгорица,None,0,-0.0,0,550.0,0,0.0,0.0,0.0,-0.001,-0.002,0.0,2.09,14.49,8.59,52.4,Normal
2026-07-03 06:17:05.324,Košice,Подгорица,None,0,-0.0,0,550.0,0,0.0,0.0,0.0,0.002,-0.002,0.0,2.09,14.49,8.59,52.4,Normal
2026-07-03 06:17:06.342,Košice,Подгорица,None,0,0.0,0,588.8,1,0.17,0.0,0.0,0.002,-0.0,-0.0,2.09,14.49,8.59,52.4,Normal
2026-07-03 06:17:07.335,Košice,Подгорица,None,0,3.4,0,872.8,1,0.74,0.0,0.0,-0.003,-0.055,-2.395,2.09,14.49,8.59,52.4,Normal
2026-07-03 06:17:08.325,Košice,Подгорица,None,0,8.6,0,1414.6,1,0.57,0.0,0.0,-0.02,0.157,-0.32,2.09,14.49,8.59,52.4,Normal
2026-07-03 06:17:09.336,Košice,Подгорица,None,0,9.6,0,962.9,4,0.46,0.0,1.0,-0.047,-0.044,-0.78,2.09,14.49,8.59,52.4,Normal
2026-07-03 06:17:10.325,Košice,Подгорица,None,0,13.8,0,1387.8,4,0.72,0.0,1.0,-0.14,-0.036,-1.485,2.09,14.49,8.59,52.4,Normal
2026-07-03 06:17:11.348,Košice,Подгорица,None,0,15.9,0,968.2,6,0.47,0.0,1.0,-0.15,0.034,-0.023,2.09,14.49,8.59,52.4,Normal
2026-07-03 06:17:12.326,Košice,Подгорица,None,0,16.7,0,1037.0,6,0.49,0.0,1.0,-0.165,-0.051,-0.576,2.09,14.49,8.59,52.4,Normal
2026-07-03 06:17:13.349,Košice,Подгорица,None,0,19.4,0,1202.7,6,0.49,0.0,1.0,0.061,0.008,-0.755,2.09,14.49,8.59,52.4,Normal
2026-07-03 06:17:14.326,Košice,Подгорица,None,0,20.7,0,1263.5,6,0.13,0.0,-1.0,0.174,0.059,0.04,2.09,14.69,9.94,52.4,Normal
2026-07-03 06:17:15.327,Košice,Подгорица,None,0,20.0,0,1219.0,6,0.0,0.0,0.0,0.102,0.004,0.248,2.09,14.69,9.94,52.4,Normal
2026-07-03 06:17:16.327,Košice,Подгорица,None,0,19.2,0,1166.4,6,0.0,0.0,-1.0,0.206,0.002,0.238,2.09,14.69,9.94,52.4,Normal
2026-07-03 06:17:17.351,Košice,Подгорица,None,0,18.3,0,1114.8,6,0.0,0.0,-1.0,0.228,0.008,0.229,2.09,14.69,9.94,52.4,Normal
2026-07-03 06:17:18.328,Košice,Подгорица,None,0,17.6,0,1069.8,6,0.0,0.0,-1.0,0.156,-0.002,0.209,2.09,14.69,9.94,52.4,Normal
2026-07-03 06:17:19.342,Košice,Подгорица,None,0,17.6,0,1083.8,6,0.25,0.0,-1.0,0.056,-0.04,-0.275,2.09,14.69,9.94,52.3,Normal
2026-07-03 06:17:20.328,Košice,Подгорица,None,0,18.9,0,1165.4,6,0.33,0.0,-1.0,0.041,-0.008,-0.414,2.09,14.69,9.94,52.3,Normal
2026-07-03 06:17:21.350,Košice,Подгорица,None,0,20.8,0,1287.1,6,0.42,0.0,-1.0,-0.05,-0.004,-0.587,2.09,14.69,9.94,52.3,Normal
2026-07-03 06:17:22.347,Košice,Подгорица,None,0,22.7,0,1399.2,6,0.31,0.0,-1.0,-0.004,0.017,-0.454,2.09,14.69,9.94,52.3,Normal
2026-07-03 06:17:24.355,Košice,Подгорица,None,0,23.4,0,1105.7,7,0.19,0.0,0.0,-0.111,0.012,0.098,2.09,14.69,9.94,52.3,Normal
2026-07-03 06:17:25.347,Košice,Подгорица,None,0,23.6,0,1126.3,7,0.61,0.0,1.0,-0.267,-0.076,-0.352,2.09,14.69,9.94,52.3,Normal
2026-07-03 06:17:26.343,Košice,Подгорица,None,0,25.8,0,1233.2,7,0.7,0.0,1.0,-0.073,-0.017,-0.724,2.09,14.69,9.94,52.3,Normal
2026-07-03 06:17:27.330,Košice,Подгорица,None,0,28.3,0,1351.9,7,0.7,0.0,0.0,0.023,-0.002,-0.675,2.09,14.69,9.94,52.2,Normal
2026-07-03 06:17:28.331,Košice,Подгорица,None,0,30.3,0,1347.7,7,0.66,0.0,0.0,0.014,0.048,-0.204,2.09,14.69,9.94,52.2,Normal
2026-07-03 06:17:29.343,Košice,Подгорица,None,0,29.9,0,1099.9,8,0.66,0.0,1.0,-0.0,0.013,0.145,2.09,14.69,9.94,52.2,Normal
2026-07-03 06:17:30.356,Košice,Подгорица,None,0,30.9,0,1141.3,8,0.69,0.0,1.0,-0.012,-0.018,-0.432,2.09,14.69,9.94,52.2,Normal
2026-07-03 06:17:31.350,Košice,Подгорица,None,0,32.5,0,1200.1,8,0.66,0.0,0.0,0.047,0.064,-0.436,2.09,14.69,9.94,52.2,Normal
2026-07-03 06:17:32.358,Košice,Подгорица,None,0,33.8,0,1250.8,8,0.73,0.0,1.0,-0.052,-0.025,-0.368,2.09,14.69,9.94,52.2,Normal
2026-07-03 06:17:33.361,Košice,Подгорица,None,0,34.7,0,1279.7,8,0.69,0.0,1.0,-0.046,0.005,-0.12,2.09,14.7,9.94,52.1,Normal
2026-07-03 06:17:34.333,Košice,Подгорица,None,0,34.5,0,1270.6,8,0.55,0.0,0.0,0.059,0.012,0.088,2.09,14.7,9.94,52.1,Normal
2026-07-03 06:17:35.357,Košice,Подгорица,None,0,34.3,0,1263.0,8,0.55,0.0,-1.0,0.146,0.049,0.048,2.09,14.7,9.94,52.1,Normal
2026-07-03 06:17:36.350,Košice,Подгорица,None,0,34.3,0,1258.6,8,0.0,0.0,-1.0,0.039,-0.002,0.166,2.09,14.7,9.94,52.1,Normal
2026-07-03 06:17:37.333,Košice,Подгорица,None,0,32.6,0,1194.1,8,0.0,0.0,-1.0,0.218,-0.005,0.555,2.09,14.7,9.94,52.1,Normal
2026-07-03 06:17:38.351,Košice,Подгорица,None,0,30.7,0,1122.6,8,0.0,0.0,1.0,-0.164,0.001,0.573,2.09,14.7,9.94,52.1,Normal
2026-07-03 06:17:39.357,Košice,Подгорица,None,0,28.6,0,1046.8,8,0.0,0.0,1.0,-0.148,0.007,0.57,2.09,14.7,9.94,52.1,Normal
2026-07-03 06:17:40.334,Košice,Подгорица,None,0,26.7,0,976.2,8,0.32,0.0,1.0,-0.22,-0.014,0.532,2.09,14.7,9.94,52.1,Normal
2026-07-03 06:17:41.335,Košice,Подгорица,None,0,26.3,0,975.4,8,0.64,0.0,1.0,-0.051,-0.068,-0.196,2.09,14.7,9.94,52.1,Normal
2026-07-03 06:17:42.336,Košice,Подгорица,None,0,26.2,0,957.8,8,0.0,0.0,1.0,0.036,0.064,0.371,2.09,14.7,9.94,52.1,Normal
2026-07-03 06:17:43.336,Košice,Подгорица,None,0,24.6,0,903.7,8,0.36,0.0,1.0,0.105,-0.027,0.408,2.09,14.7,9.94,52.1,Normal
2026-07-03 06:17:44.336,Košice,Подгорица,None,0,23.8,0,1073.0,8,0.34,0.0,0.0,0.117,-0.023,0.311,2.09,14.7,9.94,52.0,Normal
2026-07-03 06:17:45.358,Košice,Подгорица,None,0,22.6,0,1384.3,6,0.36,0.0,-1.0,0.14,0.058,0.217,2.09,14.7,9.94,52.0,Normal
2026-07-03 06:17:46.350,Košice,Подгорица,None,0,22.9,0,1402.3,6,0.33,0.0,-1.0,0.24,0.103,-0.127,2.09,14.7,9.94,52.0,Normal
2026-07-03 06:17:47.337,Košice,Подгорица,None,0,23.2,0,1422.6,6,0.32,0.0,-1.0,0.228,-0.059,-0.077,2.09,14.7,9.94,52.0,Normal
2026-07-03 06:17:48.352,Košice,Подгорица,None,0,23.0,0,1398.5,6,0.0,0.0,-1.0,-0.023,0.063,0.285,2.09,14.7,9.94,52.0,Normal
2026-07-03 06:17:49.339,Košice,Подгорица,None,0,21.1,0,1280.3,6,0.0,0.0,-1.0,-0.047,0.032,0.603,2.09,14.7,9.94,52.0,Normal
2026-07-03 06:17:50.338,Košice,Подгорица,None,0,18.9,0,1146.9,6,0.0,0.0,-1.0,-0.034,-0.02,0.637,2.09,14.7,9.94,52.0,Normal
2026-07-03 06:17:51.339,Košice,Подгорица,None,0,16.9,0,1032.1,6,0.1,0.0,-1.0,-0.026,0.062,0.452,2.09,14.7,9.94,52.0,Normal
2026-07-03 06:17:52.340,Košice,Подгорица,None,0,15.3,0,931.2,6,0.04,0.0,-1.0,0.038,-0.157,0.41,2.09,14.7,9.94,52.0,Normal
2026-07-03 06:17:53.340,Košice,Подгорица,None,0,13.5,0,816.5,6,0.0,0.0,0.0,-0.088,-0.005,0.546,2.09,14.7,9.94,52.0,Normal
2026-07-03 06:17:54.340,Košice,Подгорица,None,0,11.9,0,1154.2,4,0.0,0.0,-1.0,-0.082,0.04,0.425,2.09,14.7,9.94,52.0,Normal
2026-07-03 06:17:55.341,Košice,Подгорица,None,0,10.1,0,973.3,4,0.0,0.0,-1.0,0.146,-0.001,0.522,2.09,14.7,9.94,52.0,Normal
2026-07-03 06:17:56.341,Košice,Подгорица,None,0,8.2,0,791.1,4,0.0,0.0,-1.0,0.095,0.053,0.533,2.09,14.7,9.94,52.0,Normal
2026-07-03 06:17:57.341,Košice,Подгорица,None,0,6.8,0,1429.6,1,0.0,0.0,1.0,-0.216,-0.032,0.154,2.09,14.7,9.94,52.0,Normal
2026-07-03 06:17:58.342,Košice,Подгорица,None,0,5.6,0,1161.2,1,0.0,0.0,1.0,-0.154,-0.014,0.447,2.09,14.7,9.94,52.0,Normal
2026-07-03 06:17:59.343,Košice,Подгорица,None,0,4.2,0,891.1,1,0.37,0.0,0.0,0.037,0.037,0.188,2.09,14.7,9.94,52.0,Normal
2026-07-03 06:18:00.343,Košice,Подгорица,None,0,7.4,0,1560.8,1,0.45,0.0,-1.0,-0.047,-0.111,-1.121,2.09,14.7,9.94,52.0,Normal
2026-07-03 06:18:01.344,Košice,Подгорица,None,0,7.2,0,909.8,3,0.38,0.0,-1.0,0.045,-0.056,0.186,2.09,14.7,9.94,52.0,Normal
2026-07-03 06:18:02.344,Košice,Подгорица,None,0,8.8,0,1132.2,3,0.24,0.0,-1.0,0.034,-0.023,-0.667,2.09,14.7,9.94,52.0,Normal
2026-07-03 06:18:03.343,Košice,Подгорица,None,0,11.2,0,1431.4,3,0.31,0.0,0.0,0.004,-0.005,-0.681,2.09,14.7,9.94,52.0,Normal
2026-07-03 06:18:04.364,Košice,Подгорица,None,0,11.8,0,949.7,5,0.0,0.0,0.0,-0.009,0.005,0.102,2.09,14.7,9.94,52.0,Normal
2026-07-03 06:18:05.356,Košice,Подгорица,None,0,11.2,0,881.2,5,0.0,0.0,0.0,0.002,0.007,0.222,2.09,14.7,9.94,52.0,Normal
2026-07-03 06:18:06.365,Košice,Подгорица,None,0,10.5,0,821.7,5,0.0,0.0,0.0,0.002,0.002,0.214,2.09,14.7,9.94,52.0,Normal
2026-07-03 06:18:07.344,Košice,Подгорица,None,0,8.7,0,1102.4,3,0.0,0.24,0.0,-0.006,-0.008,0.872,2.09,14.7,9.94,52.0,Normal
2026-07-03 06:18:08.344,Košice,Подгорица,None,0,1.4,0,550.2,3,0.0,0.72,0.0,0.015,-0.038,3.221,2.09,14.7,9.94,52.0,Normal
2026-07-03 06:18:09.344,Košice,Подгорица,None,0,0.1,0,550.0,1,0.0,0.0,0.0,0.003,0.024,-0.006,2.09,14.7,9.94,52.0,Normal
2026-07-03 06:18:10.345,Košice,Подгорица,None,0,-0.0,0,550.0,1,0.0,0.0,0.0,-0.003,-0.001,-0.003,2.09,14.7,9.94,52.0,Normal
2026-07-03 06:18:11.345,Košice,Подгорица,None,0,-0.0,0,550.0,1,0.0,0.0,0.0,-0.0,-0.002,0.0,2.09,14.7,9.94,52.0,Normal
2026-07-03 06:18:12.345,Košice,Подгорица,None,0,-0.0,0,550.0,1,0.0,0.0,0.0,0.002,-0.002,-0.0,2.09,14.7,9.94,52.0,Normal
2026-07-03 06:18:13.363,Košice,Подгорица,None,0,-0.0,0,550.0,1,0.0,0.0,0.0,-0.003,0.0,-0.0,2.09,14.7,9.94,52.0,Normal
2026-07-03 06:18:14.346,Košice,Подгорица,None,0,0.0,0,610.1,1,0.25,0.0,0.0,-0.0,0.002,-0.001,2.09,14.7,9.94,52.0,Normal
2026-07-03 06:18:15.364,Košice,Подгорица,None,0,3.6,0,852.0,1,0.5,0.0,0.0,-0.004,-0.041,-1.961,2.09,14.7,9.94,52.0,Normal
2026-07-03 06:18:16.356,Košice,Подгорица,None,0,8.0,0,1417.8,1,0.49,0.0,0.0,-0.001,0.116,-0.275,2.09,14.7,9.94,52.0,Normal
2026-07-03 06:18:17.366,Košice,Подгорица,None,0,8.4,0,1088.4,3,0.44,0.0,-1.0,0.003,0.032,-0.503,2.09,14.7,9.94,52.0,Normal
2026-07-03 06:18:18.347,Košice,Подгорица,None,0,11.7,0,1494.9,3,0.38,0.0,-1.0,0.018,-0.034,-0.999,2.09,14.71,9.94,52.0,Normal
2026-07-03 06:18:19.348,Košice,Подгорица,None,0,12.3,0,968.7,5,0.39,0.0,-1.0,0.001,0.017,0.033,2.09,14.71,9.94,52.0,Normal
2026-07-03 06:18:20.348,Košice,Подгорица,None,0,13.3,0,1055.3,5,0.11,0.0,-1.0,0.09,-0.016,-0.382,2.09,14.71,9.94,51.9,Normal
2026-07-03 06:18:21.349,Košice,Подгорица,None,0,13.7,0,1073.6,5,0.13,0.0,-1.0,0.123,-0.02,0.056,2.09,14.71,9.94,51.9,Normal
2026-07-03 06:18:22.349,Košice,Подгорица,None,0,13.8,0,1092.1,5,0.08,0.0,-1.0,-0.021,0.003,-0.136,2.09,14.71,9.94,51.9,Normal
2026-07-03 06:18:23.349,Košice,Подгорица,None,0,14.6,0,1157.8,5,0.09,0.0,-1.0,0.04,0.043,-0.28,2.09,14.71,9.94,51.9,Normal
2026-07-03 06:18:24.349,Košice,Подгорица,None,0,15.2,0,1195.8,5,0.09,0.0,-1.0,-0.048,-0.071,-0.094,2.09,14.71,9.94,51.9,Normal
2026-07-03 06:18:25.350,Košice,Подгорица,None,0,13.8,0,1100.3,5,0.0,1.0,1.0,-0.652,-0.087,2.228,2.09,14.71,9.94,51.9,Normal
2026-07-03 06:18:26.350,Košice,Подгорица,None,0,1.2,0,549.9,1,0.0,0.0,1.0,0.153,-0.146,1.431,2.09,14.71,9.94,51.9,Normal
2026-07-03 06:18:27.350,Košice,Подгорица,None,0,0.8,0,901.9,1,0.62,0.0,1.0,-0.087,0.065,-0.393,2.09,14.71,9.94,51.9,Normal
2026-07-03 06:18:28.365,Košice,Подгорица,None,0,5.0,0,1047.4,1,0.0,0.0,1.0,-0.094,0.137,-0.39,2.09,14.71,9.94,51.9,Normal
2026-07-03 06:18:29.374,Košice,Подгорица,None,0,4.6,0,924.3,1,0.0,0.0,1.0,-0.052,-0.013,0.222,2.09,14.71,9.94,51.9,Normal
2026-07-03 06:18:30.366,Košice,Подгорица,None,0,3.2,0,626.5,1,0.0,0.38,1.0,0.28,0.023,0.898,2.09,14.71,9.94,51.9,Normal
2026-07-03 06:18:31.352,Košice,Подгорица,None,0,2.7,0,560.4,1,0.0,0.0,1.0,-0.065,-0.103,-0.336,2.09,14.71,9.94,51.9,Normal
2026-07-03 06:18:32.370,Košice,Подгорица,None,0,2.7,0,551.8,1,0.0,0.0,-1.0,0.113,-0.013,-0.012,2.09,14.71,9.94,51.9,Normal
2026-07-03 06:18:33.377,Košice,Подгорица,None,0,2.7,0,551.0,1,0.0,0.0,-1.0,0.089,0.024,0.007,2.09,14.71,9.94,51.9,Normal
2026-07-03 06:18:34.372,Košice,Подгорица,None,0,2.7,0,551.5,1,0.0,0.0,-1.0,0.079,-0.005,-0.005,2.09,14.71,9.94,51.9,Normal
2026-07-03 06:18:35.353,Košice,Подгорица,None,0,2.7,0,551.2,1,0.0,0.0,-1.0,0.072,-0.0,0.003,2.09,14.71,9.94,51.9,Normal
2026-07-03 06:18:36.354,Košice,Подгорица,None,0,2.7,0,550.5,1,0.0,0.0,-1.0,0.071,-0.002,0.002,2.09,14.71,9.94,51.9,Normal
2026-07-03 06:18:37.372,Košice,Подгорица,None,0,3.4,0,747.1,1,0.23,0.0,0.0,0.071,-0.043,-0.571,2.09,14.71,9.94,51.9,Normal
2026-07-03 06:18:38.356,Košice,Подгорица,None,0,6.5,0,1410.7,1,0.41,0.0,0.0,0.113,-0.024,-1.153,2.09,14.71,9.94,51.9,Normal
2026-07-03 06:18:39.375,Košice,Подгорица,None,0,7.9,0,993.6,3,0.42,0.0,0.0,-0.041,-0.02,-0.038,2.09,14.71,9.94,51.9,Normal
2026-07-03 06:18:40.356,Košice,Подгорица,None,0,9.4,0,1223.2,3,0.42,0.0,0.0,0.039,-0.075,-0.942,2.09,14.71,9.94,51.9,Normal
2026-07-03 06:18:41.379,Košice,Подгорица,None,0,12.1,0,1341.6,3,0.25,0.0,0.0,-0.034,0.067,-0.189,2.09,14.71,9.94,51.9,Normal
2026-07-03 06:18:42.357,Košice,Подгорица,None,0,12.0,0,945.6,5,0.0,0.0,0.0,-0.054,-0.0,0.123,2.09,14.71,9.94,51.9,Normal
2026-07-03 06:18:43.357,Košice,Подгорица,None,0,11.3,0,886.8,5,0.0,0.0,0.0,-0.058,-0.004,0.218,2.09,14.71,9.94,51.9,Normal
2026-07-03 06:18:44.367,Košice,Подгорица,None,0,10.5,0,822.8,5,0.0,0.0,1.0,-0.051,0.005,0.22,2.09,14.71,9.94,51.9,Normal
2026-07-03 06:18:45.358,Košice,Подгорица,None,0,10.0,0,1240.3,5,0.0,0.0,0.0,-0.043,-0.097,-0.017,2.09,14.71,9.94,51.9,Normal
2026-07-03 06:18:46.358,Košice,Подгорица,None,0,9.9,0,1236.5,3,0.0,0.0,0.0,-0.01,0.258,0.16,2.09,14.71,9.94,51.9,Normal
2026-07-03 06:18:47.358,Košice,Подгорица,None,0,10.0,0,1266.8,3,0.01,0.0,0.0,-0.012,0.046,-0.053,2.09,14.71,9.94,51.9,Normal
2026-07-03 06:18:48.359,Košice,Подгорица,None,0,10.8,0,1378.6,3,0.13,0.0,0.0,-0.006,0.024,-0.338,2.09,14.71,9.94,51.9,Normal
2026-07-03 06:18:49.381,Košice,Подгорица,None,0,12.1,0,1307.5,3,0.07,0.0,0.0,0.002,-0.158,-0.522,2.09,14.71,9.94,51.9,Normal
2026-07-03 06:18:50.359,Košice,Подгорица,None,0,13.6,0,1075.6,5,0.12,0.0,0.0,-0.073,0.186,-0.446,2.09,14.71,9.94,51.9,Normal
2026-07-03 06:18:51.361,Košice,Подгорица,None,0,15.6,0,1235.5,5,0.16,0.0,1.0,-0.02,-0.022,-0.611,2.09,14.71,9.94,51.9,Normal
2026-07-03 06:18:52.359,Košice,Подгорица,None,0,17.3,0,1364.8,5,0.11,0.0,1.0,-0.041,0.037,-0.294,2.09,14.71,9.94,51.9,Normal
2026-07-03 06:18:53.377,Košice,Подгорица,None,0,17.9,0,1412.8,5,0.0,0.0,0.0,0.006,0.364,-0.059,2.09,14.71,9.94,51.9,Normal
2026-07-03 06:18:54.360,Košice,Подгорица,None,0,17.7,0,1390.4,5,0.0,0.0,-1.0,0.024,0.036,0.143,2.09,14.71,9.94,51.9,Normal
2026-07-03 06:18:55.361,Košice,Подгорица,None,0,17.2,0,1353.8,5,0.0,0.0,-1.0,0.039,-0.012,0.134,2.09,14.71,9.94,51.9,Normal
2026-07-03 06:18:56.361,Košice,Подгорица,None,0,15.4,0,1198.6,5,0.0,0.14,0.0,-0.019,0.032,0.966,2.09,14.71,9.94,51.9,Normal
2026-07-03 06:18:57.361,Košice,Подгорица,None,0,11.4,0,887.7,5,0.0,0.16,0.0,0.009,-0.009,1.206,2.09,14.71,9.94,51.9,Normal
2026-07-03 06:18:58.362,Košice,Подгорица,None,0,7.4,0,1205.0,2,0.0,0.16,0.0,0.005,-0.008,1.067,2.09,14.71,9.94,51.9,Normal
2026-07-03 06:18:59.363,Košice,Подгорица,None,0,3.2,0,527.7,2,0.0,0.3,0.0,0.003,0.035,1.441,2.09,14.71,9.94,51.9,Normal
2026-07-03 06:19:00.363,Košice,Подгорица,None,0,0.0,0,550.0,1,0.0,0.01,0.0,-0.001,-0.11,-0.001,2.09,14.71,9.94,51.9,Normal
2026-07-03 06:19:01.363,Košice,Подгорица,None,0,0.0,0,550.0,1,0.0,0.0,0.0,-0.0,0.0,0.0,2.09,14.71,9.94,51.9,Normal
2026-07-03 06:19:02.364,Košice,Подгорица,None,0,0.0,0,550.0,1,0.0,0.0,0.0,-0.002,0.002,0.001,2.09,14.71,9.94,51.9,Normal
2026-07-03 06:19:03.364,Košice,Подгорица,None,0,-0.0,0,550.0,0,0.0,0.0,0.0,0.0,0.002,0.0,2.09,14.71,9.94,51.9,Normal
2026-07-03 06:19:04.364,Košice,Подгорица,None,0,-0.0,0,550.0,0,0.0,0.0,0.0,0.0,0.002,-0.0,2.09,14.71,9.94,51.9,Normal
2026-07-03 06:19:05.364,Košice,Подгорица,None,0,-0.0,0,0.0,0,0.0,0.0,0.0,0.0,-0.0,-0.0,2.09,14.71,9.94,51.9,Normal
2026-07-03 06:19:06.375,Košice,Подгорица,None,0,-0.0,0,0.0,0,0.0,0.0,0.0,-0.0,0.002,0.0,2.09,14.71,9.94,51.9,Normal
2026-07-03 06:19:07.387,Košice,Подгорица,None,0,-0.0,0,0.0,0,0.0,0.0,0.0,0.0,0.001,-0.0,2.09,14.71,9.94,51.9,Normal
2026-07-03 06:19:08.383,Košice,Подгорица,None,0,-0.0,0,0.0,0,0.0,0.0,0.0,0.004,0.002,0.003,2.09,14.71,9.94,51.9,Normal
2026-07-03 06:19:09.379,Košice,Подгорица,None,0,-0.0,0,0.0,0,0.0,0.0,0.0,-0.0,0.002,-0.0,2.09,14.71,9.94,51.9,Normal
2026-07-03 06:19:10.377,Košice,Подгорица,None,0,-0.0,0,0.0,0,0.0,0.0,0.0,0.0,0.003,-0.0,2.09,14.71,9.94,51.9,Normal
2026-07-03 06:19:11.389,Košice,Подгорица,None,0,-0.0,0,0.0,0,0.0,0.0,0.0,0.0,0.012,-0.0,2.09,14.71,9.94,51.9,Normal
2026-07-03 06:19:12.367,Košice,Подгорица,None,0,-0.0,0,0.0,0,0.0,0.0,0.0,0.0,0.003,-0.0,2.09,14.71,9.94,51.9,Normal
2026-07-03 06:19:13.387,Košice,Подгорица,None,0,-0.0,0,0.0,0,0.0,0.0,0.0,0.0,-0.004,0.0,2.09,14.71,9.94,51.9,Normal
2026-07-03 06:19:14.367,Košice,Подгорица,None,0,-0.0,0,0.0,0,0.0,0.0,0.0,0.0,0.002,-0.0,2.09,14.71,9.94,51.9,Normal
2026-07-03 06:19:17.381,Košice,Подгорица,None,0,-0.0,0,0.0,0,0.0,0.0,0.0,-0.0,0.001,-0.0,2.09,14.71,9.94,51.9,Normal
2026-07-03 06:19:18.369,Košice,Подгорица,None,0,-0.0,0,550.0,0,0.0,0.0,0.0,0.0,-0.006,0.001,2.09,14.71,9.94,51.9,Normal
2026-07-03 06:19:19.370,Košice,Подгорица,None,0,-0.0,0,550.0,0,0.0,0.0,0.0,0.0,-0.004,0.0,2.09,14.71,9.94,51.9,Normal
2026-07-03 06:19:20.393,Košice,Подгорица,None,0,-0.0,0,550.0,1,0.0,0.0,0.0,0.0,-0.001,0.0,2.09,14.71,9.94,51.9,Normal
2026-07-03 06:19:21.388,Košice,Подгорица,None,0,1.4,0,703.8,1,0.54,0.0,0.0,-0.001,0.021,-1.155,2.09,14.71,9.94,51.9,Normal
2026-07-03 06:19:22.371,Košice,Подгорица,None,0,7.7,0,1598.7,1,0.64,0.0,0.0,-0.033,-0.185,-1.312,2.09,14.71,9.94,51.9,Normal
2026-07-03 06:19:23.371,Košice,Подгорица,None,0,8.4,0,831.0,4,0.58,0.0,0.0,0.006,0.03,-0.02,2.09,14.71,9.94,51.9,Normal
2026-07-03 06:19:24.399,Košice,Подгорица,None,0,10.0,0,977.4,4,0.0,0.0,0.0,0.004,0.086,-0.075,2.09,14.71,9.94,51.9,Normal
2026-07-03 06:19:25.435,Košice,Подгорица,None,0,9.7,0,953.4,4,0.19,0.0,0.0,-0.01,-0.023,-0.081,2.09,14.71,9.94,51.9,Normal
2026-07-03 06:19:26.372,Košice,Подгорица,None,0,10.9,0,1076.4,4,0.27,0.0,0.0,0.004,-0.017,-0.494,2.09,14.71,9.94,51.9,Normal
2026-07-03 06:19:27.374,Košice,Подгорица,None,0,11.4,0,1110.5,4,0.0,0.0,0.0,0.01,-0.219,0.179,2.09,14.71,9.94,51.9,Normal
2026-07-03 06:19:28.373,Košice,Подгорица,None,0,10.9,0,1057.8,4,0.0,0.0,0.0,-0.009,0.32,0.111,2.09,14.72,9.94,51.9,Normal
2026-07-03 06:19:29.373,Košice,Подгорица,None,0,11.1,0,1079.5,4,0.0,0.0,0.0,0.004,0.104,-0.095,2.09,14.72,9.94,51.9,Normal
2026-07-03 06:19:30.391,Košice,Подгорица,None,0,11.6,0,1142.0,4,0.0,0.0,0.0,0.001,-0.028,-0.143,2.09,14.72,9.94,51.9,Normal
2026-07-03 06:19:31.386,Košice,Подгорица,None,0,12.2,0,1193.1,4,0.0,0.0,0.0,-0.0,0.016,-0.241,2.09,14.72,9.94,51.9,Normal
2026-07-03 06:19:32.386,Košice,Подгорица,None,0,12.3,0,1178.3,4,0.0,0.3,0.0,-0.001,0.068,0.773,2.09,14.72,9.94,51.9,Normal
2026-07-03 06:19:33.395,Košice,Подгорица,None,0,10.3,0,1008.0,4,0.0,0.0,0.0,0.02,-0.114,-0.192,2.09,14.72,9.94,51.9,Normal
2026-07-03 06:19:34.375,Košice,Подгорица,None,0,11.7,0,1154.5,4,0.38,0.0,1.0,-0.065,0.096,-0.673,2.09,14.72,9.94,51.9,Normal
2026-07-03 06:19:35.375,Košice,Подгорица,None,0,15.4,0,1495.7,4,0.35,0.0,1.0,-0.087,-0.084,-1.024,2.09,14.72,9.94,51.8,Normal
2026-07-03 06:19:36.399,Košice,Подгорица,None,0,17.2,0,1052.7,6,0.32,0.0,-1.0,0.044,0.025,-0.3,2.09,14.72,9.94,51.8,Normal
2026-07-03 06:19:37.389,Košice,Подгорица,None,0,19.0,0,1167.4,6,0.32,0.0,-1.0,0.169,-0.015,-0.614,2.09,14.72,9.94,51.8,Normal
2026-07-03 06:19:38.399,Košice,Подгорица,None,0,21.1,0,1299.2,6,0.25,0.0,-1.0,0.121,0.004,-0.529,2.09,14.72,9.94,51.8,Normal
2026-07-03 06:19:39.377,Košice,Подгорица,None,0,23.0,0,1415.4,6,0.36,0.0,-1.0,-0.053,-0.014,-0.628,2.09,14.72,9.94,51.8,Normal
2026-07-03 06:19:40.400,Košice,Подгорица,None,0,24.4,0,1155.4,7,0.32,0.0,-1.0,-0.023,-0.002,-0.221,2.09,14.72,9.94,51.8,Normal
2026-07-03 06:19:41.400,Košice,Подгорица,None,0,25.5,0,1218.0,7,0.55,0.0,1.0,-0.075,-0.018,-0.566,2.09,14.72,9.94,51.8,Normal
2026-07-03 06:19:42.380,Košice,Подгорица,None,0,28.3,50,1350.2,7,0.53,0.0,0.0,-0.009,-0.011,-0.845,2.09,14.72,9.94,51.8,Normal
2026-07-03 06:19:43.402,Košice,Подгорица,None,0,30.7,50,1251.5,7,0.54,0.0,0.0,-0.017,0.079,-0.364,2.09,14.72,9.94,51.8,Normal
2026-07-03 06:19:44.380,Košice,Подгорица,None,0,31.6,50,1166.3,8,0.51,0.0,0.0,0.025,-0.007,-0.376,2.09,14.72,9.94,51.8,Normal
2026-07-03 06:19:45.381,Košice,Подгорица,None,0,33.6,50,1240.2,8,0.57,0.0,1.0,-0.038,-0.004,-0.618,2.09,14.72,9.94,51.8,Normal
2026-07-03 06:19:46.380,Košice,Подгорица,None,0,36.3,50,1339.2,8,0.62,0.0,0.0,0.002,-0.012,-0.805,2.09,14.72,9.94,51.8,Normal
2026-07-03 06:19:47.381,Košice,Подгорица,None,0,38.8,50,1332.7,8,0.61,0.0,0.0,-0.017,0.039,-0.475,2.09,14.72,9.94,51.7,Normal
2026-07-03 06:19:48.382,Košice,Подгорица,None,0,39.7,50,1139.9,9,0.65,0.0,0.0,-0.004,0.018,-0.236,2.09,14.72,9.94,51.7,Normal
2026-07-03 06:19:49.381,Košice,Подгорица,None,0,41.8,50,1202.1,9,0.62,0.0,0.0,-0.016,-0.006,-0.654,2.09,14.72,9.94,51.7,Normal
2026-07-03 06:19:50.382,Košice,Подгорица,None,0,44.1,50,1269.2,9,0.66,0.0,0.0,0.004,0.003,-0.676,2.09,14.72,9.94,51.7,Normal
2026-07-03 06:19:51.382,Košice,Подгорица,None,0,46.6,50,1339.7,9,0.63,0.0,0.0,0.008,-0.022,-0.687,2.09,14.72,9.94,51.7,Normal
2026-07-03 06:19:52.383,Košice,Подгорица,None,0,48.8,50,1370.5,9,0.56,0.0,1.0,-0.035,-0.02,-0.489,2.09,14.73,9.94,51.7,Normal
2026-07-03 06:19:53.399,Košice,Подгорица,None,0,49.7,50,1105.5,10,0.55,0.0,0.0,0.013,-0.012,-0.206,2.09,14.73,9.94,51.6,Normal
2026-07-03 06:19:54.383,Košice,Подгорица,None,0,51.1,50,1137.0,10,0.48,0.0,0.0,0.009,0.004,-0.474,2.09,14.73,9.94,51.6,Normal
2026-07-03 06:19:55.385,Košice,Подгорица,None,0,52.9,50,1176.8,10,0.48,0.0,1.0,-0.082,-0.027,-0.516,2.09,14.73,9.94,51.6,Normal
2026-07-03 06:19:56.393,Košice,Подгорица,None,0,54.2,50,1202.9,10,0.0,0.0,1.0,-0.153,-0.003,-0.203,2.1,14.73,9.94,51.6,Normal
2026-07-03 06:19:57.384,Košice,Подгорица,None,0,54.2,50,1202.3,10,0.22,0.0,1.0,-0.076,0.003,0.124,2.1,14.73,9.94,51.6,Normal
2026-07-03 06:19:58.385,Košice,Подгорица,None,0,53.4,50,1184.4,10,0.22,0.0,1.0,0.057,-0.01,0.315,2.1,14.73,9.94,51.6,Normal
2026-07-03 06:19:59.406,Košice,Подгорица,None,0,52.1,50,1154.7,10,0.19,0.0,1.0,-0.055,-0.025,0.456,2.1,14.73,9.94,51.6,Normal
2026-07-03 06:20:00.385,Košice,Подгорица,None,0,50.4,50,1120.5,10,0.41,0.0,1.0,0.016,-0.015,0.48,2.1,14.73,9.94,51.6,Normal
2026-07-03 06:20:01.386,Košice,Подгорица,None,0,48.6,50,1080.8,10,0.55,0.0,1.0,0.043,-0.048,0.514,2.1,14.73,9.94,51.6,Normal
2026-07-03 06:20:02.386,Košice,Подгорица,None,0,47.0,50,1045.5,10,0.78,0.0,1.0,-0.021,0.02,0.46,2.1,14.73,9.94,51.6,Normal
2026-07-03 06:20:03.387,Košice,Подгорица,None,0,45.5,50,1013.5,10,0.88,0.0,1.0,0.007,-0.055,0.398,2.1,14.73,9.94,51.5,Normal
2026-07-03 06:20:04.414,Košice,Подгорица,None,0,44.0,50,978.9,10,0.63,0.0,1.0,-0.03,-0.016,0.454,2.1,14.74,9.94,51.5,Normal
2026-07-03 06:20:05.388,Košice,Подгорица,None,0,42.4,50,940.7,10,0.83,0.0,1.0,0.021,-0.03,0.433,2.1,14.74,9.94,51.5,Normal
2026-07-03 06:20:06.389,Košice,Подгорица,None,0,39.8,50,1135.6,9,0.9,0.0,1.0,0.01,0.001,0.818,2.1,14.74,9.94,51.5,Normal
2026-07-03 06:20:07.389,Košice,Подгорица,None,0,38.3,70,1102.0,9,0.97,0.0,1.0,0.02,-0.02,0.179,2.1,14.74,9.94,51.5,Normal
2026-07-03 06:20:08.401,Košice,Подгорица,None,0,36.6,70,1340.7,8,1.0,0.0,0.0,0.11,-0.003,0.632,2.1,14.74,9.94,51.5,Normal
2026-07-03 06:20:09.409,Košice,Подгорица,None,0,35.7,70,1320.8,8,1.0,0.0,0.0,0.056,-0.08,-0.15,2.1,14.74,9.94,51.4,Normal
2026-07-03 06:20:10.406,Košice,Подгорица,None,0,36.7,70,1356.1,8,1.0,0.0,-1.0,0.167,-0.001,-0.307,2.1,14.74,9.94,51.4,Normal
2026-07-03 06:20:11.403,Košice,Подгорица,None,0,37.9,70,1398.3,8,1.0,0.0,0.0,-0.028,0.006,-0.342,2.1,14.74,9.94,51.4,Normal
2026-07-03 06:20:12.392,Košice,Подгорица,None,0,39.1,70,1441.9,8,0.93,0.0,0.0,-0.001,0.029,-0.34,2.1,14.74,9.94,51.3,Normal
2026-07-03 06:20:13.393,Košice,Подгорица,None,0,40.2,70,1483.5,8,0.77,0.0,-1.0,0.046,-0.001,-0.309,2.1,14.74,9.94,51.3,Normal
2026-07-03 06:20:14.392,Košice,Подгорица,None,0,41.2,70,1519.4,8,0.76,0.0,-1.0,0.042,-0.023,-0.281,2.1,14.75,9.94,51.3,Normal
2026-07-03 06:20:15.393,Košice,Подгорица,None,0,42.1,70,1552.5,8,0.7,0.0,-1.0,-0.02,0.005,-0.272,2.1,14.75,9.94,51.3,Normal
2026-07-03 06:20:16.393,Košice,Подгорица,None,0,43.2,70,1591.1,8,0.6,0.0,-1.0,-0.002,0.015,-0.304,2.1,14.75,9.94,51.2,Normal
2026-07-03 06:20:17.393,Košice,Подгорица,None,0,44.1,70,1612.2,8,0.56,0.0,-1.0,0.035,0.03,-0.159,2.1,14.75,9.94,51.2,Normal
2026-07-03 06:20:18.411,Košice,Подгорица,None,0,43.8,70,1254.1,9,0.59,0.0,-1.0,0.01,0.016,0.112,2.1,14.75,9.94,51.2,Normal
2026-07-03 06:20:19.394,Košice,Подгорица,None,0,44.4,70,1276.6,9,0.57,0.0,0.0,-0.058,-0.0,-0.33,2.1,14.75,9.94,51.2,Normal
2026-07-03 06:20:20.394,Košice,Подгорица,None,0,45.5,70,1308.3,9,0.48,0.0,-1.0,-0.02,-0.026,-0.302,2.1,14.75,9.94,51.2,Normal
2026-07-03 06:20:21.420,Košice,Подгорица,None,0,46.6,70,1338.3,9,0.44,0.0,-1.0,0.028,0.012,-0.284,2.1,14.75,9.94,51.2,Normal
2026-07-03 06:20:22.394,Košice,Подгорица,None,0,47.5,70,1365.1,9,0.45,0.0,-1.0,0.046,-0.029,-0.275,2.1,14.75,9.94,51.1,Normal
2026-07-03 06:20:23.413,Košice,Подгорица,None,0,48.5,70,1390.5,9,0.43,0.0,-1.0,0.024,0.028,-0.266,2.1,14.75,9.94,51.1,Normal
2026-07-03 06:20:24.395,Košice,Подгорица,None,0,48.6,70,1077.9,10,0.4,0.0,-1.0,0.0,0.03,0.045,2.1,14.75,9.94,51.1,Normal
2026-07-03 06:20:25.396,Košice,Подгорица,None,0,48.8,70,1086.7,10,0.59,0.0,0.0,-0.066,-0.031,-0.186,2.1,14.75,9.94,51.1,Normal
2026-07-03 06:20:26.395,Košice,Подгорица,None,0,49.8,70,1108.1,10,0.56,0.0,-1.0,-0.02,-0.05,-0.298,2.1,14.75,9.94,51.1,Normal
2026-07-03 06:20:27.415,Košice,Подгорица,None,0,50.7,70,1128.8,10,0.49,0.0,1.0,-0.006,0.099,-0.252,2.1,14.76,9.94,51.1,Normal
2026-07-03 06:20:28.397,Košice,Подгорица,None,0,51.6,70,1147.5,10,0.47,0.0,-1.0,0.014,-0.029,-0.231,2.1,14.76,9.94,51.1,Normal
2026-07-03 06:20:29.408,Košice,Подгорица,None,0,52.4,70,1166.2,10,0.49,0.0,-1.0,0.02,-0.014,-0.226,2.1,14.76,9.94,51.0,Normal
2026-07-03 06:20:30.417,Košice,Подгорица,None,0,53.3,70,1185.4,10,0.48,0.0,-1.0,0.006,-0.011,-0.233,2.1,14.76,9.94,51.0,Normal
2026-07-03 06:20:31.409,Košice,Подгорица,None,0,54.1,70,1202.2,10,0.42,0.0,-1.0,-0.025,0.01,-0.198,2.1,14.76,9.94,51.0,Normal
2026-07-03 06:20:32.419,Košice,Подгорица,None,0,54.4,70,1208.1,10,0.22,0.0,-1.0,0.059,-0.013,-0.014,2.1,14.76,9.94,51.0,Normal
2026-07-03 06:20:33.423,Košice,Подгорица,None,0,54.6,70,1214.2,10,0.39,0.0,-1.0,0.031,-0.006,-0.107,2.1,14.76,9.94,51.0,Normal
2026-07-03 06:20:34.414,Košice,Подгорица,None,0,55.0,70,1222.5,10,0.36,0.0,-1.0,0.004,0.034,-0.125,2.1,14.76,9.94,51.0,Normal
2026-07-03 06:20:35.419,Košice,Подгорица,None,0,55.6,70,1236.1,10,0.49,0.0,-1.0,0.04,-0.012,-0.222,2.1,14.76,9.94,51.0,Normal
2026-07-03 06:20:36.409,Košice,Подгорица,None,0,56.5,70,1252.9,10,0.0,0.0,-1.0,0.023,-0.003,-0.249,2.1,14.76,9.94,51.0,Normal
2026-07-03 06:20:37.400,Košice,Подгорица,None,0,56.6,70,1253.8,10,0.0,0.0,-1.0,-0.002,0.006,0.023,2.1,14.76,9.94,51.0,Normal
2026-07-03 06:20:38.423,Košice,Подгорица,None,0,56.5,70,1251.9,10,0.0,0.0,-1.0,-0.019,0.001,0.017,2.1,14.77,9.94,51.0,Normal
2026-07-03 06:20:39.401,Košice,Подгорица,None,0,56.7,70,1259.9,10,0.27,0.0,-1.0,0.163,-0.011,-0.151,2.1,14.77,9.94,50.9,Normal
2026-07-03 06:20:40.401,Košice,Подгорица,None,0,57.1,70,1266.9,10,0.0,0.0,-1.0,-0.064,0.027,-0.033,2.1,14.77,9.94,50.9,Normal
2026-07-03 06:20:41.413,Košice,Подгорица,None,0,56.6,70,1253.0,10,0.0,0.06,-1.0,-0.056,-0.003,0.316,2.1,14.77,9.94,50.9,Normal
2026-07-03 06:20:42.402,Košice,Подгорица,None,0,54.4,70,1204.3,10,0.0,0.0,-1.0,0.11,-0.056,0.512,2.1,14.77,9.94,50.9,Normal
2026-07-03 06:20:43.402,Košice,Подгорица,None,0,53.6,50,1187.9,10,0.0,0.0,0.0,-0.062,-0.022,0.154,2.1,14.77,9.94,50.9,Normal
2026-07-03 06:20:44.425,Košice,Подгорица,None,0,53.1,50,1177.5,10,0.0,0.0,1.0,-0.041,-0.029,0.131,2.1,14.77,9.94,50.9,Normal
2026-07-03 06:20:45.422,Košice,Подгорица,None,0,52.7,50,1167.7,10,0.0,0.0,1.0,-0.044,0.003,0.125,2.1,14.78,9.94,50.9,Normal
2026-07-03 06:20:46.402,Košice,Подгорица,None,0,52.3,50,1158.3,10,0.0,0.0,0.0,-0.045,-0.011,0.126,2.1,14.78,9.94,50.9,Normal
2026-07-03 06:20:47.403,Košice,Подгорица,None,0,51.8,50,1149.1,10,0.0,0.0,-1.0,0.018,0.027,0.122,2.1,14.78,9.94,50.9,Normal
2026-07-03 06:20:48.403,Košice,Подгорица,None,0,51.3,50,1135.9,10,0.0,0.0,0.0,-0.004,0.01,0.229,2.1,14.78,9.94,50.9,Normal
2026-07-03 06:20:49.404,Košice,Подгорица,None,0,50.5,50,1119.7,10,0.0,0.0,0.0,0.029,0.009,0.159,2.1,14.78,9.94,50.9,Normal
2026-07-03 06:20:50.403,Košice,Подгорица,None,0,50.1,50,1109.6,10,0.0,0.0,-1.0,0.039,0.029,0.123,2.1,14.78,9.94,50.9,Normal
2026-07-03 06:20:51.404,Košice,Подгорица,None,0,49.7,50,1100.8,10,0.0,0.0,-1.0,0.031,0.002,0.114,2.1,14.78,9.94,50.9,Normal
2026-07-03 06:20:52.405,Košice,Подгорица,None,0,49.2,50,1091.6,10,0.0,0.0,-1.0,0.032,-0.036,0.122,2.1,14.78,9.94,50.9,Normal
2026-07-03 06:20:53.428,Košice,Подгорица,None,0,49.1,50,1090.2,10,0.3,0.0,-1.0,0.053,-0.035,-0.063,2.1,14.78,9.94,50.9,Normal
2026-07-03 06:20:54.405,Košice,Подгорица,None,0,49.5,50,1102.0,10,0.43,0.0,-1.0,0.002,-0.008,-0.181,2.1,14.78,9.94,50.9,Normal
2026-07-03 06:20:55.421,Košice,Подгорица,None,0,50.2,50,1116.7,10,0.36,0.0,-1.0,-0.038,-0.01,-0.186,2.1,14.78,9.94,50.9,Normal
2026-07-03 06:20:56.428,Košice,Подгорица,None,0,50.6,50,1121.6,10,0.0,0.0,0.0,-0.045,0.038,0.014,2.1,14.79,9.94,50.9,Normal
2026-07-03 06:20:57.406,Košice,Подгорица,None,0,50.2,50,1113.6,10,0.0,0.0,0.0,-0.039,0.013,0.109,2.1,14.79,9.94,50.9,Normal
2026-07-03 06:20:58.428,Košice,Подгорица,None,0,49.8,50,1104.1,10,0.0,0.0,0.0,-0.009,0.009,0.113,2.1,14.79,9.94,50.9,Normal
2026-07-03 06:20:59.408,Košice,Подгорица,None,0,49.7,50,1101.1,10,0.0,0.0,0.0,-0.013,-0.016,-0.005,2.1,14.79,9.94,50.9,Normal
2026-07-03 06:21:00.408,Košice,Подгорица,None,0,49.8,50,1105.3,10,0.0,0.0,0.0,-0.023,0.026,-0.079,2.1,14.79,9.94,50.9,Normal
2026-07-03 06:21:01.408,Košice,Подгорица,None,0,50.3,50,1115.1,10,0.0,0.0,0.0,0.01,0.011,-0.15,2.1,14.79,9.94,50.9,Normal
2026-07-03 06:21:02.408,Košice,Подгорица,None,0,50.8,50,1127.5,10,0.0,0.0,0.0,0.012,0.042,-0.172,2.1,14.79,9.94,50.9,Normal
2026-07-03 06:21:03.409,Košice,Подгорица,None,0,51.4,50,1140.5,10,0.0,0.0,1.0,-0.042,0.013,-0.157,2.1,14.79,9.94,50.9,Normal
2026-07-03 06:21:04.408,Košice,Подгорица,None,0,51.9,50,1151.9,10,0.0,0.0,0.0,-0.0,-0.057,-0.123,2.1,14.79,9.94,50.9,Normal
2026-07-03 06:21:05.409,Košice,Подгорица,None,0,52.2,50,1158.0,10,0.0,0.0,0.0,0.008,0.042,-0.058,2.1,14.79,9.94,50.9,Normal
2026-07-03 06:21:06.410,Košice,Подгорица,None,0,52.2,50,1158.1,10,0.0,0.0,0.0,0.0,-0.018,0.044,2.1,14.79,9.94,50.9,Normal
2026-07-03 06:21:07.419,Košice,Подгорица,None,0,51.8,50,1148.8,10,0.0,0.0,0.0,0.005,0.007,0.127,2.1,14.79,9.94,50.9,Normal
2026-07-03 06:21:08.410,Košice,Подгорица,None,0,51.4,50,1139.3,10,0.0,0.0,0.0,-0.011,-0.049,0.131,2.1,14.8,9.94,50.9,Normal
2026-07-03 06:21:09.421,Košice,Подгорица,None,0,51.0,50,1130.1,10,0.0,0.0,0.0,0.007,0.025,0.102,2.1,14.8,9.94,50.9,Normal
2026-07-03 06:21:10.410,Košice,Подгорица,None,0,50.5,50,1120.2,10,0.0,0.0,0.0,0.023,0.006,0.128,2.1,14.8,9.94,50.9,Normal
2026-07-03 06:21:11.428,Košice,Подгорица,None,0,50.1,50,1112.1,10,0.0,0.0,1.0,-0.012,0.015,0.102,2.1,14.8,9.94,50.9,Normal
2026-07-03 06:21:12.435,Košice,Подгорица,None,0,49.9,50,1107.2,10,0.0,0.0,0.0,-0.033,0.027,0.017,2.1,14.8,9.94,50.9,Normal
2026-07-03 06:21:13.411,Košice,Подгорица,None,0,49.8,50,1105.3,10,0.0,0.0,0.0,0.002,-0.014,0.028,2.1,14.8,9.94,50.9,Normal
2026-07-03 06:21:14.436,Košice,Подгорица,None,0,49.7,50,1103.3,10,0.0,0.0,0.0,-0.003,-0.016,0.022,2.1,14.8,9.94,50.9,Normal
2026-07-03 06:21:15.412,Košice,Подгорица,None,0,49.7,50,1103.2,10,0.0,0.0,0.0,-0.027,0.002,0.003,2.1,14.8,9.94,50.9,Normal
2026-07-03 06:21:16.424,Košice,Подгорица,None,0,49.7,50,1102.6,10,0.0,0.0,0.0,-0.003,-0.018,0.007,2.1,14.8,9.94,50.9,Normal
2026-07-03 06:21:17.432,Košice,Подгорица,None,0,49.7,50,1102.2,10,0.0,0.0,0.0,-0.001,-0.022,0.006,2.1,14.8,9.94,50.9,Normal
2026-07-03 06:21:18.425,Košice,Подгорица,None,0,49.7,50,1102.4,10,0.0,0.0,0.0,-0.014,-0.051,-0.0,2.1,14.8,9.94,50.9,Normal
2026-07-03 06:21:19.423,Košice,Подгорица,None,0,49.7,50,1102.3,10,0.0,0.0,0.0,0.003,0.026,0.001,2.1,14.8,9.94,50.9,Normal
2026-07-03 06:21:20.433,Košice,Подгорица,None,0,49.7,50,1102.1,10,0.0,0.0,-1.0,0.002,-0.017,0.006,2.1,14.8,9.94,50.9,Normal
2026-07-03 06:21:21.427,Košice,Подгорица,None,0,49.7,50,1101.9,10,0.0,0.0,-1.0,0.024,-0.008,0.003,2.1,14.8,9.94,50.9,Normal
2026-07-03 06:21:22.415,Košice,Подгорица,None,0,49.7,50,1102.4,10,0.0,0.0,1.0,-0.034,-0.001,-0.005,2.1,14.8,9.94,50.9,Normal
2026-07-03 06:21:23.432,Košice,Подгорица,None,0,49.7,50,1101.9,10,0.0,0.0,0.0,0.004,0.015,0.005,2.1,14.8,9.94,50.9,Normal
2026-07-03 06:21:24.416,Košice,Подгорица,None,0,49.7,50,1102.4,10,0.0,0.0,0.0,-0.016,0.028,-0.008,2.1,14.8,9.94,50.9,Normal
2026-07-03 06:21:25.416,Košice,Подгорица,None,0,49.7,50,1102.1,10,0.0,0.0,0.0,0.043,0.006,-0.007,2.1,14.8,9.94,50.9,Normal
2026-07-03 06:21:26.416,Košice,Подгорица,None,0,49.6,50,1101.7,10,0.0,0.0,0.0,0.011,0.03,0.025,2.1,14.8,9.94,50.9,Normal
2026-07-03 06:21:27.416,Košice,Подгорица,None,0,49.7,50,1102.0,10,0.0,0.0,-1.0,-0.036,0.081,-0.007,2.1,14.8,9.94,50.9,Normal
2026-07-03 06:21:28.416,Košice,Подгорица,None,0,49.7,50,1102.1,10,0.0,0.0,-1.0,0.042,0.007,0.003,2.1,14.8,9.94,50.9,Normal
2026-07-03 06:21:29.441,Košice,Подгорица,None,0,49.6,50,1100.4,10,0.0,0.0,0.0,-0.025,0.035,0.038,2.1,14.81,9.94,50.9,Normal
2026-07-03 06:21:30.440,Košice,Подгорица,None,0,49.3,50,1091.6,10,0.0,0.0,-1.0,0.065,0.001,0.138,2.1,14.81,9.94,50.9,Normal
2026-07-03 06:21:31.417,Košice,Подгорица,None,0,48.7,50,1079.5,10,0.0,0.0,0.0,0.006,-0.039,0.166,2.1,14.81,9.94,50.9,Normal
2026-07-03 06:21:32.442,Košice,Подгорица,None,0,48.0,50,1062.3,10,0.0,0.0,-1.0,-0.005,0.013,0.238,2.1,14.81,9.94,50.9,Normal
2026-07-03 06:21:33.418,Košice,Подгорица,None,0,47.1,50,1044.7,10,0.0,0.0,-1.0,0.181,-0.002,0.248,2.1,14.81,9.94,50.9,Normal
2026-07-03 06:21:34.440,Košice,Подгорица,None,0,46.3,50,1024.6,10,0.0,0.0,-1.0,-0.048,0.052,0.251,2.1,14.81,9.94,50.9,Normal
2026-07-03 06:21:35.419,Košice,Подгорица,None,0,45.4,50,1006.1,10,0.0,0.0,-1.0,0.091,-0.001,0.246,2.1,14.81,9.94,50.9,Normal
2026-07-03 06:21:36.419,Košice,Подгорица,None,0,44.5,50,985.6,10,0.0,0.0,-1.0,-0.001,0.014,0.249,2.1,14.81,9.94,50.9,Normal
2026-07-03 06:21:37.437,Košice,Подгорица,None,0,43.7,50,969.1,10,0.0,0.0,-1.0,-0.056,0.022,0.201,2.1,14.81,9.94,50.9,Normal
2026-07-03 06:21:38.421,Košice,Подгорица,None,0,43.2,50,957.0,10,0.0,0.0,0.0,-0.049,0.0,0.131,2.1,14.81,9.94,50.9,Normal
2026-07-03 06:21:39.432,Košice,Подгорица,None,0,42.7,50,946.8,10,0.0,0.0,1.0,-0.048,-0.003,0.125,2.1,14.81,9.94,50.9,Normal
2026-07-03 06:21:40.441,Košice,Подгорица,None,0,42.4,50,1212.6,9,0.0,0.0,1.0,-0.026,0.004,0.078,2.1,14.81,9.94,50.9,Normal
2026-07-03 06:21:41.421,Košice,Подгорица,None,0,42.0,50,1202.5,9,0.0,0.0,0.0,0.049,0.015,0.117,2.1,14.81,9.94,50.9,Normal
2026-07-03 06:21:42.443,Košice,Подгорица,None,0,41.6,50,1189.1,9,0.0,0.0,0.0,0.007,-0.057,0.126,2.1,14.81,9.94,50.9,Normal
2026-07-03 06:21:43.422,Košice,Подгорица,None,0,41.1,50,1175.6,9,0.0,0.0,0.0,0.002,0.017,0.136,2.1,14.81,9.94,50.9,Normal
2026-07-03 06:21:44.423,Košice,Подгорица,None,0,40.6,50,1162.0,9,0.0,0.0,0.0,0.013,-0.009,0.131,2.1,14.81,9.94,50.9,Normal
2026-07-03 06:21:45.435,Košice,Подгорица,None,0,40.2,50,1148.8,9,0.0,0.0,1.0,-0.071,-0.024,0.136,2.1,14.81,9.94,50.9,Normal
2026-07-03 06:21:46.424,Košice,Подгорица,None,0,39.7,50,1135.7,9,0.0,0.0,1.0,-0.004,0.007,0.133,2.1,14.81,9.94,50.9,Normal
2026-07-03 06:21:47.424,Košice,Подгорица,None,0,39.2,50,1122.3,9,0.0,0.0,0.0,0.017,-0.011,0.135,2.1,14.81,9.94,50.9,Normal
2026-07-03 06:21:48.423,Košice,Подгорица,None,0,38.7,50,1107.6,9,0.0,0.0,-1.0,0.048,0.012,0.165,2.1,14.81,9.94,50.9,Normal
2026-07-03 06:21:49.424,Košice,Подгорица,None,0,38.1,50,1090.2,9,0.0,0.0,-1.0,0.117,-0.003,0.183,2.1,14.81,9.94,50.9,Normal
2026-07-03 06:21:50.425,Košice,Подгорица,None,0,37.5,50,1071.4,9,0.0,0.0,-1.0,-0.038,0.016,0.185,2.1,14.81,9.94,50.9,Normal
2026-07-03 06:21:51.437,Košice,Подгорица,None,0,35.9,50,1025.2,9,0.0,0.09,1.0,-0.072,0.012,0.693,2.1,14.81,9.94,50.9,Normal
2026-07-03 06:21:52.446,Košice,Подгорица,None,0,33.2,50,947.6,9,0.0,0.12,1.0,-0.064,0.004,0.823,2.1,14.81,9.94,50.9,Normal
2026-07-03 06:21:53.441,Košice,Подгорица,None,0,30.5,50,1070.6,9,0.0,0.1,1.0,-0.01,-0.019,0.716,2.1,14.81,9.94,50.9,Normal
2026-07-03 06:21:54.425,Košice,Подгорица,None,0,27.8,50,1014.5,8,0.0,0.25,1.0,-0.008,0.009,0.988,2.1,14.81,9.94,50.9,Normal
2026-07-03 06:21:55.444,Košice,Подгорица,None,0,23.3,50,876.9,8,0.0,0.0,1.0,-0.001,0.036,1.225,2.1,14.81,9.94,50.9,Normal
2026-07-03 06:21:56.425,Košice,Подгорица,None,0,21.9,50,1330.8,6,0.0,0.0,1.0,-0.008,-0.004,0.242,2.1,14.81,9.94,50.9,Normal
2026-07-03 06:21:57.447,Košice,Подгорица,None,0,20.1,50,1218.1,6,0.0,0.1,1.0,-0.062,0.013,0.782,2.1,14.81,9.94,50.9,Normal
2026-07-03 06:21:58.427,Košice,Подгорица,None,0,16.1,50,963.1,6,0.0,0.22,1.0,-0.286,0.018,1.53,2.1,14.81,9.94,50.9,Normal
2026-07-03 06:21:59.450,Košice,Подгорица,None,0,12.1,50,1086.9,6,0.0,0.06,1.0,-0.176,-0.051,0.49,2.1,14.81,9.94,50.9,Normal
2026-07-03 06:22:00.444,Košice,Подгорица,None,0,10.3,50,992.6,4,0.0,0.0,1.0,-0.109,-0.01,0.408,2.1,14.81,9.94,50.9,Normal
2026-07-03 06:22:01.452,Košice,Подгорица,None,0,8.0,50,760.4,4,0.0,0.0,1.0,-0.012,-0.019,0.58,2.1,14.81,9.94,50.9,Normal
2026-07-03 06:22:02.446,Košice,Подгорица,None,0,6.7,50,1063.0,2,0.0,0.0,1.0,0.095,0.02,0.299,2.1,14.81,9.94,50.9,Normal
2026-07-03 06:22:03.438,Košice,Подгорица,None,0,6.9,50,1146.5,2,0.24,0.0,-1.0,-0.004,-0.036,-0.581,2.1,14.81,9.94,50.9,Normal
2026-07-03 06:22:04.449,Košice,Подгорица,None,0,8.3,50,1323.4,2,0.0,0.0,-1.0,0.357,0.016,0.147,2.1,14.81,9.94,50.9,Normal
2026-07-03 06:22:05.429,Košice,Подгорица,None,0,6.8,50,1092.0,2,0.0,0.0,0.0,0.042,-0.001,0.433,2.1,14.81,9.94,50.9,Normal
2026-07-03 06:22:06.429,Košice,Подгорица,None,0,5.5,50,884.3,2,0.0,0.0,0.0,0.033,-0.002,0.368,2.1,14.81,9.94,50.9,Normal
2026-07-03 06:22:07.430,Košice,Подгорица,None,0,4.6,50,732.8,2,0.0,0.0,1.0,0.017,-0.01,0.296,2.1,14.81,9.94,50.9,Normal
2026-07-03 06:22:08.441,Košice,Подгорица,None,0,2.8,50,580.7,1,0.16,0.0,1.0,-0.078,-0.118,0.232,2.1,14.81,9.94,50.9,Normal
2026-07-03 06:22:09.448,Košice,Подгорица,None,0,3.9,50,852.0,1,0.28,0.0,1.0,-0.035,-0.037,-0.705,2.1,14.81,9.94,50.9,Normal
2026-07-03 06:22:10.445,Košice,Подгорица,None,0,6.1,50,1314.5,1,0.25,0.0,0.0,-0.058,0.002,-0.662,2.1,14.81,9.94,50.9,Normal
2026-07-03 06:22:11.456,Košice,Подгорица,None,0,7.0,50,1302.2,1,0.28,0.0,0.0,0.081,0.003,0.436,2.1,14.81,9.94,50.9,Normal
2026-07-03 06:22:12.448,Košice,Подгорица,None,0,7.1,50,917.5,3,0.3,0.0,1.0,-0.008,-0.058,-0.418,2.1,14.81,9.94,50.9,Normal
2026-07-03 06:22:13.454,Košice,Подгорица,None,0,9.7,50,1237.1,3,0.27,0.0,1.0,-0.02,-0.003,-0.646,2.1,14.81,9.94,50.9,Normal
2026-07-03 06:22:14.451,Košice,Подгорица,None,0,11.7,50,1485.9,3,0.37,0.0,0.0,0.027,0.006,-0.605,2.1,14.81,9.94,50.9,Normal
2026-07-03 06:22:15.444,Košice,Подгорица,None,0,11.9,50,937.4,5,0.31,0.0,0.0,0.019,0.011,0.067,2.1,14.81,9.94,50.9,Normal
2026-07-03 06:22:16.444,Košice,Подгорица,None,0,12.5,50,992.9,5,0.24,0.0,-1.0,0.026,-0.017,-0.337,2.1,14.81,9.94,50.9,Normal
2026-07-03 06:22:17.432,Košice,Подгорица,None,0,13.8,50,1099.7,5,0.49,0.0,0.0,0.009,0.005,-0.416,2.1,14.81,9.94,50.9,Normal
2026-07-03 06:22:18.432,Košice,Подгорица,None,0,15.8,50,1260.2,5,0.57,0.0,0.0,0.003,-0.015,-0.762,2.1,14.81,9.94,50.9,Normal
2026-07-03 06:22:19.451,Košice,Подгорица,None,0,18.7,50,1406.0,5,0.49,0.0,-1.0,0.071,-0.022,-0.451,2.1,14.81,9.94,50.9,Normal
2026-07-03 06:22:20.434,Košice,Подгорица,None,0,18.9,50,899.3,7,0.55,0.0,0.0,0.002,0.012,-0.013,2.1,14.81,9.94,50.9,Normal
2026-07-03 06:22:21.435,Košice,Подгорица,None,0,20.1,50,957.8,7,0.37,0.0,-1.0,0.009,-0.013,-0.419,2.1,14.81,9.94,50.9,Normal
2026-07-03 06:22:22.435,Košice,Подгорица,None,0,21.6,50,1029.2,7,0.39,0.0,-1.0,0.005,0.013,-0.428,2.1,14.81,9.94,50.9,Normal
2026-07-03 06:22:23.436,Košice,Подгорица,None,0,23.3,50,1113.2,7,0.57,0.0,-1.0,-0.035,-0.142,-0.559,2.1,14.81,9.94,50.9,Normal
2026-07-03 06:22:24.452,Košice,Подгорица,None,0,25.6,50,1219.6,7,0.52,0.0,-1.0,-0.0,0.001,-0.627,2.1,14.81,9.94,50.9,Normal
2026-07-03 06:22:25.436,Košice,Подгорица,None,0,27.7,50,1319.1,7,0.54,0.0,0.0,-0.002,-0.014,-0.594,2.1,14.81,9.94,50.9,Normal
2026-07-03 06:22:26.436,Košice,Подгорица,None,0,29.9,50,1429.6,7,0.69,0.0,1.0,-0.072,-0.009,-0.732,2.1,14.81,9.94,50.8,Normal
2026-07-03 06:22:27.446,Košice,Подгорица,None,0,30.6,50,1124.4,8,0.52,0.0,0.0,0.007,0.035,0.016,2.1,14.81,9.94,50.8,Normal
2026-07-03 06:22:28.436,Košice,Подгорица,None,0,31.3,50,1153.7,8,0.49,0.0,-1.0,0.028,-0.057,-0.38,2.1,14.81,9.94,50.8,Normal
2026-07-03 06:22:29.437,Košice,Подгорица,None,0,32.6,50,1201.7,8,0.4,0.0,-1.0,0.02,0.012,-0.358,2.1,14.81,9.94,50.8,Normal
2026-07-03 06:22:30.437,Košice,Подгорица,None,0,33.6,50,1235.3,8,0.25,0.0,-1.0,0.011,0.004,-0.239,2.1,14.81,9.94,50.8,Normal
2026-07-03 06:22:31.438,Košice,Подгорица,None,0,34.1,50,1253.4,8,0.2,0.0,-1.0,0.088,-0.01,-0.115,2.1,14.81,9.94,50.8,Normal
2026-07-03 06:22:32.438,Košice,Подгорица,None,0,34.5,50,1268.8,8,0.31,0.0,-1.0,-0.014,-0.01,-0.137,2.1,14.81,9.94,50.8,Normal
2026-07-03 06:22:33.438,Košice,Подгорица,None,0,35.2,50,1294.2,8,0.31,0.0,-1.0,0.023,-0.0,-0.214,2.1,14.81,9.94,50.8,Normal
2026-07-03 06:22:34.439,Košice,Подгорица,None,0,36.0,50,1323.4,8,0.32,0.0,0.0,-0.048,-0.031,-0.24,2.1,14.81,9.94,50.8,Normal
2026-07-03 06:22:35.461,Košice,Подгорица,None,0,36.8,50,1352.1,8,0.29,0.0,-1.0,-0.013,0.007,-0.226,2.1,14.81,9.94,50.8,Normal
2026-07-03 06:22:36.440,Košice,Подгорица,None,0,37.3,50,1370.0,8,0.29,0.0,0.0,-0.015,-0.002,-0.157,2.1,14.81,9.94,50.8,Normal
2026-07-03 06:22:37.454,Košice,Подгорица,None,0,37.8,50,1391.0,8,0.28,0.0,0.0,-0.014,0.018,-0.151,2.1,14.81,9.94,50.8,Normal
2026-07-03 06:22:38.440,Košice,Подгорица,None,0,38.3,50,1265.5,8,0.3,0.0,-1.0,0.037,0.036,-0.042,2.1,14.81,9.94,50.8,Normal
2026-07-03 06:22:39.441,Košice,Подгорица,None,0,38.2,50,1092.4,9,0.0,0.0,-1.0,0.03,-0.022,0.029,2.1,14.81,9.94,50.8,Normal
2026-07-03 06:22:40.442,Košice,Подгорица,None,0,37.0,50,1059.7,9,0.26,0.0,-1.0,0.026,0.011,0.225,2.1,14.81,9.94,50.8,Normal
2026-07-03 06:22:41.467,Košice,Подгорица,None,0,37.1,50,1064.1,9,0.18,0.0,-1.0,0.023,-0.013,-0.085,2.1,14.81,9.94,50.8,Normal
2026-07-03 06:22:42.443,Košice,Подгорица,None,0,32.2,50,1233.2,9,0.0,1.0,-1.0,0.02,0.228,3.85,2.1,14.81,9.94,50.8,Hard Braking
2026-07-03 06:22:43.442,Košice,Подгорица,None,0,21.1,50,1271.8,6,0.0,0.16,0.0,-0.042,0.015,2.107,2.1,14.81,9.94,50.8,Normal
2026-07-03 06:22:44.461,Košice,Подгорица,None,0,15.2,50,920.3,6,0.0,0.0,0.0,-0.008,-0.046,0.926,2.1,14.81,9.94,50.8,Normal
2026-07-03 06:22:45.444,Košice,Подгорица,None,0,13.7,50,830.9,6,0.0,0.0,0.0,-0.006,-0.006,0.342,2.1,14.81,9.94,50.8,Normal
2026-07-03 06:22:46.460,Košice,Подгорица,None,0,12.8,50,1243.5,4,0.0,0.0,0.0,0.005,0.001,0.218,2.1,14.81,9.94,50.8,Normal
2026-07-03 06:22:47.444,Košice,Подгорица,None,0,11.2,50,1074.8,4,0.0,0.24,0.0,-0.011,-0.045,0.984,2.1,14.81,9.94,50.8,Normal
2026-07-03 06:22:48.445,Košice,Подгорица,None,0,5.6,50,767.3,4,0.0,0.31,0.0,-0.006,-0.018,1.781,2.1,14.81,9.94,50.8,Normal
2026-07-03 06:22:49.445,Košice,Подгорица,None,0,0.5,50,550.0,1,0.0,0.0,0.0,0.003,-0.152,0.927,2.1,14.81,9.94,50.8,Normal
2026-07-03 06:22:50.445,Košice,Подгорица,None,0,-0.0,50,550.0,1,0.0,0.0,0.0,-0.007,-0.007,-0.002,2.1,14.81,9.94,50.8,Normal
2026-07-03 06:22:51.446,Košice,Подгорица,None,0,-0.0,50,550.0,1,0.0,0.0,0.0,0.004,0.0,0.005,2.1,14.81,9.94,50.8,Normal
2026-07-03 06:22:52.446,Košice,Подгорица,None,0,0.1,50,897.9,1,0.55,0.0,0.0,0.008,0.046,-0.102,2.1,14.81,9.94,50.8,Normal
2026-07-03 06:22:53.466,Košice,Подгорица,None,0,5.2,50,1179.0,1,0.46,0.0,0.0,-0.009,-0.106,-1.919,2.1,14.81,9.94,50.8,Normal
2026-07-03 06:22:54.446,Košice,Подгорица,None,0,7.9,50,1332.7,1,0.45,0.0,0.0,-0.007,0.075,-0.114,2.1,14.81,9.94,50.8,Normal
2026-07-03 06:22:55.448,Košice,Подгорица,None,0,8.7,50,1124.2,3,0.47,0.0,0.0,0.002,-0.036,-0.759,2.1,14.81,9.94,50.8,Normal
2026-07-03 06:22:56.463,Košice,Подгорица,None,0,12.2,50,1441.9,3,0.52,0.0,0.0,-0.011,-0.054,-0.545,2.1,14.81,9.94,50.8,Normal
2026-07-03 06:22:57.471,Košice,Подгорица,None,0,12.6,50,995.0,5,0.49,0.0,1.0,-0.021,0.032,-0.047,2.1,14.81,9.94,50.8,Normal
2026-07-03 06:22:58.449,Košice,Подгорица,None,0,14.9,50,1194.0,5,0.46,0.0,0.0,0.004,-0.015,-0.863,2.1,14.81,9.94,50.8,Normal
2026-07-03 06:22:59.462,Košice,Подгорица,None,0,17.4,50,1378.1,5,0.27,0.0,0.0,0.005,0.04,-0.578,2.1,14.81,9.94,50.7,Normal
2026-07-03 06:23:00.449,Košice,Подгорица,None,0,18.6,50,1307.8,5,0.37,0.0,0.0,0.008,0.049,-0.109,2.1,14.81,9.94,50.7,Normal
2026-07-03 06:23:01.449,Košice,Подгорица,None,0,18.7,50,1147.7,6,0.49,0.0,0.0,0.006,0.032,-0.167,2.1,14.81,9.94,50.7,Normal
2026-07-03 06:23:02.462,Košice,Подгорица,None,0,20.7,50,1278.9,6,0.47,0.0,0.0,-0.012,-0.031,-0.673,2.11,14.82,9.94,50.7,Normal
2026-07-03 06:23:03.449,Košice,Подгорица,None,0,23.1,50,1425.8,6,0.56,0.0,-1.0,0.007,0.011,-0.709,2.11,14.82,9.94,50.7,Normal
2026-07-03 06:23:04.474,Košice,Подгорица,None,0,23.9,50,1131.1,7,0.53,0.0,-1.0,-0.024,0.072,0.031,2.11,14.82,9.94,50.7,Normal
2026-07-03 06:23:05.468,Košice,Подгорица,None,0,24.7,50,1178.0,7,0.53,0.0,-1.0,0.002,0.006,-0.491,2.11,14.82,9.94,50.7,Normal
2026-07-03 06:23:06.463,Košice,Подгорица,None,0,26.5,50,1265.5,7,0.54,0.0,-1.0,-0.016,0.029,-0.555,2.11,14.82,9.94,50.7,Normal
2026-07-03 06:23:07.451,Košice,Подгорица,None,0,28.5,50,1357.0,7,0.53,0.0,-1.0,-0.008,0.01,-0.545,2.11,14.82,9.94,50.6,Normal
2026-07-03 06:23:08.451,Košice,Подгорица,None,0,30.1,50,1381.7,7,0.49,0.0,-1.0,0.08,0.023,-0.301,2.11,14.82,9.94,50.6,Normal
2026-07-03 06:23:09.452,Košice,Подгорица,None,0,30.1,70,1106.9,8,0.46,0.0,-1.0,0.228,0.003,0.06,2.11,14.82,9.94,50.6,Normal
2026-07-03 06:23:10.462,Košice,Подгорица,None,0,30.9,70,1142.4,8,0.47,0.0,-1.0,0.105,-0.013,-0.343,2.11,14.82,9.94,50.6,Normal
2026-07-03 06:23:11.452,Košice,Подгорица,None,0,32.1,70,1186.1,8,0.46,0.0,-1.0,0.011,-0.012,-0.341,2.11,14.82,9.94,50.6,Normal
2026-07-03 06:23:12.452,Košice,Подгорица,None,0,33.2,70,1226.0,8,0.46,0.0,-1.0,-0.065,-0.026,-0.296,2.11,14.82,9.94,50.6,Normal
2026-07-03 06:23:13.453,Košice,Подгорица,None,0,34.2,70,1261.2,8,0.46,0.0,-1.0,0.033,-0.014,-0.26,2.11,14.82,9.94,50.6,Normal
2026-07-03 06:23:14.469,Košice,Подгорица,None,0,35.0,70,1291.8,8,0.44,0.0,-1.0,-0.022,-0.001,-0.233,2.11,14.82,9.94,50.6,Normal
2026-07-03 06:23:15.477,Košice,Подгорица,None,0,35.8,70,1320.2,8,0.46,0.0,0.0,-0.122,-0.016,-0.225,2.11,14.82,9.94,50.5,Normal
2026-07-03 06:23:16.454,Košice,Подгорица,None,0,36.6,70,1348.3,8,0.45,0.0,-1.0,-0.06,0.012,-0.226,2.11,14.82,9.94,50.5,Normal
2026-07-03 06:23:17.455,Košice,Подгорица,None,0,36.7,70,1346.9,8,0.0,0.0,-1.0,-0.002,0.059,0.198,2.11,14.82,9.94,50.5,Normal
2026-07-03 06:23:18.454,Košice,Подгорица,None,0,36.0,70,1323.4,8,0.25,0.0,-1.0,0.005,-0.026,0.098,2.11,14.82,9.94,50.5,Normal
2026-07-03 06:23:19.455,Košice,Подгорица,None,0,36.0,70,1322.0,8,0.25,0.0,-1.0,-0.027,-0.005,-0.004,2.11,14.82,9.94,50.5,Normal
2026-07-03 06:23:20.475,Košice,Подгорица,None,0,36.0,70,1322.5,8,0.0,0.0,-1.0,0.002,0.008,-0.013,2.11,14.82,9.94,50.5,Normal
2026-07-03 06:23:21.480,Košice,Подгорица,None,0,35.3,70,1294.7,8,0.0,0.0,-1.0,0.001,0.001,0.253,2.11,14.83,9.94,50.5,Normal
2026-07-03 06:23:22.474,Košice,Подгорица,None,0,34.4,70,1260.9,8,0.22,0.0,0.0,0.055,-0.01,0.269,2.11,14.83,9.94,50.5,Normal
2026-07-03 06:23:23.456,Košice,Подгорица,None,0,34.4,70,1267.3,8,0.37,0.0,0.0,0.012,-0.026,-0.162,2.11,14.83,9.94,50.5,Normal
2026-07-03 06:23:24.476,Košice,Подгорица,None,0,35.0,70,1284.1,8,0.0,0.0,-1.0,-0.021,0.046,-0.023,2.11,14.83,9.94,50.5,Normal
2026-07-03 06:23:25.468,Košice,Подгорица,None,0,34.4,70,1263.2,8,0.1,0.0,0.0,-0.027,0.018,0.187,2.11,14.83,9.94,50.5,Normal
2026-07-03 06:23:26.457,Košice,Подгорица,None,0,33.8,70,1241.0,8,0.15,0.0,0.0,-0.01,0.028,0.174,2.11,14.83,9.94,50.5,Normal
2026-07-03 06:23:27.482,Košice,Подгорица,None,0,33.3,70,1220.7,8,0.0,0.0,0.0,-0.004,0.007,0.169,2.11,14.83,9.94,50.5,Normal
2026-07-03 06:23:28.457,Košice,Подгорица,None,0,32.7,70,1200.0,8,0.0,0.0,0.0,-0.005,0.004,0.155,2.11,14.83,9.94,50.5,Normal
2026-07-03 06:23:29.470,Košice,Подгорица,None,0,32.2,70,1180.7,8,0.0,0.0,0.0,0.011,0.007,0.149,2.11,14.83,9.94,50.5,Normal
2026-07-03 06:23:30.459,Košice,Подгорица,None,0,31.6,70,1158.7,8,0.0,0.0,0.0,0.051,0.03,0.209,2.11,14.83,9.94,50.5,Normal
2026-07-03 06:23:31.459,Košice,Подгорица,None,0,30.8,70,1128.2,8,0.0,0.0,-1.0,0.038,0.002,0.234,2.11,14.83,9.94,50.5,Normal
2026-07-03 06:23:32.459,Košice,Подгорица,None,0,30.0,70,1098.1,8,0.0,0.0,-1.0,0.102,-0.013,0.232,2.11,14.83,9.94,50.5,Normal
2026-07-03 06:23:33.459,Košice,Подгорица,None,0,29.1,70,1066.2,8,0.0,0.01,-1.0,0.009,0.003,0.239,2.11,14.84,9.94,50.5,Normal
2026-07-03 06:23:34.473,Košice,Подгорица,None,0,27.2,70,994.2,8,0.0,0.09,-1.0,0.103,0.011,0.662,2.11,14.84,9.94,50.5,Normal
2026-07-03 06:23:35.461,Košice,Подгорица,None,0,24.3,70,884.2,8,0.0,0.13,-1.0,0.011,0.003,0.929,2.11,14.84,9.94,50.5,Normal
2026-07-03 06:23:36.461,Košice,Подгорица,None,0,22.0,70,1343.5,6,0.0,0.0,1.0,-0.306,-0.04,0.273,2.11,14.84,9.94,50.5,Normal
2026-07-03 06:23:37.461,Košice,Подгорица,None,0,21.1,70,1282.2,6,0.0,0.0,1.0,-0.394,-0.017,0.272,2.11,14.84,9.94,50.5,Normal
2026-07-03 06:23:38.462,Košice,Подгорица,None,0,20.4,70,1248.5,6,0.25,0.0,1.0,-0.027,-0.027,-0.023,2.11,14.84,9.94,50.5,Normal
2026-07-03 06:23:39.480,Košice,Подгорица,None,0,21.2,70,1301.9,6,0.24,0.0,1.0,-0.098,-0.017,-0.271,2.11,14.84,9.94,50.4,Normal
2026-07-03 06:23:40.462,Košice,Подгорица,None,0,21.9,70,1341.9,6,0.1,0.0,0.0,0.165,0.021,-0.163,2.11,14.84,9.94,50.4,Normal
2026-07-03 06:23:41.462,Košice,Подгорица,None,0,21.8,70,1333.2,6,0.1,0.0,-1.0,0.371,-0.004,0.082,2.11,14.84,9.94,50.4,Normal
2026-07-03 06:23:42.462,Košice,Подгорица,None,0,21.6,70,1319.2,6,0.1,0.0,-1.0,0.25,-0.012,0.052,2.11,14.84,9.94,50.4,Normal
2026-07-03 06:23:43.463,Košice,Подгорица,None,0,21.6,70,1323.0,6,0.26,0.0,-1.0,-0.061,0.003,-0.071,2.11,14.84,9.94,50.4,Normal
2026-07-03 06:23:44.463,Košice,Подгорица,None,0,22.8,70,1404.0,6,0.45,0.0,-1.0,-0.04,-0.03,-0.528,2.11,14.84,9.94,50.4,Normal
2026-07-03 06:23:45.480,Košice,Подгорица,None,0,23.8,70,1124.7,7,0.42,0.0,-1.0,-0.019,0.029,-0.014,2.11,14.84,9.94,50.4,Normal
2026-07-03 06:23:46.480,Košice,Подгорица,None,0,24.1,70,1150.2,7,0.4,0.0,-1.0,-0.003,-0.041,-0.324,2.11,14.84,9.94,50.4,Normal
2026-07-03 06:23:47.475,Košice,Подгорица,None,0,25.5,70,1211.0,7,0.35,0.0,1.0,-0.256,0.007,-0.317,2.11,14.84,9.94,50.4,Normal
2026-07-03 06:23:48.465,Košice,Подгорица,None,0,27.2,70,1298.2,7,0.54,0.0,0.0,-0.004,-0.015,-0.624,2.11,14.84,9.94,50.4,Normal
2026-07-03 06:23:49.465,Košice,Подгорица,None,0,29.2,70,1392.7,7,0.46,0.0,0.0,-0.008,-0.01,-0.516,2.11,14.84,9.94,50.3,Normal
2026-07-03 06:23:50.481,Košice,Подгорица,None,0,30.2,70,1149.3,7,0.49,0.0,0.0,0.008,0.054,-0.027,2.11,14.84,9.94,50.3,Normal
2026-07-03 06:23:51.487,Košice,Подгорица,None,0,30.4,70,1122.1,8,0.43,0.0,0.0,-0.01,-0.034,-0.242,2.11,14.84,9.94,50.3,Normal
2026-07-03 06:23:52.466,Košice,Подгорица,None,0,31.7,70,1170.8,8,0.47,0.0,0.0,0.002,-0.024,-0.41,2.11,14.84,9.94,50.3,Normal
2026-07-03 06:23:53.466,Košice,Подгорица,None,0,33.2,70,1222.5,8,0.43,0.0,-1.0,0.014,0.016,-0.373,2.11,14.84,9.94,50.3,Normal
2026-07-03 06:23:54.466,Košice,Подгорица,None,0,34.5,70,1270.3,8,0.39,0.0,1.0,-0.032,-0.025,-0.349,2.11,14.84,9.94,50.3,Normal
2026-07-03 06:23:55.467,Košice,Подгорица,None,0,35.6,70,1312.3,8,0.42,0.0,1.0,-0.003,0.004,-0.299,2.11,14.85,9.94,50.3,Normal
2026-07-03 06:23:56.467,Košice,Подгорица,None,0,36.9,70,1361.4,8,0.53,0.0,0.0,-0.004,-0.043,-0.419,2.11,14.85,9.94,50.3,Normal
2026-07-03 06:23:57.468,Košice,Подгорица,None,0,38.4,70,1357.4,8,0.55,0.0,1.0,0.007,0.013,-0.249,2.11,14.85,9.94,50.2,Normal
2026-07-03 06:23:58.481,Košice,Подгорица,None,0,38.4,70,1102.3,9,0.54,0.0,1.0,0.003,0.005,0.032,2.11,14.85,9.94,50.2,Normal
2026-07-03 06:23:59.486,Košice,Подгорица,None,0,39.2,70,1127.9,9,0.55,0.0,1.0,-0.008,-0.007,-0.339,2.11,14.85,9.94,50.2,Normal
2026-07-03 06:24:00.469,Košice,Подгорица,None,0,40.5,70,1163.9,9,0.54,0.0,1.0,-0.01,0.016,-0.371,2.11,14.85,9.94,50.2,Normal
2026-07-03 06:24:01.469,Košice,Подгорица,None,0,41.7,70,1198.5,9,0.54,0.0,1.0,0.003,-0.03,-0.33,2.11,14.85,9.94,50.2,Normal
2026-07-03 06:24:02.482,Košice,Подгорица,None,0,42.7,70,1228.3,9,0.53,0.0,0.0,0.015,0.005,-0.278,2.11,14.85,9.94,50.2,Normal
2026-07-03 06:24:03.470,Košice,Подгорица,None,0,43.6,70,1252.6,9,0.51,0.0,0.0,-0.009,0.002,-0.23,2.11,14.85,9.94,50.1,Normal
2026-07-03 06:24:04.488,Košice,Подгорица,None,0,44.4,70,1276.7,9,0.66,0.0,0.0,0.027,0.005,-0.224,2.11,14.85,9.94,50.1,Normal
2026-07-03 06:24:05.482,Košice,Подгорица,None,0,45.3,70,1301.2,9,0.6,0.0,-1.0,0.012,-0.022,-0.223,2.11,14.85,9.94,50.1,Normal
2026-07-03 06:24:06.470,Košice,Подгорица,None,0,45.9,70,1320.1,9,0.59,0.0,-1.0,0.139,0.036,-0.178,2.11,14.85,9.94,50.1,Normal
2026-07-03 06:24:07.471,Košice,Подгорица,None,0,46.5,70,1336.2,9,0.57,0.0,-1.0,0.025,0.061,-0.151,2.11,14.85,9.94,50.1,Normal
2026-07-03 06:24:08.471,Košice,Подгорица,None,0,47.0,70,1349.4,9,0.54,0.0,-1.0,0.032,0.008,-0.114,2.11,14.85,9.94,50.0,Normal
2026-07-03 06:24:09.490,Košice,Подгорица,None,0,47.3,70,1359.6,9,0.55,0.0,-1.0,-0.11,-0.04,-0.062,2.11,14.86,9.94,50.0,Normal
2026-07-03 06:24:10.473,Košice,Подгорица,None,0,47.8,70,1373.1,9,0.55,0.0,-1.0,-0.028,0.024,-0.141,2.11,14.86,9.94,50.0,Normal
2026-07-03 06:24:11.473,Košice,Подгорица,None,0,48.2,70,1384.4,9,0.54,0.0,-1.0,0.011,0.014,-0.108,2.11,14.86,9.94,50.0,Normal
2026-07-03 06:24:12.473,Košice,Подгорица,None,0,48.7,70,1399.8,9,0.59,0.0,-1.0,0.001,-0.083,-0.171,2.11,14.86,9.94,50.0,Normal
2026-07-03 06:24:13.473,Košice,Подгорица,None,0,49.4,70,1420.4,9,0.6,0.0,1.0,-0.119,-0.067,-0.221,2.11,14.86,9.95,49.9,Normal
2026-07-03 06:24:14.474,Košice,Подгорица,None,0,50.0,70,1431.1,9,0.0,0.0,0.0,-0.061,0.098,0.011,2.11,14.86,9.95,49.9,Normal
2026-07-03 06:24:15.474,Košice,Подгорица,None,0,48.8,70,1393.9,9,0.0,0.0,1.0,-0.05,0.057,0.439,2.11,14.86,9.95,49.9,Normal
2026-07-03 06:24:16.474,Košice,Подгорица,None,0,47.1,70,1346.3,9,0.0,0.0,1.0,-0.084,0.016,0.467,2.11,14.86,9.95,49.9,Normal
2026-07-03 06:24:17.475,Košice,Подгорица,None,0,45.8,70,1308.5,9,0.24,0.0,1.0,-0.054,-0.011,0.349,2.11,14.87,9.95,49.9,Normal
2026-07-03 06:24:18.475,Košice,Подгорица,None,0,45.3,70,1300.4,9,0.36,0.0,1.0,-0.003,0.006,-0.009,2.11,14.87,9.95,49.9,Normal
2026-07-03 06:24:19.475,Košice,Подгорица,None,0,45.0,70,1288.7,9,0.27,0.0,1.0,-0.031,0.055,0.22,2.11,14.87,9.95,49.9,Normal
2026-07-03 06:24:20.475,Košice,Подгорица,None,0,44.6,70,1278.7,9,0.4,0.0,1.0,-0.069,-0.031,0.035,2.11,14.87,9.95,49.9,Normal
2026-07-03 06:24:21.494,Košice,Подгорица,None,0,44.6,70,1279.9,9,0.31,0.0,1.0,-0.039,-0.017,-0.017,2.11,14.87,9.95,49.9,Normal
2026-07-03 06:24:22.488,Košice,Подгорица,None,0,44.8,70,1284.8,9,0.39,0.0,1.0,-0.035,-0.005,-0.086,2.11,14.87,9.95,49.9,Normal
2026-07-03 06:24:23.501,Košice,Подгорица,None,0,45.2,70,1299.4,9,0.39,0.0,1.0,-0.025,-0.002,-0.162,2.11,14.87,9.95,49.8,Normal
2026-07-03 06:24:24.498,Košice,Подгорица,None,0,46.0,70,1319.6,9,0.36,0.0,1.0,0.019,-0.033,-0.214,2.11,14.87,9.95,49.8,Normal
2026-07-03 06:24:25.476,Košice,Подгорица,None,0,46.8,70,1343.0,9,0.37,0.0,1.0,-0.034,0.095,-0.179,2.11,14.87,9.95,49.8,Normal
2026-07-03 06:24:26.477,Košice,Подгорица,None,0,47.6,70,1361.2,9,0.0,0.0,1.0,0.026,0.09,-0.087,2.11,14.87,9.95,49.8,Normal
2026-07-03 06:24:27.496,Košice,Подгорица,None,0,47.7,70,1364.8,9,0.0,0.0,0.0,0.146,-0.019,-0.024,2.11,14.87,9.95,49.8,Normal
2026-07-03 06:24:28.489,Košice,Подгорица,None,0,47.9,70,1372.0,9,0.0,0.0,1.0,0.021,0.055,-0.087,2.11,14.87,9.95,49.8,Normal
2026-07-03 06:24:29.500,Košice,Подгорица,None,0,48.2,70,1379.5,9,0.0,0.0,1.0,-0.065,0.071,-0.089,2.11,14.88,9.95,49.8,Normal
2026-07-03 06:24:30.497,Košice,Подгорица,None,0,48.6,70,1391.4,9,0.0,0.0,1.0,0.006,-0.029,-0.134,2.11,14.88,9.95,49.8,Normal
2026-07-03 06:24:31.495,Košice,Подгорица,None,0,49.2,70,1092.0,10,0.0,0.0,1.0,-0.014,-0.035,-0.198,2.11,14.88,9.95,49.8,Normal
2026-07-03 06:24:32.493,Košice,Подгорица,None,0,49.8,70,1105.3,10,0.0,0.0,1.0,-0.017,-0.017,-0.176,2.11,14.88,9.95,49.8,Normal
2026-07-03 06:24:33.490,Košice,Подгорица,None,0,50.5,50,1119.6,10,0.0,0.0,1.0,-0.018,0.007,-0.232,2.11,14.88,9.95,49.8,Normal
2026-07-03 06:24:34.481,Košice,Подгорица,None,0,51.6,50,1144.7,10,0.0,0.0,1.0,-0.011,0.05,-0.393,2.11,14.88,9.95,49.8,Normal
2026-07-03 06:24:35.482,Košice,Подгорица,None,0,53.0,50,1177.2,10,0.0,0.0,1.0,-0.087,-0.02,-0.44,2.11,14.88,9.95,49.8,Normal
2026-07-03 06:24:36.482,Košice,Подгорица,None,0,54.2,50,1200.0,10,0.0,0.0,1.0,0.089,-0.145,-0.149,2.11,14.88,9.95,49.8,Normal
2026-07-03 06:24:37.482,Košice,Подгорица,None,0,54.4,50,1205.9,10,0.0,0.0,1.0,0.052,0.074,-0.054,2.11,14.88,9.95,49.8,Normal
2026-07-03 06:24:38.483,Košice,Подгорица,None,0,54.5,50,1207.7,10,0.0,0.0,1.0,-0.209,-0.057,0.027,2.11,14.88,9.95,49.8,Normal
2026-07-03 06:24:39.499,Košice,Подгорица,None,0,54.3,50,1201.1,10,0.0,0.0,1.0,-0.089,0.006,0.099,2.11,14.88,9.95,49.8,Normal
2026-07-03 06:24:40.508,Košice,Подгорица,None,0,53.7,50,1187.9,10,0.0,0.0,1.0,0.143,-0.213,0.214,2.11,14.88,9.95,49.8,Normal
2026-07-03 06:24:41.484,Košice,Подгорица,None,0,52.9,50,1171.1,10,0.0,0.0,-1.0,0.853,0.006,0.27,2.11,14.89,9.95,49.8,Harsh Cornering
2026-07-03 06:24:42.484,Košice,Подгорица,None,0,52.2,50,1155.5,10,0.0,0.0,-1.0,0.115,-0.021,0.127,2.11,14.89,9.95,49.8,Normal
2026-07-03 06:24:43.484,Košice,Подгорица,None,0,51.8,50,1147.6,10,0.0,0.0,-1.0,0.12,0.057,0.078,2.11,14.89,9.95,49.8,Normal
2026-07-03 06:24:44.507,Košice,Подгорица,None,0,51.7,50,1144.7,10,0.0,0.0,-1.0,-0.016,-0.021,0.04,2.11,14.89,9.95,49.8,Normal
2026-07-03 06:24:45.484,Košice,Подгорица,None,0,51.6,50,1143.5,10,0.0,0.0,-1.0,0.0,-0.003,0.005,2.11,14.89,9.95,49.8,Normal
2026-07-03 06:24:46.485,Košice,Подгорица,None,0,51.8,50,1150.4,10,0.23,0.0,-1.0,-0.082,-0.007,-0.131,2.11,14.89,9.95,49.8,Normal
2026-07-03 06:24:47.487,Košice,Подгорица,None,0,52.2,50,1159.0,10,0.18,0.0,-1.0,-0.034,-0.059,-0.076,2.11,14.89,9.95,49.8,Normal
2026-07-03 06:24:48.509,Košice,Подгорица,None,0,52.3,50,1162.0,10,0.26,0.0,1.0,-0.136,-0.022,-0.043,2.11,14.9,9.95,49.8,Normal
2026-07-03 06:24:49.486,Košice,Подгорица,None,0,52.7,50,1170.8,10,0.36,0.0,0.0,-0.022,0.001,-0.153,2.11,14.9,9.95,49.8,Normal
2026-07-03 06:24:50.487,Košice,Подгорица,None,0,52.7,50,1168.5,10,0.0,0.0,1.0,-0.013,-0.039,0.094,2.11,14.9,9.95,49.8,Normal
2026-07-03 06:24:51.504,Košice,Подгорица,None,0,52.3,50,1158.7,10,0.0,0.0,1.0,-0.021,0.004,0.12,2.11,14.9,9.95,49.8,Normal
2026-07-03 06:24:52.488,Košice,Подгорица,None,0,51.9,50,1149.9,10,0.0,0.0,0.0,0.019,0.004,0.121,2.11,14.9,9.95,49.8,Normal
2026-07-03 06:24:53.488,Košice,Подгорица,None,0,51.4,50,1139.5,10,0.0,0.0,0.0,-0.021,0.007,0.126,2.11,14.9,9.95,49.8,Normal
2026-07-03 06:24:54.488,Košice,Подгорица,None,0,51.0,50,1130.1,10,0.0,0.0,0.0,-0.019,-0.083,0.137,2.11,14.9,9.95,49.8,Normal
2026-07-03 06:24:55.501,Košice,Подгорица,None,0,50.6,50,1120.9,10,0.08,0.0,0.0,0.026,-0.007,0.116,2.11,14.9,9.95,49.8,Normal
2026-07-03 06:24:56.489,Košice,Подгорица,None,0,50.3,50,1116.2,10,0.0,0.0,0.0,-0.001,-0.02,0.064,2.11,14.9,9.95,49.8,Normal
2026-07-03 06:24:57.489,Košice,Подгорица,None,0,50.2,50,1114.4,10,0.0,0.0,0.0,-0.014,0.035,-0.005,2.11,14.9,9.95,49.8,Normal
2026-07-03 06:24:58.489,Košice,Подгорица,None,0,50.3,50,1116.8,10,0.0,0.0,0.0,0.055,-0.011,-0.032,2.11,14.9,9.95,49.8,Normal
2026-07-03 06:24:59.504,Košice,Подгорица,None,0,50.4,50,1117.9,10,0.0,0.0,1.0,-0.014,0.001,-0.002,2.11,14.9,9.95,49.8,Normal
2026-07-03 06:25:00.517,Košice,Подгорица,None,0,50.4,50,1117.7,10,0.0,0.0,0.0,0.017,0.0,-0.001,2.12,14.91,9.95,49.7,Normal
2026-07-03 06:25:01.522,Košice,Подгорица,None,0,50.4,50,1118.2,10,0.0,0.0,0.0,-0.006,-0.022,-0.0,2.12,14.91,9.95,49.7,Normal
2026-07-03 06:25:02.519,Košice,Подгорица,None,0,50.4,50,1118.5,10,0.0,0.0,0.0,0.008,0.035,-0.011,2.12,14.91,9.95,49.7,Normal
2026-07-03 06:25:03.490,Košice,Подгорица,None,0,50.4,50,1118.4,10,0.0,0.0,0.0,-0.004,-0.026,0.005,2.12,14.91,9.95,49.7,Normal
2026-07-03 06:25:04.491,Košice,Подгорица,None,0,50.1,50,1110.1,10,0.0,0.0,-1.0,0.228,0.05,0.123,2.12,14.91,9.95,49.7,Normal
2026-07-03 06:25:05.491,Košice,Подгорица,None,0,49.7,70,1102.6,10,0.0,0.0,0.0,0.003,-0.053,0.093,2.12,14.91,9.95,49.7,Normal
2026-07-03 06:25:06.509,Košice,Подгорица,None,0,49.4,70,1098.6,10,0.46,0.0,1.0,-0.082,-0.004,0.02,2.12,14.91,9.95,49.7,Normal
2026-07-03 06:25:07.493,Košice,Подгорица,None,0,49.8,70,1106.5,10,0.27,0.0,1.0,-0.141,0.01,-0.144,2.12,14.91,9.95,49.7,Normal
2026-07-03 06:25:08.517,Košice,Подгорица,None,0,50.7,70,1127.0,10,0.38,0.0,1.0,-0.052,-0.013,-0.304,2.12,14.91,9.95,49.7,Normal
2026-07-03 06:25:09.494,Košice,Подгорица,None,0,51.8,70,1153.2,10,0.37,0.0,1.0,0.114,-0.044,-0.357,2.12,14.91,9.95,49.7,Normal
2026-07-03 06:25:10.495,Košice,Подгорица,None,0,53.2,70,1184.5,10,0.41,0.0,1.0,0.027,-0.05,-0.414,2.12,14.91,9.95,49.7,Normal
2026-07-03 06:25:11.495,Košice,Подгорица,None,0,54.8,70,1220.7,10,0.56,0.0,1.0,-0.031,0.028,-0.476,2.12,14.92,9.95,49.7,Normal
2026-07-03 06:25:12.495,Košice,Подгорица,None,0,56.3,70,1253.4,10,0.5,0.0,1.0,-0.001,-0.019,-0.38,2.12,14.92,9.95,49.6,Normal
2026-07-03 06:25:13.496,Košice,Подгорица,None,0,57.4,70,1277.4,10,0.53,0.0,1.0,0.136,-0.042,-0.289,2.12,14.92,9.95,49.6,Normal
2026-07-03 06:25:14.495,Košice,Подгорица,None,0,58.4,70,1299.8,10,0.53,0.0,0.0,0.121,-0.01,-0.29,2.12,14.92,9.95,49.6,Normal
2026-07-03 06:25:15.497,Košice,Подгорица,None,0,59.4,70,1322.5,10,0.56,0.0,1.0,-0.003,-0.021,-0.29,2.12,14.92,9.95,49.6,Normal
2026-07-03 06:25:16.496,Košice,Подгорица,None,0,60.4,70,1344.6,10,0.6,0.0,1.0,-0.066,0.002,-0.276,2.12,14.92,9.95,49.6,Normal
2026-07-03 06:25:17.497,Košice,Подгорица,None,0,61.4,70,1366.0,10,0.56,0.0,1.0,0.037,0.004,-0.267,2.12,14.92,9.95,49.5,Normal
2026-07-03 06:25:18.497,Košice,Подгорица,None,0,62.2,70,1385.3,10,0.67,0.0,1.0,-0.031,0.028,-0.23,2.12,14.93,9.95,49.5,Normal
2026-07-03 06:25:19.519,Košice,Подгорица,None,0,62.0,70,1109.6,11,0.0,0.0,1.0,-0.021,0.019,0.201,2.12,14.93,9.95,49.5,Normal
2026-07-03 06:25:20.497,Košice,Подгорица,None,0,60.9,70,1088.6,11,0.0,0.0,1.0,-0.005,0.011,0.436,2.12,14.93,9.95,49.5,Normal
2026-07-03 06:25:21.520,Košice,Подгорица,None,0,59.0,70,1053.3,11,0.0,0.0,1.0,-0.1,-0.004,0.56,2.12,14.93,9.95,49.5,Normal
2026-07-03 06:25:22.498,Košice,Подгорица,None,0,57.1,70,1022.8,11,0.28,0.0,1.0,-0.051,-0.035,0.426,2.12,14.93,9.95,49.5,Normal
2026-07-03 06:25:23.510,Košice,Подгорица,None,0,55.8,70,996.4,11,0.0,0.0,1.0,-0.013,0.042,0.495,2.12,14.93,9.95,49.5,Normal
2026-07-03 06:25:24.521,Košice,Подгорица,None,0,53.4,70,1054.8,11,0.0,0.0,1.0,0.13,-0.048,0.689,2.12,14.93,9.95,49.5,Normal
2026-07-03 06:25:25.499,Košice,Подгорица,None,0,48.2,70,1062.0,10,0.0,0.31,-1.0,0.224,0.065,2.183,2.12,14.93,9.95,49.5,Normal
2026-07-03 06:25:26.513,Košice,Подгорица,None,0,40.7,70,962.9,10,0.0,0.0,-1.0,0.238,-0.036,1.592,2.12,14.93,9.95,49.5,Normal
2026-07-03 06:25:27.501,Košice,Подгорица,None,0,37.7,70,1074.3,9,0.0,0.0,-1.0,0.28,-0.004,0.689,2.12,14.93,9.95,49.5,Normal
2026-07-03 06:25:28.500,Košice,Подгорица,None,0,35.8,70,1025.3,9,0.32,0.0,-1.0,-0.048,-0.04,0.386,2.12,14.93,9.95,49.5,Normal
2026-07-03 06:25:29.502,Košice,Подгорица,None,0,35.0,70,1002.9,9,0.29,0.0,-1.0,-0.071,0.021,0.198,2.12,14.94,9.95,49.5,Normal
2026-07-03 06:25:30.517,Košice,Подгорица,None,0,34.8,70,1001.6,9,0.54,0.0,-1.0,-0.019,-0.033,-0.108,2.12,14.94,9.95,49.5,Normal
2026-07-03 06:25:31.503,Košice,Подгорица,None,0,35.4,70,1019.8,9,0.47,0.0,-1.0,-0.012,0.054,-0.223,2.12,14.94,9.95,49.5,Normal
2026-07-03 06:25:32.502,Košice,Подгорица,None,0,36.4,70,1048.4,9,0.58,0.0,-1.0,-0.089,-0.027,-0.308,2.12,14.94,9.95,49.4,Normal
2026-07-03 06:25:33.528,Košice,Подгорица,None,0,37.5,70,1080.2,9,0.65,0.0,-1.0,0.001,0.004,-0.309,2.12,14.94,9.95,49.4,Normal
2026-07-03 06:25:34.504,Košice,Подгорица,None,0,38.7,70,1115.6,9,0.63,0.0,-1.0,0.046,-0.003,-0.381,2.12,14.94,9.95,49.4,Normal
2026-07-03 06:25:35.503,Košice,Подгорица,None,0,40.1,70,1154.7,9,0.63,0.0,0.0,-0.173,-0.004,-0.402,2.12,14.94,9.95,49.4,Normal
2026-07-03 06:25:36.525,Košice,Подгорица,None,0,41.4,70,1192.4,9,0.57,0.0,-1.0,-0.027,-0.018,-0.366,2.12,14.94,9.95,49.4,Normal
2026-07-03 06:25:37.504,Košice,Подгорица,None,0,42.7,70,1227.0,9,0.55,0.0,-1.0,-0.023,-0.012,-0.339,2.12,14.94,9.95,49.4,Normal
2026-07-03 06:25:38.504,Košice,Подгорица,None,0,43.8,70,1260.0,9,0.52,0.0,-1.0,-0.065,0.045,-0.32,2.12,14.94,9.95,49.3,Normal
2026-07-03 06:25:39.505,Košice,Подгорица,None,0,44.5,70,1274.4,9,0.0,0.0,1.0,-0.113,0.065,0.01,2.12,14.94,9.95,49.3,Normal
2026-07-03 06:25:40.505,Košice,Подгорица,None,0,44.1,70,1262.7,9,0.0,0.0,1.0,-0.033,-0.052,0.13,2.12,14.94,9.95,49.3,Normal
2026-07-03 06:25:41.529,Košice,Подгорица,None,0,43.6,70,1247.5,9,0.0,0.0,1.0,-0.199,-0.025,0.146,2.12,14.94,9.95,49.3,Normal
2026-07-03 06:25:42.505,Košice,Подгорица,None,0,43.2,70,1233.8,9,0.0,0.0,1.0,-0.208,0.004,0.142,2.12,14.94,9.95,49.3,Normal
2026-07-03 06:25:43.525,Košice,Подгорица,None,0,42.7,70,1219.6,9,0.0,0.0,1.0,0.077,-0.07,0.153,2.12,14.95,9.95,49.3,Normal
2026-07-03 06:25:44.516,Košice,Подгорица,None,0,42.1,70,1204.4,9,0.0,0.0,1.0,-0.11,-0.007,0.152,2.12,14.95,9.95,49.3,Normal
2026-07-03 06:25:45.506,Košice,Подгорица,None,0,41.6,70,1188.9,9,0.0,0.0,1.0,0.079,0.006,0.154,2.12,14.95,9.95,49.3,Normal
2026-07-03 06:25:46.507,Košice,Подгорица,None,0,41.0,70,1172.4,9,0.05,0.0,1.0,0.06,0.031,0.158,2.12,14.95,9.95,49.3,Normal
2026-07-03 06:25:47.524,Košice,Подгорица,None,0,40.6,70,1163.8,9,0.37,0.0,1.0,0.009,-0.011,0.061,2.12,14.95,9.95,49.3,Normal
2026-07-03 06:25:48.508,Košice,Подгорица,None,0,41.0,70,1178.8,9,0.58,0.0,1.0,-0.037,-0.012,-0.192,2.12,14.95,9.95,49.3,Normal
2026-07-03 06:25:49.521,Košice,Подгорица,None,0,41.8,70,1202.1,9,0.55,0.0,1.0,0.013,-0.045,-0.214,2.12,14.95,9.95,49.3,Normal
2026-07-03 06:25:50.531,Košice,Подгорица,None,0,42.4,70,1219.6,9,0.54,0.0,1.0,0.079,0.005,-0.161,2.12,14.95,9.95,49.3,Normal
2026-07-03 06:25:51.525,Košice,Подгорица,None,0,42.9,70,1233.4,9,0.48,0.0,1.0,0.008,0.021,-0.141,2.12,14.95,9.95,49.3,Normal
2026-07-03 06:25:52.509,Košice,Подгорица,None,0,43.7,70,1256.4,9,0.52,0.0,1.0,0.032,-0.002,-0.275,2.12,14.95,9.95,49.2,Normal
2026-07-03 06:25:53.510,Košice,Подгорица,None,0,45.1,70,1296.2,9,0.55,0.0,1.0,0.08,0.004,-0.457,2.12,14.96,9.95,49.2,Normal
2026-07-03 06:25:54.531,Košice,Подгорица,None,0,47.1,70,1353.9,9,0.54,0.0,1.0,0.041,-0.0,-0.603,2.12,14.96,9.95,49.2,Normal
2026-07-03 06:25:55.528,Košice,Подгорица,None,0,49.0,70,1288.8,9,0.57,0.0,0.0,0.097,-0.048,-0.344,2.12,14.96,9.95,49.2,Normal
2026-07-03 06:25:56.511,Košice,Подгорица,None,0,49.9,70,1109.0,10,0.49,0.0,0.0,0.052,-0.005,-0.286,2.12,14.96,9.95,49.2,Normal
2026-07-03 06:25:57.511,Košice,Подгорица,None,0,51.7,70,1151.2,10,0.66,0.0,-1.0,0.101,0.009,-0.618,2.12,14.96,9.95,49.2,Normal
2026-07-03 06:25:58.512,Košice,Подгорица,None,0,54.2,70,1209.2,10,0.64,0.0,-1.0,0.036,0.066,-0.785,2.12,14.96,9.95,49.1,Normal
2026-07-03 06:25:59.512,Košice,Подгорица,None,0,57.0,70,1270.2,10,0.57,0.0,-1.0,0.035,-0.037,-0.796,2.12,14.96,9.95,49.1,Normal
2026-07-03 06:26:00.523,Košice,Подгорица,None,0,59.9,70,1334.7,10,0.59,0.0,-1.0,0.024,0.003,-0.832,2.12,14.96,9.95,49.1,Normal
2026-07-03 06:26:01.512,Košice,Подгорица,None,0,62.7,70,1310.1,10,0.54,0.0,-1.0,0.078,0.054,-0.673,2.12,14.96,9.95,49.1,Normal
2026-07-03 06:26:02.525,Košice,Подгорица,None,0,64.7,70,1160.5,11,0.49,0.0,-1.0,0.022,0.011,-0.527,2.12,14.96,9.95,49.1,Normal
2026-07-03 06:26:03.513,Košice,Подгорица,None,0,67.0,70,1203.5,11,0.46,0.0,-1.0,-0.037,0.02,-0.699,2.12,14.97,9.95,49.1,Normal
2026-07-03 06:26:04.529,Košice,Подгорица,None,0,69.0,70,1235.7,11,0.0,0.0,-1.0,-0.043,-0.028,-0.422,2.12,14.97,9.95,49.1,Normal
2026-07-03 06:26:05.514,Košice,Подгорица,None,0,70.3,70,1258.2,11,0.0,0.0,-1.0,-0.075,0.042,-0.343,2.12,14.97,9.95,49.1,Normal
2026-07-03 06:26:06.535,Košice,Подгорица,None,0,71.3,70,1275.7,11,0.0,0.0,-1.0,0.037,-0.06,-0.241,2.12,14.97,9.95,49.1,Normal
2026-07-03 06:26:07.527,Košice,Подгорица,None,0,71.8,70,1283.7,11,0.0,0.0,-1.0,0.016,-0.066,-0.099,2.12,14.97,9.95,49.1,Normal
2026-07-03 06:26:08.515,Košice,Подгорица,None,0,72.0,70,1288.8,11,0.0,0.0,-1.0,0.006,0.08,-0.058,2.12,14.97,9.95,49.1,Normal
2026-07-03 06:26:09.540,Košice,Подгорица,None,0,72.2,70,1292.4,11,0.0,0.0,-1.0,0.006,0.018,-0.048,2.12,14.98,9.95,49.1,Normal
2026-07-03 06:26:10.516,Košice,Подгорица,None,0,72.4,70,1294.9,11,0.0,0.0,-1.0,-0.005,-0.012,-0.031,2.12,14.98,9.95,49.1,Normal
2026-07-03 06:26:11.541,Košice,Подгорица,None,0,72.5,70,1296.2,11,0.0,0.0,-1.0,-0.045,0.021,-0.02,2.12,14.98,9.95,49.1,Normal
2026-07-03 06:26:12.517,Košice,Подгорица,None,0,72.5,70,1296.9,11,0.0,0.0,-1.0,-0.019,0.001,-0.002,2.12,14.98,9.95,49.1,Normal
2026-07-03 06:26:13.517,Košice,Подгорица,None,0,72.5,70,1296.4,11,0.0,0.0,-1.0,0.044,0.055,-0.001,2.12,14.98,9.95,49.1,Normal
2026-07-03 06:26:14.518,Košice,Подгорица,None,0,72.4,70,1295.6,11,0.0,0.0,-1.0,-0.063,0.027,0.022,2.12,14.98,9.95,49.1,Normal
2026-07-03 06:26:15.518,Košice,Подгорица,None,0,72.4,70,1295.3,11,0.0,0.0,-1.0,-0.011,0.069,0.004,2.12,14.98,9.95,49.1,Normal
2026-07-03 06:26:16.518,Košice,Подгорица,None,0,72.6,70,1299.6,11,0.0,0.0,-1.0,0.044,-0.027,-0.1,2.12,14.98,9.95,49.1,Normal
2026-07-03 06:26:17.519,Košice,Подгорица,None,0,72.9,70,1303.6,11,0.0,0.0,-1.0,0.017,0.093,-0.04,2.12,14.99,9.95,49.1,Normal
2026-07-03 06:26:18.531,Košice,Подгорица,None,0,72.8,70,1302.9,11,0.0,0.0,-1.0,-0.036,-0.029,0.02,2.12,14.99,9.95,49.1,Normal
2026-07-03 06:26:19.541,Košice,Подгорица,None,0,72.8,70,1302.2,11,0.0,0.0,-1.0,0.074,-0.005,0.011,2.12,14.99,9.95,49.1,Normal
2026-07-03 06:26:20.521,Košice,Подгорица,None,0,72.8,70,1302.0,11,0.0,0.0,-1.0,-0.049,-0.008,0.002,2.12,14.99,9.95,49.1,Normal
2026-07-03 06:26:21.520,Košice,Подгорица,None,0,72.8,70,1303.1,11,0.0,0.0,-1.0,-0.002,0.014,-0.015,2.12,14.99,9.95,49.1,Normal
2026-07-03 06:26:22.538,Košice,Подгорица,None,0,72.9,70,1305.2,11,0.0,0.0,-1.0,0.025,0.022,-0.071,2.13,14.99,9.95,49.1,Normal
2026-07-03 06:26:23.521,Košice,Подгорица,None,0,73.1,70,1307.3,11,0.0,0.0,-1.0,-0.009,0.023,-0.05,2.13,14.99,9.95,49.1,Normal
2026-07-03 06:26:24.521,Košice,Подгорица,None,0,73.3,70,1311.8,11,0.0,0.0,-1.0,-0.014,-0.01,-0.056,2.13,14.99,9.95,49.1,Normal
2026-07-03 06:26:25.521,Košice,Подгорица,None,0,73.6,70,1316.6,11,0.0,0.0,-1.0,-0.002,0.009,-0.043,2.13,15.0,9.95,49.1,Normal
2026-07-03 06:26:26.522,Košice,Подгорица,None,0,73.3,70,1308.1,11,0.0,0.16,-1.0,0.021,0.004,0.482,2.13,15.0,9.95,49.1,Normal
2026-07-03 06:26:27.522,Košice,Подгорица,None,0,69.8,70,1242.6,11,0.0,0.34,-1.0,0.03,0.014,1.367,2.13,15.0,9.95,49.1,Normal
2026-07-03 06:26:28.522,Košice,Подгорица,None,0,63.5,70,1128.5,11,0.0,0.34,-1.0,0.054,-0.058,1.733,2.13,15.0,9.95,49.1,Normal
2026-07-03 06:26:29.524,Košice,Подгорица,None,0,56.4,50,1001.1,11,0.0,0.35,-1.0,0.027,-0.072,2.082,2.13,15.0,9.95,49.1,Speeding
2026-07-03 06:26:30.523,Košice,Подгорица,None,0,50.1,50,1108.7,10,0.0,0.32,-1.0,-0.086,-0.07,1.608,2.13,15.0,9.95,49.1,Normal
2026-07-03 06:26:31.523,Košice,Подгорица,None,0,47.6,50,1052.8,10,0.0,0.0,-1.0,-0.009,-0.012,0.265,2.13,15.01,9.95,49.1,Normal
2026-07-03 06:26:32.524,Košice,Подгорица,None,0,47.4,50,1050.5,10,0.0,0.0,-1.0,-0.007,0.005,-0.024,2.13,15.01,9.95,49.1,Normal
2026-07-03 06:26:33.539,Košice,Подгорица,None,0,47.6,50,1054.5,10,0.0,0.0,-1.0,-0.078,-0.067,-0.039,2.13,15.01,9.95,49.1,Normal
2026-07-03 06:26:34.536,Košice,Подгорица,None,0,47.6,50,1054.6,10,0.0,0.0,-1.0,0.031,0.007,0.021,2.13,15.01,9.95,49.1,Normal
2026-07-03 06:26:35.524,Košice,Подгорица,None,0,47.7,50,1057.1,10,0.0,0.0,-1.0,0.016,-0.046,-0.032,2.13,15.01,9.95,49.1,Normal
2026-07-03 06:26:36.526,Košice,Подгорица,None,0,48.1,50,1066.4,10,0.0,0.0,-1.0,0.006,-0.033,-0.122,2.13,15.01,9.95,49.1,Normal
2026-07-03 06:26:37.539,Košice,Подгорица,None,0,48.5,50,1075.2,10,0.0,0.0,-1.0,-0.066,0.03,-0.095,2.13,15.01,9.95,49.1,Normal
2026-07-03 06:26:38.550,Košice,Подгорица,None,0,48.8,50,1081.0,10,0.0,0.0,-1.0,0.04,-0.012,-0.057,2.13,15.01,9.95,49.1,Normal
2026-07-03 06:26:39.545,Košice,Подгорица,None,0,48.9,50,1083.9,10,0.0,0.0,-1.0,0.057,0.009,-0.022,2.13,15.01,9.95,49.1,Normal
2026-07-03 06:26:40.527,Košice,Подгорица,None,0,48.9,50,1082.9,10,0.0,0.0,-1.0,0.046,0.003,0.031,2.13,15.01,9.95,49.1,Normal
2026-07-03 06:26:41.527,Košice,Подгорица,None,0,48.6,50,1078.0,10,0.0,0.0,0.0,-0.121,-0.012,0.081,2.13,15.01,9.95,49.1,Normal
2026-07-03 06:26:42.550,Košice,Подгорица,None,0,48.2,50,1068.4,10,0.0,0.0,0.0,-0.09,-0.004,0.134,2.13,15.01,9.95,49.1,Normal
2026-07-03 06:26:43.528,Košice,Подгорица,None,0,47.8,50,1059.9,10,0.0,0.0,0.0,-0.05,-0.011,0.126,2.13,15.02,9.95,49.1,Normal
2026-07-03 06:26:44.527,Košice,Подгорица,None,0,47.4,50,1049.8,10,0.0,0.0,0.0,-0.007,-0.007,0.129,2.13,15.02,9.95,49.1,Normal
2026-07-03 06:26:45.544,Košice,Подгорица,None,0,46.8,50,1037.1,10,0.0,0.0,1.0,-0.034,-0.026,0.172,2.13,15.02,9.95,49.1,Normal
2026-07-03 06:26:46.553,Košice,Подгорица,None,0,46.2,50,1023.8,10,0.0,0.0,1.0,-0.042,-0.052,0.181,2.13,15.02,9.95,49.1,Normal
2026-07-03 06:26:47.530,Košice,Подгорица,None,0,45.6,50,1011.7,10,0.0,0.0,0.0,0.025,-0.031,0.135,2.13,15.02,9.95,49.1,Normal
2026-07-03 06:26:48.529,Košice,Подгорица,None,0,45.0,50,997.9,10,0.0,0.0,-1.0,0.033,0.025,0.166,2.13,15.02,9.95,49.1,Normal
2026-07-03 06:26:49.529,Košice,Подгорица,None,0,44.4,50,983.8,10,0.0,0.0,-1.0,0.097,-0.003,0.192,2.13,15.02,9.95,49.1,Normal
2026-07-03 06:26:50.541,Košice,Подгорица,None,0,43.8,40,970.6,10,0.0,0.0,0.0,-0.051,0.027,0.165,2.13,15.02,9.95,49.1,Normal
2026-07-03 06:26:51.550,Košice,Подгорица,None,0,43.2,40,957.3,10,0.0,0.0,-1.0,0.026,-0.022,0.174,2.13,15.02,9.95,49.1,Normal
2026-07-03 06:26:52.543,Košice,Подгорица,None,0,42.5,40,925.4,10,0.0,0.03,-1.0,0.042,0.041,0.251,2.13,15.02,9.95,49.1,Normal
2026-07-03 06:26:53.531,Košice,Подгорица,None,0,41.3,40,1178.1,9,0.0,0.12,-1.0,0.038,-0.035,0.517,2.13,15.02,9.95,49.1,Normal
2026-07-03 06:26:54.531,Košice,Подгорица,None,0,37.6,40,1065.8,9,0.0,0.56,1.0,-0.149,0.074,1.821,2.13,15.02,9.95,49.1,Normal
2026-07-03 06:26:55.531,Košice,Подгорица,None,0,24.6,40,991.6,9,0.0,0.9,1.0,-0.141,-0.094,4.165,2.13,15.02,9.95,49.1,Hard Braking
2026-07-03 06:26:56.532,Košice,Подгорица,None,0,18.7,40,880.7,7,0.0,0.0,1.0,0.0,-0.026,0.522,2.13,15.02,9.95,49.1,Normal
2026-07-03 06:26:57.532,Košice,Подгорица,None,0,17.9,40,1239.4,7,0.37,0.0,1.0,-0.012,-0.008,0.111,2.13,15.02,9.95,49.1,Normal
2026-07-03 06:26:58.562,Košice,Подгорица,None,0,18.3,40,1453.3,5,0.53,0.0,0.0,0.026,-0.067,-0.537,2.13,15.02,9.95,49.1,Normal
2026-07-03 06:26:59.533,Košice,Подгорица,None,0,18.6,40,1137.5,6,0.46,0.0,0.0,0.026,0.017,0.04,2.13,15.02,9.95,49.1,Normal
2026-07-03 06:27:00.533,Košice,Подгорица,None,0,19.8,40,1222.7,6,0.5,0.0,1.0,-0.03,-0.058,-0.588,2.13,15.02,9.95,49.0,Normal
2026-07-03 06:27:01.555,Košice,Подгорица,None,0,22.8,40,1411.5,6,0.67,0.0,1.0,-0.034,-0.098,-0.974,2.13,15.02,9.95,49.0,Normal
2026-07-03 06:27:02.547,Košice,Подгорица,None,0,24.2,40,1146.0,7,0.6,0.0,1.0,-0.011,0.015,-0.033,2.13,15.02,9.95,49.0,Normal
2026-07-03 06:27:03.560,Košice,Подгорица,None,0,25.0,40,1194.5,7,0.62,0.0,1.0,-0.004,0.029,-0.557,2.13,15.02,9.95,49.0,Normal
2026-07-03 06:27:04.535,Košice,Подгорица,None,0,27.3,40,1302.1,7,0.62,0.0,1.0,-0.015,0.056,-0.702,2.13,15.03,9.95,49.0,Normal
2026-07-03 06:27:05.546,Košice,Подгорица,None,0,29.8,40,1421.3,7,0.62,0.0,1.0,-0.011,0.022,-0.702,2.13,15.03,9.95,49.0,Normal
2026-07-03 06:27:06.554,Košice,Подгорица,None,0,30.4,40,1116.6,8,0.46,0.0,-1.0,0.155,0.038,0.02,2.13,15.03,9.95,49.0,Normal
2026-07-03 06:27:07.535,Košice,Подгорица,None,0,30.9,40,1140.6,8,0.58,0.0,-1.0,0.074,-0.056,-0.341,2.13,15.03,9.95,49.0,Normal
2026-07-03 06:27:08.560,Košice,Подгорица,None,0,32.5,40,1200.1,8,0.49,0.0,-1.0,0.173,0.013,-0.461,2.13,15.03,9.95,49.0,Normal
2026-07-03 06:27:09.555,Košice,Подгорица,None,0,34.2,40,1263.0,8,0.53,0.0,0.0,-0.125,-0.025,-0.503,2.13,15.03,9.95,48.9,Normal
2026-07-03 06:27:10.536,Košice,Подгорица,None,0,35.8,40,1319.4,8,0.52,0.0,0.0,-0.108,0.001,-0.429,2.13,15.03,9.95,48.9,Normal
2026-07-03 06:27:11.547,Košice,Подгорица,None,0,37.3,40,1374.2,8,0.53,0.0,1.0,-0.078,0.017,-0.445,2.13,15.03,9.95,48.9,Normal
2026-07-03 06:27:12.537,Košice,Подгорица,None,0,38.5,40,1260.7,8,0.53,0.0,1.0,-0.071,0.119,-0.098,2.13,15.03,9.95,48.9,Normal
2026-07-03 06:27:13.539,Košice,Подгорица,None,0,38.5,40,1105.2,9,0.62,0.0,0.0,0.016,-0.031,-0.084,2.13,15.03,9.95,48.9,Normal
2026-07-03 06:27:14.550,Košice,Подгорица,None,0,39.5,40,1136.6,9,0.55,0.0,-1.0,0.01,-0.013,-0.359,2.13,15.03,9.95,48.9,Normal
2026-07-03 06:27:15.540,Košice,Подгорица,None,0,40.8,40,1173.3,9,0.52,0.0,1.0,-0.055,0.002,-0.368,2.13,15.03,9.95,48.9,Normal
2026-07-03 06:27:16.540,Košice,Подгорица,None,0,42.0,60,1209.0,9,0.53,0.0,1.0,-0.115,-0.029,-0.316,2.13,15.03,9.95,48.8,Normal
2026-07-03 06:27:17.541,Košice,Подгорица,None,0,43.0,60,1236.2,9,0.54,0.0,1.0,-0.044,0.009,-0.239,2.13,15.03,9.95,48.8,Normal
2026-07-03 06:27:18.541,Košice,Подгорица,None,0,43.7,60,1256.8,9,0.56,0.0,1.0,0.053,0.014,-0.174,2.13,15.04,9.95,48.8,Normal
2026-07-03 06:27:19.563,Košice,Подгорица,None,0,44.4,60,1276.1,9,0.66,0.0,1.0,0.025,-0.005,-0.2,2.13,15.04,9.95,48.8,Normal
2026-07-03 06:27:20.543,Košice,Подгорица,None,0,45.1,60,1298.3,9,0.69,0.0,1.0,0.042,-0.013,-0.245,2.13,15.04,9.95,48.8,Normal
2026-07-03 06:27:21.542,Košice,Подгорица,None,0,46.0,60,1324.5,9,0.73,0.0,1.0,0.095,-0.006,-0.269,2.13,15.04,9.95,48.7,Normal
2026-07-03 06:27:22.561,Košice,Подгорица,None,0,47.1,60,1356.4,9,0.77,0.0,1.0,0.011,-0.003,-0.349,2.13,15.04,9.95,48.7,Normal
2026-07-03 06:27:23.543,Košice,Подгорица,None,0,48.4,60,1392.7,9,0.77,0.0,1.0,-0.037,-0.014,-0.38,2.13,15.04,9.95,48.7,Normal
2026-07-03 06:27:24.542,Košice,Подгорица,None,0,49.8,60,1432.3,9,0.82,0.0,1.0,0.061,-0.011,-0.394,2.13,15.04,9.95,48.7,Normal
2026-07-03 06:27:25.558,Košice,Подгорица,None,0,51.2,60,1472.0,9,0.86,0.0,1.0,0.011,0.006,-0.412,2.13,15.04,9.95,48.6,Normal
2026-07-03 06:27:26.542,Košice,Подгорица,None,0,51.2,60,1134.8,10,0.88,0.0,1.0,0.067,0.003,0.19,2.13,15.04,9.95,48.6,Normal
2026-07-03 06:27:27.564,Košice,Подгорица,None,0,51.2,60,1141.3,10,0.94,0.0,1.0,0.044,-0.021,-0.2,2.13,15.04,9.95,48.6,Normal
2026-07-03 06:27:28.560,Košice,Подгорица,None,0,52.0,60,1157.1,10,0.63,0.0,-1.0,0.051,0.019,-0.181,2.13,15.04,9.95,48.6,Normal
2026-07-03 06:27:29.544,Košice,Подгорица,None,0,52.2,60,1161.3,10,0.54,0.0,-1.0,0.138,0.014,-0.011,2.13,15.04,9.95,48.6,Normal
2026-07-03 06:27:30.545,Košice,Подгорица,None,0,52.3,60,1163.3,10,0.66,0.0,-1.0,0.036,0.012,-0.027,2.13,15.05,9.95,48.5,Normal
2026-07-03 06:27:31.564,Košice,Подгорица,None,0,52.4,60,1166.5,10,0.66,0.0,-1.0,0.021,0.005,-0.041,2.13,15.05,9.95,48.5,Normal
2026-07-03 06:27:32.546,Košice,Подгорица,None,0,52.6,60,1170.9,10,0.66,0.0,-1.0,-0.019,-0.015,-0.079,2.13,15.05,9.95,48.5,Normal
2026-07-03 06:27:33.547,Košice,Подгорица,None,0,53.0,60,1179.8,10,0.66,0.0,-1.0,0.07,0.03,-0.142,2.13,15.05,9.95,48.5,Normal
2026-07-03 06:27:34.546,Košice,Подгорица,None,0,53.7,60,1195.9,10,0.69,0.0,-1.0,-0.004,0.011,-0.244,2.13,15.05,9.95,48.5,Normal
2026-07-03 06:27:35.547,Košice,Подгорица,None,0,54.9,60,1222.6,10,0.72,0.0,-1.0,-0.036,0.028,-0.353,2.13,15.05,9.95,48.4,Normal
2026-07-03 06:27:36.547,Košice,Подгорица,None,0,56.1,60,1250.8,10,0.74,0.0,0.0,-0.103,-0.04,-0.361,2.13,15.05,9.95,48.4,Normal
2026-07-03 06:27:37.547,Košice,Подгорица,None,0,57.4,90,1277.5,10,0.7,0.0,1.0,-0.07,-0.005,-0.362,2.13,15.05,9.95,48.4,Normal
2026-07-03 06:27:38.562,Košice,Подгорица,None,0,58.7,90,1305.5,10,0.65,0.0,1.0,-0.036,-0.01,-0.324,2.13,15.05,9.95,48.4,Normal
2026-07-03 06:27:39.548,Košice,Подгорица,None,0,59.8,90,1332.2,10,0.69,0.0,1.0,-0.016,0.003,-0.331,2.13,15.05,9.95,48.3,Normal
2026-07-03 06:27:40.563,Košice,Подгорица,None,0,60.9,90,1355.9,10,0.79,0.0,1.0,-0.028,-0.033,-0.281,2.13,15.06,9.95,48.3,Normal
2026-07-03 06:27:41.548,Košice,Подгорица,None,0,61.6,90,1371.7,10,0.77,0.0,1.0,-0.019,-0.062,-0.169,2.13,15.06,9.95,48.3,Normal
2026-07-03 06:27:42.548,Košice,Подгорица,None,0,62.0,90,1379.0,10,0.66,0.0,0.0,0.057,-0.014,-0.087,2.13,15.06,9.95,48.3,Normal
2026-07-03 06:27:43.549,Košice,Подгорица,None,0,62.2,90,1384.0,10,0.63,0.0,-1.0,0.209,-0.009,-0.059,2.13,15.06,9.95,48.2,Normal
2026-07-03 06:27:44.549,Košice,Подгорица,None,0,62.4,90,1387.3,10,0.65,0.0,-1.0,-0.005,0.017,-0.048,2.13,15.06,9.96,48.2,Normal
2026-07-03 06:27:45.571,Košice,Подгорица,None,0,62.6,90,1393.4,10,0.7,0.0,-1.0,0.135,-0.016,-0.086,2.13,15.06,9.96,48.2,Normal
2026-07-03 06:27:46.550,Košice,Подгорица,None,0,63.0,90,1402.5,10,0.61,0.0,-1.0,0.025,-0.002,-0.144,2.13,15.06,9.96,48.2,Normal
2026-07-03 06:27:47.550,Košice,Подгорица,None,0,63.6,90,1409.8,10,0.63,0.0,-1.0,-0.065,0.02,-0.154,2.13,15.07,9.96,48.1,Normal
2026-07-03 06:27:48.569,Košice,Подгорица,None,0,63.3,90,1133.7,11,0.6,0.0,-1.0,-0.01,0.022,0.11,2.13,15.07,9.96,48.1,Normal
2026-07-03 06:27:49.568,Košice,Подгорица,None,0,63.7,90,1144.1,11,0.82,0.0,-1.0,-0.065,-0.007,-0.242,2.13,15.07,9.96,48.1,Normal
2026-07-03 06:27:50.552,Košice,Подгорица,None,0,64.8,90,1165.8,11,0.9,0.0,-1.0,0.077,0.007,-0.394,2.13,15.07,9.96,48.1,Normal
2026-07-03 06:27:51.575,Košice,Подгорица,None,0,66.3,90,1191.3,11,0.8,0.0,-1.0,-0.011,0.011,-0.405,2.13,15.07,9.96,48.1,Normal
2026-07-03 06:27:52.570,Košice,Подгорица,None,0,67.8,90,1219.6,11,0.82,0.0,-1.0,0.039,0.018,-0.44,2.13,15.07,9.96,48.0,Normal
2026-07-03 06:27:53.553,Košice,Подгорица,None,0,69.4,90,1247.2,11,0.81,0.0,-1.0,0.025,0.005,-0.459,2.13,15.07,9.96,48.0,Normal
2026-07-03 06:27:54.554,Košice,Подгорица,None,0,71.1,90,1277.4,11,0.83,0.0,0.0,-0.085,-0.024,-0.48,2.13,15.07,9.96,48.0,Normal
2026-07-03 06:27:55.576,Košice,Подгорица,None,0,72.8,90,1309.2,11,0.83,0.0,-1.0,0.0,-0.057,-0.508,2.13,15.08,9.96,48.0,Normal
2026-07-03 06:27:56.554,Košice,Подгорица,None,0,74.5,90,1338.5,11,0.82,0.0,-1.0,0.035,-0.04,-0.506,2.13,15.08,9.96,47.9,Normal
2026-07-03 06:27:57.554,Košice,Подгорица,None,0,76.3,90,1370.4,11,0.82,0.0,-1.0,-0.027,-0.02,-0.483,2.13,15.08,9.96,47.9,Normal
2026-07-03 06:27:58.555,Košice,Подгорица,None,0,77.9,90,1400.3,11,0.88,0.0,0.0,-0.062,-0.011,-0.481,2.13,15.08,9.96,47.9,Normal
2026-07-03 06:27:59.555,Košice,Подгорица,None,0,79.5,90,1422.4,11,0.82,0.0,-1.0,-0.005,0.011,-0.413,2.13,15.08,9.96,47.9,Normal
2026-07-03 06:28:00.555,Košice,Подгорица,None,0,79.9,90,1109.0,12,0.83,0.0,-1.0,0.0,0.036,-0.038,2.13,15.08,9.96,47.9,Normal
2026-07-03 06:28:01.557,Košice,Подгорица,None,0,80.5,90,1120.7,12,0.86,0.0,0.0,-0.026,-0.017,-0.257,2.14,15.08,9.96,47.8,Normal
2026-07-03 06:28:02.556,Košice,Подгорица,None,0,81.4,90,1133.4,12,0.88,0.0,-1.0,0.043,0.015,-0.232,2.14,15.08,9.96,47.8,Normal
2026-07-03 06:28:03.576,Košice,Подгорица,None,0,82.2,90,1145.1,12,0.94,0.0,-1.0,0.028,0.003,-0.217,2.14,15.09,9.96,47.8,Normal
2026-07-03 06:28:04.556,Košice,Подгорица,None,0,83.0,90,1155.6,12,0.97,0.0,0.0,-0.027,-0.057,-0.238,2.14,15.09,9.96,47.8,Normal
2026-07-03 06:28:05.557,Košice,Подгорица,None,0,83.7,90,1165.9,12,0.92,0.0,0.0,-0.015,0.015,-0.212,2.14,15.09,9.96,47.7,Normal
2026-07-03 06:28:06.557,Košice,Подгорица,None,0,84.5,90,1175.9,12,0.9,0.0,0.0,0.012,-0.056,-0.211,2.14,15.09,9.96,47.7,Normal
2026-07-03 06:28:07.574,Košice,Подгорица,None,0,85.1,90,1181.2,12,0.0,0.0,0.0,0.031,0.026,-0.167,2.14,15.09,9.96,47.7,Normal
2026-07-03 06:28:08.579,Košice,Подгорица,None,0,84.8,90,1176.5,12,0.0,0.0,0.0,-0.017,-0.066,0.027,2.14,15.1,9.96,47.7,Normal
2026-07-03 06:28:09.559,Košice,Подгорица,None,0,84.8,90,1179.2,12,0.49,0.0,1.0,-0.008,-0.01,-0.078,2.14,15.1,9.96,47.7,Normal
2026-07-03 06:28:10.582,Košice,Подгорица,None,0,85.1,90,1180.6,12,0.0,0.0,0.0,0.046,0.035,-0.063,2.14,15.1,9.96,47.6,Normal
2026-07-03 06:28:11.579,Košice,Подгорица,None,0,84.9,90,1178.3,12,0.0,0.0,-1.0,0.02,-0.028,0.067,2.14,15.1,9.96,47.6,Normal
2026-07-03 06:28:12.561,Košice,Подгорица,None,0,84.8,90,1178.2,12,0.0,0.0,-1.0,0.005,0.014,0.01,2.14,15.1,9.96,47.6,Normal
2026-07-03 06:28:13.572,Košice,Подгорица,None,0,85.0,90,1180.4,12,0.0,0.0,0.0,-0.017,0.017,-0.031,2.14,15.1,9.96,47.6,Normal
2026-07-03 06:28:14.561,Košice,Подгорица,None,0,85.1,90,1181.4,12,0.0,0.0,0.0,-0.029,0.008,-0.018,2.14,15.1,9.96,47.6,Normal
2026-07-03 06:28:15.562,Košice,Подгорица,None,0,85.1,90,1181.8,12,0.0,0.0,0.0,-0.011,-0.013,0.019,2.14,15.11,9.96,47.6,Normal
2026-07-03 06:28:16.562,Košice,Подгорица,None,0,85.1,90,1182.0,12,0.0,0.0,1.0,-0.052,0.032,0.02,2.14,15.11,9.96,47.6,Normal
2026-07-03 06:28:17.563,Košice,Подгорица,None,0,85.1,90,1182.0,12,0.0,0.0,-1.0,0.054,-0.029,-0.017,2.14,15.11,9.96,47.6,Normal
2026-07-03 06:28:18.577,Košice,Подгорица,None,0,85.1,90,1181.9,12,0.0,0.0,0.0,-0.024,0.01,0.004,2.14,15.11,9.96,47.6,Normal
2026-07-03 06:28:19.563,Košice,Подгорица,None,0,85.1,90,1182.0,12,0.0,0.0,0.0,-0.029,0.054,-0.001,2.14,15.11,9.96,47.6,Normal
2026-07-03 06:28:20.563,Košice,Подгорица,None,0,85.1,90,1181.8,12,0.0,0.0,0.0,-0.012,0.018,0.004,2.14,15.11,9.96,47.5,Normal
2026-07-03 06:28:21.564,Košice,Подгорица,None,0,85.1,90,1182.1,12,0.0,0.0,0.0,0.006,-0.023,0.001,2.14,15.12,9.96,47.5,Normal
2026-07-03 06:28:22.581,Košice,Подгорица,None,0,85.1,90,1181.9,12,0.0,0.0,0.0,0.036,-0.021,0.004,2.14,15.12,9.96,47.5,Normal
2026-07-03 06:28:23.575,Košice,Подгорица,None,0,85.1,90,1181.9,12,0.0,0.0,0.0,0.014,-0.059,0.011,2.14,15.12,9.96,47.5,Normal
2026-07-03 06:28:24.564,Košice,Подгорица,None,0,85.1,90,1181.9,12,0.0,0.0,0.0,0.048,-0.025,0.01,2.14,15.12,9.96,47.5,Normal
2026-07-03 06:28:25.565,Košice,Подгорица,None,0,85.1,90,1182.0,12,0.0,0.0,0.0,0.016,-0.024,0.01,2.14,15.12,9.96,47.5,Normal
2026-07-03 06:28:26.588,Košice,Подгорица,None,0,85.1,90,1182.0,12,0.0,0.0,0.0,0.003,-0.019,-0.001,2.14,15.13,9.96,47.5,Normal
2026-07-03 06:28:27.583,Košice,Подгорица,None,0,85.1,90,1182.1,12,0.0,0.0,0.0,-0.037,0.022,-0.003,2.14,15.13,9.96,47.5,Normal
2026-07-03 06:28:28.566,Košice,Подгорица,None,0,85.1,90,1182.0,12,0.0,0.0,0.0,0.014,0.049,-0.005,2.14,15.13,9.96,47.5,Normal
2026-07-03 06:28:29.567,Košice,Подгорица,None,0,85.1,90,1182.2,12,0.0,0.0,-1.0,0.027,0.119,-0.02,2.14,15.13,9.96,47.5,Normal
2026-07-03 06:28:30.567,Košice,Подгорица,None,0,85.1,90,1182.0,12,0.0,0.0,0.0,-0.001,0.02,-0.008,2.14,15.13,9.96,47.5,Normal
2026-07-03 06:28:31.592,Košice,Подгорица,None,0,85.1,90,1182.1,12,0.0,0.0,0.0,0.041,0.073,-0.016,2.14,15.13,9.96,47.4,Normal
2026-07-03 06:28:32.568,Košice,Подгорица,None,0,85.1,90,1181.9,12,0.0,0.0,0.0,0.012,-0.002,0.002,2.14,15.13,9.96,47.4,Normal
2026-07-03 06:28:33.568,Košice,Подгорица,None,0,85.1,90,1181.9,12,0.0,0.0,0.0,0.013,0.059,-0.005,2.14,15.14,9.96,47.4,Normal
2026-07-03 06:28:34.579,Košice,Подгорица,None,0,85.1,90,1181.8,12,0.0,0.0,-1.0,-0.001,-0.046,0.018,2.14,15.14,9.96,47.4,Normal
2026-07-03 06:28:35.569,Košice,Подгорица,None,0,85.1,90,1182.1,12,0.0,0.0,-1.0,0.022,0.001,0.001,2.14,15.14,9.96,47.4,Normal
2026-07-03 06:28:36.569,Košice,Подгорица,None,0,85.1,90,1181.8,12,0.0,0.0,1.0,-0.022,-0.034,0.005,2.14,15.14,9.96,47.4,Normal
2026-07-03 06:28:37.569,Košice,Подгорица,None,0,85.1,90,1182.1,12,0.0,0.0,1.0,-0.011,-0.011,-0.004,2.14,15.14,9.96,47.4,Normal
2026-07-03 06:28:38.591,Košice,Подгорица,None,0,85.1,90,1182.0,12,0.0,0.0,1.0,0.003,0.016,0.011,2.14,15.14,9.96,47.4,Normal
2026-07-03 06:28:39.584,Košice,Подгорица,None,0,85.1,90,1182.0,12,0.0,0.0,0.0,0.038,-0.056,0.012,2.14,15.14,9.96,47.4,Normal
2026-07-03 06:28:40.581,Košice,Подгорица,None,0,85.2,90,1182.7,12,0.0,0.0,1.0,-0.089,0.077,-0.035,2.14,15.15,9.96,47.4,Normal
2026-07-03 06:28:41.570,Košice,Подгорица,None,0,85.2,90,1182.3,12,0.0,0.0,0.0,0.069,0.023,-0.016,2.14,15.15,9.96,47.3,Normal
2026-07-03 06:28:42.583,Košice,Подгорица,None,0,85.2,90,1182.0,12,0.0,0.0,1.0,0.023,-0.039,0.004,2.14,15.15,9.96,47.3,Normal
2026-07-03 06:28:43.595,Košice,Подгорица,None,0,85.1,90,1182.0,12,0.0,0.0,1.0,0.022,0.076,-0.006,2.14,15.15,9.96,47.3,Normal
2026-07-03 06:28:44.572,Košice,Подгорица,None,0,85.1,90,1181.9,12,0.0,0.0,1.0,-0.069,-0.042,-0.002,2.14,15.16,9.96,47.3,Normal
2026-07-03 06:28:45.572,Košice,Подгорица,None,0,85.1,90,1181.4,12,0.0,0.0,0.0,0.052,-0.062,0.004,2.14,15.16,9.96,47.3,Normal
2026-07-03 06:28:46.572,Košice,Подгорица,None,0,85.1,90,1181.1,12,0.0,0.0,0.0,-0.005,-0.059,0.026,2.14,15.16,9.96,47.3,Normal
2026-07-03 06:28:47.591,Košice,Подгорица,None,0,85.1,90,1181.7,12,0.0,0.0,0.0,0.005,0.005,-0.019,2.14,15.16,9.96,47.3,Normal
2026-07-03 06:28:48.573,Košice,Подгорица,None,0,85.2,90,1182.3,12,0.0,0.0,1.0,-0.024,-0.005,-0.021,2.14,15.16,9.96,47.3,Normal
2026-07-03 06:28:49.587,Košice,Подгорица,None,0,85.2,90,1182.4,12,0.0,0.0,0.0,0.018,-0.052,0.002,2.14,15.16,9.96,47.3,Normal
2026-07-03 06:28:50.604,Košice,Подгорица,None,0,85.3,90,1182.8,12,0.0,0.0,1.0,-0.076,-0.015,-0.01,2.14,15.16,9.96,47.3,Normal
2026-07-03 06:28:51.595,Košice,Подгорица,None,0,85.3,90,1183.8,12,0.0,0.0,1.0,0.01,-0.036,-0.029,2.14,15.17,9.96,47.3,Normal
2026-07-03 06:28:52.575,Košice,Подгорица,None,0,85.5,90,1186.1,12,0.0,0.0,0.0,0.028,-0.093,-0.045,2.14,15.17,9.96,47.3,Normal
2026-07-03 06:28:53.576,Košice,Подгорица,None,0,85.8,90,1190.2,12,0.0,0.0,0.0,0.005,-0.08,-0.067,2.14,15.17,9.96,47.3,Normal
2026-07-03 06:28:54.576,Košice,Подгорица,None,0,86.2,90,1195.4,12,0.0,0.0,0.0,0.007,0.031,-0.117,2.14,15.17,9.96,47.3,Normal
2026-07-03 06:28:55.576,Košice,Подгорица,None,0,86.6,90,1201.8,12,0.0,0.0,0.0,-0.003,0.014,-0.139,2.14,15.17,9.96,47.3,Normal
2026-07-03 06:28:56.576,Košice,Подгорица,None,0,87.2,90,1209.2,12,0.0,0.0,1.0,-0.022,-0.026,-0.151,2.15,15.17,9.96,47.3,Normal
2026-07-03 06:28:57.595,Košice,Подгорица,None,0,87.8,90,1218.3,12,0.0,0.0,1.0,0.028,-0.121,-0.178,2.15,15.17,9.96,47.3,Normal
2026-07-03 06:28:58.577,Košice,Подгорица,None,0,88.5,90,1227.2,12,0.0,0.0,0.0,0.01,0.002,-0.172,2.15,15.18,9.96,47.3,Normal
2026-07-03 06:28:59.597,Košice,Подгорица,None,0,89.0,90,1234.8,12,0.0,0.0,1.0,-0.034,-0.012,-0.143,2.15,15.18,9.96,47.3,Normal
2026-07-03 06:29:00.589,Košice,Подгорица,None,0,89.5,90,1242.2,12,0.0,0.0,1.0,-0.002,-0.003,-0.14,2.15,15.18,9.96,47.3,Normal
2026-07-03 06:29:01.578,Košice,Подгорица,None,0,90.1,90,1249.3,12,0.0,0.0,1.0,-0.007,-0.021,-0.129,2.15,15.18,9.96,47.3,Normal
2026-07-03 06:29:02.579,Košice,Подгорица,None,0,90.2,90,1250.6,12,0.0,0.0,1.0,-0.024,0.053,-0.009,2.15,15.19,9.96,47.3,Normal
2026-07-03 06:29:03.580,Košice,Подгорица,None,0,90.5,90,1255.9,12,0.0,0.0,1.0,0.054,-0.013,-0.228,2.15,15.19,9.96,47.3,Normal
2026-07-03 06:29:04.581,Košice,Подгорица,None,0,91.4,90,1267.9,12,0.0,0.0,1.0,0.017,-0.002,-0.245,2.15,15.19,9.96,47.3,Normal
2026-07-03 06:29:05.582,Košice,Подгорица,None,0,92.1,90,1277.5,12,0.0,0.0,1.0,0.404,0.544,-0.064,2.15,15.19,9.96,47.3,Harsh Cornering
2026-07-03 06:29:06.582,Košice,Подгорица,None,0,92.7,90,1285.9,12,0.0,0.0,1.0,0.021,0.007,-0.137,2.15,15.19,9.96,47.3,Normal
2026-07-03 06:29:07.599,Košice,Подгорица,None,0,93.1,90,1291.8,12,0.0,0.0,1.0,-0.013,0.045,-0.108,2.15,15.19,9.96,47.3,Normal
2026-07-03 06:29:08.584,Košice,Подгорица,None,0,93.0,90,1289.3,12,0.0,0.0,1.0,-0.062,0.128,0.135,2.15,15.2,9.96,47.3,Normal
2026-07-03 06:29:09.583,Košice,Подгорица,None,0,92.5,90,1282.9,12,0.0,0.0,1.0,-0.003,-0.016,0.079,2.15,15.2,9.96,47.3,Normal
2026-07-03 06:29:10.583,Košice,Подгорица,None,0,92.3,90,1279.3,12,0.0,0.0,1.0,0.019,0.022,0.07,2.15,15.2,9.96,47.3,Normal
2026-07-03 06:29:11.602,Košice,Подгорица,None,0,92.2,90,1278.9,12,0.0,0.0,1.0,-0.027,-0.051,-0.013,2.15,15.2,9.96,47.3,Normal
2026-07-03 06:29:12.583,Košice,Подгорица,None,0,92.3,90,1279.8,12,0.0,0.0,0.0,0.066,0.007,-0.027,2.15,15.2,9.96,47.3,Normal
2026-07-03 06:29:13.584,Košice,Подгорица,None,0,92.2,90,1279.0,12,0.0,0.0,0.0,0.033,0.055,0.055,2.15,15.2,9.96,47.3,Normal
2026-07-03 06:29:14.584,Košice,Подгорица,None,0,91.3,90,1265.3,12,0.0,0.0,0.0,0.0,0.052,0.369,2.15,15.2,9.96,47.3,Normal
2026-07-03 06:29:15.584,Košice,Подгорица,None,0,89.9,80,1245.4,12,0.0,0.0,0.0,0.021,0.05,0.413,2.15,15.2,9.96,47.3,Speeding
2026-07-03 06:29:16.606,Košice,Подгорица,None,0,88.3,80,1221.1,12,0.0,0.26,1.0,-0.068,-0.023,0.629,2.15,15.2,9.96,47.3,Speeding
2026-07-03 06:29:17.585,Košice,Подгорица,None,0,83.3,80,1151.1,12,0.0,0.27,1.0,-0.019,0.033,1.636,2.15,15.2,9.96,47.3,Normal
2026-07-03 06:29:18.585,Košice,Подгорица,None,0,78.2,80,1081.0,12,0.0,0.18,0.0,0.049,0.008,1.356,2.15,15.2,9.96,47.3,Normal
2026-07-03 06:29:19.605,Košice,Подгорица,None,0,73.7,80,1019.6,12,0.0,0.2,0.0,0.017,-0.052,1.202,2.15,15.2,9.96,47.3,Normal
2026-07-03 06:29:20.586,Košice,Подгорица,None,0,69.3,80,1063.2,12,0.0,0.29,1.0,-0.091,0.003,1.433,2.15,15.2,9.96,47.3,Normal
2026-07-03 06:29:21.586,Košice,Подгорица,None,0,63.7,80,1133.7,11,0.0,0.32,1.0,-0.06,-0.037,1.717,2.15,15.2,9.96,47.3,Normal
2026-07-03 06:29:22.598,Košice,Подгорица,None,0,57.8,60,1030.9,11,0.0,0.0,1.0,-0.034,0.004,1.446,2.15,15.2,9.96,47.3,Normal
2026-07-03 06:29:23.587,Košice,Подгорица,None,0,56.0,60,1001.4,11,0.0,0.0,1.0,0.035,0.006,0.266,2.15,15.2,9.96,47.3,Normal
2026-07-03 06:29:24.587,Košice,Подгорица,None,0,55.2,60,985.4,11,0.0,0.0,1.0,-0.0,-0.03,0.275,2.15,15.2,9.96,47.3,Normal
2026-07-03 06:29:25.588,Košice,Подгорица,None,0,54.2,60,993.1,11,0.0,0.0,1.0,-0.086,0.017,0.293,2.15,15.2,9.96,47.3,Normal
2026-07-03 06:29:26.587,Košice,Подгорица,None,0,52.9,60,1168.5,10,0.0,0.25,0.0,0.155,0.006,0.672,2.15,15.2,9.96,47.3,Normal
2026-07-03 06:29:27.608,Košice,Подгорица,None,0,48.1,60,1061.8,10,0.0,0.3,1.0,0.054,0.017,1.539,2.15,15.2,9.96,47.3,Normal
2026-07-03 06:29:28.589,Košice,Подгорица,None,0,43.3,60,958.3,10,0.0,0.0,1.0,-0.082,-0.051,0.792,2.15,15.2,9.96,47.3,Normal
2026-07-03 06:29:29.589,Košice,Подгорица,None,0,42.0,60,1157.9,10,0.0,0.0,1.0,-0.011,-0.017,0.212,2.15,15.2,9.96,47.3,Normal
2026-07-03 06:29:30.612,Košice,Подгорица,None,0,41.7,40,1192.8,9,0.0,0.0,1.0,0.069,0.096,0.081,2.15,15.2,9.96,47.3,Normal
2026-07-03 06:29:31.589,Košice,Подгорица,None,0,41.4,40,1184.2,9,0.0,0.0,1.0,-0.023,0.005,0.083,2.15,15.2,9.96,47.3,Normal
2026-07-03 06:29:32.600,Košice,Подгорица,None,0,41.0,40,1173.9,9,0.0,0.0,1.0,-0.036,0.0,0.112,2.15,15.2,9.96,47.3,Normal
2026-07-03 06:29:33.590,Košice,Подгорица,None,0,40.6,40,1162.2,9,0.0,0.0,-1.0,0.19,-0.001,0.155,2.15,15.2,9.96,47.3,Normal
2026-07-03 06:29:34.590,Košice,Подгорица,None,0,40.2,40,1148.6,9,0.0,0.0,-1.0,0.13,0.011,0.127,2.15,15.2,9.96,47.3,Normal
2026-07-03 06:29:35.613,Košice,Подгорица,None,0,39.7,40,1134.3,9,0.0,0.0,-1.0,0.104,0.005,0.131,2.15,15.2,9.96,47.3,Normal
2026-07-03 06:29:36.591,Košice,Подгорица,None,0,39.2,40,1122.0,9,0.0,0.0,-1.0,0.054,-0.006,0.132,2.15,15.2,9.96,47.3,Normal
2026-07-03 06:29:37.602,Košice,Подгорица,None,0,38.8,40,1108.3,9,0.0,0.0,-1.0,-0.003,-0.017,0.137,2.15,15.2,9.96,47.3,Normal
2026-07-03 06:29:38.591,Košice,Подгорица,None,0,38.2,40,1093.2,9,0.0,0.0,-1.0,-0.112,-0.019,0.16,2.15,15.2,9.96,47.3,Normal
2026-07-03 06:29:39.606,Košice,Подгорица,None,0,37.5,40,1071.8,9,0.0,0.0,-1.0,-0.026,0.062,0.22,2.15,15.2,9.96,47.3,Normal
2026-07-03 06:29:40.592,Košice,Подгорица,None,0,36.7,40,1047.6,9,0.0,0.0,-1.0,0.03,-0.039,0.248,2.15,15.2,9.96,47.3,Normal
2026-07-03 06:29:41.592,Košice,Подгорица,None,0,35.3,40,1005.3,9,0.0,0.18,-1.0,-0.048,-0.011,0.742,2.15,15.2,9.96,47.3,Normal
2026-07-03 06:29:42.617,Košice,Подгорица,None,0,32.4,40,923.2,9,0.0,0.0,-1.0,0.027,0.004,0.552,2.15,15.2,9.96,47.3,Normal
2026-07-03 06:29:43.592,Košice,Подгорица,None,0,31.4,40,1149.5,8,0.0,0.0,-1.0,0.007,-0.003,0.188,2.15,15.2,9.96,47.3,Normal
2026-07-03 06:29:44.593,Košice,Подгорица,None,0,30.7,40,1122.6,8,0.0,0.0,-1.0,-0.09,0.003,0.24,2.15,15.2,9.96,47.3,Normal
2026-07-03 06:29:45.618,Košice,Подгорица,None,0,29.8,40,1091.8,8,0.0,0.0,-1.0,0.017,0.005,0.21,2.15,15.2,9.96,47.3,Normal
2026-07-03 06:29:46.612,Košice,Подгорица,None,0,29.2,40,1070.0,8,0.0,0.0,0.0,-0.083,-0.001,0.161,2.15,15.2,9.96,47.3,Normal
2026-07-03 06:29:47.594,Košice,Подгорица,None,0,29.0,40,1066.9,8,0.25,0.0,1.0,-0.076,-0.02,-0.105,2.15,15.2,9.96,47.3,Normal
2026-07-03 06:29:48.617,Košice,Подгорица,None,0,29.8,40,1096.8,8,0.46,0.0,1.0,-0.086,-0.006,-0.291,2.15,15.21,9.96,47.3,Normal
2026-07-03 06:29:49.594,Košice,Подгорица,None,0,31.0,40,1145.4,8,0.5,0.0,1.0,-0.084,0.003,-0.411,2.15,15.21,9.96,47.3,Normal
2026-07-03 06:29:50.594,Košice,Подгорица,None,0,32.5,40,1196.8,8,0.32,0.0,0.0,0.02,0.007,-0.375,2.15,15.21,9.96,47.3,Normal
2026-07-03 06:29:51.613,Košice,Подгорица,None,0,32.9,40,1210.0,8,0.42,0.0,0.0,-0.01,0.008,-0.009,2.15,15.21,9.96,47.3,Normal
2026-07-03 06:29:52.618,Košice,Подгорица,None,0,32.9,40,1206.5,8,0.0,0.0,0.0,-0.025,0.003,0.112,2.15,15.21,9.96,47.3,Normal
2026-07-03 06:29:53.609,Košice,Подгорица,None,0,32.4,40,1189.1,8,0.0,0.0,1.0,-0.12,-0.029,0.144,2.15,15.21,9.96,47.3,Normal
2026-07-03 06:29:54.617,Košice,Подгорица,None,0,32.2,40,1179.5,8,0.0,0.0,1.0,0.024,0.014,0.094,2.15,15.21,9.96,47.3,Normal
2026-07-03 06:29:55.612,Košice,Подгорица,None,0,32.3,40,1191.0,8,0.53,0.0,1.0,-0.066,-0.052,-0.268,2.15,15.21,9.96,47.3,Normal
2026-07-03 06:29:56.607,Košice,Подгорица,None,0,33.9,40,1250.1,8,0.61,0.0,0.0,0.042,-0.023,-0.519,2.15,15.21,9.96,47.3,Normal
2026-07-03 06:29:57.600,Košice,Подгорица,None,0,35.6,40,1315.1,8,0.62,0.0,0.0,0.027,-0.037,-0.536,2.15,15.21,9.96,47.3,Normal
2026-07-03 06:29:58.599,Košice,Подгорица,None,0,37.4,40,1379.7,8,0.51,0.0,-1.0,0.071,0.002,-0.476,2.15,15.21,9.96,47.3,Normal
2026-07-03 06:29:59.622,Košice,Подгорица,None,0,38.5,40,1213.3,8,0.49,0.0,0.0,-0.018,0.105,-0.06,2.15,15.21,9.96,47.3,Normal
2026-07-03 06:30:00.599,Košice,Подгорица,None,0,38.5,40,1105.3,9,0.55,0.0,1.0,-0.031,-0.004,-0.09,2.15,15.21,9.96,47.3,Normal
2026-07-03 06:30:01.625,Košice,Подгорица,None,0,39.6,40,1139.5,9,0.55,0.0,1.0,-0.025,0.004,-0.384,2.15,15.21,9.96,47.3,Normal
2026-07-03 06:30:02.600,Košice,Подгорица,None,0,40.9,60,1175.6,9,0.44,0.0,1.0,-0.059,0.012,-0.362,2.15,15.21,9.96,47.3,Normal
2026-07-03 06:30:03.600,Košice,Подгорица,None,0,41.9,60,1202.9,9,0.41,0.0,1.0,-0.15,0.015,-0.258,2.15,15.21,9.96,47.3,Normal
2026-07-03 06:30:04.601,Košice,Подгорица,None,0,42.6,60,1222.4,9,0.17,0.0,1.0,-0.008,0.031,-0.146,2.15,15.21,9.96,47.3,Normal
2026-07-03 06:30:05.601,Košice,Подгорица,None,0,42.6,60,1216.7,9,0.0,0.0,1.0,0.008,0.021,0.12,2.15,15.21,9.96,47.3,Normal
2026-07-03 06:30:06.602,Košice,Подгорица,None,0,42.9,60,1233.6,9,0.63,0.0,1.0,-0.057,-0.031,-0.236,2.15,15.21,9.96,47.3,Normal
2026-07-03 06:30:07.601,Košice,Подгорица,None,0,44.3,60,1274.5,9,0.66,0.0,1.0,-0.039,0.022,-0.43,2.15,15.21,9.96,47.3,Normal
2026-07-03 06:30:08.602,Košice,Подгорица,None,0,45.7,60,1313.8,9,0.57,0.0,1.0,0.031,0.016,-0.388,2.15,15.21,9.96,47.3,Normal
2026-07-03 06:30:09.620,Košice,Подгорица,None,0,46.3,60,1325.0,9,0.0,0.0,1.0,0.012,0.045,0.047,2.15,15.21,9.96,47.3,Normal
2026-07-03 06:30:10.602,Košice,Подгорица,None,0,45.9,60,1312.1,9,0.0,0.0,0.0,0.123,-0.001,0.147,2.15,15.21,9.96,47.3,Normal
2026-07-03 06:30:11.602,Košice,Подгорица,None,0,45.3,60,1296.7,9,0.0,0.0,0.0,0.055,-0.012,0.152,2.15,15.21,9.96,47.3,Normal
2026-07-03 06:30:12.602,Košice,Подгорица,None,0,44.8,60,1282.8,9,0.0,0.0,0.0,0.0,0.019,0.141,2.15,15.21,9.96,47.3,Normal
2026-07-03 06:30:13.603,Košice,Подгорица,None,0,44.4,60,1268.7,9,0.0,0.0,0.0,0.011,-0.016,0.143,2.15,15.21,9.96,47.3,Normal
2026-07-03 06:30:14.603,Košice,Подгорица,None,0,43.9,60,1254.8,9,0.0,0.0,0.0,0.009,0.02,0.136,2.15,15.21,9.96,47.3,Normal
2026-07-03 06:30:15.616,Košice,Подгорица,None,0,43.4,60,1242.0,9,0.0,0.0,0.0,0.002,-0.022,0.132,2.15,15.21,9.96,47.3,Normal
2026-07-03 06:30:16.628,Košice,Подгорица,None,0,42.8,40,1224.5,9,0.0,0.0,0.0,0.011,0.009,0.219,2.15,15.21,9.96,47.3,Normal
2026-07-03 06:30:17.605,Košice,Подгорица,None,0,42.0,40,1199.8,9,0.0,0.0,0.0,0.01,-0.015,0.256,2.15,15.21,9.96,47.3,Normal
2026-07-03 06:30:18.604,Košice,Подгорица,None,0,39.5,40,1121.3,9,0.0,0.54,0.0,0.039,0.075,1.85,2.15,15.21,9.96,47.3,Normal
2026-07-03 06:30:19.605,Košice,Подгорица,None,0,35.6,40,1016.6,9,0.0,0.0,-1.0,0.03,-0.025,0.436,2.15,15.21,9.96,47.3,Normal
2026-07-03 06:30:20.605,Košice,Подгорица,None,0,34.6,40,988.8,9,0.0,0.0,-1.0,0.071,-0.001,0.237,2.15,15.21,9.96,47.3,Normal
2026-07-03 06:30:21.606,Košice,Подгорица,None,0,33.8,40,965.1,9,0.0,0.0,-1.0,0.107,-0.01,0.231,2.15,15.21,9.96,47.3,Normal
2026-07-03 06:30:22.605,Košice,Подгорица,None,0,33.0,40,942.0,9,0.0,0.0,-1.0,0.055,-0.009,0.23,2.15,15.21,9.96,47.3,Normal
2026-07-03 06:30:23.625,Košice,Подгорица,None,0,32.2,40,918.9,9,0.0,0.0,-1.0,0.168,-0.012,0.235,2.15,15.21,9.96,47.3,Normal
2026-07-03 06:30:24.606,Košice,Подгорица,None,0,31.5,40,1154.8,8,0.0,0.0,-1.0,-0.038,-0.018,0.184,2.15,15.21,9.96,47.3,Normal
2026-07-03 06:30:25.607,Košice,Подгорица,None,0,30.7,40,1125.1,8,0.0,0.0,1.0,-0.23,-0.004,0.276,2.15,15.21,9.96,47.3,Normal
2026-07-03 06:30:26.606,Košice,Подгорица,None,0,29.7,40,1089.6,8,0.0,0.0,1.0,-0.128,0.003,0.269,2.15,15.21,9.96,47.3,Normal
2026-07-03 06:30:27.607,Košice,Подгорица,None,0,28.9,40,1059.1,8,0.0,0.0,-1.0,0.112,0.004,0.232,2.15,15.21,9.96,47.3,Normal
2026-07-03 06:30:28.623,Košice,Подгорица,None,0,28.7,40,1055.4,8,0.46,0.0,-1.0,0.263,-0.038,-0.111,2.15,15.21,9.96,47.2,Normal
2026-07-03 06:30:29.630,Košice,Подгорица,None,0,29.9,50,1105.0,8,0.55,0.0,-1.0,0.012,-0.013,-0.456,2.15,15.21,9.96,47.2,Normal
2026-07-03 06:30:30.608,Košice,Подгорица,None,0,31.6,50,1167.6,8,0.49,0.0,-1.0,0.017,-0.008,-0.486,2.15,15.21,9.96,47.2,Normal
2026-07-03 06:30:31.608,Košice,Подгорица,None,0,33.2,50,1226.5,8,0.62,0.0,0.0,-0.118,-0.005,-0.514,2.15,15.21,9.96,47.2,Normal
2026-07-03 06:30:32.609,Košice,Подгорица,None,0,35.0,50,1296.3,8,0.72,0.0,1.0,-0.102,0.0,-0.597,2.15,15.21,9.96,47.2,Normal
2026-07-03 06:30:33.609,Košice,Подгорица,None,0,37.2,50,1373.2,8,0.7,0.0,1.0,-0.196,0.019,-0.582,2.15,15.21,9.96,47.2,Normal
2026-07-03 06:30:34.628,Košice,Подгорица,None,0,39.0,50,1327.6,8,0.66,0.0,0.0,0.01,0.066,-0.246,2.15,15.21,9.96,47.2,Normal
2026-07-03 06:30:35.634,Košice,Подгорица,None,0,39.1,50,1122.5,9,0.56,0.0,0.0,0.006,0.043,-0.042,2.15,15.21,9.96,47.2,Normal
2026-07-03 06:30:36.627,Košice,Подгорица,None,0,40.3,40,1154.9,9,0.0,0.0,0.0,0.043,-0.049,-0.434,2.15,15.21,9.96,47.2,Normal
2026-07-03 06:30:37.635,Košice,Подгорица,None,0,40.4,40,1155.1,9,0.0,0.0,0.0,0.004,0.053,0.098,2.15,15.21,9.96,47.2,Normal
2026-07-03 06:30:38.629,Košice,Подгорица,None,0,40.9,40,1176.2,9,0.0,0.0,0.0,-0.019,-0.085,-0.429,2.15,15.21,9.96,47.2,Normal
2026-07-03 06:30:39.635,Košice,Подгорица,None,0,41.3,40,1180.9,9,0.0,0.0,-1.0,0.324,0.008,0.084,2.15,15.21,9.96,47.2,Normal
2026-07-03 06:30:40.611,Košice,Подгорица,None,0,40.9,50,1169.6,9,0.0,0.0,-1.0,0.239,-0.004,0.111,2.15,15.21,9.96,47.2,Normal
2026-07-03 06:30:41.626,Košice,Подгорица,None,0,40.6,50,1162.0,9,0.0,0.0,0.0,-0.193,0.009,0.077,2.15,15.21,9.96,47.2,Normal
2026-07-03 06:30:42.623,Košice,Подгорица,None,0,40.4,50,1158.1,9,0.0,0.0,1.0,-0.214,0.023,0.018,2.15,15.21,9.96,47.2,Normal
2026-07-03 06:30:43.612,Košice,Подгорица,None,0,40.4,50,1157.2,9,0.0,0.0,1.0,-0.308,0.027,0.004,2.15,15.21,9.96,47.2,Normal
2026-07-03 06:30:44.613,Košice,Подгорица,None,0,40.4,50,1156.0,9,0.0,0.0,1.0,-0.139,-0.041,0.014,2.15,15.21,9.96,47.2,Normal
2026-07-03 06:30:45.631,Košice,Подгорица,None,0,40.3,50,1155.0,9,0.0,0.0,0.0,0.175,-0.007,0.018,2.15,15.21,9.96,47.2,Normal
2026-07-03 06:30:46.626,Košice,Подгорица,None,0,40.3,50,1154.4,9,0.0,0.0,-1.0,0.188,0.012,-0.007,2.15,15.21,9.96,47.2,Normal
2026-07-03 06:30:47.613,Košice,Подгорица,None,0,40.3,50,1154.8,9,0.0,0.0,0.0,0.001,-0.041,-0.006,2.15,15.21,9.96,47.2,Normal
2026-07-03 06:30:48.636,Košice,Подгорица,None,0,40.3,50,1154.2,9,0.0,0.0,0.0,0.038,0.003,0.004,2.15,15.21,9.96,47.2,Normal
2026-07-03 06:30:49.631,Košice,Подгорица,None,0,40.3,50,1154.1,9,0.0,0.0,0.0,0.001,-0.037,0.007,2.15,15.21,9.96,47.2,Normal
2026-07-03 06:30:50.629,Košice,Подгорица,None,0,40.6,50,1165.8,9,0.63,0.0,0.0,-0.001,-0.049,-0.227,2.15,15.21,9.96,47.2,Normal
2026-07-03 06:30:51.614,Košice,Подгорица,None,0,41.4,50,1186.0,9,0.0,0.0,0.0,0.003,0.055,-0.077,2.15,15.21,9.96,47.2,Normal
2026-07-03 06:30:52.615,Košice,Подгорица,None,0,40.5,50,1155.3,9,0.0,0.2,0.0,0.004,0.092,0.777,2.15,15.21,9.96,47.2,Normal
2026-07-03 06:30:53.636,Košice,Подгорица,None,0,36.8,50,1052.1,9,0.0,0.0,0.0,0.002,0.031,0.927,2.15,15.22,9.96,47.2,Normal
2026-07-03 06:30:54.616,Košice,Подгорица,None,0,35.8,50,1023.9,9,0.0,0.0,0.0,0.011,-0.003,0.134,2.15,15.22,9.96,47.2,Normal
2026-07-03 06:30:55.615,Košice,Подгорица,None,0,35.4,50,1013.8,9,0.0,0.0,0.0,-0.006,-0.02,0.097,2.15,15.22,9.96,47.2,Normal
2026-07-03 06:30:56.616,Košice,Подгорица,None,0,35.1,50,1003.9,9,0.0,0.0,0.0,0.008,-0.003,0.099,2.15,15.22,9.96,47.2,Normal
2026-07-03 06:30:57.629,Košice,Подгорица,None,0,34.7,50,993.4,9,0.0,0.0,0.0,-0.013,-0.014,0.101,2.15,15.22,9.96,47.2,Normal
2026-07-03 06:30:58.617,Košice,Подгорица,None,0,34.4,50,981.9,9,0.0,0.18,1.0,-0.06,-0.029,0.114,2.15,15.22,9.96,47.2,Normal
2026-07-03 06:30:59.618,Košice,Подгорица,None,0,31.7,50,900.4,9,0.0,0.12,0.0,0.024,0.025,0.867,2.15,15.22,9.96,47.2,Normal
2026-07-03 06:31:00.640,Košice,Подгорица,None,0,29.3,50,1071.9,8,0.0,0.16,1.0,-0.004,-0.012,0.678,2.15,15.22,9.96,47.2,Normal
2026-07-03 06:31:01.619,Košice,Подгорица,None,0,25.9,50,942.7,8,0.0,0.28,1.0,-0.043,0.047,1.324,2.15,15.22,9.96,47.2,Normal
2026-07-03 06:31:02.621,Košice,Подгорица,None,0,20.9,50,1223.3,8,0.0,0.28,1.0,-0.037,-0.029,1.4,2.15,15.22,9.96,47.2,Normal
2026-07-03 06:31:03.621,Košice,Подгорица,None,0,16.1,50,968.6,6,0.0,0.24,0.0,0.025,0.003,1.492,2.15,15.22,9.96,47.2,Normal
2026-07-03 06:31:04.620,Košice,Подгорица,None,0,11.1,50,959.4,6,0.0,0.24,0.0,0.024,-0.028,1.31,2.15,15.22,9.96,47.2,Normal
2026-07-03 06:31:05.621,Košice,Подгорица,None,0,5.5,50,766.7,4,0.0,0.37,0.0,0.02,0.008,1.863,2.15,15.22,9.96,47.2,Normal
2026-07-03 06:31:06.621,Košice,Подгорица,None,0,2.4,50,536.0,1,0.0,0.0,0.0,-0.01,-0.07,-0.422,2.15,15.22,9.96,47.2,Normal
2026-07-03 06:31:07.621,Košice,Подгорица,None,0,2.6,50,548.1,1,0.0,0.0,0.0,0.006,0.016,0.003,2.15,15.22,9.96,47.2,Normal
2026-07-03 06:31:08.622,Košice,Подгорица,None,0,2.3,50,528.8,1,0.0,0.17,0.0,0.0,0.035,0.086,2.15,15.22,9.96,47.2,Normal
2026-07-03 06:31:09.622,Košice,Подгорица,None,0,-0.0,50,550.0,1,0.0,0.36,0.0,0.014,0.086,1.471,2.15,15.22,9.96,47.2,Normal
2026-07-03 06:31:10.623,Košice,Подгорица,None,0,0.0,50,550.0,1,0.0,0.0,0.0,-0.001,0.002,0.0,2.15,15.22,9.96,47.2,Normal
2026-07-03 06:31:11.624,Košice,Подгорица,None,0,0.0,50,550.0,1,0.0,0.0,0.0,0.003,0.001,-0.0,2.15,15.22,9.96,47.2,Normal
2026-07-03 06:31:12.623,Košice,Подгорица,None,0,0.0,50,550.0,1,0.0,0.0,0.0,0.006,0.001,-0.001,2.15,15.22,9.96,47.2,Normal
2026-07-03 06:31:13.637,Košice,Подгорица,None,0,0.0,50,550.0,1,0.0,0.0,0.0,-0.0,0.001,-0.0,2.15,15.22,9.96,47.2,Normal
2026-07-03 06:31:14.623,Košice,Подгорица,None,0,-0.0,50,550.0,1,0.0,0.0,0.0,0.004,0.001,-0.0,2.15,15.22,9.96,47.2,Normal
2026-07-03 06:31:15.624,Košice,Подгорица,None,0,-0.0,50,550.0,1,0.0,0.0,0.0,-0.001,-0.001,0.0,2.15,15.22,9.96,47.2,Normal
2026-07-03 06:31:16.624,Košice,Подгорица,None,0,-0.0,50,550.0,1,0.0,0.0,0.0,-0.005,0.0,0.0,2.15,15.22,9.96,47.2,Normal
2026-07-03 06:31:17.624,Košice,Подгорица,None,0,-0.0,50,550.0,1,0.0,0.0,0.0,0.001,0.0,-0.0,2.15,15.22,9.96,47.2,Normal
2026-07-03 06:31:18.624,Košice,Подгорица,None,0,-0.0,50,550.0,1,0.0,0.0,0.0,0.003,0.001,0.0,2.15,15.22,9.96,47.2,Normal
2026-07-03 06:31:19.635,Košice,Подгорица,None,0,0.0,50,550.0,1,0.0,0.0,0.0,0.0,0.001,-0.0,2.15,15.22,9.96,47.2,Normal
2026-07-03 06:31:20.644,Košice,Подгорица,None,0,-0.0,50,550.0,1,0.05,0.0,0.0,0.006,0.001,-0.0,2.15,15.22,9.96,47.2,Normal
2026-07-03 06:31:21.625,Košice,Подгорица,None,0,2.1,50,815.6,1,0.67,0.0,0.0,-0.017,0.007,-1.615,2.15,15.22,9.96,47.2,Normal
2026-07-03 06:31:22.625,Košice,Подгорица,None,0,8.2,50,1461.7,1,0.57,0.0,0.0,-0.031,0.184,-0.48,2.15,15.22,9.96,47.2,Normal
2026-07-03 06:31:23.649,Košice,Подгорица,None,0,8.7,50,861.1,4,0.38,0.0,0.0,0.01,0.014,-0.319,2.15,15.22,9.96,47.2,Normal
2026-07-03 06:31:24.626,Košice,Подгорица,None,0,10.9,50,1086.1,4,0.31,0.0,0.0,0.001,-0.001,-0.711,2.15,15.22,9.96,47.2,Normal
2026-07-03 06:31:25.637,Košice,Подгорица,None,0,13.1,50,1287.3,4,0.28,0.0,0.0,0.002,0.001,-0.535,2.15,15.22,9.96,47.2,Normal
2026-07-03 06:31:26.627,Košice,Подгорица,None,0,14.6,50,1431.0,4,0.23,0.0,0.0,-0.009,0.003,-0.364,2.15,15.22,9.96,47.2,Normal
2026-07-03 06:31:27.627,Košice,Подгорица,None,0,15.0,50,1180.8,6,0.25,0.0,-1.0,0.017,0.015,0.018,2.15,15.22,9.96,47.2,Normal
2026-07-03 06:31:28.627,Košice,Подгорица,None,0,15.3,50,943.8,6,0.23,0.0,-1.0,0.011,-0.042,-0.332,2.15,15.22,9.96,47.2,Normal
2026-07-03 06:31:29.628,Košice,Подгорица,None,0,16.6,50,1023.3,6,0.37,0.0,0.0,-0.0,-0.001,-0.385,2.15,15.22,9.96,47.2,Normal
2026-07-03 06:31:30.628,Košice,Подгорица,None,0,18.0,50,1104.6,6,0.24,0.0,0.0,-0.005,0.0,-0.338,2.15,15.22,9.96,47.2,Normal
2026-07-03 06:31:31.651,Košice,Подгорица,None,0,19.2,50,1183.4,6,0.59,0.0,0.0,-0.016,-0.003,-0.422,2.15,15.22,9.96,47.2,Normal
2026-07-03 06:31:32.640,Košice,Подгорица,None,0,21.9,50,1350.6,6,0.56,0.0,0.0,0.11,-0.057,-0.844,2.15,15.22,9.96,47.2,Normal
2026-07-03 06:31:33.630,Košice,Подгорица,None,0,23.9,50,1279.9,6,0.5,0.0,0.0,0.033,0.081,-0.18,2.15,15.22,9.96,47.2,Normal
2026-07-03 06:31:34.630,Košice,Подгорица,None,0,24.1,50,1145.3,7,0.47,0.0,0.0,-0.01,-0.021,-0.194,2.15,15.22,9.96,47.2,Normal
2026-07-03 06:31:35.655,Košice,Подгорица,None,0,25.7,50,1222.6,7,0.37,0.0,0.0,0.003,0.005,-0.507,2.15,15.22,9.96,47.2,Normal
2026-07-03 06:31:36.631,Košice,Подгорица,None,0,26.5,50,1253.8,7,0.0,0.0,0.0,-0.027,0.039,0.024,2.15,15.22,9.96,47.2,Normal
2026-07-03 06:31:37.649,Košice,Подгорица,None,0,26.0,50,1231.0,7,0.0,0.0,0.0,0.016,-0.084,0.164,2.15,15.22,9.96,47.2,Normal
2026-07-03 06:31:38.631,Košice,Подгорица,None,0,25.5,50,1203.5,7,0.0,0.0,-1.0,0.003,-0.015,0.168,2.15,15.22,9.96,47.2,Normal
2026-07-03 06:31:39.654,Košice,Подгорица,None,0,24.8,50,1173.9,7,0.0,0.0,-1.0,0.035,-0.008,0.177,2.15,15.22,9.96,47.2,Normal
2026-07-03 06:31:40.631,Košice,Подгорица,None,0,24.3,50,1146.7,7,0.0,0.0,-1.0,0.004,0.027,0.159,2.15,15.22,9.96,47.2,Normal
2026-07-03 06:31:41.653,Košice,Подгорица,None,0,23.7,50,1117.7,7,0.0,0.0,-1.0,0.023,-0.031,0.17,2.15,15.22,9.96,47.2,Normal
2026-07-03 06:31:42.650,Košice,Подгорица,None,0,22.4,50,1052.0,7,0.0,0.17,-1.0,0.013,0.053,0.854,2.15,15.22,9.96,47.2,Normal
2026-07-03 06:31:43.643,Košice,Подгорица,None,0,17.6,50,822.6,7,0.0,0.32,-1.0,0.0,0.014,1.697,2.15,15.22,9.96,47.2,Normal
2026-07-03 06:31:44.648,Košice,Подгорица,None,0,10.7,50,835.4,5,0.0,0.0,-1.0,-0.002,0.085,1.913,2.15,15.22,9.96,47.2,Normal
2026-07-03 06:31:45.634,Košice,Подгорица,None,0,8.9,50,1446.6,2,0.25,0.0,-1.0,0.042,0.016,0.068,2.15,15.22,9.96,47.2,Normal
2026-07-03 06:31:46.652,Košice,Подгорица,None,0,9.3,50,1345.7,2,0.42,0.0,-1.0,0.039,0.031,-0.022,2.15,15.22,9.96,47.2,Normal
2026-07-03 06:31:47.634,Košice,Подгорица,None,0,9.4,50,935.7,4,0.61,0.0,-1.0,0.004,0.046,-0.341,2.15,15.22,9.96,47.2,Normal
2026-07-03 06:31:48.655,Košice,Подгорица,None,0,13.6,50,1373.8,4,0.66,0.0,-1.0,0.066,-0.019,-1.423,2.15,15.22,9.96,47.2,Normal
2026-07-03 06:31:49.645,Košice,Подгорица,None,0,15.9,50,1102.4,6,0.56,0.0,-1.0,0.008,0.048,-0.096,2.15,15.22,9.96,47.2,Normal
2026-07-03 06:31:50.635,Košice,Подгорица,None,0,16.5,50,1021.0,6,0.54,0.0,-1.0,0.043,-0.037,-0.503,2.15,15.22,9.96,47.2,Normal
2026-07-03 06:31:51.651,Košice,Подгорица,None,0,19.1,50,1187.1,6,0.52,0.0,0.0,-0.065,0.0,-0.79,2.15,15.22,9.96,47.2,Normal
2026-07-03 06:31:52.660,Košice,Подгорица,None,0,21.8,50,1347.5,6,0.53,0.0,-1.0,-0.022,-0.002,-0.73,2.15,15.22,9.96,47.2,Normal
2026-07-03 06:31:53.649,Košice,Подгорица,None,0,23.6,50,1438.7,6,0.0,0.0,1.0,-0.46,0.06,-0.068,2.15,15.22,9.96,47.2,Normal
2026-07-03 06:31:54.636,Košice,Подгорица,None,0,22.9,50,1396.0,6,0.0,0.0,1.0,-0.286,-0.007,0.232,2.15,15.22,9.96,47.2,Normal
2026-07-03 06:31:55.657,Košice,Подгорица,None,0,22.2,50,1350.1,6,0.0,0.0,1.0,-0.028,0.006,0.206,2.15,15.22,9.96,47.2,Normal
2026-07-03 06:31:56.650,Košice,Подгорица,None,0,22.4,50,1386.5,6,0.78,0.0,1.0,0.039,-0.088,-0.617,2.15,15.22,9.96,47.2,Normal
2026-07-03 06:31:57.659,Košice,Подгорица,None,0,24.1,50,1184.2,6,0.56,0.0,1.0,-0.092,0.056,-0.072,2.15,15.22,9.96,47.2,Normal
2026-07-03 06:31:58.648,Košice,Подгорица,None,0,24.5,50,1169.6,7,0.56,0.0,1.0,-0.08,-0.06,-0.405,2.15,15.22,9.96,47.2,Normal
2026-07-03 06:31:59.656,Košice,Подгорица,None,0,26.4,50,1262.0,7,0.46,0.0,1.0,-0.07,0.019,-0.519,2.15,15.22,9.96,47.2,Normal
2026-07-03 06:32:00.639,Košice,Подгорица,None,0,28.1,50,1342.8,7,0.4,0.0,1.0,0.145,-0.005,-0.448,2.15,15.22,9.96,47.2,Normal
2026-07-03 06:32:01.638,Košice,Подгорица,None,0,28.8,50,1366.1,7,0.06,0.0,0.0,0.218,0.026,0.011,2.15,15.22,9.96,47.2,Normal
2026-07-03 06:32:02.638,Košice,Подгорица,None,0,28.5,50,1348.6,7,0.03,0.0,1.0,0.081,-0.004,0.09,2.15,15.22,9.96,47.2,Normal
2026-07-03 06:32:03.639,Košice,Подгорица,None,0,27.8,50,1316.0,7,0.0,0.0,-1.0,0.253,0.049,0.208,2.15,15.22,9.96,47.2,Normal
2026-07-03 06:32:04.650,Košice,Подгорица,None,0,27.1,50,1279.5,7,0.0,0.0,-1.0,0.284,0.003,0.207,2.15,15.22,9.96,47.2,Normal
2026-07-03 06:32:05.661,Košice,Подгорица,None,0,26.8,50,1276.4,7,0.59,0.0,-1.0,0.215,-0.032,-0.206,2.15,15.22,9.96,47.2,Normal
2026-07-03 06:32:06.641,Košice,Подгорица,None,0,28.6,50,1368.9,7,0.48,0.0,-1.0,0.171,-0.016,-0.583,2.15,15.22,9.96,47.2,Normal
2026-07-03 06:32:07.640,Košice,Подгорица,None,0,29.8,50,1409.1,7,0.0,0.0,0.0,-0.3,0.056,0.009,2.15,15.22,9.96,47.2,Normal
2026-07-03 06:32:08.642,Košice,Подгорица,None,0,29.1,50,1374.7,7,0.0,0.0,1.0,-0.411,-0.002,0.258,2.15,15.22,9.96,47.2,Normal
2026-07-03 06:32:09.642,Košice,Подгорица,None,0,28.2,50,1333.3,7,0.0,0.0,1.0,-0.111,-0.023,0.25,2.15,15.22,9.96,47.2,Normal
2026-07-03 06:32:10.666,Košice,Подгорица,None,0,27.3,50,1289.5,7,0.0,0.0,0.0,0.017,-0.011,0.275,2.15,15.22,9.96,47.2,Normal
2026-07-03 06:32:11.642,Košice,Подгорица,None,0,26.4,50,1249.1,7,0.0,0.0,0.0,0.011,-0.015,0.237,2.15,15.22,9.96,47.2,Normal
2026-07-03 06:32:12.641,Košice,Подгорица,None,0,25.6,50,1208.4,7,0.0,0.0,-1.0,0.101,-0.005,0.244,2.15,15.22,9.96,47.2,Normal
2026-07-03 06:32:13.660,Košice,Подгорица,None,0,24.5,50,1152.0,7,0.0,0.06,-1.0,0.231,-0.024,0.567,2.15,15.22,9.96,47.2,Normal
2026-07-03 06:32:14.642,Košice,Подгорица,None,0,23.0,50,1083.8,7,0.0,0.06,-1.0,0.123,-0.027,0.427,2.15,15.22,9.96,47.2,Normal
2026-07-03 06:32:15.643,Košice,Подгорица,None,0,20.5,50,961.1,7,0.0,0.15,-1.0,0.193,-0.008,0.993,2.15,15.22,9.96,47.2,Normal
2026-07-03 06:32:16.668,Košice,Подгорица,None,0,18.4,50,863.5,7,0.0,0.0,-1.0,0.19,-0.022,0.324,2.15,15.22,9.96,47.2,Normal
2026-07-03 06:32:17.644,Košice,Подгорица,None,0,17.6,50,1386.0,5,0.0,0.0,-1.0,-0.074,-0.005,0.115,2.15,15.22,9.96,47.2,Normal
2026-07-03 06:32:18.643,Košice,Подгорица,None,0,17.6,50,1390.9,5,0.13,0.0,1.0,-0.341,-0.024,-0.112,2.15,15.22,9.96,47.2,Normal
2026-07-03 06:32:19.644,Košice,Подгорица,None,0,17.1,50,1343.4,5,0.22,0.0,1.0,-0.457,0.032,0.297,2.15,15.22,9.96,47.2,Normal
2026-07-03 06:32:20.656,Košice,Подгорица,None,0,17.2,50,1361.9,5,0.21,0.0,1.0,-0.322,-0.004,-0.172,2.15,15.22,9.96,47.2,Normal
2026-07-03 06:32:21.666,Košice,Подгорица,None,0,17.6,50,1384.6,5,0.0,0.0,1.0,-0.033,-0.011,0.033,2.15,15.22,9.96,47.2,Normal
2026-07-03 06:32:22.661,Košice,Подгорица,None,0,16.8,50,1316.8,5,0.0,0.0,1.0,-0.008,-0.017,0.274,2.15,15.22,9.96,47.2,Normal
2026-07-03 06:32:23.645,Košice,Подгорица,None,0,15.9,0,1243.5,5,0.0,0.0,1.0,0.043,-0.007,0.288,2.15,15.22,9.96,47.2,Normal
2026-07-03 06:32:24.662,Košice,Подгорица,None,0,15.0,0,1182.3,5,0.14,0.0,1.0,0.024,0.003,0.1,2.15,15.22,9.96,47.2,Normal
2026-07-03 06:32:25.669,Košice,Подгорица,None,0,15.3,0,1212.4,5,0.17,0.0,1.0,0.006,-0.016,-0.17,2.15,15.22,9.96,47.2,Normal
2026-07-03 06:32:26.668,Košice,Подгорица,None,0,15.5,0,1219.4,5,0.0,0.0,0.0,0.11,0.068,0.046,2.15,15.22,9.96,47.2,Normal
2026-07-03 06:32:27.659,Košice,Подгорица,None,0,14.5,0,1136.2,5,0.0,0.0,-1.0,0.262,0.016,0.297,2.15,15.22,9.96,47.2,Normal
2026-07-03 06:32:28.646,Košice,Подгорица,None,0,13.5,0,1062.5,5,0.24,0.0,-1.0,0.357,-0.101,0.248,2.15,15.22,9.96,47.2,Normal
2026-07-03 06:32:29.660,Košice,Подгорица,None,0,14.1,0,1125.2,5,0.25,0.0,-1.0,0.479,-0.256,-0.406,2.15,15.22,9.96,47.1,Normal
2026-07-03 06:32:30.658,Košice,Подгорица,None,0,15.6,0,1260.7,5,0.62,0.0,-1.0,0.086,0.006,-0.669,2.15,15.22,9.96,47.1,Normal
2026-07-03 06:32:31.649,Košice,Подгорица,None,0,18.8,0,1385.3,5,0.71,0.0,-1.0,0.003,0.019,-0.498,2.15,15.22,9.96,47.1,Normal
2026-07-03 06:32:32.649,Košice,Подгорица,None,0,19.0,0,906.4,7,0.56,0.0,0.0,-0.194,0.013,-0.007,2.15,15.22,9.96,47.1,Normal
2026-07-03 06:32:33.649,Košice,Подгорица,None,0,19.6,0,925.4,7,0.0,0.0,1.0,-0.217,0.04,0.147,2.15,15.22,9.96,47.1,Normal
2026-07-03 06:32:34.671,Košice,Подгорица,None,0,19.4,0,925.2,7,0.52,0.0,1.0,-0.187,-0.052,-0.224,2.15,15.22,9.96,47.1,Normal
2026-07-03 06:32:35.649,Košice,Подгорица,None,0,20.9,0,999.5,7,0.46,0.0,1.0,-0.158,-0.005,-0.535,2.15,15.22,9.96,47.1,Normal
2026-07-03 06:32:36.650,Košice,Подгорица,None,0,22.5,0,1067.9,7,0.0,0.0,1.0,-0.182,-0.017,-0.298,2.15,15.22,9.96,47.1,Normal
2026-07-03 06:32:37.650,Košice,Подгорица,None,0,21.9,0,1031.1,7,0.0,0.19,-1.0,0.235,-0.01,0.632,2.15,15.22,9.96,47.1,Normal
2026-07-03 06:32:38.687,Košice,Подгорица,None,0,17.6,0,819.1,7,0.0,0.03,-1.0,0.345,-0.005,1.429,2.15,15.22,9.96,47.1,Normal
2026-07-03 06:32:39.680,Košice,Подгорица,None,0,15.8,0,1242.8,5,0.0,0.0,-1.0,0.21,-0.007,0.184,2.15,15.22,9.96,47.1,Normal
2026-07-03 06:32:40.687,Košice,Подгорица,None,0,15.0,0,1170.8,5,0.0,0.0,-1.0,0.128,0.005,0.274,2.15,15.22,9.96,47.1,Normal
2026-07-03 06:32:41.651,Košice,Подгорица,None,0,14.0,0,1090.5,5,0.0,0.0,-1.0,0.088,-0.005,0.308,2.15,15.22,9.96,47.1,Normal
2026-07-03 06:32:42.651,Košice,Подгорица,None,0,12.8,0,996.1,5,0.0,0.0,-1.0,0.123,-0.007,0.378,2.15,15.22,9.96,47.1,Normal
2026-07-03 06:32:43.670,Košice,Подгорица,None,0,11.3,0,874.1,5,0.0,0.0,-1.0,0.008,-0.009,0.435,2.15,15.22,9.96,47.1,Normal
2026-07-03 06:32:44.652,Košice,Подгорица,None,0,9.9,0,887.1,5,0.0,0.0,1.0,-0.321,0.002,0.397,2.15,15.22,9.96,47.1,Normal
2026-07-03 06:32:45.652,Košice,Подгорица,None,0,8.7,0,1085.2,3,0.0,0.0,0.0,-0.204,-0.015,0.37,2.15,15.22,9.96,47.1,Normal
2026-07-03 06:32:46.673,Košice,Подгорица,None,0,7.1,0,880.3,3,0.0,0.0,1.0,-0.31,-0.003,0.455,2.15,15.22,9.96,47.1,Normal
2026-07-03 06:32:47.653,Košice,Подгорица,None,0,5.6,0,775.1,3,0.0,0.0,1.0,-0.182,0.006,0.424,2.15,15.22,9.96,47.1,Normal
2026-07-03 06:32:48.656,Košice,Подгорица,None,0,4.7,0,954.5,1,0.0,0.12,1.0,-0.098,-0.047,0.379,2.15,15.22,9.96,47.1,Normal
2026-07-03 06:32:49.653,Košice,Подгорица,None,0,1.1,0,550.0,1,0.0,0.12,0.0,-0.009,-0.164,0.953,2.15,15.22,9.96,47.1,Normal
2026-07-03 06:32:50.655,Košice,Подгорица,None,0,-0.0,0,550.0,-1,0.0,0.0,0.0,0.025,-0.024,-0.003,2.15,15.22,9.96,47.1,Normal
2026-07-03 06:32:51.655,Košice,Подгорица,None,0,0.0,0,550.0,-1,0.0,0.0,0.0,0.0,-0.001,0.0,2.15,15.22,9.96,47.1,Normal
2026-07-03 06:32:52.654,Košice,Подгорица,None,0,0.0,0,550.0,-1,0.0,0.0,0.0,0.0,-0.0,-0.0,2.15,15.22,9.96,47.1,Normal
2026-07-03 06:32:53.655,Košice,Подгорица,None,0,-0.5,0,772.9,-1,0.34,0.0,-1.0,-0.031,-0.043,0.653,2.15,15.22,9.96,47.1,Normal
2026-07-03 06:32:54.655,Košice,Подгорица,None,0,-2.3,0,549.1,-1,0.0,0.0,-1.0,-0.072,-0.018,0.088,2.15,15.22,9.96,47.1,Normal
2026-07-03 06:32:55.656,Košice,Подгорица,None,0,-4.5,0,1030.3,-1,0.0,0.0,-1.0,-0.163,0.163,0.39,2.15,15.22,9.96,47.1,Normal
2026-07-03 06:32:56.657,Košice,Подгорица,None,0,-3.4,0,764.7,-1,0.0,0.0,-1.0,0.016,0.002,-0.384,2.15,15.22,9.96,47.1,Normal
2026-07-03 06:32:57.657,Košice,Подгорица,None,0,-4.2,0,989.6,-1,0.0,0.0,-1.0,-0.422,0.053,0.658,2.15,15.22,9.96,47.1,Normal
2026-07-03 06:32:58.657,Košice,Подгорица,None,0,-3.9,0,922.9,-1,0.0,0.0,-1.0,-0.168,-0.027,0.283,2.15,15.22,9.96,47.1,Normal
2026-07-03 06:32:59.657,Košice,Подгорица,None,0,-3.0,0,663.2,-1,0.0,0.0,-1.0,0.188,0.0,-0.335,2.15,15.22,9.96,47.1,Normal
2026-07-03 06:33:00.676,Košice,Подгорица,None,0,-2.6,0,638.4,-1,0.32,0.0,-1.0,-0.156,-0.027,0.307,2.15,15.22,9.96,47.1,Normal
2026-07-03 06:33:01.669,Košice,Подгорица,None,0,-3.4,0,787.8,-1,0.0,0.0,-1.0,-0.047,-0.118,-0.003,2.15,15.22,9.96,47.1,Normal
2026-07-03 06:33:02.658,Košice,Подгорица,None,0,-3.1,0,703.7,-1,0.0,0.0,-1.0,-0.028,0.096,0.084,2.15,15.22,9.96,47.1,Normal
2026-07-03 06:33:03.676,Košice,Подгорица,None,0,-2.8,0,626.5,-1,0.0,0.0,-1.0,0.115,0.012,-0.202,2.15,15.22,9.96,47.1,Normal
2026-07-03 06:33:04.660,Košice,Подгорица,None,0,-2.4,0,548.8,-1,0.0,0.0,1.0,0.092,0.037,0.055,2.15,15.22,9.96,47.1,Normal
2026-07-03 06:33:05.660,Košice,Подгорица,None,0,-2.4,0,549.0,-1,0.0,0.0,1.0,0.096,0.004,-0.009,2.15,15.22,9.96,47.1,Normal
2026-07-03 06:33:06.662,Košice,Подгорица,None,0,-3.0,0,738.2,-1,0.54,0.0,1.0,0.01,-0.037,0.71,2.15,15.22,9.96,47.1,Normal
2026-07-03 06:33:07.661,Košice,Подгорица,None,0,-5.7,0,1287.9,-1,0.0,0.0,1.0,0.17,-0.094,-0.232,2.15,15.22,9.96,47.1,Normal
2026-07-03 06:33:08.662,Košice,Подгорица,None,0,-4.3,0,973.2,-1,0.0,0.0,1.0,0.087,0.004,-0.414,2.15,15.22,9.96,47.1,Normal
2026-07-03 06:33:09.662,Košice,Подгорица,None,0,-5.9,0,1436.7,-1,0.21,0.0,1.0,0.403,0.067,1.769,2.15,15.22,9.96,47.1,Normal
2026-07-03 06:33:10.662,Košice,Подгорица,None,0,-5.4,0,1219.4,-1,0.0,0.0,1.0,-0.007,0.007,-0.537,2.15,15.22,9.96,47.1,Normal
2026-07-03 06:33:11.661,Košice,Подгорица,None,0,-6.6,0,1467.8,-1,0.12,0.0,1.0,0.118,0.208,0.155,2.15,15.22,9.96,47.1,Normal
2026-07-03 06:33:12.663,Košice,Подгорица,None,0,-5.5,0,992.9,-2,0.27,0.0,1.0,0.075,-0.034,-0.235,2.15,15.22,9.96,47.1,Normal
2026-07-03 06:33:13.663,Košice,Подгорица,None,0,-5.9,0,1104.6,-2,0.58,0.0,1.0,0.26,0.013,0.381,2.15,15.22,9.96,47.1,Normal
2026-07-03 06:33:14.663,Košice,Подгорица,None,0,-6.8,0,1191.3,-2,0.0,0.0,0.0,-0.26,-0.022,-0.311,2.15,15.22,9.96,47.1,Normal
2026-07-03 06:33:15.664,Košice,Подгорица,None,0,-5.4,0,944.6,-2,0.0,0.0,1.0,-0.207,-0.008,-0.399,2.15,15.22,9.96,47.1,Normal
2026-07-03 06:33:16.665,Košice,Подгорица,None,0,-4.1,0,709.3,-2,0.0,0.0,1.0,-0.056,0.003,-0.392,2.15,15.22,9.96,47.1,Normal
2026-07-03 06:33:17.664,Košice,Подгорица,None,0,-3.5,0,629.0,-2,0.0,0.0,0.0,0.018,0.092,0.124,2.15,15.22,9.96,47.1,Normal
2026-07-03 06:33:18.665,Košice,Подгорица,None,0,-2.8,0,592.0,-2,0.0,0.0,0.0,-0.109,0.011,-0.162,2.15,15.22,9.96,47.1,Normal
2026-07-03 06:33:19.666,Košice,Подгорица,None,0,-1.9,0,549.8,-1,0.0,0.6,0.0,-0.296,0.047,-0.696,2.15,15.22,9.96,47.1,Normal
2026-07-03 06:33:20.665,Košice,Подгорица,None,0,-0.0,0,550.0,-1,0.0,0.0,0.0,-0.0,-0.009,0.001,2.15,15.22,9.96,47.1,Normal
2026-07-03 06:33:21.665,Košice,Подгорица,None,0,-0.8,0,856.8,-1,0.16,0.0,0.0,0.431,-0.085,0.974,2.15,15.22,9.96,47.1,Normal
2026-07-03 06:33:22.665,Košice,Подгорица,None,0,-1.9,0,547.0,-1,0.0,0.0,-1.0,-0.041,-0.01,0.057,2.15,15.22,9.96,47.1,Normal
2026-07-03 06:33:23.665,Košice,Подгорица,None,0,-2.0,0,547.5,-1,0.0,0.0,-1.0,-0.064,-0.0,0.014,2.15,15.22,9.96,47.1,Normal
2026-07-03 06:33:24.665,Košice,Подгорица,None,0,-2.1,0,548.0,-1,0.0,0.0,-1.0,-0.057,-0.0,0.019,2.15,15.22,9.96,47.1,Normal
2026-07-03 06:33:25.665,Košice,Подгорица,None,0,-2.1,0,548.3,-1,0.0,0.0,-1.0,-0.063,0.0,0.01,2.15,15.22,9.96,47.1,Normal
2026-07-03 06:33:26.666,Košice,Подгорица,None,0,-2.1,0,548.3,-1,0.0,0.0,-1.0,-0.053,-0.002,-0.008,2.15,15.22,9.96,47.1,Normal
2026-07-03 06:33:27.688,Košice,Подгорица,None,0,-2.1,0,547.9,-1,0.0,0.0,-1.0,-0.054,-0.0,-0.022,2.15,15.22,9.96,47.1,Normal
2026-07-03 06:33:28.685,Košice,Подгорица,None,0,-2.0,0,547.4,-1,0.0,0.0,1.0,0.025,0.002,-0.016,2.15,15.22,9.96,47.1,Normal
2026-07-03 06:33:29.682,Košice,Подгорица,None,0,-2.0,0,547.4,-1,0.0,0.0,0.0,0.003,0.001,0.012,2.15,15.22,9.96,47.1,Normal
2026-07-03 06:33:30.691,Košice,Подгорица,None,0,-2.0,0,547.2,-1,0.0,0.0,-1.0,-0.057,0.005,-0.015,2.15,15.22,9.96,47.1,Normal
2026-07-03 06:33:31.686,Košice,Подгорица,None,0,-1.9,0,546.6,-1,0.0,0.0,-1.0,-0.05,0.002,-0.027,2.15,15.22,9.96,47.1,Normal
2026-07-03 06:33:32.692,Košice,Подгорица,None,0,-1.7,0,545.7,-1,0.0,0.0,0.0,0.027,0.0,-0.022,2.15,15.22,9.96,47.1,Normal
2026-07-03 06:33:33.686,Košice,Подгорица,None,0,-1.7,0,545.6,-1,0.0,0.0,0.0,-0.004,-0.001,-0.001,2.15,15.22,9.96,47.1,Normal
2026-07-03 06:33:34.670,Košice,Подгорица,None,0,-1.7,0,545.7,-1,0.0,0.0,0.0,0.003,0.001,-0.003,2.15,15.22,9.96,47.1,Normal
2026-07-03 06:33:35.691,Košice,Подгорица,None,0,-1.7,0,545.8,-1,0.0,0.0,0.0,0.003,0.0,-0.006,2.15,15.22,9.96,47.1,Normal
2026-07-03 06:33:36.671,Košice,Подгорица,None,0,-1.8,0,546.0,-1,0.0,0.0,0.0,0.024,-0.003,0.001,2.15,15.22,9.96,47.1,Normal
2026-07-03 06:33:37.691,Košice,Подгорица,None,0,-1.8,0,546.1,-1,0.0,0.0,-1.0,-0.055,0.001,-0.007,2.15,15.22,9.96,47.1,Normal
2026-07-03 06:33:38.671,Košice,Подгорица,None,0,-1.7,0,545.5,-1,0.0,0.0,-1.0,0.022,-0.006,-0.021,2.15,15.22,9.96,47.1,Normal
2026-07-03 06:33:39.671,Košice,Подгорица,None,0,-1.7,0,545.7,-1,0.0,0.0,1.0,0.069,0.001,0.022,2.15,15.22,9.96,47.1,Normal
2026-07-03 06:33:40.672,Košice,Подгорица,None,0,-1.9,0,545.1,-1,0.0,0.01,1.0,0.05,-0.001,0.047,2.15,15.22,9.96,47.1,Normal
2026-07-03 06:33:41.672,Košice,Подгорица,None,0,-2.1,0,527.5,-1,0.0,0.22,1.0,0.09,-0.024,-0.05,2.15,15.22,9.96,47.1,Normal
2026-07-03 06:33:42.672,Košice,Подгорица,None,0,-0.9,0,550.0,-1,0.0,0.32,1.0,0.013,0.077,-1.092,2.15,15.22,9.96,47.1,Normal
2026-07-03 06:33:43.697,Košice,Подгорица,None,0,0.0,0,550.0,-1,0.0,0.0,1.0,-0.005,-0.006,-0.01,2.15,15.22,9.96,47.1,Normal
2026-07-03 06:33:44.673,Košice,Подгорица,None,0,-0.0,0,550.0,-1,0.0,0.0,1.0,0.001,0.0,0.0,2.15,15.22,9.96,47.1,Normal
2026-07-03 06:33:45.693,Košice,Подгорица,None,0,-0.0,0,550.0,-1,0.0,0.0,1.0,-0.0,0.0,0.001,2.15,15.22,9.96,47.1,Normal
2026-07-03 06:33:46.688,Košice,Подгорица,None,0,-0.0,0,766.9,-1,0.23,0.0,1.0,0.006,-0.013,0.012,2.15,15.22,9.96,47.1,Normal
2026-07-03 06:33:47.698,Košice,Подгорица,None,0,-2.2,0,555.0,-1,0.0,0.0,0.0,0.298,0.11,0.716,2.15,15.22,9.96,47.1,Normal
2026-07-03 06:33:48.685,Košice,Подгорица,None,0,-3.7,0,958.0,-1,0.36,0.0,-1.0,0.327,-0.089,1.112,2.15,15.22,9.96,47.1,Normal
2026-07-03 06:33:49.674,Košice,Подгорица,None,0,-6.3,0,1424.1,-1,0.0,0.0,-1.0,-0.266,-0.03,-0.075,2.15,15.22,9.96,47.1,Normal
2026-07-03 06:33:50.700,Košice,Подгорица,None,0,-5.3,0,1186.8,-1,0.0,0.0,-1.0,-0.187,0.001,-0.318,2.15,15.22,9.96,47.1,Normal
2026-07-03 06:33:51.696,Košice,Подгорица,None,0,-4.2,0,940.5,-1,0.0,0.0,-1.0,-0.115,-0.003,-0.297,2.15,15.22,9.96,47.1,Normal
2026-07-03 06:33:52.675,Košice,Подгорица,None,0,-3.1,0,702.9,-1,0.0,0.0,1.0,0.059,-0.003,-0.304,2.15,15.22,9.96,47.1,Normal
2026-07-03 06:33:53.694,Košice,Подгорица,None,0,-2.4,0,547.0,-1,0.0,0.0,1.0,0.065,-0.016,0.04,2.15,15.22,9.96,47.1,Normal
2026-07-03 06:33:54.686,Košice,Подгорица,None,0,-5.4,0,1264.9,-1,0.0,0.0,1.0,0.385,0.309,1.421,2.15,15.22,9.96,47.1,Normal
2026-07-03 06:33:55.694,Košice,Подгорица,None,0,-5.1,0,1160.8,-1,0.0,0.0,-1.0,-0.195,-0.003,-0.323,2.15,15.22,9.96,47.1,Normal
2026-07-03 06:33:56.677,Košice,Подгорица,None,0,-4.0,0,907.9,-1,0.0,0.0,-1.0,-0.124,-0.002,-0.323,2.15,15.22,9.96,47.1,Normal
2026-07-03 06:33:57.677,Košice,Подгорица,None,0,-2.9,0,641.4,-1,0.0,0.0,-1.0,-0.062,0.002,-0.319,2.15,15.22,9.96,47.1,Normal
2026-07-03 06:33:58.678,Košice,Подгорица,None,0,-3.0,0,698.7,-1,0.0,0.0,-1.0,-0.183,0.022,0.633,2.15,15.22,9.96,47.1,Normal
2026-07-03 06:33:59.678,Košice,Подгорица,None,0,-2.6,0,571.7,-1,0.0,0.0,1.0,0.147,-0.003,-0.268,2.15,15.22,9.96,47.1,Normal
2026-07-03 06:34:00.678,Košice,Подгорица,None,0,-3.8,0,973.7,-1,0.66,0.0,1.0,-0.133,-0.095,1.506,2.15,15.22,9.96,47.1,Normal
2026-07-03 06:34:01.678,Košice,Подгорица,None,0,-5.2,0,1206.8,-1,0.0,0.0,1.0,0.067,-0.126,0.036,2.15,15.22,9.96,47.1,Normal
2026-07-03 06:34:02.679,Košice,Подгорица,None,0,-4.3,0,977.2,-1,0.0,0.0,-1.0,-0.001,-0.0,-0.344,2.15,15.22,9.96,47.1,Normal
2026-07-03 06:34:03.679,Košice,Подгорица,None,0,-3.1,0,696.1,-1,0.0,0.0,-1.0,-0.061,0.001,-0.344,2.15,15.22,9.96,47.1,Normal
2026-07-03 06:34:04.680,Košice,Подгорица,None,0,-2.4,0,547.5,-1,0.0,0.0,-1.0,-0.065,0.011,0.051,2.15,15.22,9.96,47.1,Normal
2026-07-03 06:34:05.691,Košice,Подгорица,None,0,-2.4,0,547.7,-1,0.0,0.0,-1.0,-0.09,0.002,0.012,2.15,15.22,9.96,47.1,Normal
2026-07-03 06:34:06.681,Košice,Подгорица,None,0,-2.3,0,546.0,-1,0.0,0.0,-1.0,-0.069,-0.001,-0.01,2.15,15.22,9.96,47.1,Normal
2026-07-03 06:34:07.681,Košice,Подгорица,None,0,-2.3,0,546.4,-1,0.0,0.0,-1.0,-0.007,0.008,0.009,2.15,15.22,9.96,47.1,Normal
2026-07-03 06:34:08.682,Košice,Подгорица,None,0,-2.3,0,546.2,-1,0.0,0.0,-1.0,0.006,-0.001,0.001,2.15,15.22,9.96,47.1,Normal
2026-07-03 06:34:09.682,Košice,Подгорица,None,0,-2.3,0,544.0,-1,0.0,0.13,-1.0,0.003,0.004,-0.022,2.15,15.22,9.96,47.1,Normal
2026-07-03 06:34:10.705,Košice,Подгорица,None,0,-1.8,0,544.0,-1,0.0,0.45,-1.0,0.113,0.01,-0.279,2.15,15.22,9.96,47.1,Normal
2026-07-03 06:34:11.701,Košice,Подгорица,None,0,0.0,0,550.0,0,0.0,0.0,0.0,-0.008,0.007,-0.004,2.15,15.22,9.96,47.1,Normal
2026-07-03 06:34:12.693,Košice,Подгорица,None,0,-0.0,0,557.6,1,0.0,0.0,-1.0,0.01,0.011,0.016,2.15,15.22,9.96,47.1,Normal
2026-07-03 06:34:13.700,Košice,Подгорица,None,0,-0.0,0,548.6,1,0.0,0.0,-1.0,-0.005,-0.006,0.001,2.15,15.22,9.96,47.1,Normal
2026-07-03 06:34:14.699,Košice,Подгорица,None,0,0.0,0,548.6,1,0.0,0.0,0.0,-0.007,0.002,-0.001,2.15,15.22,9.96,47.1,Normal
2026-07-03 06:34:15.683,Košice,Подгорица,None,0,0.0,0,673.3,1,0.44,0.0,-1.0,-0.005,-0.006,-0.031,2.15,15.22,9.96,47.1,Normal
2026-07-03 06:34:16.684,Košice,Подгорица,None,0,2.8,0,609.4,1,0.0,0.0,-1.0,0.246,0.038,-0.547,2.15,15.22,9.96,47.1,Normal
2026-07-03 06:34:17.684,Košice,Подгорица,None,0,0.1,0,550.0,1,0.0,0.0,-1.0,-0.0,-0.174,-0.036,2.15,15.22,9.96,47.1,Normal
2026-07-03 06:34:18.685,Košice,Подгорица,None,0,-0.0,0,550.0,1,0.0,0.0,-1.0,0.008,-0.005,-0.011,2.15,15.22,9.96,47.1,Normal
2026-07-03 06:34:19.685,Košice,Подгорица,None,0,0.0,0,550.0,1,0.0,0.0,1.0,0.0,0.004,-0.001,2.15,15.22,9.96,47.1,Normal
2026-07-03 06:34:20.685,Košice,Подгорица,None,0,-0.0,0,550.0,1,0.0,0.0,1.0,0.001,0.0,-0.001,2.15,15.22,9.96,47.1,Normal
2026-07-03 06:34:21.708,Košice,Подгорица,None,0,-0.0,0,550.0,1,0.0,0.0,1.0,-0.0,-0.001,-0.0,2.15,15.22,9.96,47.1,Normal
2026-07-03 06:34:22.686,Košice,Подгорица,None,0,-0.0,0,550.0,1,0.0,0.0,1.0,0.001,-0.001,-0.001,2.15,15.22,9.96,47.1,Normal
2026-07-03 06:34:23.686,Košice,Подгорица,None,0,-0.0,0,550.0,1,0.0,0.0,1.0,-0.001,0.0,0.0,2.15,15.22,9.96,47.1,Normal
2026-07-03 06:34:24.686,Košice,Подгорица,None,0,0.7,0,703.1,1,0.25,0.0,1.0,-0.073,-0.032,-0.488,2.15,15.22,9.96,47.1,Normal
2026-07-03 06:34:25.708,Košice,Подгорица,None,0,2.9,0,666.4,1,0.04,0.0,1.0,-0.205,-0.033,-0.488,2.15,15.22,9.96,47.1,Normal
2026-07-03 06:34:26.687,Košice,Подгорица,None,0,4.1,0,852.4,1,0.0,0.0,0.0,-0.003,-0.05,-0.073,2.15,15.22,9.96,47.1,Normal
2026-07-03 06:34:27.688,Košice,Подгорица,None,0,3.1,0,642.5,1,0.0,0.0,-1.0,0.174,0.009,0.315,2.15,15.22,9.96,47.1,Normal
2026-07-03 06:34:28.688,Košice,Подгорица,None,0,2.6,0,548.5,1,0.0,0.0,-1.0,0.062,-0.034,-0.034,2.15,15.22,9.96,47.1,Normal
2026-07-03 06:34:29.699,Košice,Подгорица,None,0,2.6,0,549.0,1,0.0,0.0,0.0,0.038,-0.004,0.013,2.15,15.22,9.96,47.1,Normal
2026-07-03 06:34:30.689,Košice,Подгорица,None,0,2.6,0,549.3,1,0.0,0.0,0.0,0.002,-0.001,0.004,2.15,15.22,9.96,47.1,Normal
2026-07-03 06:34:31.705,Košice,Подгорица,None,0,2.6,0,549.0,1,0.0,0.0,1.0,-0.02,-0.0,-0.003,2.15,15.22,9.96,47.1,Normal
2026-07-03 06:34:32.714,Košice,Подгорица,None,0,2.6,0,549.1,1,0.0,0.0,1.0,-0.066,-0.0,0.003,2.15,15.22,9.96,47.1,Normal
2026-07-03 06:34:33.705,Košice,Подгорица,None,0,2.6,0,549.0,1,0.0,0.0,-1.0,-0.001,-0.001,0.01,2.15,15.22,9.96,47.1,Normal
2026-07-03 06:34:34.691,Košice,Подгорица,None,0,0.0,0,550.0,1,0.0,0.29,0.0,0.203,0.06,1.516,2.15,15.22,9.96,47.1,Normal
2026-07-03 06:34:35.713,Košice,Подгорица,None,0,-0.0,0,550.0,-1,0.0,0.0,0.0,-0.002,0.002,-0.0,2.15,15.22,9.96,47.1,Normal
2026-07-03 06:34:36.708,Košice,Подгорица,None,0,-0.0,0,550.0,-1,0.0,0.0,0.0,0.001,0.001,0.0,2.15,15.22,9.96,47.1,Normal
2026-07-03 06:34:37.692,Košice,Подгорица,None,0,-0.0,0,550.0,-1,0.0,0.0,0.0,-0.0,0.0,0.0,2.15,15.22,9.96,47.1,Normal
2026-07-03 06:34:38.724,Košice,Подгорица,None,0,-0.1,0,866.4,-1,0.4,0.0,0.0,0.043,-0.103,0.238,2.15,15.22,9.96,47.1,Normal
2026-07-03 06:34:39.723,Košice,Подгорица,None,0,-1.3,0,765.6,-1,0.46,0.0,-1.0,0.058,-0.078,0.524,2.15,15.22,9.96,47.1,Normal
2026-07-03 06:34:40.706,Košice,Подгорица,None,0,-4.6,0,1035.6,-1,0.0,0.0,1.0,0.126,-0.052,0.013,2.15,15.22,9.96,47.1,Normal
2026-07-03 06:34:41.717,Košice,Подгорица,None,0,-2.3,0,551.1,-1,0.0,0.5,1.0,-0.239,-0.041,-1.682,2.15,15.22,9.96,47.1,Normal
2026-07-03 06:34:42.693,Košice,Подгорица,None,0,0.0,0,550.0,-1,0.0,0.0,1.0,0.001,0.008,-0.0,2.15,15.22,9.96,47.1,Normal
2026-07-03 06:34:43.694,Košice,Подгорица,None,0,0.0,0,550.0,-1,0.0,0.0,1.0,0.0,-0.0,-0.0,2.15,15.22,9.96,47.1,Normal
2026-07-03 06:34:44.695,Košice,Подгорица,None,0,-1.2,0,596.1,-1,0.0,0.0,1.0,0.356,0.125,0.711,2.15,15.22,9.96,47.1,Normal
2026-07-03 06:34:45.704,Košice,Подгорица,None,0,0.0,0,550.0,-1,0.0,0.0,-1.0,0.008,-0.0,0.013,2.15,15.22,9.96,47.1,Normal
2026-07-03 06:34:46.709,Košice,Подгорица,None,0,-0.0,0,550.0,-1,0.0,0.0,-1.0,-0.0,-0.001,0.0,2.15,15.22,9.96,47.1,Normal
2026-07-03 06:34:47.695,Košice,Подгорица,None,0,-0.0,0,550.0,-1,0.0,0.0,-1.0,0.001,-0.0,0.0,2.15,15.22,9.96,47.1,Normal
2026-07-03 06:34:48.712,Košice,Подгорица,None,0,-0.0,0,550.0,-1,0.0,0.0,-1.0,-0.001,0.001,-0.0,2.15,15.22,9.96,47.1,Normal
2026-07-03 06:34:49.710,Košice,Подгорица,None,0,-0.0,0,550.0,-1,0.0,0.0,-1.0,0.002,-0.001,0.001,2.15,15.22,9.96,47.1,Normal
2026-07-03 06:34:50.715,Košice,Подгорица,None,0,-0.0,0,550.0,-1,0.0,0.0,-1.0,0.001,-0.002,0.0,2.15,15.22,9.96,47.1,Normal
2026-07-03 06:34:51.696,Košice,Подгорица,None,0,-0.6,0,790.0,-1,0.29,0.0,-1.0,-0.219,-0.05,0.752,2.15,15.22,9.96,47.1,Normal
2026-07-03 06:34:52.713,Košice,Подгорица,None,0,-1.9,0,547.0,-1,0.0,0.0,-1.0,-0.082,-0.006,0.021,2.15,15.22,9.96,47.1,Normal
2026-07-03 06:34:53.716,Košice,Подгорица,None,0,-1.9,0,546.3,-1,0.0,0.0,1.0,0.061,-0.004,-0.012,2.15,15.22,9.96,47.1,Normal
2026-07-03 06:34:54.721,Košice,Подгорица,None,0,-1.9,0,546.7,-1,0.0,0.0,1.0,0.053,-0.0,0.032,2.15,15.22,9.96,47.1,Normal
2026-07-03 06:34:55.715,Košice,Подгорица,None,0,-2.0,0,547.5,-1,0.0,0.0,1.0,0.063,-0.003,0.054,2.15,15.22,9.96,47.1,Normal
2026-07-03 06:34:56.699,Košice,Подгорица,None,0,-2.1,0,548.1,-1,0.0,0.0,1.0,0.056,-0.0,0.026,2.15,15.22,9.96,47.1,Normal
2026-07-03 06:34:57.719,Košice,Подгорица,None,0,-2.2,0,548.5,-1,0.0,0.0,1.0,0.077,-0.001,0.005,2.15,15.22,9.96,47.1,Normal
2026-07-03 06:34:58.710,Košice,Подгорица,None,0,-2.2,0,548.5,-1,0.0,0.0,1.0,0.015,-0.001,-0.001,2.15,15.22,9.96,47.1,Normal
2026-07-03 06:34:59.700,Košice,Подгорица,None,0,-0.9,0,550.0,-1,0.0,0.36,0.0,-0.088,0.136,-1.081,2.15,15.22,9.96,47.1,Normal
2026-07-03 06:35:00.700,Košice,Подгорица,None,0,0.0,0,550.0,-1,0.0,0.0,0.0,0.0,0.003,0.0,2.15,15.22,9.96,47.1,Normal
2026-07-03 06:35:01.700,Košice,Подгорица,None,0,0.2,0,835.5,1,0.47,0.0,1.0,-0.02,0.064,-0.258,2.15,15.22,9.96,47.1,Normal
2026-07-03 06:35:02.701,Košice,Подгорица,None,0,2.6,0,591.8,1,0.15,0.0,1.0,-0.025,0.066,-0.209,2.15,15.22,9.96,47.1,Normal
2026-07-03 06:35:03.701,Košice,Подгорица,None,0,4.4,0,903.9,1,0.0,0.0,0.0,0.04,0.081,0.114,2.15,15.22,9.96,47.1,Normal
2026-07-03 06:35:04.701,Košice,Подгорица,None,0,3.5,0,750.8,1,0.35,0.0,0.0,0.008,0.059,0.108,2.15,15.22,9.96,47.1,Normal
2026-07-03 06:35:05.702,Košice,Подгорица,None,0,3.7,0,761.5,1,0.0,0.0,-1.0,0.032,0.044,0.271,2.15,15.22,9.96,47.1,Normal
2026-07-03 06:35:06.718,Košice,Подгорица,None,0,2.7,0,549.9,1,0.0,0.0,-1.0,0.056,0.003,0.272,2.15,15.22,9.96,47.1,Normal
2026-07-03 06:35:07.702,Košice,Подгорица,None,0,2.6,0,547.9,1,0.0,0.05,0.0,0.02,-0.002,0.028,2.15,15.22,9.96,47.1,Normal
2026-07-03 06:35:08.728,Košice,Подгорица,None,0,2.4,0,535.6,1,0.0,0.13,0.0,-0.027,-0.001,0.07,2.15,15.22,9.96,47.1,Normal
2026-07-03 06:35:09.726,Košice,Подгорица,None,0,0.2,0,550.0,1,0.0,0.5,0.0,0.097,-0.007,1.601,2.15,15.22,9.96,47.1,Normal
2026-07-03 06:35:10.704,Košice,Подгорица,None,0,-0.0,0,550.0,1,0.0,0.0,0.0,0.011,-0.003,-0.026,2.15,15.22,9.96,47.1,Normal
2026-07-03 06:35:11.722,Košice,Подгорица,None,0,-0.0,0,550.0,-1,0.0,0.0,0.0,-0.001,0.001,0.001,2.15,15.22,9.96,47.1,Normal
2026-07-03 06:35:12.714,Košice,Подгорица,None,0,-0.0,0,550.0,-1,0.0,0.0,0.0,0.001,0.004,0.0,2.15,15.22,9.96,47.1,Normal
2026-07-03 06:35:13.719,Košice,Подгорица,None,0,-0.0,0,550.0,-1,0.0,0.0,1.0,-0.001,-0.001,0.0,2.15,15.22,9.96,47.1,Normal
2026-07-03 06:35:14.705,Košice,Подгорица,None,0,-0.4,0,540.8,-1,0.0,0.0,1.0,0.001,-0.031,0.129,2.15,15.22,9.96,47.1,Normal
2026-07-03 06:35:15.723,Košice,Подгорица,None,0,-1.6,0,544.0,-1,0.0,0.0,1.0,0.119,0.051,0.274,2.15,15.22,9.96,47.1,Normal
2026-07-03 06:35:16.730,Košice,Подгорица,None,0,-2.0,0,547.0,-1,0.0,0.0,-1.0,-0.063,-0.001,0.068,2.15,15.22,9.96,47.1,Normal
2026-07-03 06:35:17.707,Košice,Подгорица,None,0,-2.1,0,547.7,-1,0.0,0.0,-1.0,-0.071,0.001,0.012,2.15,15.22,9.96,47.1,Normal
2026-07-03 06:35:18.708,Košice,Подгорица,None,0,-2.1,0,548.2,-1,0.0,0.0,-1.0,-0.052,-0.001,0.022,2.15,15.22,9.96,47.1,Normal
2026-07-03 06:35:19.732,Košice,Подгорица,None,0,-2.2,0,534.9,-1,0.0,0.06,-1.0,-0.121,-0.023,0.006,2.15,15.22,9.96,47.1,Normal
2026-07-03 06:35:20.725,Košice,Подгорица,None,0,-2.4,0,548.8,-1,0.0,0.0,-1.0,-0.06,-0.025,-0.031,2.15,15.22,9.96,47.1,Normal
2026-07-03 06:35:21.708,Košice,Подгорица,None,0,-2.4,0,549.1,-1,0.0,0.0,0.0,0.027,-0.002,-0.017,2.15,15.22,9.96,47.1,Normal
2026-07-03 06:35:22.709,Košice,Подгорица,None,0,-2.4,0,548.8,-1,0.0,0.0,1.0,0.02,-0.001,-0.018,2.15,15.22,9.96,47.1,Normal
2026-07-03 06:35:23.724,Košice,Подгорица,None,0,-2.4,0,549.1,-1,0.0,0.0,1.0,0.045,-0.002,-0.014,2.15,15.22,9.96,47.1,Normal
2026-07-03 06:35:24.709,Košice,Подгорица,None,0,-2.4,0,548.9,-1,0.0,0.0,1.0,0.03,-0.001,0.001,2.15,15.22,9.96,47.1,Normal
2026-07-03 06:35:25.710,Košice,Подгорица,None,0,-2.4,0,549.4,-1,0.0,0.0,1.0,0.02,-0.0,-0.017,2.15,15.22,9.96,47.1,Normal
2026-07-03 06:35:26.709,Košice,Подгорица,None,0,-2.4,0,549.4,-1,0.0,0.0,1.0,0.062,0.002,-0.003,2.15,15.22,9.96,47.1,Normal
2026-07-03 06:35:27.728,Košice,Подгорица,None,0,-2.4,0,549.2,-1,0.0,0.0,1.0,0.031,0.003,0.02,2.15,15.22,9.96,47.1,Normal
2026-07-03 06:35:28.711,Košice,Подгорица,None,0,-2.4,0,549.6,-1,0.0,0.0,-1.0,-0.021,0.001,0.016,2.15,15.22,9.96,47.1,Normal
2026-07-03 06:35:29.712,Košice,Подгорица,None,0,-2.4,0,549.3,-1,0.0,0.0,-1.0,-0.029,0.003,0.001,2.15,15.22,9.96,47.1,Normal
2026-07-03 06:35:30.712,Košice,Подгорица,None,0,-2.4,0,549.4,-1,0.0,0.0,-1.0,-0.018,0.003,0.001,2.15,15.22,9.96,47.1,Normal
2026-07-03 06:35:31.712,Košice,Подгорица,None,0,-2.4,0,549.5,-1,0.0,0.0,-1.0,-0.023,0.005,-0.003,2.15,15.22,9.96,47.1,Normal
2026-07-03 06:35:32.712,Košice,Подгорица,None,0,-2.4,0,549.2,-1,0.0,0.0,1.0,0.013,-0.002,-0.003,2.15,15.22,9.96,47.1,Normal
2026-07-03 06:35:33.732,Košice,Подгорица,None,0,-2.2,0,534.0,-1,0.0,0.13,0.0,0.003,-0.048,-0.11,2.15,15.22,9.96,47.1,Normal
2026-07-03 06:35:34.725,Košice,Подгорица,None,0,0.0,0,550.0,-1,0.0,0.0,0.0,-0.005,0.068,-0.037,2.15,15.22,9.96,47.1,Normal
2026-07-03 06:35:35.737,Košice,Подгорица,None,0,-0.0,0,550.0,0,0.0,0.0,0.0,-0.0,-0.002,0.0,2.15,15.22,9.96,47.1,Normal
2026-07-03 06:35:36.714,Košice,Подгорица,None,0,-0.0,0,550.0,0,0.0,0.0,0.0,-0.0,0.001,-0.0,2.15,15.22,9.96,47.1,Normal
2026-07-03 06:35:37.715,Košice,Подгорица,None,0,-0.0,0,550.0,0,0.0,0.0,0.0,0.001,0.0,-0.0,2.15,15.22,9.96,47.1,Normal
2026-07-03 06:35:38.715,Košice,Подгорица,None,0,-0.0,0,550.0,0,0.0,0.0,0.0,-0.0,-0.0,-0.0,2.15,15.22,9.96,47.1,Normal
2026-07-03 06:35:39.715,Košice,Подгорица,None,0,-0.0,0,550.0,0,0.0,0.0,0.0,0.0,0.0,0.0,2.15,15.22,9.96,47.1,Normal
2026-07-03 06:35:40.716,Košice,Подгорица,None,0,0.0,0,550.0,0,0.0,0.0,0.0,0.0,0.001,-0.0,2.15,15.22,9.96,47.1,Normal
2026-07-03 06:35:53.723,,,None,0,-0.0,0,550.0,0,0.0,0.0,0.0,0.001,-0.0,-0.0,2.15,15.22,9.96,47.1,Normal
2026-07-03 06:35:54.745,,,None,0,-0.0,0,550.0,0,0.0,0.0,0.0,0.0,-0.0,-0.0,2.15,15.22,9.96,47.1,Normal
2026-07-03 06:35:55.722,,,None,0,-0.0,0,550.0,0,0.0,0.0,0.0,-0.001,-0.0,-0.0,2.15,15.22,9.96,47.1,Normal
2026-07-03 06:35:56.750,,,None,0,-0.0,0,550.0,0,0.0,0.0,0.0,0.0,0.001,-0.001,2.15,15.22,9.96,47.1,Normal
2026-07-03 06:35:57.722,,,None,0,-0.0,0,550.0,0,0.0,0.0,0.0,0.0,0.0,0.0,2.15,15.22,9.96,47.1,Normal
2026-07-03 06:35:58.723,,,None,0,-0.0,0,247.6,0,0.0,0.0,0.0,0.001,0.0,0.0,2.15,15.22,9.96,47.1,Normal
2026-07-03 06:35:59.723,,,None,0,-0.0,0,0.0,0,0.0,0.0,0.0,0.001,0.0,0.0,2.15,15.22,9.96,47.1,Normal
2026-07-03 06:36:03.724,,,None,0,-0.0,0,0.0,0,0.0,0.0,0.0,0.001,0.0,0.0,2.15,15.22,9.96,47.1,Normal
2026-07-03 06:36:07.727,,,None,0,-0.0,0,0.0,0,0.0,0.0,0.0,0.0,0.0,0.0,2.15,15.22,9.96,47.1,Normal
2026-07-03 06:36:08.745,,,None,0,-0.0,0,0.0,0,0.0,0.0,0.0,-0.001,0.0,0.0,2.15,15.22,9.96,47.1,Normal
