Timestamp,Source_City,Destination_City,Cargo,Cargo_Mass_kg,Speed_kmh,Speed_Limit_kmh,RPM,Gear,Throttle,Brake,Steering,Accel_X,Accel_Y,Accel_Z,Engine_Wear_%,Tire_Wear_%,Chassis_Wear_%,Fuel_%,Driving_Status
05:25.0,Подгорица,Tekirdağ,None,0,0,0,550,0,0,0,0,0,0,0,2.15,13.4,6.57,99.9,Normal
05:25.9,Подгорица,Tekirdağ,None,0,0,0,550,0,0,0,0,0.002,-0.001,-0.001,2.15,13.4,6.57,99.9,Normal
05:27.0,Подгорица,Tekirdağ,None,0,0,0,550,4,0,0,0,-0.001,0,0.002,2.15,13.4,6.57,99.9,Normal
05:27.9,Подгорица,Tekirdağ,None,0,0,0,550,4,0,0,0,0,0,0,2.15,13.4,6.57,99.9,Normal
05:28.9,Подгорица,Tekirdağ,None,0,0,0,550,4,0,0,0,0.001,0,-0.001,2.15,13.4,6.57,99.9,Normal
05:30.0,Подгорица,Tekirdağ,None,0,0,0,550,4,0,0,1,-0.002,0,0.002,2.15,13.4,6.57,99.9,Normal
05:30.9,Подгорица,Tekirdağ,None,0,0.6,0,778.3,4,0.41,0,1,-0.027,0.004,-0.615,2.15,13.4,6.57,99.9,Normal
05:32.0,Подгорица,Tekirdağ,None,0,8.1,0,805.2,4,0.72,0,1,-0.277,-0.098,-1.965,2.15,13.4,6.57,99.9,Normal
05:32.9,Подгорица,Tekirdağ,None,0,15.6,0,1540.3,4,0.37,0,1,-0.166,-0.018,-2.063,2.15,13.4,6.57,99.9,Normal
05:33.9,Подгорица,Tekirdağ,None,0,16.6,0,1011.2,6,0,0,1,0.099,0.008,0.068,2.15,13.4,6.57,99.9,Normal
05:34.9,Подгорица,Tekirdağ,None,0,15.4,0,937.4,6,0,0,-1,0.236,0.001,0.436,2.15,13.4,6.57,99.9,Normal
05:35.9,Подгорица,Tekirdağ,None,0,13.8,0,841.9,6,0,0,0,0.016,-0.004,0.456,2.15,13.4,6.57,99.9,Normal
05:36.9,Подгорица,Tekirdağ,None,0,9.7,0,937.1,4,0,0.12,0,0.024,-0.007,1.42,2.15,13.4,6.57,99.9,Normal
05:37.9,Подгорица,Tekirdağ,None,0,5.3,0,534.7,4,0,0.11,0,0.015,-0.001,1.126,2.15,13.4,6.57,99.9,Normal
05:39.0,Подгорица,Tekirdağ,None,0,5,0,517,4,0,0.22,0,0.006,0.028,0.4,2.15,13.4,6.57,99.9,Normal
05:39.9,Подгорица,Tekirdağ,None,0,1.9,0,550,4,0,0.43,0,0.025,-0.004,2.777,2.15,13.4,6.57,99.9,Normal
05:40.9,Подгорица,Tekirdağ,None,0,0.3,0,550,-1,0,0,0,0.004,0.018,-0.001,2.15,13.4,6.57,99.9,Normal
05:42.0,Подгорица,Tekirdağ,None,0,0.1,0,550,-1,0,0,1,0.003,0.002,0.05,2.15,13.4,6.57,99.9,Normal
05:42.9,Подгорица,Tekirdağ,None,0,-3.5,0,825.4,-1,0,0,1,0.336,0.081,1.78,2.15,13.4,6.57,99.9,Normal
05:44.0,Подгорица,Tekirdağ,None,0,-4.8,0,1110.5,-1,0.09,0,1,0.171,0.009,0.211,2.15,13.4,6.57,99.9,Normal
05:44.9,Подгорица,Tekirdağ,None,0,-5.8,0,1348.3,-1,0.15,0,1,0.225,-0.001,0.263,2.15,13.4,6.57,99.9,Normal
05:45.9,Подгорица,Tekirdağ,None,0,-6.2,0,1393.4,-1,0,0,-1,-0.296,0.008,-0.312,2.15,13.4,6.57,99.9,Normal
05:46.9,Подгорица,Tekirdağ,None,0,-4.6,0,1039.9,-1,0,0,-1,-0.211,0.002,-0.45,2.15,13.4,6.57,99.9,Normal
05:47.9,Подгорица,Tekirdağ,None,0,-3.2,0,740.7,-1,0.15,0,0,-0.053,-0.014,-0.205,2.15,13.4,6.57,99.9,Normal
05:48.9,Подгорица,Tekirdağ,None,0,-6.7,0,1541.3,-1,0.49,0,0,0.127,0.044,1.059,2.15,13.4,6.57,99.9,Normal
05:50.0,Подгорица,Tekirdağ,None,0,-6.4,0,1141.1,-2,0.45,0,0,-0.069,-0.007,-0.218,2.15,13.4,6.57,99.9,Normal
05:51.0,Подгорица,Tekirdağ,None,0,-10.8,0,1962,-2,0.34,0,0,0.098,-0.002,1.423,2.15,13.4,6.57,99.9,Normal
05:51.9,Подгорица,Tekirdağ,None,0,-11.5,0,1770.6,-3,0.15,0,-1,-0.108,0.005,-0.109,2.15,13.4,6.57,99.9,Normal
05:52.9,Подгорица,Tekirdağ,None,0,-10.9,0,555.3,-3,0,0,-1,-0.181,0.003,-0.301,2.15,13.4,6.57,99.9,Normal
05:53.9,Подгорица,Tekirdağ,None,0,-10.6,0,1875.8,-2,0,0,0,-0.022,0.025,0.034,2.15,13.4,6.57,99.9,Normal
05:54.9,Подгорица,Tekirdağ,None,0,-8.9,0,1560.4,-2,0,0,0,-0.036,0.003,-0.565,2.15,13.4,6.57,99.9,Normal
05:55.9,Подгорица,Tekirdağ,None,0,-6.9,0,1214.4,-2,0,0,-1,-0.061,0.002,-0.531,2.15,13.4,6.57,99.9,Normal
05:57.0,Подгорица,Tekirdağ,None,0,-5.1,0,893.1,-2,0,0,0,-0.008,-0.001,-0.498,2.15,13.4,6.57,99.9,Normal
05:58.0,Подгорица,Tekirdağ,None,0,-5.3,0,962.8,-2,0.39,0,1,0.038,0.019,1.024,2.15,13.4,6.57,99.9,Normal
05:58.9,Подгорица,Tekirdağ,None,0,-10.5,0,1853.5,-2,0,0,1,0.043,0.008,0.838,2.15,13.4,6.57,99.9,Normal
06:00.0,Подгорица,Tekirdağ,None,0,-8.7,0,1538.4,-2,0,0,1,-0.005,0.011,-0.563,2.15,13.4,6.57,99.9,Normal
06:00.9,Подгорица,Tekirdağ,None,0,-6.9,0,1208.2,-2,0,0,1,0.016,0.001,-0.53,2.15,13.4,6.57,99.9,Normal
06:01.9,Подгорица,Tekirdağ,None,0,-5.1,0,893,-2,0,0,0,-0.018,0,-0.5,2.15,13.4,6.57,99.9,Normal
06:03.0,Подгорица,Tekirdağ,None,0,-3.3,0,584.5,-2,0,0,0,-0.02,0.001,-0.47,2.15,13.4,6.57,99.9,Normal
06:03.9,Подгорица,Tekirdağ,None,0,-2.9,0,668.5,-1,0.1,0,-1,-0.043,0.002,-0.063,2.15,13.4,6.57,99.9,Normal
06:04.9,Подгорица,Tekirdağ,None,0,-4.9,0,1143,-1,0.23,0,0,-0.022,0,0.919,2.15,13.4,6.57,99.9,Normal
06:05.9,Подгорица,Tekirdağ,None,0,-6.3,0,1356.8,-1,0.2,0,0,-0.002,-0.039,-0.25,2.15,13.4,6.57,99.9,Normal
06:06.9,Подгорица,Tekirdağ,None,0,-6.3,0,1125.7,-2,0.23,0,0,0,-0.017,0.587,2.15,13.4,6.57,99.9,Normal
06:08.0,Подгорица,Tekirdağ,None,0,-9.8,0,1748.8,-2,0.25,0,0,-0.001,-0.004,0.901,2.15,13.4,6.57,99.9,Normal
06:09.0,Подгорица,Tekirdağ,None,0,-11.3,0,1956.9,-2,0.1,0,0,-0.006,0.043,-0.33,2.15,13.4,6.57,99.9,Normal
06:09.9,Подгорица,Tekirdağ,None,0,-10.7,0,556.7,-3,0,0,0,0.008,-0.006,-0.109,2.15,13.4,6.57,99.9,Normal
06:10.9,Подгорица,Tekirdağ,None,0,-10.7,0,1891.3,-2,0,0,1,-0.005,-0.025,0.303,2.15,13.4,6.57,99.9,Normal
06:11.9,Подгорица,Tekirdağ,None,0,-9.1,0,1606.6,-2,0,0,1,0.056,0,-0.568,2.15,13.4,6.57,99.9,Normal
06:13.0,Подгорица,Tekirdağ,None,0,-2.7,0,527.3,-2,0,0,1,-0.05,-0.12,-2.01,2.15,13.4,6.57,99.9,Normal
06:14.0,Подгорица,Tekirdağ,None,0,-2.9,0,675.7,-1,0.04,0,1,0.053,-0.018,0.191,2.15,13.4,6.57,99.9,Normal
06:14.9,Подгорица,Tekirdağ,None,0,-3.4,0,797.4,-1,0.12,0,1,0.125,0.015,0.761,2.15,13.4,6.57,99.9,Normal
06:15.9,Подгорица,Tekirdağ,None,0,-2.9,0,721,-1,1,0,0,0.027,-0.041,0.281,2.15,13.4,6.57,99.9,Normal
06:16.9,Подгорица,Tekirdağ,None,0,-3.5,0,783.4,-1,0,0,-1,-0.132,0,-0.389,2.15,13.4,6.57,99.9,Normal
06:18.0,Подгорица,Tekirdağ,None,0,-2.4,0,551.1,-1,0,0,0,0,-0.01,0.123,2.15,13.4,6.57,99.9,Normal
06:19.0,Подгорица,Tekirdağ,None,0,-2.4,0,550,-1,0,0,0,0.002,-0.001,0,2.15,13.4,6.57,99.9,Normal
06:20.0,Подгорица,Tekirdağ,None,0,-2.4,0,550,-1,0,0,0,0.002,0,0,2.15,13.4,6.57,99.9,Normal
06:21.0,Подгорица,Tekirdağ,None,0,-2.4,0,550,-1,0,0,0,0.003,0,0,2.15,13.4,6.57,99.9,Normal
06:22.0,Подгорица,Tekirdağ,None,0,-0.1,0,532.5,-1,0,0.04,0,-0.016,0.125,-0.059,2.15,13.4,6.57,99.9,Normal
06:23.0,Подгорица,Tekirdağ,None,0,0,0,519.5,-1,0,0.37,0,0.027,-0.014,-0.011,2.15,13.4,6.57,99.9,Normal
06:24.0,Подгорица,Tekirdağ,None,0,0,0,550,-1,0,0.72,0,0.011,0.007,0.003,2.15,13.4,6.57,99.9,Normal
06:25.0,Подгорица,Tekirdağ,None,0,0,0,550,-1,0,0.78,0,0,0,0,2.15,13.4,6.57,99.9,Normal
06:26.0,Подгорица,Tekirdağ,None,0,0,0,550,-1,0,0,0,0,-0.001,-0.002,2.15,13.4,6.57,99.9,Normal
06:27.0,Подгорица,Tekirdağ,None,0,0,0,550,-1,0,0,0,-0.001,0,0,2.15,13.4,6.57,99.9,Normal
06:28.0,Подгорица,Tekirdağ,None,0,0,0,550,-1,0,0,0,0.001,0,-0.002,2.15,13.4,6.57,99.9,Normal
06:29.0,Подгорица,Tekirdağ,None,0,0,0,550,-1,0,0,0,-0.001,0.001,0,2.15,13.4,6.57,99.9,Normal
06:30.0,Подгорица,Tekirdağ,None,0,0,0,550,-1,0,0,0,0,0,0,2.15,13.4,6.57,99.9,Normal
06:31.0,Подгорица,Tekirdağ,None,0,0,0,550,-1,0,0,0,0,0,0,2.15,13.4,6.57,99.9,Normal
06:32.0,Подгорица,Tekirdağ,None,0,0,0,550,-1,0,0,0,0,0,0,2.15,13.4,6.57,99.9,Normal
06:33.0,Подгорица,Tekirdağ,None,0,0,0,550,-1,0,0,0,0.005,-0.008,-0.003,2.15,13.4,6.57,99.9,Normal
06:34.0,Подгорица,Tekirdağ,None,0,0,0,550,-1,0,0,0,0.001,0.036,0.006,2.15,13.4,6.57,99.9,Normal
06:35.0,Подгорица,Tekirdağ,None,0,0,0,550,-1,0,0,0,0,-0.04,0.001,2.15,13.4,6.57,99.9,Normal
06:36.0,Подгорица,Tekirdağ,None,0,0,0,550,-1,0,0,0,-0.006,0.077,-0.014,2.15,13.4,6.57,99.9,Normal
06:37.0,Подгорица,Tekirdağ,None,0,0,0,550,-1,0,0,0,0.002,-0.003,0.009,2.15,13.4,6.57,99.9,Normal
06:38.0,Подгорица,Tekirdağ,None,0,0,0,550,-1,0,0,0,-0.002,-0.003,-0.003,2.15,13.4,6.57,99.9,Normal
06:39.0,Подгорица,Tekirdağ,None,0,0,0,550,-1,0,0,0,-0.001,-0.001,-0.003,2.15,13.4,6.57,99.9,Normal
06:40.0,Подгорица,Tekirdağ,None,0,0,0,550,4,0,0,0,0.003,0.003,0.006,2.15,13.4,6.57,99.9,Normal
06:41.0,Подгорица,Tekirdağ,None,0,0,0,550,4,0,0,-1,-0.001,-0.001,-0.001,2.15,13.4,6.57,99.9,Normal
06:42.0,Подгорица,Tekirdağ,None,0,2,0,907.7,4,0.53,0,-1,0.101,-0.044,-1.866,2.15,13.4,6.57,99.9,Normal
06:43.0,Подгорица,Tekirdağ,None,0,9.6,0,940.1,4,0,0,1,-0.162,0.055,-0.893,2.15,13.4,6.57,99.9,Normal
06:44.0,Подгорица,Tekirdağ,None,0,8.4,0,813.8,4,0,0,1,-0.213,0.008,0.528,2.15,13.4,6.57,99.9,Normal
06:45.0,Подгорица,Tekirdağ,None,0,6.5,0,630.3,4,0,0,1,-0.002,0.007,0.519,2.15,13.4,6.57,99.9,Normal
06:46.0,Подгорица,Tekirdağ,None,0,5.6,0,549,4,0,0,-1,0.061,-0.016,-0.144,2.15,13.4,6.57,99.9,Normal
06:47.0,Подгорица,Tekirdağ,None,0,4.9,0,512.9,4,0,0.23,-1,0.035,0.004,0.306,2.15,13.4,6.57,99.9,Normal
06:48.0,Подгорица,Tekirdağ,None,0,-0.1,0,550,4,0,0.47,-1,-0.006,0.062,0.004,2.15,13.4,6.57,99.9,Normal
06:49.0,Подгорица,Tekirdağ,None,0,0,0,550,4,0,0,-1,-0.001,0.004,-0.004,2.15,13.4,6.57,99.9,Normal
06:50.0,Подгорица,Tekirdağ,None,0,0,0,550,0,0,0,0,0,0,0,2.15,13.4,6.57,99.9,Normal
06:51.0,Подгорица,Tekirdağ,None,0,0,0,550,-1,0,0,0,0,0,0,2.15,13.4,6.57,99.9,Normal
06:52.0,Подгорица,Tekirdağ,None,0,0,0,550,-1,0,0,0,-0.002,-0.027,-0.011,2.15,13.4,6.57,99.9,Normal
06:53.0,Подгорица,Tekirdağ,None,0,0,0,550,-1,0,0,0,0,-0.005,0.005,2.15,13.4,6.57,99.9,Normal
06:54.0,Подгорица,Tekirdağ,None,0,0,0,550,-1,0,0,0,-0.013,0.015,-0.006,2.15,13.4,6.57,99.9,Normal
06:55.0,Подгорица,Tekirdağ,None,0,0,0,550,-1,0,0,0,-0.001,-0.004,-0.004,2.15,13.4,6.57,99.9,Normal
06:56.0,Подгорица,Tekirdağ,None,0,0,0,550,-1,0,0,0,-0.002,-0.028,-0.003,2.15,13.4,6.57,99.9,Normal
06:57.0,Подгорица,Tekirdağ,None,0,0,0,550,-1,0,0,0,0,0,0,2.15,13.4,6.57,99.9,Normal
06:58.0,Подгорица,Tekirdağ,None,0,0,0,676.6,-1,0.11,0,0,-0.006,-0.015,0.001,2.15,13.4,6.57,99.9,Normal
06:59.0,Подгорица,Tekirdağ,None,0,-5.8,0,1355.4,-1,0.31,0,0,0.028,-0.011,2.962,2.15,13.4,6.57,99.9,Normal
07:00.0,Подгорица,Tekirdağ,None,0,-6.4,0,1140.4,-2,0,0,1,-0.002,-0.017,-0.28,2.15,13.4,6.57,99.9,Normal
07:01.0,Подгорица,Tekirdağ,None,0,-5.1,0,895.3,-2,0,0,1,0.044,0.002,-0.498,2.15,13.4,6.57,99.9,Normal
07:02.0,Подгорица,Tekirdağ,None,0,-3.4,0,600.2,-2,0.22,0,1,-0.005,0.001,-0.463,2.15,13.4,6.57,99.9,Normal
07:03.0,Подгорица,Tekirdağ,None,0,-5,0,888.2,-2,0,0,0,0.085,-0.015,0.857,2.15,13.4,6.57,99.9,Normal
07:04.0,Подгорица,Tekirdağ,None,0,-3.6,0,638.5,-2,0,0,-1,-0.138,0,-0.471,2.15,13.4,6.57,99.9,Normal
07:05.0,Подгорица,Tekirdağ,None,0,-3,0,659.7,-2,0,0,-1,-0.076,0.002,-0.037,2.15,13.4,6.57,99.9,Normal
07:06.0,Подгорица,Tekirdağ,None,0,-2.5,0,560.7,-1,0,0,1,0.054,0.005,-0.408,2.15,13.4,6.57,99.9,Normal
07:07.0,Подгорица,Tekirdağ,None,0,-2.4,0,550.2,-1,0,0,0,0.006,0,0.004,2.15,13.4,6.57,99.9,Normal
07:08.0,Подгорица,Tekirdağ,None,0,-2.2,0,536.5,-1,0,0,0,0.295,0.033,-0.385,2.15,13.4,6.57,99.9,Normal
07:09.0,Подгорица,Tekirdağ,None,0,0,0,550,-1,0,0.56,0,-0.016,-0.014,-0.024,2.15,13.4,6.57,99.9,Normal
07:10.0,Подгорица,Tekirdağ,None,0,0,0,707.9,-1,0.15,0,0,0,0.01,0,2.15,13.4,6.57,99.9,Normal
07:11.0,Подгорица,Tekirdağ,None,0,0,0,550,-1,0,0,0,0.011,-0.032,0,2.15,13.4,6.57,99.9,Normal
07:12.0,Подгорица,Tekirdağ,None,0,0,0,550,-1,0,0,-1,0,0,0,2.15,13.4,6.57,99.9,Normal
07:13.0,Подгорица,Tekirdağ,None,0,0,0,539.3,-1,0,0,-1,-0.002,0.027,0.02,2.15,13.4,6.57,99.9,Normal
07:14.0,Подгорица,Tekirdağ,None,0,0,0,539.5,-1,0,0,0,0.002,0.002,0.016,2.15,13.4,6.57,99.9,Normal
07:15.0,Подгорица,Tekirdağ,None,0,0,0,550,0,0,0,1,0.003,0.009,-0.008,2.15,13.4,6.57,99.9,Normal
07:16.0,Подгорица,Tekirdağ,None,0,0,0,550,0,0,0,1,0.001,0.005,0.001,2.15,13.4,6.57,99.9,Normal
07:17.0,Подгорица,Tekirdağ,None,0,0,0,550,0,0,0,0,0,0,0,2.15,13.4,6.57,99.9,Normal
07:18.0,Подгорица,Tekirdağ,None,0,0,0,550,0,0,0,-1,0.002,0.003,-0.002,2.15,13.4,6.57,99.9,Normal
07:19.0,Подгорица,Tekirdağ,None,0,0,0,550,0,0,0,1,-0.003,0,0.002,2.15,13.4,6.57,99.9,Normal
07:20.0,Подгорица,Tekirdağ,None,0,0,0,550,0,0,0,-1,0,0,-0.001,2.15,13.4,6.57,99.9,Normal
07:21.0,Подгорица,Tekirdağ,None,0,0,0,550,0,0,0,0,0,0,0,2.15,13.4,6.57,99.9,Normal
07:22.0,Подгорица,Tekirdağ,None,0,0,0,550,0,0,0,0,0,0,-0.001,2.15,13.4,6.57,99.9,Normal
07:23.0,Подгорица,Tekirdağ,None,0,0,0,550,0,0,0,0,0.001,0,0,2.15,13.4,6.57,99.9,Normal
07:24.0,Подгорица,Tekirdağ,None,0,0,0,550,0,0,0,0,-0.001,0,0,2.15,13.4,6.57,99.9,Normal
07:25.0,Подгорица,Tekirdağ,None,0,0,0,550,0,0,0,0,-0.01,0.048,0.001,2.15,13.4,6.57,99.9,Normal
07:26.0,Подгорица,Tekirdağ,None,0,0,0,550,0,0,0,0,0,-0.038,0,2.15,13.4,6.57,99.9,Normal
07:27.0,Подгорица,Tekirdağ,None,0,0,0,550,0,0,0,0,0,0.003,0,2.15,13.4,6.57,99.9,Normal
07:28.0,Подгорица,Tekirdağ,None,0,0,0,550,0,0,0,0,0.001,0.003,-0.003,2.15,13.4,6.57,99.9,Normal
07:29.0,Подгорица,Tekirdağ,None,0,0,0,550,1,0,0,0,0.001,0.002,0,2.15,13.4,6.57,99.9,Normal
07:30.0,Подгорица,Tekirdağ,None,0,0,0,732.8,1,0.17,0,0,-0.006,-0.099,-0.018,2.15,13.4,6.57,99.9,Normal
07:31.0,Подгорица,Tekirdağ,None,0,1.3,0,699.4,1,0.32,0,0,0,0.012,-0.632,2.15,13.4,6.57,99.9,Normal
07:32.0,Подгорица,Tekirdağ,None,0,5.5,0,1215.4,1,0.44,0,1,0.007,-0.06,-1.375,2.15,13.4,6.57,99.9,Normal
07:33.0,Подгорица,Tekirdağ,None,0,7.8,0,1314.9,1,0.42,0,1,-0.009,0.062,-0.104,2.15,13.4,6.57,99.9,Normal
07:34.0,Подгорица,Tekirdağ,None,0,8.2,0,1063.1,3,0.43,0,1,-0.036,-0.019,-0.508,2.15,13.4,6.57,99.9,Normal
07:35.0,Подгорица,Tekirdağ,None,0,11.4,0,1478.4,3,0.49,0,1,-0.106,-0.006,-0.963,2.15,13.4,6.57,99.9,Normal
07:36.0,Подгорица,Tekirdağ,None,0,12.2,0,961.7,5,0.42,0,0,0.037,0.014,0.027,2.15,13.4,6.57,99.9,Normal
07:37.0,Подгорица,Tekirdağ,None,0,13.3,0,1061.1,5,0.42,0,0,0.011,-0.032,-0.558,2.15,13.4,6.57,99.9,Normal
07:38.0,Подгорица,Tekirdağ,None,0,14.6,0,1148.5,5,0,0,1,-0.066,0.071,-0.035,2.15,13.4,6.57,99.9,Normal
07:39.0,Подгорица,Tekirdağ,None,0,15.2,0,1214.1,5,0.5,0,1,-0.097,-0.062,-0.545,2.15,13.4,6.57,99.9,Normal
07:40.0,Подгорица,Tekirdağ,None,0,17.3,0,1372.6,5,0.18,0,-1,0.424,-0.012,-0.409,2.15,13.4,6.57,99.9,Normal
07:41.0,Подгорица,Tekirdağ,None,0,17.5,0,1378.4,5,0.35,0,-1,0.355,0.035,0.14,2.15,13.4,6.57,99.9,Normal
07:42.0,Подгорица,Tekirdağ,None,0,17.1,0,1343.2,5,0,0,-1,-0.04,0.009,0.185,2.15,13.4,6.57,99.9,Normal
07:43.0,Подгорица,Tekirdağ,None,0,16.4,0,1287,5,0,0,-1,0.064,-0.01,0.216,2.15,13.4,6.57,99.9,Normal
07:44.0,Подгорица,Tekirdağ,None,0,15.6,0,1225,5,0,0,-1,0.049,-0.003,0.226,2.15,13.4,6.57,99.9,Normal
07:45.0,Подгорица,Tekirdağ,None,0,14.2,0,1103.6,5,0,0.15,-1,-0.003,-0.007,0.629,2.15,13.4,6.57,99.9,Normal
07:46.0,Подгорица,Tekirdağ,None,0,10.5,0,805.6,5,0,0.2,-1,-0.082,-0.016,1.159,2.15,13.4,6.57,99.9,Normal
07:47.0,Подгорица,Tekirdağ,None,0,7.3,0,916.4,3,0,0,0,-0.138,-0.02,0.519,2.15,13.4,6.57,99.9,Normal
07:48.0,Подгорица,Tekirdağ,None,0,6.3,0,787.1,3,0,0,-1,-0.076,0.006,0.291,2.15,13.4,6.57,99.9,Normal
07:49.0,Подгорица,Tekirdağ,None,0,5.4,0,1128.9,1,0,0,-1,0.084,-0.009,0.19,2.15,13.4,6.57,99.9,Normal
07:50.0,Подгорица,Tekirdağ,None,0,4.6,0,944.1,1,0,0,0,-0.094,0.009,0.309,2.15,13.4,6.57,99.9,Normal
07:51.0,Подгорица,Tekirdağ,None,0,3.5,0,713.5,1,0,0,-1,-0.066,-0.001,0.305,2.15,13.4,6.57,99.9,Normal
07:52.0,Подгорица,Tekirdağ,None,0,3.1,0,676.8,1,0.25,0,-1,0.147,0.017,-0.389,2.15,13.4,6.57,99.9,Normal
07:53.0,Подгорица,Tekirdağ,None,0,4.2,0,868.7,1,0,0,-1,-0.045,0.056,0.158,2.15,13.4,6.57,99.9,Normal
07:54.0,Подгорица,Tekirdağ,None,0,5,0,1107.1,1,0.39,0,-1,0.225,-0.039,-0.82,2.15,13.4,6.57,99.9,Normal
07:55.0,Подгорица,Tekirdağ,None,0,7.3,0,1393.1,1,0,0,-1,-0.068,0.073,-0.063,2.15,13.4,6.57,99.9,Normal
07:56.0,Подгорица,Tekirdağ,None,0,6.7,0,836.8,3,0,0,-1,0.05,-0.014,0.286,2.15,13.4,6.57,99.9,Normal
07:57.0,Подгорица,Tekirdağ,None,0,5.4,0,916.2,3,0,0,-1,0.021,0.009,0.325,2.15,13.4,6.57,99.9,Normal
07:58.0,Подгорица,Tekirdağ,None,0,4.3,0,873.6,1,0,0,-1,-0.051,-0.016,0.386,2.15,13.4,6.57,99.9,Normal
07:59.0,Подгорица,Tekirdağ,None,0,2.8,0,577.5,1,0,0,-1,-0.194,-0.006,0.433,2.15,13.4,6.57,99.9,Normal
08:00.0,Подгорица,Tekirdağ,None,0,3.3,0,690.7,1,0,0,-1,0.046,-0.119,-0.235,2.15,13.4,6.57,99.9,Normal
08:01.0,Подгорица,Tekirdağ,None,0,3.3,0,741.1,1,0.43,0,1,0.159,-0.013,-0.587,2.15,13.4,6.57,99.9,Normal
08:02.0,Подгорица,Tekirdağ,None,0,5.8,0,1204.5,1,0,0,0,-0.24,0.021,0.178,2.15,13.4,6.57,99.9,Normal
08:03.0,Подгорица,Tekirdağ,None,0,3.9,0,807.4,1,0,0,1,-0.303,-0.005,0.537,2.15,13.4,6.57,99.9,Normal
08:04.0,Подгорица,Tekirdağ,None,0,2.5,0,539.5,1,0,0,1,-0.085,0.035,0.017,2.15,13.4,6.57,99.9,Normal
08:05.0,Подгорица,Tekirdağ,None,0,2.6,0,545.4,1,0,0,1,-0.073,0.003,-0.004,2.15,13.4,6.57,99.9,Normal
08:06.0,Подгорица,Tekirdağ,None,0,3.4,0,705.5,1,0,0,1,-0.11,-0.153,-0.347,2.15,13.4,6.57,99.9,Normal
08:07.0,Подгорица,Tekirdağ,None,0,4.1,0,893.2,1,0.36,0,0,-0.072,-0.019,-0.664,2.15,13.4,6.57,99.9,Normal
08:08.0,Подгорица,Tekirdağ,None,0,7.3,0,1504.1,1,0.4,0,-1,0.136,-0.131,-0.365,2.15,13.4,6.57,99.9,Normal
08:09.0,Подгорица,Tekirdağ,None,0,6.6,0,838.1,3,0.41,0,-1,0.021,0.017,0.186,2.15,13.4,6.57,99.9,Normal
08:10.0,Подгорица,Tekirdağ,None,0,8.8,0,1147,3,0.4,0,1,-0.053,-0.011,-0.862,2.15,13.4,6.57,99.9,Normal
08:11.0,Подгорица,Tekirdağ,None,0,11.7,50,1489.3,3,0.46,0,1,-0.034,-0.032,-0.724,2.15,13.4,6.57,99.9,Normal
08:12.0,Подгорица,Tekirdağ,None,0,11.8,50,926,5,0.58,0,0,0.025,0.022,0.103,2.15,13.4,6.57,99.9,Normal
08:13.0,Подгорица,Tekirdağ,None,0,13.4,50,1076.6,5,0.56,0,0,0.003,-0.037,-0.773,2.15,13.4,6.57,99.9,Normal
08:14.0,Подгорица,Tekirdağ,None,0,16.1,50,1295.3,5,0.58,0,0,0.008,-0.009,-0.847,2.15,13.4,6.57,99.8,Normal
08:15.0,Подгорица,Tekirdağ,None,0,18.8,50,1355.5,5,0.66,0,0,0.021,0.048,-0.315,2.15,13.4,6.57,99.8,Normal
08:16.0,Подгорица,Tekirdağ,None,0,18.9,50,900.8,7,0.48,0,-1,0.103,0.017,-0.069,2.15,13.4,6.57,99.8,Normal
08:17.0,Подгорица,Tekirdağ,None,0,20,50,956.5,7,0.46,0,0,0.03,-0.007,-0.418,2.15,13.4,6.57,99.8,Normal
08:18.0,Подгорица,Tekirdağ,None,0,21.7,50,1036.8,7,0.66,0,0,-0.009,-0.021,-0.544,2.15,13.4,6.57,99.8,Normal
08:19.0,Подгорица,Tekirdağ,None,0,23.7,50,1134.1,7,0.66,0,1,-0.015,-0.002,-0.607,2.15,13.4,6.57,99.8,Normal
08:20.0,Подгорица,Tekirdağ,None,0,25.9,50,1236.4,7,0.64,0,0,0.008,-0.007,-0.599,2.15,13.4,6.57,99.8,Normal
08:21.0,Подгорица,Tekirdağ,None,0,27.9,50,1333.9,7,0.62,0,0,-0.02,0.001,-0.564,2.15,13.4,6.57,99.8,Normal
08:22.0,Подгорица,Tekirdağ,None,0,28.5,50,1344.1,7,0,0.11,0,-0.024,0.04,0.275,2.15,13.4,6.57,99.8,Normal
08:23.0,Подгорица,Tekirdağ,None,0,24.9,50,1164.7,7,0,0.29,0,0.049,-0.03,1.458,2.15,13.4,6.57,99.8,Normal
08:24.0,Подгорица,Tekirdağ,None,0,22.2,50,1046.9,7,0,0,0,0.003,-0.017,0.277,2.15,13.4,6.57,99.8,Normal
08:25.0,Подгорица,Tekirdağ,None,0,20.5,50,965.9,7,0,0.19,0,0.006,-0.013,0.543,2.15,13.4,6.57,99.8,Normal
08:26.0,Подгорица,Tekirdağ,None,0,17.2,50,937.1,7,0,0.2,0,0.006,0.004,0.987,2.15,13.4,6.57,99.8,Normal
08:27.0,Подгорица,Tekirdağ,None,0,14.1,50,1094.2,5,0,0.13,0,0.005,-0.048,0.87,2.15,13.4,6.57,99.8,Normal
08:28.0,Подгорица,Tekirdağ,None,0,12.6,50,986.2,5,0,0,-1,0.192,-0.012,0.24,2.15,13.4,6.57,99.8,Normal
08:29.0,Подгорица,Tekirdağ,None,0,11.9,50,929.4,5,0,0,-1,0.247,-0.006,0.21,2.15,13.4,6.57,99.8,Normal
08:30.0,Подгорица,Tekirdağ,None,0,11.4,50,906.2,5,0.29,0,-1,0.224,-0.009,-0.074,2.15,13.4,6.57,99.8,Normal
08:31.0,Подгорица,Tekirdağ,None,0,12.6,50,1008.9,5,0.36,0,-1,0.275,-0.011,-0.443,2.15,13.4,6.57,99.8,Normal
08:32.0,Подгорица,Tekirdağ,None,0,14.2,50,1137.2,5,0.35,0,-1,-0.007,-0.002,-0.488,2.15,13.4,6.57,99.8,Normal
08:33.0,Подгорица,Tekirdağ,None,0,15.9,50,1267.5,5,0.35,0,-1,-0.186,0.005,-0.471,2.15,13.41,6.58,99.8,Normal
08:34.0,Подгорица,Tekirdağ,None,0,17.2,50,1372,5,0.24,0,1,-0.259,0.001,-0.348,2.15,13.41,6.58,99.8,Normal
08:35.0,Подгорица,Tekirdağ,None,0,17.6,50,1393.4,5,0.31,0,1,-0.272,0.006,-0.102,2.15,13.41,6.58,99.8,Normal
08:36.0,Подгорица,Tekirdağ,None,0,18.3,50,1419.8,5,0.32,0,1,-0.14,-0.037,-0.139,2.15,13.41,6.58,99.8,Normal
08:37.0,Подгорица,Tekirdağ,None,0,18.2,50,1109.2,6,0.31,0,1,-0.083,0.002,0.083,2.15,13.41,6.58,99.8,Normal
08:38.0,Подгорица,Tekirdağ,None,0,18.8,50,1151.7,6,0.3,0,0,0.007,-0.017,-0.277,2.15,13.41,6.58,99.8,Normal
08:39.0,Подгорица,Tekirdağ,None,0,20,50,1226.7,6,0.36,0,0,0,0.005,-0.382,2.15,13.41,6.58,99.8,Normal
08:40.0,Подгорица,Tekirdağ,None,0,21.4,50,1314.1,6,0.32,0,0,0.023,-0.02,-0.411,2.15,13.41,6.58,99.8,Normal
08:41.0,Подгорица,Tekirdağ,None,0,22.8,50,1396.9,6,0.31,0,0,0.009,0.028,-0.388,2.15,13.41,6.58,99.8,Normal
08:42.0,Подгорица,Tekirdağ,None,0,23.7,50,1233.3,6,0.29,0,-1,0.008,0.085,-0.103,2.15,13.41,6.58,99.8,Normal
08:43.0,Подгорица,Tekirdağ,None,0,23.9,50,1128.6,7,0,0,-1,0.042,-0.013,-0.003,2.15,13.41,6.58,99.8,Normal
08:44.0,Подгорица,Tekirdağ,None,0,23.8,50,1125.1,7,0,0,0,-0.006,-0.006,0.028,2.15,13.41,6.58,99.8,Normal
08:45.0,Подгорица,Tekirdağ,None,0,23.7,50,1123.2,7,0,0,0,0.008,-0.019,0.006,2.15,13.41,6.58,99.8,Normal
08:46.0,Подгорица,Tekirdağ,None,0,23.7,50,1123.9,7,0,0,0,-0.02,0.011,-0.017,2.15,13.41,6.58,99.8,Normal
08:47.0,Подгорица,Tekirdağ,None,0,23.8,50,1126.2,7,0,0,0,-0.008,0.016,-0.021,2.15,13.41,6.58,99.8,Normal
08:48.0,Подгорица,Tekirdağ,None,0,24.1,50,1139.6,7,0,0,1,-0.014,0.032,-0.088,2.15,13.41,6.58,99.8,Normal
08:49.0,Подгорица,Tekirdağ,None,0,24.3,50,1149.4,7,0,0.07,1,-0.01,-0.007,0.014,2.15,13.41,6.58,99.8,Normal
08:50.0,Подгорица,Tekirdağ,None,0,21.8,50,1017.4,7,0,0.41,1,-0.007,0.053,1.387,2.15,13.41,6.58,99.8,Normal
08:51.0,Подгорица,Tekirdağ,None,0,17.2,50,898.8,7,0,0.29,1,-0.001,-0.023,1.17,2.15,13.41,6.58,99.8,Normal
08:52.0,Подгорица,Tekirdağ,None,0,15.4,50,1210,5,0,0,1,-0.002,-0.044,0.088,2.15,13.41,6.58,99.8,Normal
08:53.0,Подгорица,Tekirdağ,None,0,15.1,50,1186.6,5,0,0,1,-0.001,-0.006,0.096,2.15,13.41,6.58,99.8,Normal
08:54.0,Подгорица,Tekirdağ,None,0,14.7,50,1155.5,5,0,0,1,-0.002,0.001,0.114,2.15,13.41,6.58,99.8,Normal
08:55.0,Подгорица,Tekirdağ,None,0,14.3,50,1118.3,5,0,0,1,-0.308,-0.013,0.146,2.15,13.41,6.58,99.8,Normal
08:56.0,Подгорица,Tekirdağ,None,0,13.7,50,1068.7,5,0,0,1,-0.249,0,0.195,2.15,13.41,6.58,99.8,Normal
08:57.0,Подгорица,Tekirdağ,None,0,13.4,50,1066,5,0.31,0,1,-0.091,-0.048,-0.239,2.15,13.41,6.58,99.8,Normal
08:58.0,Подгорица,Tekirdağ,None,0,14.6,50,1166,5,0.27,0,1,-0.082,0.002,-0.363,2.15,13.41,6.58,99.8,Normal
08:59.0,Подгорица,Tekirdağ,None,0,16.3,50,1300.4,5,0.37,0,1,-0.008,0.006,-0.551,2.15,13.41,6.58,99.8,Normal
09:00.0,Подгорица,Tekirdağ,None,0,18.4,50,1452.9,5,0.37,0,1,0.005,-0.03,-0.551,2.15,13.41,6.58,99.8,Normal
09:01.0,Подгорица,Tekirdağ,None,0,19,50,900.3,7,0.37,0,0,0.177,0.021,-0.114,2.15,13.41,6.58,99.8,Normal
09:02.0,Подгорица,Tekirdağ,None,0,20.1,50,960.7,7,0.36,0,-1,0.304,-0.019,-0.445,2.15,13.41,6.58,99.8,Normal
09:03.0,Подгорица,Tekirdağ,None,0,21.8,50,1043.2,7,0.37,0,-1,0.302,-0.012,-0.506,2.15,13.41,6.58,99.8,Normal
09:04.0,Подгорица,Tekirdağ,None,0,23.7,50,1132.2,7,0.32,0,-1,0.091,0.018,-0.533,2.15,13.41,6.58,99.8,Normal
09:05.0,Подгорица,Tekirdağ,None,0,25.5,50,1215.2,7,0.32,0,-1,0.062,0.003,-0.547,2.15,13.41,6.58,99.8,Normal
09:06.0,Подгорица,Tekirdağ,None,0,27.4,50,1300.4,7,0,0,1,-0.176,-0.005,-0.473,2.15,13.41,6.58,99.8,Normal
09:07.0,Подгорица,Tekirdağ,None,0,28.2,50,1341.7,7,0.27,0,1,-0.255,-0.014,-0.303,2.15,13.41,6.58,99.8,Normal
09:08.0,Подгорица,Tekirdağ,None,0,29.4,50,1393.7,7,0,0,1,0.026,0.043,-0.197,2.15,13.41,6.58,99.8,Normal
09:09.0,Подгорица,Tekirdağ,None,0,29.8,50,1408.2,7,0,0,1,-0.005,-0.003,-0.067,2.15,13.41,6.58,99.8,Normal
09:10.0,Подгорица,Tekirdağ,None,0,29.9,50,1411.4,7,0,0,1,-0.001,0.005,0.018,2.15,13.41,6.58,99.8,Normal
09:11.0,Подгорица,Tekirdağ,None,0,29.7,50,1403.5,7,0,0,0,0.05,-0.013,0.061,2.15,13.41,6.58,99.8,Normal
09:12.0,Подгорица,Tekirdağ,None,0,27.4,50,1281.6,7,0,0.32,-1,0.053,0.055,1.178,2.15,13.41,6.58,99.8,Normal
09:13.0,Подгорица,Tekirdağ,None,0,22.1,50,1032.6,7,0,0.25,-1,0.024,-0.011,1.434,2.15,13.41,6.58,99.8,Normal
09:14.0,Подгорица,Tekirdağ,None,0,18.1,50,848.1,7,0,0,-1,0.032,0.004,1.048,2.15,13.41,6.58,99.8,Normal
09:15.0,Подгорица,Tekirdağ,None,0,17.2,50,1350.7,5,0,0,-1,0.268,-0.031,0,2.15,13.41,6.58,99.8,Normal
09:16.0,Подгорица,Tekirdağ,None,0,16.9,50,1322.9,5,0,0,-1,0.265,0.009,0.113,2.15,13.41,6.58,99.8,Normal
09:17.0,Подгорица,Tekirdağ,None,0,16.8,50,1315.1,5,0,0,-1,0.139,-0.067,-0.042,2.15,13.41,6.58,99.8,Normal
09:18.0,Подгорица,Tekirdağ,None,0,16.4,50,1280.6,5,0.08,0,-1,0.078,0.001,0.161,2.15,13.41,6.58,99.8,Normal
09:19.0,Подгорица,Tekirdağ,None,0,16.6,50,1311.6,5,0.27,0,-1,-0.02,-0.015,-0.215,2.15,13.41,6.58,99.8,Normal
09:20.0,Подгорица,Tekirdağ,None,0,17.8,50,1414.2,5,0.3,0,-1,0.068,-0.008,-0.365,2.15,13.41,6.58,99.8,Normal
09:21.0,Подгорица,Tekirdağ,None,0,18.3,50,1187.7,5,0.33,0,1,-0.43,0.027,0.074,2.15,13.41,6.58,99.8,Normal
09:22.0,Подгорица,Tekirdağ,None,0,18.1,50,1110.2,6,0.38,0,1,-0.239,-0.013,-0.097,2.15,13.41,6.58,99.8,Normal
09:23.0,Подгорица,Tekirdağ,None,0,19.1,50,1179.1,6,0.62,0,1,-0.007,0.008,-0.414,2.15,13.41,6.58,99.8,Normal
09:24.0,Подгорица,Tekirdağ,None,0,21.6,50,1340.6,6,0.99,0,0,0.01,-0.033,-0.913,2.15,13.41,6.58,99.8,Normal
09:25.0,Подгорица,Tekirdağ,None,0,24.4,50,1436.7,6,0.42,0,1,-0.024,-0.014,-0.467,2.15,13.41,6.58,99.8,Normal
09:26.0,Подгорица,Tekirdağ,None,0,24.2,50,1147.8,7,0.49,0,0,0.025,0.023,0.185,2.15,13.41,6.58,99.8,Normal
09:27.0,Подгорица,Tekirdağ,None,0,24.7,50,1176.5,7,0.62,0,0,0.005,-0.022,-0.274,2.15,13.41,6.58,99.8,Normal
09:28.0,Подгорица,Tekirdağ,None,0,26,50,1244.5,7,0.89,0,0,0.002,0.002,-0.454,2.15,13.41,6.58,99.8,Normal
09:29.0,Подгорица,Tekirdağ,None,0,27.8,50,1330,7,1,0,0,0.012,0.017,-0.54,2.15,13.41,6.58,99.8,Normal
09:30.0,Подгорица,Tekirdağ,None,0,29.1,50,1386.4,7,0.59,0,0,-0.003,0.005,-0.246,2.15,13.41,6.58,99.8,Normal
09:31.0,Подгорица,Tekirdağ,None,0,30,50,1426.6,7,0.66,0,0,0.002,-0.006,-0.244,2.16,13.41,6.58,99.8,Normal
09:32.0,Подгорица,Tekirdağ,None,0,30.8,50,1469.7,7,0.84,0,-1,0.016,-0.002,-0.284,2.16,13.41,6.58,99.8,Normal
09:33.0,Подгорица,Tekirdağ,None,0,31.9,50,1521.9,7,0.84,0,-1,0.014,0.01,-0.312,2.16,13.41,6.58,99.8,Normal
09:34.0,Подгорица,Tekirdağ,None,0,32.2,50,1331.2,7,1,0,-1,-0.017,0.109,0.263,2.16,13.41,6.58,99.8,Normal
09:35.0,Подгорица,Tekirdağ,None,0,31.1,50,1145.1,8,0.88,0,0,-0.016,-0.032,0.133,2.16,13.41,6.58,99.7,Normal
09:36.0,Подгорица,Tekirdağ,None,0,31.6,50,1166.5,8,0.91,0,0,0.002,0,-0.223,2.16,13.41,6.58,99.7,Normal
09:37.0,Подгорица,Tekirdağ,None,0,32.4,50,1196.6,8,0.84,0,-1,0.012,-0.001,-0.229,2.16,13.41,6.58,99.7,Normal
09:38.0,Подгорица,Tekirdağ,None,0,33.2,50,1224.3,8,0.64,0,0,-0.008,0.013,-0.188,2.16,13.41,6.58,99.7,Normal
09:39.0,Подгорица,Tekirdağ,None,0,33.8,50,1247.5,8,0.85,0,0,-0.011,-0.006,-0.202,2.16,13.41,6.58,99.7,Normal
09:40.0,Подгорица,Tekirdağ,None,0,33,50,1205.8,8,0,0,0,-0.005,0.03,0.555,2.16,13.41,6.58,99.7,Normal
09:41.0,Подгорица,Tekirdağ,None,0,31.8,50,1172,8,0.64,0,0,0.002,-0.048,0.031,2.16,13.41,6.58,99.7,Normal
09:42.0,Подгорица,Tekirdağ,None,0,32.3,50,1193.4,8,0.65,0,0,0.016,0.014,-0.207,2.16,13.41,6.58,99.7,Normal
09:43.0,Подгорица,Tekirdağ,None,0,32,50,1174.4,8,0,0,0,-0.005,0.022,0.223,2.16,13.41,6.58,99.7,Normal
09:44.0,Подгорица,Tekirdağ,None,0,31.8,50,1174.4,8,0.63,0,0,-0.006,-0.063,-0.194,2.16,13.41,6.58,99.7,Normal
09:45.0,Подгорица,Tekirdağ,None,0,32.6,50,1196.6,8,0,0,0,-0.025,0.099,-0.024,2.16,13.41,6.58,99.7,Normal
09:46.0,Подгорица,Tekirdağ,None,0,32.3,50,1183.7,8,0,0,0,0.005,-0.011,0.116,2.16,13.41,6.58,99.7,Normal
09:47.0,Подгорица,Tekirdağ,None,0,32,50,1173.8,8,0,0,0,-0.014,-0.038,-0.022,2.16,13.41,6.58,99.7,Normal
09:48.0,Подгорица,Tekirdağ,None,0,31.7,50,1161.5,8,0,0,0,0.004,0.01,0.122,2.16,13.41,6.58,99.7,Normal
09:49.0,Подгорица,Tekirdağ,None,0,31.2,50,1143,8,0,0,0,-0.021,0.02,0.13,2.16,13.41,6.58,99.7,Normal
09:50.0,Подгорица,Tekirdağ,None,0,30.7,50,1125.5,8,0,0,0,-0.015,-0.01,0.129,2.16,13.41,6.58,99.7,Normal
09:51.0,Подгорица,Tekirdağ,None,0,30.3,50,1110.1,8,0,0,0,0.017,-0.022,0.122,2.16,13.41,6.58,99.7,Normal
09:52.0,Подгорица,Tekirdağ,None,0,29.6,50,1083,8,0,0.08,-1,0.076,-0.008,0.292,2.16,13.41,6.58,99.7,Normal
09:53.0,Подгорица,Tekirdağ,None,0,26.7,50,966.9,8,0,0.4,-1,0.07,0.05,1.4,2.16,13.41,6.58,99.7,Normal
09:54.0,Подгорица,Tekirdağ,None,0,21.5,50,1200.7,8,0,0.26,-1,0.149,-0.032,1.236,2.16,13.41,6.58,99.7,Normal
09:55.0,Подгорица,Tekirdağ,None,0,19,50,1153.3,6,0.16,0,0,-0.119,-0.029,0.309,2.16,13.41,6.58,99.7,Normal
09:56.0,Подгорица,Tekirdağ,None,0,19.1,50,1171.1,6,0.23,0,0,-0.06,-0.014,-0.162,2.16,13.41,6.58,99.7,Normal
09:57.0,Подгорица,Tekirdağ,None,0,19.5,50,1193.3,6,0.16,0,0,-0.052,0.017,-0.077,2.16,13.41,6.58,99.7,Normal
09:58.0,Подгорица,Tekirdağ,None,0,20.1,50,1237.3,6,0.3,0,0,-0.051,-0.017,-0.275,2.16,13.41,6.58,99.7,Normal
09:59.0,Подгорица,Tekirdağ,None,0,21.1,50,1297.1,6,0.26,0,0,-0.032,-0.001,-0.275,2.16,13.41,6.58,99.7,Normal
10:00.0,Подгорица,Tekirdağ,None,0,21.8,50,1329.5,6,0,0,0,-0.024,0.006,-0.021,2.16,13.41,6.58,99.7,Normal
10:01.0,Подгорица,Tekirdağ,None,0,21.4,50,1301,6,0,0,1,-0.034,0.003,0.162,2.16,13.41,6.58,99.7,Normal
10:02.1,Подгорица,Tekirdağ,None,0,20.8,50,1264.9,6,0,0,1,-0.141,0.005,0.17,2.16,13.41,6.58,99.7,Normal
10:03.0,Подгорица,Tekirdağ,None,0,20.1,50,1224.4,6,0,0,1,-0.336,-0.01,0.184,2.16,13.41,6.58,99.7,Normal
10:04.0,Подгорица,Tekirdağ,None,0,19.7,50,1212.3,6,0.66,0,1,0.011,0.022,-0.111,2.16,13.41,6.58,99.7,Normal
10:05.0,Подгорица,Tekirdağ,None,0,21.6,50,1330.9,6,0,0,0,0.131,-0.023,-0.608,2.16,13.41,6.58,99.7,Normal
10:06.1,Подгорица,Tekirdağ,None,0,21.8,50,1337,6,0.4,0,1,0.091,0.038,-0.061,2.16,13.41,6.58,99.7,Normal
10:07.0,Подгорица,Tekirdağ,None,0,22,50,1337.8,6,0.13,0,1,-0.117,0.042,0.133,2.16,13.41,6.58,99.7,Normal
10:08.0,Подгорица,Tekirdağ,None,0,21.5,50,1311.2,6,0,0,1,-0.059,0.021,0.183,2.16,13.41,6.58,99.7,Normal
10:09.1,Подгорица,Tekirdağ,None,0,20.8,50,1268.2,6,0,0,1,0.1,-0.004,0.192,2.16,13.41,6.58,99.7,Normal
10:10.0,Подгорица,Tekirdağ,None,0,20.3,50,1246.4,6,0.36,0,1,0.072,-0.013,-0.017,2.16,13.41,6.58,99.7,Normal
10:11.1,Подгорица,Tekirdağ,None,0,21.2,50,1295.2,6,0,0,0,0.072,-0.018,-0.2,2.16,13.41,6.58,99.7,Normal
10:12.0,Подгорица,Tekirdağ,None,0,20.8,50,1268.7,6,0,0,-1,0.195,0.002,0.184,2.16,13.41,6.58,99.7,Normal
10:13.1,Подгорица,Tekirdağ,None,0,20.1,50,1223.5,6,0,0,-1,0.351,0.01,0.203,2.16,13.41,6.58,99.7,Normal
10:14.0,Подгорица,Tekirdağ,None,0,19.5,50,1183,6,0.04,0,0,-0.078,-0.006,0.161,2.16,13.41,6.58,99.7,Normal
10:15.1,Подгорица,Tekirdağ,None,0,19.5,50,1192.1,6,0.2,0,0,-0.126,0.004,-0.113,2.16,13.41,6.58,99.7,Normal
10:16.0,Подгорица,Tekirdağ,None,0,20.1,50,1237,6,0.5,0,0,-0.09,-0.003,-0.29,2.16,13.41,6.58,99.7,Normal
10:17.0,Подгорица,Tekirdağ,None,0,22,50,1363.5,6,0.63,0,1,-0.115,-0.023,-0.683,2.16,13.41,6.58,99.7,Normal
10:18.1,Подгорица,Tekirdağ,None,0,23.8,50,1255.4,6,0.61,0,1,-0.127,0.084,-0.121,2.16,13.41,6.58,99.7,Normal
10:19.0,Подгорица,Tekirdağ,None,0,23.9,50,1138.7,7,0.6,0,1,-0.081,0,-0.168,2.16,13.41,6.58,99.7,Normal
10:20.1,Подгорица,Tekirdağ,None,0,25.5,50,1218.5,7,0.82,0,0,0.019,-0.021,-0.528,2.16,13.41,6.58,99.7,Normal
10:21.0,Подгорица,Tekirdağ,None,0,27.8,50,1329.1,7,0.74,0,0,0.029,-0.012,-0.698,2.16,13.41,6.58,99.7,Normal
10:22.0,Подгорица,Tekirdağ,None,0,29.9,50,1422.3,7,0.6,0,0,0.033,0.019,-0.556,2.16,13.41,6.58,99.7,Normal
10:23.0,Подгорица,Tekirdağ,None,0,30.3,50,1111,8,0.46,0,-1,0.054,0.003,0.041,2.16,13.41,6.58,99.7,Normal
10:24.1,Подгорица,Tekirdağ,None,0,30.8,50,1136.4,8,0.53,0,0,-0.004,-0.032,-0.309,2.16,13.41,6.58,99.7,Normal
10:25.1,Подгорица,Tekirdağ,None,0,32.1,50,1184.2,8,0.55,0,0,0.002,-0.008,-0.374,2.16,13.41,6.58,99.7,Normal
10:26.1,Подгорица,Tekirdağ,None,0,33.4,50,1232.9,8,0.55,0,0,0.02,0.026,-0.383,2.16,13.41,6.58,99.7,Normal
10:27.0,Подгорица,Tekirdağ,None,0,34.7,50,1280,8,0.55,0,-1,0.002,-0.022,-0.373,2.16,13.41,6.58,99.7,Normal
10:28.0,Подгорица,Tekirdağ,None,0,36,50,1328.3,8,0.75,0,0,0.009,0.062,-0.39,2.16,13.41,6.58,99.7,Normal
10:29.0,Подгорица,Tekirdağ,None,0,37.8,50,1399,8,1,0,0,0.009,-0.024,-0.599,2.16,13.41,6.58,99.7,Normal
10:30.0,Подгорица,Tekirdağ,None,0,40.1,50,1479.9,8,0.9,0,-1,0.014,0.004,-0.601,2.16,13.41,6.58,99.7,Normal
10:31.0,Подгорица,Tekirdağ,None,0,40.7,50,1164.9,9,0,0,-1,0.012,0.018,0.017,2.16,13.41,6.58,99.7,Normal
10:32.0,Подгорица,Tekirdağ,None,0,40.4,50,1156.6,9,0,0,-1,0.008,-0.009,0.105,2.16,13.41,6.58,99.7,Normal
10:33.0,Подгорица,Tekirdağ,None,0,40.4,50,1160.6,9,0.36,0,-1,0.002,-0.013,-0.115,2.16,13.41,6.58,99.7,Normal
10:34.0,Подгорица,Tekirdağ,None,0,40.9,50,1174.6,9,0.32,0,-1,-0.001,0.016,-0.133,2.16,13.41,6.58,99.7,Normal
10:35.1,Подгорица,Tekirdağ,None,0,41.7,50,1200.4,9,1,0,-1,-0.004,-0.064,-0.34,2.16,13.41,6.58,99.7,Normal
10:36.0,Подгорица,Tekirdağ,None,0,43.2,50,1243.1,9,0.93,0,-1,-0.018,-0.035,-0.441,2.16,13.41,6.58,99.7,Normal
10:37.1,Подгорица,Tekirdağ,None,0,44.7,50,1287.8,9,0.93,0,0,-0.038,0.017,-0.439,2.16,13.41,6.58,99.6,Normal
10:38.1,Подгорица,Tekirdağ,None,0,46.2,50,1331.4,9,0.9,0,-1,-0.005,0.022,-0.427,2.16,13.41,6.58,99.6,Normal
10:39.1,Подгорица,Tekirdağ,None,0,47.3,50,1352.5,9,0,0,-1,0.019,0.081,-0.006,2.16,13.41,6.58,99.6,Normal
10:40.1,Подгорица,Tekirdağ,None,0,46.8,50,1340,9,0,0,0,-0.019,-0.004,0.146,2.16,13.41,6.58,99.6,Normal
10:41.0,Подгорица,Tekirdağ,None,0,46.3,50,1324.2,9,0,0,0,-0.01,0.001,0.161,2.16,13.41,6.58,99.6,Normal
10:42.0,Подгорица,Tekirdağ,None,0,45.7,50,1308,9,0,0,-1,0.011,-0.009,0.152,2.16,13.41,6.58,99.6,Normal
10:43.0,Подгорица,Tekirdağ,None,0,45.2,50,1291.6,9,0,0,-1,0.035,0.012,0.157,2.16,13.41,6.58,99.6,Normal
10:44.0,Подгорица,Tekirdağ,None,0,44.6,50,1276.5,9,0,0,0,0.003,-0.027,0.151,2.16,13.41,6.58,99.6,Normal
10:45.0,Подгорица,Tekirdağ,None,0,44.1,50,1261.2,9,0,0,-1,0,0.042,0.153,2.16,13.41,6.58,99.6,Normal
10:46.1,Подгорица,Tekirdağ,None,0,43.6,50,1246.4,9,0,0,-1,0.065,0.012,0.138,2.16,13.41,6.58,99.6,Normal
10:47.1,Подгорица,Tekirdağ,None,0,43.1,50,1231.8,9,0,0,-1,0.072,-0.016,0.14,2.16,13.41,6.58,99.6,Normal
10:48.1,Подгорица,Tekirdağ,None,0,42.6,50,1218.9,9,0,0,0,-0.072,0.009,0.121,2.16,13.41,6.58,99.6,Normal
10:49.0,Подгорица,Tekirdağ,None,0,42.2,50,1206.1,9,0,0,1,-0.12,-0.019,0.116,2.16,13.41,6.58,99.6,Normal
10:50.0,Подгорица,Tekirdağ,None,0,41.7,50,1193.9,9,0,0,1,-0.112,-0.004,0.117,2.16,13.42,6.58,99.6,Normal
10:51.1,Подгорица,Tekirdağ,None,0,41.3,50,1181.7,9,0,0,1,-0.005,-0.026,0.117,2.16,13.42,6.58,99.6,Normal
10:52.1,Подгорица,Tekirdağ,None,0,40.9,50,1169.5,9,0,0,0,0.049,0.004,0.12,2.16,13.42,6.58,99.6,Normal
10:53.1,Подгорица,Tekirdağ,None,0,40.5,50,1158.1,9,0,0,-1,0.054,0.001,0.121,2.16,13.42,6.58,99.6,Normal
10:54.1,Подгорица,Tekirdağ,None,0,40,40,1143.4,9,0,0,-1,0.011,-0.018,0.155,2.16,13.42,6.58,99.6,Normal
10:55.1,Подгорица,Tekirdağ,None,0,39.3,40,1123.4,9,0,0,-1,0.016,0.027,0.216,2.16,13.42,6.58,99.6,Normal
10:56.1,Подгорица,Tekirdağ,None,0,38.4,40,1097.7,9,0,0,-1,0.01,-0.003,0.267,2.16,13.42,6.58,99.6,Normal
10:57.1,Подгорица,Tekirdağ,None,0,37.5,40,1070.6,9,0,0.02,-1,0.014,0.028,0.268,2.16,13.42,6.58,99.6,Normal
10:58.1,Подгорица,Tekirdağ,None,0,35.4,40,1007.3,9,0,0.23,-1,-0.014,-0.008,0.863,2.16,13.42,6.58,99.6,Normal
10:59.1,Подгорица,Tekirdağ,None,0,30.5,40,918.9,9,0,0.37,-1,0.08,-0.015,1.587,2.16,13.42,6.58,99.6,Normal
11:00.1,Подгорица,Tekirdağ,None,0,24.9,40,900.7,8,0,0.45,-1,0.052,-0.019,1.736,2.16,13.42,6.58,99.6,Normal
11:01.1,Подгорица,Tekirdağ,None,0,20.2,40,1227.1,6,0.01,0,-1,0.018,-0.09,0.557,2.16,13.42,6.58,99.6,Normal
11:02.1,Подгорица,Tekirdağ,None,0,19.9,40,1219.2,6,0.29,0,-1,0.02,-0.025,-0.139,2.16,13.42,6.58,99.6,Normal
11:03.1,Подгорица,Tekirdağ,None,0,20.8,40,1278.1,6,0.29,0,-1,0.073,-0.002,-0.277,2.16,13.42,6.58,99.6,Normal
11:04.1,Подгорица,Tekirdağ,None,0,21.7,40,1328.2,6,0.25,0,-1,0.134,0.013,-0.21,2.16,13.42,6.58,99.6,Normal
11:05.1,Подгорица,Tekirdağ,None,0,22.2,40,1352.7,6,0,0,1,-0.376,0.015,0.038,2.16,13.42,6.58,99.6,Normal
11:06.1,Подгорица,Tekirdağ,None,0,22,40,1349.3,6,0.32,0,1,-0.189,-0.046,-0.138,2.16,13.42,6.58,99.6,Normal
11:07.1,Подгорица,Tekirdağ,None,0,22.8,40,1396.2,6,0.31,0,1,-0.204,0.014,-0.22,2.16,13.42,6.58,99.6,Normal
11:08.1,Подгорица,Tekirdağ,None,0,23,40,1399.9,6,0.25,0,1,-0.157,0.052,0.161,2.16,13.42,6.58,99.6,Normal
11:09.1,Подгорица,Tekirdağ,None,0,23.3,40,1429.2,6,0.28,0,1,-0.123,-0.05,-0.249,2.16,13.42,6.58,99.6,Normal
11:10.1,Подгорица,Tekirdağ,None,0,23.4,40,1107.6,7,0.21,0,1,-0.019,0.008,0.068,2.16,13.42,6.58,99.6,Normal
11:11.1,Подгорица,Tekirdağ,None,0,23.4,40,1112.7,7,0.2,0,1,0.018,-0.007,-0.086,2.16,13.42,6.58,99.6,Normal
11:12.1,Подгорица,Tekirdağ,None,0,23.8,40,1129.4,7,0.25,0,1,0.016,-0.009,-0.13,2.16,13.42,6.58,99.6,Normal
11:13.1,Подгорица,Tekirdağ,None,0,24.2,40,1149.7,7,0.25,0,1,-0.003,0.03,-0.128,2.16,13.42,6.58,99.6,Normal
11:14.1,Подгорица,Tekirdağ,None,0,24.7,40,1171.9,7,0.26,0,1,0.008,-0.008,-0.139,2.16,13.42,6.58,99.6,Normal
11:15.1,Подгорица,Tekirdağ,None,0,25.1,40,1191.8,7,0.22,0,1,-0.012,-0.002,-0.08,2.16,13.42,6.58,99.6,Normal
11:16.1,Подгорица,Tekirdağ,None,0,25.5,40,1212.2,7,0.28,0,1,0.014,0.006,-0.151,2.16,13.42,6.58,99.6,Normal
11:17.1,Подгорица,Tekirdağ,None,0,26,40,1237.3,7,0.26,0,1,0.006,0,-0.139,2.16,13.42,6.58,99.6,Normal
11:18.1,Подгорица,Tekirdağ,None,0,26.5,40,1260.6,7,0.26,0,1,0.1,0.009,-0.138,2.16,13.42,6.58,99.6,Normal
11:19.1,Подгорица,Tekirdağ,None,0,26.7,40,1264.5,7,0.09,0,1,-0.026,0.025,0.048,2.16,13.42,6.58,99.6,Normal
11:20.1,Подгорица,Tekirdağ,None,0,26.2,40,1238.9,7,0,0,1,-0.071,0.01,0.173,2.16,13.42,6.58,99.6,Normal
11:21.1,Подгорица,Tekirdağ,None,0,25.6,40,1208.5,7,0,0,1,-0.034,-0.001,0.187,2.16,13.42,6.58,99.6,Normal
11:22.1,Подгорица,Tekirdağ,None,0,24.9,40,1176.5,7,0,0,1,0.027,0.001,0.193,2.16,13.42,6.58,99.6,Normal
11:23.1,Подгорица,Tekirdağ,None,0,24.2,40,1144.8,7,0,0,-1,0.228,0,0.211,2.16,13.42,6.58,99.6,Normal
11:24.1,Подгорица,Tekirdağ,None,0,23.4,40,1107.8,7,0,0,-1,0.559,0.008,0.228,2.16,13.42,6.58,99.6,Normal
11:25.1,Подгорица,Tekirdağ,None,0,22.7,40,1069.7,7,0,0,-1,0.34,0.011,0.198,2.16,13.42,6.58,99.6,Normal
11:26.1,Подгорица,Tekirdağ,None,0,22.6,40,1079.6,7,0.62,0,-1,-0.073,-0.054,-0.256,2.16,13.42,6.58,99.6,Normal
11:27.1,Подгорица,Tekirdağ,None,0,24.3,40,1161.8,7,0.59,0,0,-0.164,-0.004,-0.53,2.16,13.42,6.58,99.6,Normal
11:28.1,Подгорица,Tekirdağ,None,0,26.1,40,1249.1,7,0.6,0,0,-0.115,-0.009,-0.521,2.16,13.42,6.58,99.6,Normal
11:29.1,Подгорица,Tekirdağ,None,0,27.9,40,1331.6,7,0.59,0,0,-0.09,0.003,-0.509,2.16,13.42,6.58,99.6,Normal
11:30.1,Подгорица,Tekirdağ,None,0,29.6,60,1412,7,0.51,0,-1,-0.057,0.009,-0.474,2.16,13.42,6.58,99.6,Normal
11:31.1,Подгорица,Tekirdağ,None,0,30.1,60,1105.5,8,0.65,0,0,-0.044,0.013,0.032,2.16,13.42,6.58,99.6,Normal
11:32.1,Подгорица,Tekirdağ,None,0,30.7,60,1134.6,8,0.59,0,0,-0.026,-0.041,-0.37,2.16,13.42,6.58,99.6,Normal
11:33.1,Подгорица,Tekirdağ,None,0,32.1,60,1184.9,8,0.57,0,-1,-0.004,0.013,-0.41,2.16,13.42,6.58,99.6,Normal
11:34.1,Подгорица,Tekirdağ,None,0,33.5,60,1233.7,8,0.49,0,0,-0.018,-0.033,-0.363,2.16,13.42,6.58,99.6,Normal
11:35.1,Подгорица,Tekirdağ,None,0,34.5,60,1272.2,8,0.46,0,0,-0.021,0.024,-0.289,2.16,13.42,6.58,99.6,Normal
11:36.1,Подгорица,Tekirdağ,None,0,35.6,60,1311.5,8,0.5,0,1,-0.016,0.017,-0.319,2.16,13.42,6.58,99.6,Normal
11:37.1,Подгорица,Tekirdağ,None,0,36.7,60,1354.2,8,0.46,0,0,0.005,0.029,-0.317,2.16,13.42,6.58,99.6,Normal
11:38.1,Подгорица,Tekirdağ,None,0,37.8,60,1390.5,8,0.43,0,0,0.019,-0.019,-0.265,2.16,13.42,6.58,99.6,Normal
11:39.1,Подгорица,Tekirdağ,None,0,38.3,60,1179.3,8,0.3,0,-1,0.025,0.052,-0.003,2.16,13.42,6.58,99.6,Normal
11:40.1,Подгорица,Tekirdağ,None,0,38.1,60,1090.6,9,0,0,-1,0.04,0.044,0.101,2.16,13.42,6.58,99.6,Normal
11:41.1,Подгорица,Tekirdağ,None,0,37.8,60,1080.2,9,0,0,-1,0.021,0.013,0.12,2.16,13.42,6.58,99.6,Normal
11:42.1,Подгорица,Tekirdağ,None,0,37.4,60,1068.2,9,0,0,-1,0.124,-0.025,0.117,2.16,13.42,6.58,99.6,Normal
11:43.1,Подгорица,Tekirdağ,None,0,36.9,40,1056.4,9,0,0,-1,-0.029,-0.008,0.116,2.16,13.42,6.58,99.6,Normal
11:44.1,Подгорица,Tekirdağ,None,0,36.5,40,1044.8,9,0,0,-1,0.037,-0.011,0.119,2.16,13.42,6.58,99.6,Normal
11:45.1,Подгорица,Tekirdağ,None,0,36.1,40,1032.8,9,0,0,-1,0.038,-0.005,0.117,2.16,13.42,6.58,99.6,Normal
11:46.1,Подгорица,Tekirdağ,None,0,35.7,40,1020.8,9,0,0,-1,0.003,-0.001,0.122,2.16,13.42,6.58,99.6,Normal
11:47.1,Подгорица,Tekirdağ,None,0,35.3,40,1008.3,9,0,0,-1,0.031,0.017,0.124,2.16,13.42,6.58,99.6,Normal
11:48.1,Подгорица,Tekirdağ,None,0,34.8,40,996.1,9,0,0,-1,-0.102,0.011,0.134,2.16,13.42,6.58,99.6,Normal
11:49.1,Подгорица,Tekirdağ,None,0,34.4,40,982.5,9,0,0,-1,-0.055,-0.019,0.145,2.16,13.42,6.58,99.6,Normal
11:50.1,Подгорица,Tekirdağ,None,0,33.8,40,965.9,9,0,0,-1,-0.01,-0.04,0.185,2.16,13.42,6.58,99.6,Normal
11:51.1,Подгорица,Tekirdağ,None,0,33.1,40,946.2,9,0,0,-1,0.002,0.02,0.194,2.16,13.42,6.58,99.6,Normal
11:52.1,Подгорица,Tekirdağ,None,0,32.4,40,926.2,9,0,0,-1,0.111,0.007,0.195,2.16,13.42,6.58,99.6,Normal
11:53.1,Подгорица,Tekirdağ,None,0,31.8,40,1080.9,9,0,0,-1,0.054,-0.025,0.164,2.16,13.42,6.58,99.6,Normal
11:54.1,Подгорица,Tekirdağ,None,0,31.2,40,1142.9,8,0,0,1,-0.188,-0.001,0.193,2.16,13.42,6.58,99.6,Normal
11:55.1,Подгорица,Tekirdağ,None,0,30.5,40,1116.6,8,0,0,1,-0.299,-0.024,0.188,2.16,13.42,6.58,99.6,Normal
11:56.1,Подгорица,Tekirdağ,None,0,30,40,1097.9,8,0,0,1,-0.014,0.004,0.134,2.16,13.42,6.58,99.6,Normal
11:57.1,Подгорица,Tekirdağ,None,0,29.5,0,1081.1,8,0,0,1,0.024,0.003,0.13,2.16,13.42,6.58,99.6,Normal
11:58.1,Подгорица,Tekirdağ,None,0,28.5,0,1038.1,8,0,0.2,1,0.012,0.036,0.614,2.16,13.42,6.58,99.6,Normal
11:59.1,Подгорица,Tekirdağ,None,0,25.4,40,925.6,8,0,0.15,0,0.085,-0.007,0.921,2.16,13.42,6.58,99.6,Normal
12:00.1,Подгорица,Tekirdağ,None,0,24,40,1002.3,8,0,0,0,0.041,0.007,0.15,2.16,13.42,6.58,99.6,Normal
12:01.1,Подгорица,Tekirdağ,None,0,23.7,40,1118.4,7,0,0,-1,0.062,0.012,0.111,2.16,13.42,6.58,99.6,Normal
12:02.1,Подгорица,Tekirdağ,None,0,23.2,40,1097.5,7,0.15,0,-1,0.097,0.008,0.143,2.16,13.42,6.58,99.6,Normal
12:03.1,Подгорица,Tekirdağ,None,0,23.2,40,1100.5,7,0.51,0,0,-0.028,-0.026,-0.085,2.16,13.42,6.58,99.6,Normal
12:04.1,Подгорица,Tekirdağ,None,0,24.3,40,1159.9,7,0.44,0,1,-0.137,-0.024,-0.42,2.16,13.42,6.58,99.6,Normal
12:05.1,Подгорица,Tekirdağ,None,0,25.7,40,1222.1,7,0.37,0,1,-0.139,0.01,-0.349,2.16,13.42,6.58,99.6,Normal
12:06.1,Подгорица,Tekirdağ,None,0,26.7,40,1271,7,0.33,0,1,-0.084,-0.013,-0.264,2.16,13.42,6.58,99.6,Normal
12:07.1,Подгорица,Tekirdağ,None,0,27.5,40,1309.5,7,0.29,0,0,0.116,0.006,-0.223,2.16,13.42,6.58,99.6,Normal
12:08.1,Подгорица,Tekirdağ,None,0,28.2,40,1338,7,0.27,0,-1,0.178,-0.001,-0.159,2.16,13.42,6.58,99.6,Normal
12:09.1,Подгорица,Tekirdağ,None,0,29,40,1380.1,7,0.38,0,-1,0.369,-0.025,-0.279,2.16,13.42,6.58,99.6,Normal
12:10.1,Подгорица,Tekirdağ,None,0,29.9,40,1409.2,7,0.37,0,-1,-0.022,-0.002,-0.221,2.16,13.42,6.58,99.6,Normal
12:11.1,Подгорица,Tekirdağ,None,0,29.9,40,1098.4,8,0.4,0,1,-0.124,0.017,0.059,2.16,13.42,6.58,99.6,Normal
12:12.1,Подгорица,Tekirdağ,None,0,30.4,40,1120.1,8,0.41,0,1,-0.283,-0.007,-0.227,2.16,13.42,6.58,99.6,Normal
12:13.1,Подгорица,Tekirdağ,None,0,31.3,40,1153.1,8,0.41,0,1,-0.086,0.002,-0.257,2.16,13.42,6.58,99.6,Normal
12:14.1,Подгорица,Tekirdağ,None,0,32.3,40,1190,8,0.48,0,1,-0.066,-0.018,-0.306,2.16,13.42,6.58,99.6,Normal
12:15.1,Подгорица,Tekirdağ,None,0,33.4,40,1234.1,8,0.49,0,1,-0.009,-0.007,-0.323,2.16,13.42,6.58,99.6,Normal
12:16.1,Подгорица,Tekirdağ,None,0,34.5,70,1273.4,8,0.46,0,1,0.028,0.014,-0.304,2.16,13.42,6.58,99.6,Normal
12:17.1,Подгорица,Tekirdağ,None,0,35.5,70,1310.1,8,0.46,0,1,0.098,0.004,-0.284,2.16,13.42,6.58,99.6,Normal
12:18.1,Подгорица,Tekirdağ,None,0,36.6,70,1348.7,8,0.44,0,1,0.045,0.015,-0.279,2.16,13.42,6.58,99.5,Normal
12:19.1,Подгорица,Tekirdağ,None,0,37.5,70,1382.4,8,0.39,0,1,0,0.03,-0.261,2.16,13.42,6.58,99.5,Normal
12:20.1,Подгорица,Tekirdağ,None,0,38.3,70,1378.3,8,0.39,0,1,-0.025,-0.041,-0.141,2.16,13.42,6.58,99.5,Normal
12:21.1,Подгорица,Tekirdağ,None,0,38.2,70,1093.5,9,0.38,0,1,-0.011,0.031,0.059,2.16,13.42,6.58,99.5,Normal
12:22.1,Подгорица,Tekirdağ,None,0,38.4,70,1098.1,9,0,0,1,-0.003,-0.002,-0.02,2.16,13.42,6.58,99.5,Normal
12:23.1,Подгорица,Tekirdağ,None,0,38.2,70,1096.4,9,0.38,0,1,-0.009,-0.052,-0.024,2.16,13.42,6.58,99.5,Normal
12:24.1,Подгорица,Tekirdağ,None,0,38.7,70,1112.9,9,0.45,0,0,0.112,0.003,-0.196,2.16,13.42,6.58,99.5,Normal
12:25.1,Подгорица,Tekirdağ,None,0,39.5,90,1132.7,9,0.36,0,-1,0.155,-0.001,-0.188,2.16,13.42,6.58,99.5,Normal
12:26.1,Подгорица,Tekirdağ,None,0,40,90,1148.8,9,0.36,0,-1,0.047,-0.003,-0.162,2.16,13.42,6.58,99.5,Normal
12:27.1,Подгорица,Tekirdağ,None,0,40.7,90,1170.4,9,0.83,0,-1,0.048,-0.027,-0.25,2.16,13.42,6.58,99.5,Normal
12:28.1,Подгорица,Tekirdağ,None,0,41.9,90,1207.6,9,0.92,0,-1,0.024,0.014,-0.391,2.16,13.42,6.58,99.5,Normal
12:29.1,Подгорица,Tekirdağ,None,0,43.4,90,1251.1,9,1,0,-1,-0.001,-0.011,-0.433,2.16,13.42,6.58,99.5,Normal
12:30.1,Подгорица,Tekirdağ,None,0,44.9,90,1294.4,9,1,0,-1,-0.046,-0.001,-0.416,2.16,13.42,6.58,99.5,Normal
12:31.1,Подгорица,Tekirdağ,None,0,46.3,90,1333.2,9,0.99,0,-1,0.095,-0.012,-0.391,2.16,13.42,6.58,99.5,Normal
12:32.1,Подгорица,Tekirdağ,None,0,47.6,90,1370.1,9,0.97,0,-1,0.01,0.003,-0.353,2.16,13.42,6.58,99.5,Normal
12:33.1,Подгорица,Tekirdağ,None,0,48.8,90,1403.8,9,0.94,0,-1,0.015,0.012,-0.316,2.16,13.42,6.58,99.5,Normal
12:34.1,Подгорица,Tekirdağ,None,0,49.8,90,1431.6,9,0.91,0,0,-0.134,0.035,-0.266,2.16,13.42,6.58,99.5,Normal
12:35.1,Подгорица,Tekirdağ,None,0,50.6,90,1454.2,9,0.9,0,1,-0.143,-0.052,-0.238,2.16,13.42,6.58,99.5,Normal
12:36.1,Подгорица,Tekirdağ,None,0,51.2,90,1470.6,9,0.62,0,0,-0.017,0.037,-0.146,2.16,13.42,6.58,99.5,Normal
12:37.1,Подгорица,Tekirdağ,None,0,51.7,90,1482.4,9,0.54,0,1,-0.045,0.004,-0.102,2.16,13.42,6.58,99.5,Normal
12:38.1,Подгорица,Tekirdağ,None,0,52,90,1490.3,9,0.5,0,0,-0.001,-0.004,-0.064,2.16,13.42,6.58,99.5,Normal
12:39.1,Подгорица,Tekirdağ,None,0,52.1,90,1489.7,9,0,0,0,-0.011,0.021,0.082,2.16,13.42,6.58,99.5,Normal
12:40.1,Подгорица,Tekirdağ,None,0,51.2,90,1465.1,9,0,0,-1,0.074,0.006,0.273,2.16,13.42,6.58,99.5,Normal
12:41.1,Подгорица,Tekirdağ,None,0,50.2,90,1436.4,9,0,0,-1,0.039,-0.021,0.285,2.16,13.42,6.58,99.5,Normal
12:42.1,Подгорица,Tekirdağ,None,0,49.3,90,1092,10,0.61,0,0,-0.022,0.006,0.248,2.16,13.43,6.58,99.5,Normal
12:43.1,Подгорица,Tekirdağ,None,0,48.9,90,1089.5,10,0.74,0,0,-0.016,-0.036,-0.027,2.16,13.43,6.58,99.5,Normal
12:44.1,Подгорица,Tekirdağ,None,0,49.4,90,1099.8,10,0.84,0,0,0.001,0.018,-0.154,2.16,13.43,6.58,99.5,Normal
12:45.1,Подгорица,Tekirdağ,None,0,49.9,90,1111.2,10,0.78,0,-1,0.021,-0.018,-0.136,2.16,13.43,6.58,99.5,Normal
12:46.1,Подгорица,Tekirdağ,None,0,50.3,90,1121.2,10,0.76,0,-1,-0.013,0.035,-0.123,2.16,13.43,6.58,99.5,Normal
12:47.1,Подгорица,Tekirdağ,None,0,50.8,90,1131,10,0.75,0,-1,0.011,0.084,-0.119,2.16,13.43,6.58,99.5,Normal
12:48.1,Подгорица,Tekirdağ,None,0,51.2,90,1140.2,10,0.76,0,-1,0.009,-0.009,-0.113,2.16,13.43,6.58,99.5,Normal
12:49.1,Подгорица,Tekirdağ,None,0,51.6,90,1149.7,10,0.75,0,-1,-0.004,0,-0.12,2.16,13.43,6.58,99.5,Normal
12:50.1,Подгорица,Tekirdağ,None,0,52.1,90,1159.1,10,0.78,0,1,-0.018,-0.002,-0.117,2.16,13.43,6.58,99.5,Normal
12:51.1,Подгорица,Tekirdağ,None,0,52.5,90,1168.2,10,0.69,0,-1,0.015,0.001,-0.108,2.16,13.43,6.58,99.5,Normal
12:52.1,Подгорица,Tekirdağ,None,0,52.8,90,1176.3,10,0.7,0,-1,0.029,-0.014,-0.1,2.16,13.43,6.58,99.4,Normal
12:53.1,Подгорица,Tekirdağ,None,0,53.2,90,1184.5,10,0.7,0,-1,0.029,-0.001,-0.104,2.16,13.43,6.58,99.4,Normal
12:54.1,Подгорица,Tekirdağ,None,0,53.6,90,1193.1,10,0.69,0,-1,0.057,0.006,-0.123,2.16,13.43,6.58,99.4,Normal
12:55.1,Подгорица,Tekirdağ,None,0,54,90,1202.5,10,0.69,0,-1,0.008,0.013,-0.128,2.16,13.43,6.58,99.4,Normal
12:56.1,Подгорица,Tekirdağ,None,0,54.6,90,1216.9,10,1,0,-1,0.014,-0.048,-0.201,2.16,13.43,6.58,99.4,Normal
12:57.1,Подгорица,Tekirdağ,None,0,55.4,90,1234.7,10,1,0,-1,0.008,-0.026,-0.229,2.16,13.43,6.58,99.4,Normal
12:58.1,Подгорица,Tekirdağ,None,0,56.2,90,1252.2,10,1,0,-1,-0.011,0.039,-0.215,2.16,13.43,6.58,99.4,Normal
12:59.1,Подгорица,Tekirdağ,None,0,56.9,90,1267.6,10,1,0,-1,-0.002,0.019,-0.186,2.16,13.43,6.58,99.4,Normal
13:00.1,Подгорица,Tekirdağ,None,0,57.4,90,1279.9,10,1,0,-1,0.02,0.025,-0.137,2.16,13.43,6.58,99.4,Normal
13:01.1,Подгорица,Tekirdağ,None,0,57.8,90,1287.6,10,1,0,-1,-0.014,0.011,-0.071,2.16,13.43,6.58,99.4,Normal
13:02.1,Подгорица,Tekirdağ,None,0,57.9,90,1289.5,10,1,0,-1,-0.007,0,0.014,2.16,13.43,6.58,99.4,Normal
13:03.1,Подгорица,Tekirdağ,None,0,57.7,90,1284.7,10,1,0,-1,-0.003,0.015,0.08,2.16,13.43,6.58,99.4,Normal
13:04.1,Подгорица,Tekirdağ,None,0,57.4,90,1277.5,10,1,0,0,-0.085,0.037,0.091,2.16,13.43,6.58,99.4,Normal
13:05.1,Подгорица,Tekirdağ,None,0,57.2,90,1272.4,10,1,0,-1,0.015,-0.012,0.056,2.16,13.43,6.58,99.3,Normal
13:06.1,Подгорица,Tekirdağ,None,0,57,90,1269,10,1,0,-1,0.009,0.004,0.031,2.16,13.43,6.58,99.3,Normal
13:07.1,Подгорица,Tekirdağ,None,0,56.9,90,1267.1,10,1,0,0,-0.019,-0.028,0.035,2.16,13.44,6.58,99.3,Normal
13:08.1,Подгорица,Tekirdağ,None,0,56.9,90,1266.2,10,1,0,-1,0.018,0.001,0.008,2.16,13.44,6.58,99.2,Normal
13:09.1,Подгорица,Tekirdağ,None,0,56.9,90,1267.3,10,1,0,-1,-0.043,-0.015,-0.005,2.16,13.44,6.58,99.2,Normal
13:10.1,Подгорица,Tekirdağ,None,0,57,90,1268.5,10,1,0,-1,0.007,-0.006,-0.029,2.16,13.44,6.58,99.2,Normal
13:11.1,Подгорица,Tekirdağ,None,0,57,90,1270.4,10,1,0,-1,-0.027,-0.023,-0.024,2.16,13.44,6.58,99.1,Normal
13:12.1,Подгорица,Tekirdağ,None,0,57.2,90,1273.2,10,1,0,-1,0.033,-0.024,-0.031,2.16,13.44,6.58,99.1,Normal
13:13.1,Подгорица,Tekirdağ,None,0,57.3,90,1275.7,10,1,0,0,-0.025,-0.015,-0.045,2.16,13.44,6.58,99.1,Normal
13:14.1,Подгорица,Tekirdağ,None,0,57.4,90,1278,10,1,0,-1,-0.016,-0.012,-0.025,2.16,13.44,6.58,99.1,Normal
13:15.1,Подгорица,Tekirdağ,None,0,57.5,90,1280.1,10,1,0,-1,0.051,0.014,-0.014,2.16,13.44,6.58,99,Normal
13:16.1,Подгорица,Tekirdağ,None,0,57.6,90,1282.9,10,1,0,0,-0.026,-0.007,-0.038,2.16,13.44,6.58,99,Normal
13:17.1,Подгорица,Tekirdağ,None,0,57.8,90,1286.2,10,1,0,0,-0.017,0.016,-0.048,2.16,13.45,6.58,99,Normal
13:18.1,Подгорица,Tekirdağ,None,0,57.9,90,1290.2,10,1,0,0,0.001,-0.009,-0.057,2.16,13.45,6.58,98.9,Normal
13:19.1,Подгорица,Tekirdağ,None,0,58.2,90,1295.6,10,1,0,0,-0.012,-0.011,-0.075,2.16,13.45,6.58,98.9,Normal
13:20.1,Подгорица,Tekirdağ,None,0,58.5,90,1301.8,10,1,0,0,-0.016,-0.017,-0.084,2.16,13.45,6.58,98.9,Normal
13:21.1,Подгорица,Tekirdağ,None,0,58.8,90,1309.7,10,1,0,1,-0.015,-0.035,-0.105,2.16,13.45,6.58,98.8,Normal
13:22.1,Подгорица,Tekirdağ,None,0,59.2,90,1319.3,10,1,0,-1,0.052,-0.014,-0.136,2.16,13.45,6.58,98.8,Normal
13:23.1,Подгорица,Tekirdağ,None,0,59.7,90,1330.2,10,1,0,0,-0.033,-0.05,-0.146,2.16,13.45,6.58,98.8,Normal
13:24.1,Подгорица,Tekirdağ,None,0,60.3,90,1343.7,10,1,0,0,0.016,0.056,-0.181,2.16,13.45,6.58,98.8,Normal
13:25.1,Подгорица,Tekirdağ,None,0,61,90,1358.7,10,1,0,0,0.021,-0.047,-0.201,2.16,13.45,6.58,98.7,Normal
13:26.1,Подгорица,Tekirdağ,None,0,61.8,90,1375.7,10,1,0,0,-0.03,0.028,-0.239,2.16,13.45,6.58,98.7,Normal
13:27.1,Подгорица,Tekirdağ,None,0,62.7,90,1396.1,10,1,0,1,-0.003,0.042,-0.254,2.16,13.46,6.58,98.7,Normal
13:28.1,Подгорица,Tekirdağ,None,0,63.6,90,1416.1,10,0.98,0,0,-0.03,-0.024,-0.263,2.16,13.46,6.58,98.6,Normal
13:29.1,Подгорица,Tekirdağ,None,0,64.4,90,1361.5,10,0,0,-1,0.03,0.061,-0.078,2.16,13.46,6.58,98.6,Normal
13:30.1,Подгорица,Tekirdağ,None,0,64.1,90,1149.7,11,0.63,0,0,-0.029,0.048,0.103,2.16,13.46,6.58,98.6,Normal
13:31.1,Подгорица,Tekirdağ,None,0,64.3,90,1155.8,11,0.97,0,0,-0.026,-0.039,-0.141,2.16,13.46,6.58,98.6,Normal
13:32.1,Подгорица,Tekirdağ,None,0,64.3,90,1426.5,10,0.92,0,-1,0.006,0.054,0.078,2.16,13.46,6.58,98.6,Normal
13:33.1,Подгорица,Tekirdağ,None,0,64.6,90,1438,10,0.88,0,-1,0.135,0.018,-0.227,2.16,13.47,6.58,98.5,Normal
13:34.1,Подгорица,Tekirdağ,None,0,65.6,90,1459.7,10,0.86,0,-1,0,-0.044,-0.27,2.16,13.47,6.58,98.5,Normal
13:35.1,Подгорица,Tekirdağ,None,0,65.8,90,1178,11,0.84,0,-1,-0.027,-0.066,0.063,2.16,13.47,6.58,98.5,Normal
13:36.1,Подгорица,Tekirdağ,None,0,65.8,90,1183,11,0.9,0,-1,0.063,-0.033,-0.144,2.16,13.47,6.58,98.5,Normal
13:37.1,Подгорица,Tekirdağ,None,0,66.6,90,1196.4,11,0.88,0,-1,0.027,-0.042,-0.221,2.16,13.47,6.58,98.5,Normal
13:38.1,Подгорица,Tekirdağ,None,0,67.4,90,1211.3,11,0.91,0,1,-0.1,0.115,-0.247,2.16,13.47,6.58,98.4,Normal
13:39.1,Подгорица,Tekirdağ,None,0,68.3,90,1227.3,11,0.94,0,1,-0.116,0.049,-0.253,2.16,13.47,6.58,98.4,Normal
13:40.1,Подгорица,Tekirdağ,None,0,69.2,90,1243.9,11,0.9,0,-1,0.044,-0.004,-0.252,2.16,13.47,6.58,98.4,Normal
13:41.1,Подгорица,Tekirdağ,None,0,70,90,1258.8,11,0.9,0,-1,-0.011,-0.002,-0.251,2.16,13.47,6.58,98.4,Normal
13:42.1,Подгорица,Tekirdağ,None,0,71,90,1275.7,11,1,0,1,-0.003,0.032,-0.283,2.16,13.48,6.58,98.3,Normal
13:43.1,Подгорица,Tekirdağ,None,0,71.9,90,1292.4,11,1,0,0,0.014,0.025,-0.256,2.16,13.48,6.58,98.3,Normal
13:44.1,Подгорица,Tekirdağ,None,0,72.8,90,1308.7,11,1,0,0,0.003,0.01,-0.273,2.16,13.48,6.58,98.3,Normal
13:45.1,Подгорица,Tekirdağ,None,0,73.8,90,1326.6,11,1,0,-1,0.062,-0.065,-0.266,2.16,13.48,6.58,98.2,Normal
13:46.1,Подгорица,Tekirdağ,None,0,74.7,90,1342.5,11,1,0,0,-0.016,-0.01,-0.266,2.16,13.48,6.58,98.2,Normal
13:47.1,Подгорица,Tekirdağ,None,0,75.6,90,1358.9,11,1,0,-1,0.064,0.054,-0.259,2.16,13.48,6.58,98.2,Normal
13:48.1,Подгорица,Tekirdağ,None,0,76.5,90,1375.4,11,1,0,0,-0.018,0.139,-0.273,2.16,13.48,6.58,98.1,Normal
13:49.1,Подгорица,Tekirdağ,None,0,77.5,90,1392.1,11,1,0,1,-0.028,0.112,-0.27,2.16,13.49,6.58,98.1,Normal
13:50.1,Подгорица,Tekirdağ,None,0,78.3,90,1407.6,11,1,0,-1,0.062,0.033,-0.25,2.16,13.49,6.58,98.1,Normal
13:51.1,Подгорица,Tekirdağ,None,0,79.2,90,1423.5,11,0.89,0,0,-0.014,0.087,-0.25,2.16,13.49,6.58,98,Normal
13:52.1,Подгорица,Tekirdağ,None,0,79.5,90,1102.5,12,0,0,0,0.005,0.031,0.063,2.16,13.49,6.58,98,Normal
13:53.1,Подгорица,Tekirdağ,None,0,79.3,90,1104.2,12,0.82,0,0,0.007,-0.101,-0.043,2.16,13.49,6.58,98,Normal
13:54.1,Подгорица,Tekirdağ,None,0,79.4,90,1424.6,11,1,0,0,-0.005,0.051,0.06,2.16,13.5,6.58,98,Normal
13:55.1,Подгорица,Tekirdağ,None,0,79.1,90,1231.1,11,0.86,0,0,-0.008,0.025,0.075,2.16,13.5,6.58,98,Normal
13:56.1,Подгорица,Tekirdağ,None,0,78.9,90,1098.6,12,0.85,0,0,0.006,0.04,-0.005,2.16,13.5,6.58,98,Normal
13:57.1,Подгорица,Tekirdağ,None,0,79.3,90,1105.1,12,0.94,0,0,0.002,0.024,-0.155,2.17,13.5,6.58,98,Normal
13:58.1,Подгорица,Tekirdağ,None,0,79.9,90,1112.7,12,0.72,0,0,-0.011,0.024,-0.137,2.17,13.5,6.58,98,Normal
13:59.1,Подгорица,Tekirdağ,None,0,80.4,90,1120.1,12,0.84,0,0,-0.025,-0.06,-0.149,2.17,13.5,6.58,97.9,Normal
14:00.1,Подгорица,Tekirdağ,None,0,81,90,1127.8,12,0.85,0,1,-0.035,0.037,-0.153,2.17,13.5,6.58,97.9,Normal
14:01.1,Подгорица,Tekirdağ,None,0,81.5,90,1135.2,12,0.85,0,0,-0.001,-0.064,-0.137,2.17,13.5,6.58,97.9,Normal
14:02.1,Подгорица,Tekirdağ,None,0,82.1,90,1143.1,12,0.85,0,0,0.004,-0.021,-0.167,2.17,13.51,6.58,97.9,Normal
14:03.1,Подгорица,Tekirdağ,None,0,82.7,90,1151,12,0.89,0,0,0.001,0.028,-0.169,2.17,13.51,6.58,97.8,Normal
14:04.1,Подгорица,Tekirdağ,None,0,83.2,90,1159,12,0.87,0,0,-0.009,0.069,-0.159,2.17,13.51,6.58,97.8,Normal
14:05.1,Подгорица,Tekirdağ,None,0,83.8,90,1167,12,1,0,0,-0.024,0.063,-0.17,2.17,13.51,6.58,97.8,Normal
14:06.1,Подгорица,Tekirdağ,None,0,84.4,90,1175.9,12,1,0,0,0.004,0.063,-0.2,2.17,13.51,6.58,97.8,Normal
14:07.1,Подгорица,Tekirdağ,None,0,85.1,90,1180.6,12,0,0,0,0.04,-0.182,-0.167,2.17,13.51,6.58,97.7,Normal
14:08.1,Подгорица,Tekirdağ,None,0,84.9,90,1178.7,12,0,0,0,0.024,0.041,0.077,2.17,13.51,6.58,97.7,Normal
14:09.1,Подгорица,Tekirdağ,None,0,84.8,90,1178.1,12,0,0,0,0.002,-0.075,-0.003,2.17,13.52,6.58,97.7,Normal
14:10.1,Подгорица,Tekirdağ,None,0,84.9,90,1179.4,12,0,0,0,0.031,-0.145,-0.033,2.17,13.52,6.58,97.7,Normal
14:11.1,Подгорица,Tekirdağ,None,0,85,90,1180.9,12,0,0,1,-0.027,-0.091,-0.035,2.17,13.52,6.58,97.7,Normal
14:12.1,Подгорица,Tekirdağ,None,0,85.1,90,1182,12,0,0,0,-0.032,-0.079,-0.029,2.17,13.52,6.58,97.7,Normal
14:13.1,Подгорица,Tekirdağ,None,0,85.1,90,1182.2,12,0,0,0,0.04,-0.137,0.038,2.17,13.53,6.58,97.7,Normal
14:14.1,Подгорица,Tekirdağ,None,0,85.2,90,1182.8,12,0,0,1,-0.022,0.085,-0.034,2.17,13.53,6.58,97.7,Normal
14:15.1,Подгорица,Tekirdağ,None,0,85.2,90,1182.7,12,0,0,1,-0.074,-0.094,0.002,2.17,13.53,6.58,97.7,Normal
14:16.1,Подгорица,Tekirdağ,None,0,85.1,90,1181.8,12,0,0,1,0.014,0.088,0.04,2.17,13.53,6.58,97.6,Normal
14:17.1,Подгорица,Tekirdağ,None,0,85,90,1181.2,12,0,0,0,0.025,0.05,0.037,2.17,13.53,6.58,97.6,Normal
14:18.1,Подгорица,Tekirdağ,None,0,84.9,90,1179.9,12,0,0,1,-0.023,-0.272,0.049,2.17,13.53,6.58,97.6,Normal
14:19.1,Подгорица,Tekirdağ,None,0,84.8,90,1179.1,12,0,0,1,0.031,-0.037,0.036,2.17,13.53,6.58,97.6,Normal
14:20.1,Подгорица,Tekirdağ,None,0,84.7,90,1179.2,12,0,0,0,0.037,-0.105,0,2.17,13.54,6.58,97.6,Normal
14:21.1,Подгорица,Tekirdağ,None,0,84.7,90,1179.3,12,0,0,0,0.024,0.006,0,2.17,13.54,6.58,97.6,Normal
14:22.1,Подгорица,Tekirdağ,None,0,84.7,90,1178.9,12,0,0,1,0.013,-0.027,0.007,2.17,13.54,6.58,97.5,Normal
14:23.1,Подгорица,Tekirdağ,None,0,84.6,90,1177.7,12,0,0,1,0.024,-0.007,0.028,2.17,13.54,6.58,97.5,Normal
14:24.1,Подгорица,Tekirdağ,None,0,84.6,90,1177.7,12,0,0,1,-0.056,-0.03,0.003,2.17,13.54,6.58,97.5,Normal
14:25.1,Подгорица,Tekirdağ,None,0,84.6,90,1177.6,12,0,0,1,0.055,0.141,0.003,2.17,13.54,6.58,97.4,Normal
14:26.1,Подгорица,Tekirdağ,None,0,84.7,90,1178.9,12,0,0,1,0.001,-0.001,-0.043,2.17,13.54,6.58,97.4,Normal
14:27.1,Подгорица,Tekirdağ,None,0,84.9,90,1181.7,12,0,0,1,0.057,-0.076,-0.08,2.17,13.55,6.58,97.4,Normal
14:28.1,Подгорица,Tekirdağ,None,0,85.2,90,1185.2,12,0,0,1,0.008,-0.051,-0.089,2.17,13.55,6.58,97.4,Normal
14:29.1,Подгорица,Tekirdağ,None,0,85.5,90,1188.1,12,0,0,1,0.033,-0.107,-0.083,2.17,13.55,6.58,97.3,Normal
14:30.1,Подгорица,Tekirdağ,None,0,85.6,90,1186.4,12,0,0.1,1,-0.016,-0.044,0.077,2.17,13.55,6.58,97.3,Normal
14:31.1,Подгорица,Tekirdağ,None,0,85.2,90,1181.8,12,0,0.01,1,-0.022,0.076,0.014,2.17,13.55,6.58,97.3,Normal
14:32.1,Подгорица,Tekirdağ,None,0,84.8,90,1175.4,12,0,0.06,0,0.068,-0.023,0.126,2.17,13.56,6.58,97.3,Normal
14:33.1,Подгорица,Tekirdağ,None,0,84.1,90,1165.4,12,0,0.12,-1,0.139,0.092,0.27,2.17,13.56,6.58,97.3,Normal
14:34.1,Подгорица,Tekirdağ,None,0,82.6,90,1142.9,12,0,0.22,-1,0.065,0.115,0.711,2.17,13.56,6.58,97.3,Normal
14:35.1,Подгорица,Tekirdağ,None,0,79.6,90,1101.4,12,0,0.31,-1,0.002,0.009,0.995,2.17,13.56,6.58,97.3,Normal
14:36.1,Подгорица,Tekirdağ,None,0,75.8,90,1047.8,12,0,0.32,-1,0.028,-0.109,1.084,2.17,13.56,6.58,97.3,Normal
14:37.2,Подгорица,Tekirdağ,None,0,71.5,90,988.6,12,0,0.38,-1,-0.074,-0.039,1.266,2.17,13.56,6.58,97.3,Normal
14:38.1,Подгорица,Tekirdağ,None,0,67.3,90,1203.1,11,0,0.39,0,-0.04,-0.062,1.165,2.17,13.56,6.58,97.3,Normal
14:39.1,Подгорица,Tekirdağ,None,0,62.5,90,1115.9,11,0,0,0,-0.017,0.019,1.301,2.17,13.57,6.58,97.3,Normal
14:40.1,Подгорица,Tekirdağ,None,0,61.1,90,1092.5,11,0,0,0,-0.006,-0.016,0.192,2.17,13.57,6.58,97.3,Normal
14:41.1,Подгорица,Tekirdağ,None,0,60.4,90,1079.9,11,0,0,-1,0.052,-0.016,0.225,2.17,13.57,6.58,97.3,Normal
14:42.2,Подгорица,Tekirdağ,None,0,59.5,90,1064.1,11,0,0,-1,0.011,-0.041,0.245,2.17,13.57,6.58,97.3,Normal
14:43.1,Подгорица,Tekirdağ,None,0,58.6,90,1047.3,11,0,0,0,-0.028,0.027,0.316,2.17,13.57,6.58,97.3,Normal
14:44.1,Подгорица,Tekirdağ,None,0,57.5,90,1026.6,11,0,0,0,-0.027,0.003,0.34,2.17,13.57,6.58,97.3,Normal
14:45.1,Подгорица,Tekirdağ,None,0,56.3,90,1005.4,11,0,0,-1,-0.012,-0.006,0.341,2.17,13.57,6.58,97.3,Normal
14:46.1,Подгорица,Tekirdağ,None,0,54.2,90,965.7,11,0,0.27,-1,0.028,0.054,0.979,2.17,13.58,6.58,97.3,Normal
14:47.1,Подгорица,Tekirdağ,None,0,51.5,90,1140.9,10,0,0,-1,-0.017,-0.019,0.483,2.17,13.58,6.58,97.3,Normal
14:48.1,Подгорица,Tekirdağ,None,0,49.9,90,1103.5,10,0,0.16,-1,0.025,0.01,0.626,2.17,13.58,6.58,97.3,Normal
14:49.1,Подгорица,Tekirdağ,None,0,47.9,90,1061.1,10,0,0,-1,0.058,0.017,0.389,2.17,13.58,6.58,97.3,Normal
14:50.1,Подгорица,Tekirdağ,None,0,46.8,80,1036,10,0,0,-1,0.024,0.004,0.294,2.17,13.58,6.58,97.3,Normal
14:51.2,Подгорица,Tekirdağ,None,0,45.6,80,1009,10,0,0,-1,-0.055,-0.031,0.37,2.17,13.58,6.58,97.3,Normal
14:52.1,Подгорица,Tekirdağ,None,0,44.3,80,980,10,0,0,-1,-0.03,-0.008,0.354,2.17,13.58,6.58,97.3,Normal
14:53.2,Подгорица,Tekirdağ,None,0,42.8,60,946.2,10,0,0.11,-1,-0.003,0.025,0.548,2.17,13.58,6.58,97.3,Normal
14:54.1,Подгорица,Tekirdağ,None,0,41.3,60,1179.6,9,0,0,-1,0.068,-0.034,0.325,2.17,13.58,6.58,97.3,Normal
14:55.1,Подгорица,Tekirdağ,None,0,40.3,60,1150.2,9,0,0,-1,0.008,0.023,0.306,2.17,13.58,6.58,97.3,Normal
14:56.2,Подгорица,Tekirdağ,None,0,39.3,60,1122,9,0,0,-1,-0.008,-0.009,0.259,2.17,13.58,6.58,97.3,Normal
14:57.1,Подгорица,Tekirdağ,None,0,38.5,60,1098,9,0,0,-1,0.052,0.032,0.212,2.17,13.58,6.58,97.3,Normal
14:58.2,Подгорица,Tekirdağ,None,0,37.8,60,1080.5,9,0,0,-1,-0.013,0.024,0.158,2.18,13.59,6.58,97.3,Normal
14:59.1,Подгорица,Tekirdağ,None,0,37.4,60,1070.1,9,0,0,-1,0.079,-0.01,0.053,2.18,13.59,6.58,97.3,Normal
15:00.2,Подгорица,Tekirdağ,None,0,37.4,60,1071.1,9,0,0,-1,0.047,0.011,-0.049,2.18,13.59,6.58,97.3,Normal
15:01.1,Подгорица,Tekirdağ,None,0,37.7,60,1078.2,9,0,0,-1,-0.068,-0.019,-0.081,2.18,13.59,6.58,97.3,Normal
15:02.1,Подгорица,Tekirdağ,None,0,38,60,1087,9,0,0,-1,0.075,-0.01,-0.083,2.18,13.59,6.58,97.3,Normal
15:03.1,Подгорица,Tekirdağ,None,0,38.3,60,1096.2,9,0,0.02,-1,-0.074,-0.011,-0.088,2.18,13.59,6.58,97.3,Normal
15:04.1,Подгорица,Tekirdağ,None,0,36.5,60,1040.1,9,0,0.25,-1,-0.039,0.073,0.828,2.18,13.59,6.58,97.3,Normal
15:05.2,Подгорица,Tekirdağ,None,0,33.7,60,962.8,9,0,0,-1,0.044,0.058,0.49,2.18,13.59,6.58,97.3,Normal
15:06.1,Подгорица,Tekirdağ,None,0,33.6,60,961.6,9,0,0,-1,0.126,-0.026,-0.111,2.18,13.59,6.58,97.3,Normal
15:07.1,Подгорица,Tekirdağ,None,0,34.2,60,978.1,9,0,0,-1,0.103,0.01,-0.213,2.18,13.59,6.58,97.3,Normal
15:08.2,Подгорица,Tekirdağ,None,0,35.1,60,1003,9,0,0,-1,0.041,-0.016,-0.249,2.18,13.59,6.58,97.3,Normal
15:09.2,Подгорица,Tekirdağ,None,0,35.9,60,1027.4,9,0,0,-1,-0.072,0.006,-0.252,2.18,13.59,6.58,97.3,Normal
15:10.1,Подгорица,Tekirdağ,None,0,36.8,60,1053.4,9,0,0,-1,-0.027,0.005,-0.28,2.18,13.59,6.58,97.3,Normal
15:11.2,Подгорица,Tekirdağ,None,0,38,60,1089,9,0,0,-1,-0.021,-0.009,-0.398,2.18,13.59,6.58,97.3,Normal
15:12.2,Подгорица,Tekirdağ,None,0,39.5,60,1131.4,9,0,0,-1,-0.14,0.006,-0.403,2.18,13.59,6.58,97.3,Normal
15:13.1,Подгорица,Tekirdağ,None,0,40.9,60,1170.6,9,0,0,-1,0.069,-0.001,-0.39,2.18,13.59,6.58,97.3,Normal
15:14.1,Подгорица,Tekirdağ,None,0,42.2,60,1207.9,9,0,0,-1,0.12,0.013,-0.352,2.18,13.6,6.58,97.3,Normal
15:15.2,Подгорица,Tekirdağ,None,0,43.3,60,1239.8,9,0,0,-1,0.038,-0.001,-0.292,2.18,13.6,6.58,97.3,Normal
15:16.1,Подгорица,Tekirdağ,None,0,44.1,60,1263.4,9,0,0,-1,0.067,0.008,-0.219,2.18,13.6,6.58,97.3,Normal
15:17.1,Подгорица,Tekirdağ,None,0,44.7,60,1280.6,9,0,0,-1,0.018,0.006,-0.128,2.18,13.6,6.58,97.3,Normal
15:18.1,Подгорица,Tekirdağ,None,0,45.1,60,1292.5,9,0.36,0,0,-0.165,-0.01,-0.114,2.18,13.6,6.58,97.3,Normal
15:19.2,Подгорица,Tekirdağ,None,0,45.6,60,1308,9,0,0,0,-0.109,-0.003,-0.153,2.18,13.6,6.58,97.3,Normal
15:20.1,Подгорица,Tekirdağ,None,0,45.5,60,1302.7,9,0,0,1,-0.128,0.003,0.112,2.18,13.6,6.58,97.3,Normal
15:21.1,Подгорица,Tekirdağ,None,0,45.1,60,1291.5,9,0.37,0,1,-0.042,-0.014,0.115,2.18,13.6,6.58,97.3,Normal
15:22.2,Подгорица,Tekirdağ,None,0,45.4,60,1301.1,9,0.29,0,0,0.026,-0.011,-0.125,2.18,13.6,6.58,97.3,Normal
15:23.1,Подгорица,Tekirdağ,None,0,45.7,60,1309.8,9,0.28,0,0,0.009,-0.004,-0.083,2.18,13.61,6.59,97.3,Normal
15:24.1,Подгорица,Tekirdağ,None,0,46,60,1318.9,9,0.37,0,-1,0.078,0.033,-0.116,2.18,13.61,6.59,97.3,Normal
15:25.1,Подгорица,Tekirdağ,None,0,46.3,60,1325.5,9,0,0,1,-0.062,-0.024,-0.009,2.18,13.61,6.59,97.3,Normal
15:26.1,Подгорица,Tekirdağ,None,0,46.3,60,1324.7,9,0.16,0,-1,0.041,0.015,-0.007,2.18,13.61,6.59,97.3,Normal
15:27.2,Подгорица,Tekirdağ,None,0,46.2,60,1324.6,9,0.36,0,-1,0.297,-0.021,-0.02,2.18,13.61,6.59,97.3,Normal
15:28.1,Подгорица,Tekirdağ,None,0,46.5,60,1333.5,9,0.39,0,-1,-0.04,-0.005,-0.069,2.18,13.61,6.59,97.2,Normal
15:29.1,Подгорица,Tekirdağ,None,0,46.7,60,1340.5,9,0.48,0,-1,0.035,0.006,-0.035,2.18,13.61,6.59,97.2,Normal
15:30.1,Подгорица,Tekirdağ,None,0,46.6,60,1336.5,9,0.51,0,-1,0.027,-0.027,0.082,2.18,13.61,6.59,97.2,Normal
15:31.1,Подгорица,Tekirdağ,None,0,45.9,60,1311.1,9,0,0,-1,-0.033,-0.029,0.376,2.18,13.61,6.59,97.2,Normal
15:32.1,Подгорица,Tekirdağ,None,0,43.9,60,1252.2,9,0,0,-1,0.042,0.005,0.647,2.18,13.61,6.59,97.2,Normal
15:33.2,Подгорица,Tekirdağ,None,0,41.4,60,1181.7,9,0,0,-1,0.027,0.005,0.707,2.18,13.61,6.59,97.2,Normal
15:34.2,Подгорица,Tekirdağ,None,0,38.9,60,1108.9,9,0,0,-1,0.033,-0.003,0.665,2.18,13.61,6.59,97.2,Normal
15:35.1,Подгорица,Tekirdağ,None,0,36.8,60,1049.2,9,0,0,-1,-0.063,0.016,0.585,2.18,13.61,6.59,97.2,Normal
15:36.2,Подгорица,Tekirdağ,None,0,35.2,60,1005.8,9,0.15,0,-1,0.001,0.005,0.35,2.18,13.62,6.59,97.2,Normal
15:37.2,Подгорица,Tekirdağ,None,0,34.3,60,983.4,9,0.19,0,-1,0.014,-0.023,0.181,2.18,13.62,6.59,97.2,Normal
15:38.1,Подгорица,Tekirdağ,None,0,34,60,974.9,9,0.3,0,-1,-0.005,0.001,0.038,2.18,13.62,6.59,97.2,Normal
15:39.1,Подгорица,Tekirdağ,None,0,34.2,60,982.3,9,0.42,0,-1,-0.065,-0.003,-0.124,2.18,13.62,6.59,97.2,Normal
15:40.2,Подгорица,Tekirdağ,None,0,34.8,60,1000.3,9,0.53,0,-1,-0.042,-0.008,-0.193,2.18,13.62,6.59,97.2,Normal
15:41.2,Подгорица,Tekirdağ,None,0,35.6,60,1022.7,9,0.46,0,-1,-0.017,-0.002,-0.227,2.18,13.62,6.59,97.1,Normal
15:42.2,Подгорица,Tekirdağ,None,0,36.4,60,1047.7,9,0.65,0,0,-0.093,-0.015,-0.254,2.18,13.62,6.59,97.1,Normal
15:43.1,Подгорица,Tekirdağ,None,0,37.4,60,1076.9,9,0.78,0,0,-0.054,0,-0.331,2.18,13.62,6.59,97.1,Normal
15:44.1,Подгорица,Tekirdağ,None,0,38.4,60,1104.2,9,0.45,0,0,-0.034,0.041,-0.243,2.18,13.62,6.59,97.1,Normal
15:45.2,Подгорица,Tekirdağ,None,0,39.1,60,1118.8,9,0,0,0,-0.016,0.049,-0.063,2.18,13.62,6.59,97.1,Normal
15:46.1,Подгорица,Tekirdağ,None,0,38.8,40,1110.7,9,0,0,0,-0.027,-0.007,0.108,2.18,13.62,6.59,97.1,Normal
15:47.2,Подгорица,Tekirdağ,None,0,38.4,40,1099.5,9,0,0,0,-0.005,0,0.115,2.18,13.62,6.59,97.1,Normal
15:48.2,Подгорица,Tekirdağ,None,0,37.5,40,1069.1,9,0,0.15,-1,0.013,-0.008,0.43,2.18,13.62,6.59,97.1,Normal
15:49.2,Подгорица,Tekirdağ,None,0,35.8,40,1024.7,9,0,0,0,-0.013,-0.037,0.275,2.18,13.62,6.59,97.1,Normal
15:50.2,Подгорица,Tekirdağ,None,0,35.3,40,1009.8,9,0,0,1,-0.011,0.001,0.113,2.18,13.62,6.59,97.1,Normal
15:51.2,Подгорица,Tekirdağ,None,0,34.9,40,998.4,9,0,0,1,-0.03,0.003,0.115,2.18,13.62,6.59,97.1,Normal
15:52.2,Подгорица,Tekirdağ,None,0,34.1,40,971.1,9,0,0.24,1,-0.066,0.04,0.617,2.18,13.62,6.59,97.1,Normal
15:53.2,Подгорица,Tekirdağ,None,0,31.2,40,994.4,9,0,0,1,0.043,-0.038,0.505,2.18,13.62,6.59,97.1,Normal
15:54.2,Подгорица,Tekirdağ,None,0,30.4,40,1113.8,8,0,0,0,0.042,0.002,0.175,2.18,13.62,6.59,97.1,Normal
15:55.2,Подгорица,Tekirdağ,None,0,27.7,40,1003.1,8,0,0.97,0,-0.009,0.04,1.977,2.18,13.62,6.59,97.1,Hard Braking
15:56.2,Подгорица,Tekirdağ,None,0,21.9,40,1723.9,5,0.24,0,1,-0.07,-0.093,0.574,2.18,13.62,6.59,97.1,Normal
15:57.2,Подгорица,Tekirdağ,None,0,21.2,40,1004.7,7,0.33,0,1,-0.012,-0.012,0.108,2.18,13.62,6.59,97.1,Normal
15:58.2,Подгорица,Tekirdağ,None,0,21.5,40,1022.7,7,0.27,0,1,-0.007,-0.021,-0.214,2.18,13.63,6.59,97.1,Normal
15:59.2,Подгорица,Tekirdağ,None,0,22.2,40,1055.8,7,0.31,0,1,-0.02,0.002,-0.211,2.18,13.63,6.59,97.1,Normal
16:00.2,Подгорица,Tekirdağ,None,0,23.1,40,1100.6,7,0.34,0,1,-0.016,-0.005,-0.286,2.18,13.63,6.59,97.1,Normal
16:01.2,Подгорица,Tekirdağ,None,0,24.6,40,1179.2,7,0.71,0,1,-0.015,-0.031,-0.601,2.18,13.63,6.59,97,Normal
16:02.2,Подгорица,Tekirdağ,None,0,27,40,1289,7,0.66,0,1,-0.006,-0.001,-0.626,2.18,13.63,6.59,97,Normal
16:03.2,Подгорица,Tekirdağ,None,0,29,40,1383.3,7,0.64,0,0,0.039,0.031,-0.588,2.18,13.63,6.59,97,Normal
16:04.2,Подгорица,Tekirdağ,None,0,30.3,40,1198.8,7,0.63,0,-1,0.05,0.041,-0.059,2.18,13.63,6.59,97,Normal
16:05.2,Подгорица,Tekirdağ,None,0,30.5,40,1124.7,8,0.68,0,-1,0.006,-0.025,-0.236,2.18,13.63,6.59,97,Normal
16:06.2,Подгорица,Tekirdağ,None,0,31.9,40,1179.6,8,0.64,0,-1,-0.008,0.017,-0.444,2.18,13.63,6.59,97,Normal
16:07.2,Подгорица,Tekirdağ,None,0,33.5,40,1235.8,8,0.62,0,-1,0,0.023,-0.444,2.18,13.63,6.59,97,Normal
16:08.2,Подгорица,Tekirdağ,None,0,34.9,40,1289.2,8,0.6,0,-1,-0.021,-0.016,-0.417,2.18,13.63,6.59,97,Normal
16:09.2,Подгорица,Tekirdağ,None,0,36.4,40,1342.4,8,0.61,0,1,-0.05,-0.047,-0.41,2.18,13.63,6.59,96.9,Normal
16:10.2,Подгорица,Tekirdağ,None,0,37.9,40,1396.7,8,0.61,0,0,0.017,0.109,-0.408,2.18,13.63,6.59,96.9,Normal
16:11.2,Подгорица,Tekirdağ,None,0,38.5,40,1127.6,9,0.61,0,1,-0.016,0.059,-0.016,2.18,13.63,6.59,96.9,Normal
16:12.2,Подгорица,Tekirdağ,None,0,38.7,40,1111.3,9,0.56,0,1,-0.016,-0.041,-0.193,2.18,13.63,6.59,96.9,Normal
16:13.2,Подгорица,Tekirdağ,None,0,39.6,40,1139.5,9,0.57,0,1,-0.033,0.003,-0.297,2.18,13.63,6.59,96.9,Normal
16:14.2,Подгорица,Tekirdağ,None,0,40.7,40,1169.6,9,0.55,0,-1,0.055,-0.026,-0.289,2.18,13.64,6.59,96.9,Normal
16:15.2,Подгорица,Tekirdağ,None,0,41.7,40,1199.8,9,0.61,0,1,-0.051,0.017,-0.288,2.18,13.64,6.59,96.8,Normal
16:16.2,Подгорица,Tekirdağ,None,0,42.9,70,1232.3,9,0.63,0,1,-0.04,-0.016,-0.322,2.18,13.64,6.59,96.8,Normal
16:17.2,Подгорица,Tekirdağ,None,0,43.9,70,1262.5,9,0.73,0,1,-0.07,0.027,-0.298,2.18,13.64,6.59,96.8,Normal
16:18.2,Подгорица,Tekirdağ,None,0,45.2,70,1300.7,9,0.9,0,1,-0.043,-0.007,-0.367,2.18,13.64,6.59,96.8,Normal
16:19.2,Подгорица,Tekirdağ,None,0,46.4,70,1335.6,9,0.82,0,1,-0.004,0.01,-0.31,2.18,13.64,6.59,96.7,Normal
16:20.2,Подгорица,Tekirdağ,None,0,47.4,70,1364.7,9,0.83,0,1,-0.038,-0.021,-0.274,2.18,13.64,6.59,96.7,Normal
16:21.2,Подгорица,Tekirdağ,None,0,48.3,70,1390.6,9,0.88,0,1,-0.002,0.016,-0.252,2.18,13.64,6.59,96.7,Normal
16:22.2,Подгорица,Tekirdağ,None,0,49.1,70,1414,9,0.95,0,1,0.07,-0.026,-0.216,2.18,13.64,6.59,96.7,Normal
16:23.2,Подгорица,Tekirdağ,None,0,49.9,70,1434.6,9,0.95,0,1,-0.021,0.023,-0.193,2.18,13.64,6.59,96.6,Normal
16:24.2,Подгорица,Tekirdağ,None,0,50.5,70,1451.5,9,0.95,0,1,-0.013,0.025,-0.148,2.18,13.64,6.59,96.6,Normal
16:25.2,Подгорица,Tekirdağ,None,0,50.9,70,1464.3,9,0.94,0,1,-0.057,-0.01,-0.106,2.18,13.64,6.59,96.6,Normal
16:26.2,Подгорица,Tekirdağ,None,0,51.2,70,1471.1,9,0.94,0,1,0.013,0.033,-0.056,2.18,13.65,6.59,96.5,Normal
16:27.2,Подгорица,Tekirdağ,None,0,51.3,70,1473.4,9,0.94,0,1,0.052,0.036,-0.005,2.18,13.65,6.59,96.5,Normal
16:28.2,Подгорица,Tekirdağ,None,0,51.2,70,1471.5,9,0.97,0,1,0.013,-0.024,0.035,2.18,13.65,6.59,96.5,Normal
16:29.2,Подгорица,Tekirdağ,None,0,51.1,70,1467.8,9,1,0,1,-0.003,0.006,0.046,2.18,13.65,6.59,96.4,Normal
16:30.2,Подгорица,Tekirdağ,None,0,50.9,70,1461.8,9,1,0,1,0.013,-0.038,0.07,2.18,13.65,6.59,96.4,Normal
16:31.2,Подгорица,Tekirdağ,None,0,50.6,70,1454.2,9,1,0,1,0.101,-0.003,0.065,2.18,13.65,6.59,96.4,Normal
16:32.2,Подгорица,Tekirdağ,None,0,50.4,70,1448,9,1,0,0,0.058,-0.006,0.053,2.18,13.65,6.59,96.3,Normal
16:33.2,Подгорица,Tekirdağ,None,0,50.3,70,1444.4,9,1,0,1,0.033,0.006,0.033,2.18,13.65,6.59,96.3,Normal
16:34.2,Подгорица,Tekirdağ,None,0,50.2,70,1443.2,9,1,0,1,-0.021,0.068,-0.004,2.18,13.65,6.59,96.3,Normal
16:35.2,Подгорица,Tekirdağ,None,0,50.2,70,1443,9,1,0,1,-0.058,-0.053,-0.003,2.18,13.65,6.59,96.2,Normal
16:36.2,Подгорица,Tekirdağ,None,0,50.3,70,1444.7,9,1,0,1,-0.027,-0.012,-0.024,2.18,13.65,6.59,96.2,Normal
16:37.2,Подгорица,Tekirdağ,None,0,50.4,70,1447.7,9,1,0,1,0.008,0.021,-0.046,2.18,13.65,6.59,96.2,Normal
16:38.2,Подгорица,Tekirdağ,None,0,50.5,70,1452.7,9,1,0,1,0.006,-0.064,-0.047,2.18,13.66,6.59,96.1,Normal
16:39.2,Подгорица,Tekirdağ,None,0,50.7,70,1458.4,9,1,0,1,0.006,0.017,-0.072,2.18,13.66,6.59,96.1,Normal
16:40.2,Подгорица,Tekirdağ,None,0,51,70,1465.1,9,1,0,1,0.003,-0.045,-0.064,2.18,13.66,6.59,96.1,Normal
16:41.2,Подгорица,Tekirdağ,None,0,51.3,70,1473.1,9,1,0,1,0.01,0.025,-0.085,2.18,13.66,6.59,96,Normal
16:42.2,Подгорица,Tekirdağ,None,0,51.6,70,1481.6,9,1,0,1,-0.018,-0.014,-0.087,2.18,13.66,6.59,96,Normal
16:43.2,Подгорица,Tekirdağ,None,0,51.9,70,1490.6,9,1,0,1,0.002,0.002,-0.092,2.18,13.66,6.59,96,Normal
16:44.2,Подгорица,Tekirdağ,None,0,52.2,70,1500.1,9,1,0,1,0.008,-0.01,-0.099,2.18,13.66,6.59,95.9,Normal
16:45.2,Подгорица,Tekirdağ,None,0,52.5,70,1509.7,9,1,0,1,-0.002,0.035,-0.095,2.18,13.67,6.59,95.9,Normal
16:46.2,Подгорица,Tekirdağ,None,0,52.9,70,1519.5,9,1,0,1,0.002,0.009,-0.093,2.18,13.67,6.59,95.9,Normal
16:47.2,Подгорица,Tekirdağ,None,0,53.2,70,1529,9,1,0,1,-0.008,-0.027,-0.089,2.18,13.67,6.59,95.8,Normal
16:48.2,Подгорица,Tekirdağ,None,0,53.5,70,1538.8,9,1,0,1,-0.032,0.004,-0.098,2.18,13.67,6.59,95.8,Normal
16:49.2,Подгорица,Tekirdağ,None,0,53.6,70,1413.5,9,1,0,1,-0.021,0.146,0.209,2.18,13.67,6.59,95.8,Normal
16:50.2,Подгорица,Tekirdağ,None,0,52.4,70,1165.4,10,1,0,0,0.051,-0.064,0.275,2.18,13.67,6.59,95.8,Normal
16:51.2,Подгорица,Tekirdağ,None,0,52.2,70,1162.5,10,1,0,1,-0.064,-0.029,-0.005,2.18,13.67,6.59,95.7,Normal
16:52.2,Подгорица,Tekirdağ,None,0,52.2,70,1163.8,10,1,0,1,-0.045,0.1,-0.036,2.18,13.67,6.59,95.7,Normal
16:53.2,Подгорица,Tekirdağ,None,0,52.3,70,1164.8,10,1,0,1,0.061,0.039,-0.011,2.18,13.67,6.59,95.7,Normal
16:54.2,Подгорица,Tekirdağ,None,0,52.3,70,1164.8,10,1,0,1,-0.027,0.009,0.04,2.18,13.67,6.59,95.7,Normal
16:55.2,Подгорица,Tekirdağ,None,0,52.3,70,1165.4,10,1,0,1,0.044,-0.023,-0.001,2.18,13.67,6.59,95.6,Normal
16:56.2,Подгорица,Tekirdağ,None,0,52.3,70,1164.8,10,1,0,1,0.002,0.003,0.012,2.19,13.68,6.59,95.6,Normal
16:57.2,Подгорица,Tekirdağ,None,0,52.2,70,1163.4,10,1,0,0,0.024,0.027,0.021,2.19,13.68,6.59,95.6,Normal
16:58.2,Подгорица,Tekirdağ,None,0,52.1,70,1160.2,10,1,0,1,-0.021,0.011,0.05,2.19,13.68,6.59,95.5,Normal
16:59.2,Подгорица,Tekirdağ,None,0,51.9,70,1156,10,1,0,1,-0.011,-0.038,0.062,2.19,13.68,6.59,95.5,Normal
17:00.2,Подгорица,Tekirdağ,None,0,51.6,70,1150.2,10,1,0,1,0.055,-0.007,0.082,2.19,13.68,6.59,95.5,Normal
17:01.2,Подгорица,Tekirdağ,None,0,51.3,70,1143,10,1,0,1,0.002,-0.01,0.093,2.19,13.68,6.59,95.5,Normal
17:02.2,Подгорица,Tekirdağ,None,0,51,70,1135.6,10,1,0,1,0.011,-0.011,0.101,2.19,13.68,6.59,95.4,Normal
17:03.2,Подгорица,Tekirdağ,None,0,50.6,70,1126.4,10,1,0,1,-0.059,0.005,0.114,2.19,13.68,6.59,95.4,Normal
17:04.2,Подгорица,Tekirdağ,None,0,50.1,70,1115.5,10,1,0,1,-0.038,-0.014,0.144,2.19,13.68,6.59,95.4,Normal
17:05.2,Подгорица,Tekirdağ,None,0,49.6,70,1104,10,1,0,1,-0.022,0.022,0.147,2.19,13.68,6.59,95.4,Normal
17:06.2,Подгорица,Tekirdağ,None,0,49,70,1091.7,10,1,0,1,-0.017,0.024,0.167,2.19,13.68,6.59,95.3,Normal
17:07.2,Подгорица,Tekirdağ,None,0,48.4,70,1077.4,10,1,0,1,-0.023,0.025,0.183,2.19,13.68,6.59,95.3,Normal
17:08.2,Подгорица,Tekirdağ,None,0,47.7,70,1062.3,10,1,0,1,0.024,-0.037,0.197,2.19,13.69,6.59,95.3,Normal
17:09.2,Подгорица,Tekirdağ,None,0,47,70,1046.9,10,1,0,1,0.01,-0.014,0.197,2.19,13.69,6.59,95.3,Normal
17:10.2,Подгорица,Tekirdağ,None,0,46.4,70,1032.6,10,1,0,0,0.079,0.009,0.176,2.19,13.69,6.59,95.2,Normal
17:11.2,Подгорица,Tekirdağ,None,0,45.4,70,1005.8,10,0,0,1,0.011,0.048,0.479,2.19,13.69,6.59,95.2,Normal
17:12.2,Подгорица,Tekirdağ,None,0,43.6,70,968.8,10,0.64,0,1,-0.009,-0.067,0.345,2.19,13.69,6.59,95.2,Normal
17:13.2,Подгорица,Tekirdağ,None,0,42.6,70,945.7,10,0.41,0,1,0.002,0.038,0.283,2.19,13.69,6.59,95.2,Normal
17:14.2,Подгорица,Tekirdağ,None,0,41.1,70,1174,9,0.59,0,1,0.003,-0.007,0.464,2.19,13.69,6.59,95.2,Normal
17:15.2,Подгорица,Tekirdağ,None,0,39.9,70,1143.8,9,0.3,0,-1,0.03,0.014,0.232,2.19,13.69,6.59,95.2,Normal
17:16.2,Подгорица,Tekirdağ,None,0,38.8,70,1108.1,9,0,0,-1,0.166,0.047,0.389,2.19,13.69,6.59,95.2,Normal
17:17.2,Подгорица,Tekirdağ,None,0,37.4,70,1068.4,9,0,0,-1,0.122,-0.024,0.382,2.19,13.7,6.59,95.2,Normal
17:18.2,Подгорица,Tekirdağ,None,0,36.2,70,1039.4,9,0.46,0,-1,-0.015,-0.049,0.168,2.19,13.7,6.59,95.2,Normal
17:19.2,Подгорица,Tekirdağ,None,0,35.7,70,1023.9,9,0.33,0,-1,0.031,0.017,0.13,2.19,13.7,6.59,95.2,Normal
17:20.2,Подгорица,Tekirdağ,None,0,35.4,70,1016.9,9,0.32,0,-1,-0.06,-0.012,0.041,2.19,13.7,6.59,95.1,Normal
17:21.2,Подгорица,Tekirdağ,None,0,35.7,70,1025.9,9,0.44,0,-1,0.009,0.016,-0.174,2.19,13.7,6.59,95.1,Normal
17:22.2,Подгорица,Tekirdağ,None,0,36.4,70,1044,9,0,0,-1,0.1,0.032,-0.131,2.19,13.7,6.59,95.1,Normal
17:23.2,Подгорица,Tekirdağ,None,0,36.6,70,1046.3,9,0,0,-1,0.055,0.027,-0.028,2.19,13.7,6.59,95.1,Normal
17:24.2,Подгорица,Tekirdağ,None,0,36.6,70,1047.2,9,0,0,-1,0.005,0.014,0.019,2.19,13.7,6.59,95.1,Normal
17:25.2,Подгорица,Tekirdağ,None,0,36.5,70,1042.7,9,0,0,-1,0.072,-0.03,0.077,2.19,13.7,6.59,95.1,Normal
17:26.2,Подгорица,Tekirdağ,None,0,36.2,70,1035.3,9,0.41,0,-1,0.029,0.006,0.086,2.19,13.7,6.59,95.1,Normal
17:27.2,Подгорица,Tekirdağ,None,0,36.3,70,1040,9,0.1,0,-1,-0.161,0.015,-0.036,2.19,13.7,6.59,95.1,Normal
17:28.2,Подгорица,Tekirdağ,None,0,36.1,70,1034.3,9,0.32,0,-1,-0.048,0.019,0.028,2.19,13.7,6.59,95.1,Normal
17:29.2,Подгорица,Tekirdağ,None,0,36.4,70,1046.3,9,0.61,0,-1,-0.141,-0.029,-0.183,2.19,13.7,6.59,95.1,Normal
17:30.2,Подгорица,Tekirdağ,None,0,37.2,70,1069.5,9,0.48,0,-1,-0.082,0.008,-0.231,2.19,13.7,6.59,95.1,Normal
17:31.2,Подгорица,Tekirdağ,None,0,38,70,1094.6,9,0.69,0,1,-0.355,-0.038,-0.264,2.19,13.7,6.59,95.1,Normal
17:32.2,Подгорица,Tekirdağ,None,0,39.2,70,1129.9,9,0.85,0,0,0.012,0.006,-0.378,2.19,13.71,6.59,95,Normal
17:33.2,Подгорица,Tekirdağ,None,0,40.7,70,1171.5,9,0.72,0,1,-0.029,0.06,-0.422,2.19,13.71,6.59,95,Normal
17:34.2,Подгорица,Tekirdağ,None,0,42.1,70,1211.4,9,0.68,0,0,0.008,-0.014,-0.377,2.19,13.71,6.59,95,Normal
17:35.2,Подгорица,Tekirdağ,None,0,43.2,70,1240.1,9,0.41,0,1,-0.032,0.031,-0.252,2.19,13.71,6.59,95,Normal
17:36.2,Подгорица,Tekirdağ,None,0,43.3,70,1238.5,9,0,0,1,-0.06,0,0.085,2.19,13.71,6.59,95,Normal
17:37.2,Подгорица,Tekirdağ,None,0,42.9,70,1226.2,9,0,0,1,-0.013,0.031,0.143,2.19,13.71,6.59,95,Normal
17:38.2,Подгорица,Tekirdağ,None,0,42.4,70,1213.7,9,0,0,1,0.013,-0.013,0.113,2.19,13.71,6.59,95,Normal
17:39.2,Подгорица,Tekirdağ,None,0,42,70,1200.1,9,0,0,1,-0.106,0.01,0.133,2.19,13.71,6.59,95,Normal
17:40.2,Подгорица,Tekirdağ,None,0,41.5,70,1186.2,9,0,0,1,-0.126,-0.04,0.155,2.19,13.71,6.59,95,Normal
17:41.2,Подгорица,Tekirdağ,None,0,41,70,1172.1,9,0,0,1,-0.039,0.001,0.163,2.19,13.71,6.59,95,Normal
17:42.2,Подгорица,Tekirdağ,None,0,40.4,70,1155.9,9,0,0,1,-0.098,-0.005,0.154,2.19,13.71,6.59,95,Normal
17:43.2,Подгорица,Tekirdağ,None,0,40.1,70,1146.1,9,0,0,1,-0.075,-0.022,0.078,2.19,13.71,6.59,95,Normal
17:44.2,Подгорица,Tekirdağ,None,0,40,70,1144,9,0,0,1,0.067,0.015,-0.019,2.19,13.71,6.59,95,Normal
17:45.2,Подгорица,Tekirdağ,None,0,40.3,70,1152.1,9,0,0,1,0.048,0.019,-0.115,2.19,13.71,6.59,95,Normal
17:46.2,Подгорица,Tekirdağ,None,0,40.9,70,1171.3,9,0,0,1,-0.021,-0.016,-0.216,2.19,13.71,6.59,95,Normal
17:47.2,Подгорица,Tekirdağ,None,0,41.8,70,1197.5,9,0,0,0,0.183,0.004,-0.277,2.19,13.72,6.59,95,Normal
17:48.2,Подгорица,Tekirdağ,None,0,42.9,70,1229.1,9,0,0,-1,0.393,0.022,-0.336,2.19,13.72,6.59,95,Normal
17:49.2,Подгорица,Tekirdağ,None,0,44.1,70,1262.6,9,0,0,-1,0.099,-0.026,-0.368,2.19,13.72,6.59,95,Normal
17:50.2,Подгорица,Tekirdağ,None,0,45.4,70,1301.6,9,0,0,-1,0.006,-0.012,-0.37,2.19,13.72,6.59,95,Normal
17:51.2,Подгорица,Tekirdağ,None,0,46.6,70,1335.3,9,0,0,-1,0.046,0.007,-0.319,2.19,13.72,6.59,95,Normal
17:52.2,Подгорица,Tekirdağ,None,0,47.6,70,1362.6,9,0,0,-1,-0.1,-0.001,-0.259,2.19,13.72,6.59,95,Normal
17:53.2,Подгорица,Tekirdağ,None,0,48.3,70,1382.5,9,0,0,0,-0.158,0.003,-0.179,2.19,13.72,6.59,95,Normal
17:54.2,Подгорица,Tekirdağ,None,0,48.8,70,1254.3,9,0,0,-1,-0.078,0.028,-0.135,2.19,13.72,6.59,95,Normal
17:55.2,Подгорица,Tekirdağ,None,0,49.3,70,1093.2,10,0,0,-1,0.04,-0.045,-0.114,2.19,13.73,6.59,95,Normal
17:56.2,Подгорица,Tekirdağ,None,0,49.5,70,1097.8,10,0,0,-1,0.008,-0.004,-0.038,2.19,13.73,6.59,95,Normal
17:57.2,Подгорица,Tekirdağ,None,0,49.5,70,1096.9,10,0,0,-1,0.036,-0.052,0.021,2.19,13.73,6.59,95,Normal
17:58.2,Подгорица,Tekirdağ,None,0,49.3,70,1094,10,0.24,0,-1,0.019,-0.012,0.044,2.19,13.73,6.59,95,Normal
17:59.2,Подгорица,Tekirdağ,None,0,49.4,70,1096.9,10,0.3,0,-1,0.003,-0.001,-0.046,2.19,13.73,6.59,95,Normal
18:00.2,Подгорица,Tekirdağ,None,0,49.7,70,1104.5,10,0.37,0,-1,0.002,0.012,-0.104,2.19,13.73,6.59,95,Normal
18:01.2,Подгорица,Tekirdağ,None,0,50,70,1111.1,10,0.38,0,-1,0.01,-0.013,-0.075,2.19,13.73,6.59,94.9,Normal
18:02.2,Подгорица,Tekirdağ,None,0,50.3,70,1116.8,10,0.36,0,-1,-0.017,0.003,-0.064,2.19,13.73,6.59,94.9,Normal
18:03.2,Подгорица,Tekirdağ,None,0,50.4,70,1121.6,10,0.4,0,-1,0,-0.024,-0.053,2.19,13.73,6.59,94.9,Normal
18:04.2,Подгорица,Tekirdağ,None,0,50.5,70,1122.6,10,0.39,0,-1,0.014,0.014,0.015,2.19,13.73,6.59,94.9,Normal
18:05.2,Подгорица,Tekirdağ,None,0,50.3,70,1118.3,10,0.39,0,-1,0.007,-0.002,0.085,2.19,13.73,6.59,94.9,Normal
18:06.2,Подгорица,Tekirdağ,None,0,49.9,70,1109.3,10,0.39,0,-1,0.01,-0.005,0.126,2.19,13.73,6.59,94.9,Normal
18:07.2,Подгорица,Tekirdağ,None,0,49.5,70,1099,10,0.42,0,-1,-0.052,-0.014,0.123,2.19,13.74,6.59,94.9,Normal
18:08.2,Подгорица,Tekirdağ,None,0,48.7,70,1079.3,10,0,0,-1,-0.04,0.051,0.279,2.19,13.74,6.59,94.9,Normal
18:09.2,Подгорица,Tekirdağ,None,0,47.8,70,1061.7,10,0.33,0,0,-0.036,-0.015,0.18,2.19,13.74,6.59,94.9,Normal
18:10.2,Подгорица,Tekirdağ,None,0,47.9,70,1064.2,10,0.41,0,0,-0.023,-0.014,-0.086,2.19,13.74,6.59,94.8,Normal
18:11.2,Подгорица,Tekirdağ,None,0,48.3,50,1073.5,10,0.36,0,1,-0.032,0.025,-0.128,2.19,13.74,6.59,94.8,Normal
18:12.2,Подгорица,Tekirdağ,None,0,48.8,50,1084.6,10,0.45,0,1,-0.008,0.025,-0.147,2.19,13.74,6.59,94.8,Normal
18:13.2,Подгорица,Tekirdağ,None,0,49.3,50,1095.7,10,0.41,0,0,0.046,0.032,-0.139,2.19,13.74,6.59,94.8,Normal
18:14.2,Подгорица,Tekirdağ,None,0,49.7,50,1103.2,10,0,0,0,0.031,-0.025,-0.106,2.19,13.74,6.59,94.8,Normal
18:15.2,Подгорица,Tekirdağ,None,0,49.9,50,1109.1,10,0,0,0,-0.003,0.02,-0.085,2.19,13.74,6.59,94.8,Normal
18:16.2,Подгорица,Tekirdağ,None,0,49.8,50,1103.3,10,0,0,0,-0.011,-0.02,0.09,2.19,13.74,6.59,94.8,Normal
18:17.2,Подгорица,Tekirdağ,None,0,49.4,50,1095.2,10,0,0,0,0.024,0.01,0.104,2.19,13.74,6.59,94.8,Normal
18:18.2,Подгорица,Tekirdağ,None,0,49,50,1086.7,10,0,0,0,-0.014,-0.035,0.108,2.19,13.74,6.59,94.8,Normal
18:19.2,Подгорица,Tekirdağ,None,0,48.6,50,1076.5,10,0,0,0,-0.007,0.036,0.145,2.19,13.75,6.59,94.8,Normal
18:20.2,Подгорица,Tekirdağ,None,0,48.1,50,1064.9,10,0,0,-1,0.021,-0.01,0.151,2.19,13.75,6.59,94.8,Normal
18:21.2,Подгорица,Tekirdağ,None,0,47.5,50,1053.3,10,0,0,0,-0.018,0.005,0.147,2.19,13.75,6.59,94.8,Normal
18:22.2,Подгорица,Tekirdağ,None,0,47,50,1041.4,10,0,0,0,0.017,0.05,0.139,2.19,13.75,6.59,94.8,Normal
18:23.2,Подгорица,Tekirdağ,None,0,46.4,50,1028.3,10,0,0,0,-0.035,-0.054,0.155,2.19,13.75,6.59,94.8,Normal
18:24.2,Подгорица,Tekirdağ,None,0,45.9,50,1016.4,10,0,0,0,0.007,0.107,0.156,2.19,13.75,6.59,94.8,Normal
18:25.2,Подгорица,Tekirdağ,None,0,45.4,50,1005.4,10,0,0,0,0.008,-0.041,0.149,2.19,13.75,6.59,94.8,Normal
18:26.2,Подгорица,Tekirdağ,None,0,44.9,50,993.7,10,0,0,-1,-0.003,-0.052,0.152,2.19,13.75,6.59,94.8,Normal
18:27.2,Подгорица,Tekirdağ,None,0,44.3,50,981.8,10,0,0,0,-0.022,0.045,0.15,2.19,13.76,6.59,94.8,Normal
18:28.2,Подгорица,Tekirdağ,None,0,43.8,50,971,10,0,0,0,-0.054,-0.038,0.151,2.19,13.76,6.59,94.8,Normal
18:29.2,Подгорица,Tekirdağ,None,0,43.3,50,960,10,0,0,1,0.008,0.003,0.146,2.19,13.76,6.59,94.8,Normal
18:30.2,Подгорица,Tekirdağ,None,0,42.8,50,948.8,10,0,0,1,-0.117,0.059,0.145,2.19,13.76,6.59,94.8,Normal
18:31.2,Подгорица,Tekirdağ,None,0,42.3,50,1182.2,10,0,0,1,-0.104,-0.011,0.164,2.19,13.76,6.59,94.8,Normal
18:32.2,Подгорица,Tekirdağ,None,0,41.7,50,1193.5,9,0,0,1,-0.075,-0.03,0.152,2.19,13.76,6.59,94.8,Normal
18:33.2,Подгорица,Tekirdağ,None,0,40.9,50,1171.3,9,0.13,0,1,-0.062,-0.013,0.22,2.19,13.76,6.59,94.8,Normal
18:34.2,Подгорица,Tekirdağ,None,0,40.5,50,1161.2,9,0.61,0,0,0.119,0.042,0.046,2.19,13.76,6.59,94.8,Normal
18:35.2,Подгорица,Tekirdağ,None,0,40.8,50,1173.8,9,0.58,0,-1,0.111,-0.023,-0.162,2.19,13.76,6.59,94.8,Normal
18:36.2,Подгорица,Tekirdağ,None,0,41.4,50,1188.4,9,0.39,0,-1,0.025,0.042,-0.122,2.19,13.76,6.59,94.7,Normal
18:37.2,Подгорица,Tekirdağ,None,0,41.3,50,1180,9,0,0,-1,0.077,0.053,0.216,2.19,13.76,6.59,94.7,Normal
18:38.2,Подгорица,Tekirdağ,None,0,40.3,50,1151.6,9,0,0,-1,0.146,0.012,0.292,2.19,13.76,6.59,94.7,Normal
18:39.2,Подгорица,Tekirdağ,None,0,39.3,50,1125.2,9,0.28,0,-1,0.077,-0.05,0.227,2.19,13.76,6.59,94.7,Normal
18:40.2,Подгорица,Tekirdağ,None,0,38.8,50,1113.3,9,0.3,0,-1,0.077,0.056,0.109,2.19,13.76,6.59,94.7,Normal
18:41.2,Подгорица,Tekirdağ,None,0,38.5,50,1104.3,9,0.37,0,-1,0.044,-0.022,0.094,2.2,13.77,6.59,94.7,Normal
18:42.2,Подгорица,Tekirdağ,None,0,38.3,50,1100.3,9,0.46,0,-1,-0.056,0,0.046,2.2,13.77,6.59,94.7,Normal
18:43.2,Подгорица,Tekirdağ,None,0,38,50,1091,9,0.45,0,-1,-0.015,0.025,0.117,2.2,13.77,6.59,94.7,Normal
18:44.2,Подгорица,Tekirdağ,None,0,37.6,50,1079.4,9,0.45,0,-1,0.002,0.022,0.13,2.2,13.77,6.59,94.7,Normal
18:45.2,Подгорица,Tekirdağ,None,0,37,50,1060.3,9,0.45,0,-1,-0.004,-0.057,0.229,2.2,13.77,6.59,94.7,Normal
18:46.2,Подгорица,Tekirdağ,None,0,36,50,1032.6,9,0.46,0,-1,-0.021,-0.011,0.295,2.2,13.77,6.59,94.6,Normal
18:47.2,Подгорица,Tekirdağ,None,0,34.8,50,999,9,0.54,0,-1,-0.024,0.017,0.357,2.2,13.77,6.59,94.6,Normal
18:48.2,Подгорица,Tekirdağ,None,0,33.9,50,974.1,9,0.76,0,-1,0.023,-0.023,0.186,2.2,13.77,6.59,94.6,Normal
18:49.2,Подгорица,Tekirdağ,None,0,33.5,50,964,9,0.81,0,-1,-0.062,0.106,0.071,2.2,13.77,6.59,94.6,Normal
18:50.2,Подгорица,Tekirdağ,None,0,33.5,70,998.6,9,1,0,-1,-0.011,0,0.129,2.2,13.77,6.59,94.6,Normal
18:51.2,Подгорица,Tekirdağ,None,0,32.4,70,1190.5,8,0.9,0,-1,0.005,0.036,0.296,2.2,13.77,6.59,94.6,Normal
18:52.2,Подгорица,Tekirdağ,None,0,32.9,70,1216.5,8,0.85,0,0,-0.05,-0.055,-0.296,2.2,13.77,6.59,94.5,Normal
18:53.2,Подгорица,Tekirdağ,None,0,34,70,1254,8,0.69,0,-1,0.054,0.04,-0.276,2.2,13.77,6.59,94.5,Normal
18:54.2,Подгорица,Tekirdağ,None,0,34.8,70,1286.8,8,0.72,0,-1,0.013,0.019,-0.252,2.2,13.77,6.59,94.5,Normal
18:55.2,Подгорица,Tekirdağ,None,0,35.8,70,1320.8,8,0.72,0,-1,-0.001,0.043,-0.266,2.2,13.77,6.59,94.5,Normal
18:56.2,Подгорица,Tekirdağ,None,0,36.7,70,1354.8,8,0.72,0,-1,0.002,-0.018,-0.274,2.2,13.77,6.59,94.4,Normal
18:57.2,Подгорица,Tekirdağ,None,0,37.7,70,1391.7,8,0.72,0,-1,0.015,-0.025,-0.276,2.2,13.77,6.59,94.4,Normal
18:58.2,Подгорица,Tekirdağ,None,0,38.7,70,1427.8,8,0.69,0,-1,0.057,0.008,-0.285,2.2,13.78,6.59,94.4,Normal
18:59.2,Подгорица,Tekirdağ,None,0,39.4,70,1453.2,8,0.5,0,-1,0.069,0.001,-0.159,2.2,13.78,6.59,94.4,Normal
19:00.2,Подгорица,Tekirdağ,None,0,40,70,1469.5,8,0.51,0,-1,-0.054,0.001,-0.156,2.2,13.78,6.59,94.3,Normal
19:01.2,Подгорица,Tekirdağ,None,0,39.7,70,1135.8,9,0.68,0,0,-0.158,-0.003,0.128,2.2,13.78,6.59,94.3,Normal
19:02.2,Подгорица,Tekirdağ,None,0,40,70,1151.4,9,0.56,0,-1,-0.014,0.005,-0.237,2.2,13.78,6.59,94.3,Normal
19:03.2,Подгорица,Tekirdağ,None,0,41.2,70,1184.4,9,0.61,0,-1,0.082,-0.003,-0.352,2.2,13.78,6.59,94.3,Normal
19:04.2,Подгорица,Tekirdağ,None,0,42.6,70,1224.2,9,0.51,0,0,-0.094,0.004,-0.415,2.2,13.78,6.59,94.3,Normal
19:05.2,Подгорица,Tekirdağ,None,0,43.9,70,1261.2,9,0.4,0,-1,0.038,0,-0.348,2.2,13.78,6.59,94.3,Normal
19:06.2,Подгорица,Tekirdağ,None,0,45.2,70,1299.7,9,0.46,0,0,-0.072,0.02,-0.394,2.2,13.78,6.59,94.3,Normal
19:07.2,Подгорица,Tekirdağ,None,0,46.6,70,1336.8,9,0.33,0,1,-0.103,-0.011,-0.35,2.2,13.79,6.59,94.2,Normal
19:08.2,Подгорица,Tekirdağ,None,0,47.7,70,1370.5,9,0.54,0,0,0.015,0.009,-0.353,2.2,13.79,6.59,94.2,Normal
19:09.2,Подгорица,Tekirdağ,None,0,48.9,70,1230.3,9,0.47,0,0,0.009,0.07,-0.177,2.2,13.79,6.59,94.2,Normal
19:10.2,Подгорица,Tekirdağ,None,0,49.2,70,1092.1,10,0,0,1,0.007,-0.027,-0.082,2.2,13.79,6.59,94.2,Normal
19:11.2,Подгорица,Tekirdağ,None,0,49.4,70,1096.3,10,0.41,0,1,-0.159,-0.044,-0.041,2.2,13.79,6.59,94.2,Normal
19:12.2,Подгорица,Tekirdağ,None,0,50.2,70,1118.1,10,0.57,0,1,-0.046,-0.046,-0.327,2.2,13.79,6.59,94.2,Normal
19:13.2,Подгорица,Tekirdağ,None,0,51.4,70,1144,10,0.49,0,1,-0.051,0.062,-0.365,2.2,13.79,6.59,94.2,Normal
19:14.2,Подгорица,Tekirdağ,None,0,52.6,70,1171.1,10,0.4,0,1,0.052,0.062,-0.341,2.2,13.79,6.59,94.2,Normal
19:15.2,Подгорица,Tekirdağ,None,0,53.8,70,1197.7,10,0.42,0,1,0.014,0.032,-0.348,2.2,13.79,6.59,94.2,Normal
19:16.2,Подгорица,Tekirdağ,None,0,55,70,1221.4,10,0,0,1,0.007,-0.003,-0.285,2.2,13.79,6.59,94.1,Normal
19:17.2,Подгорица,Tekirdağ,None,0,55.6,70,1233.3,10,0,0,0,0.086,-0.04,-0.118,2.2,13.79,6.59,94.1,Normal
19:18.2,Подгорица,Tekirdağ,None,0,56,70,1242.6,10,0,0,-1,0.084,-0.026,-0.103,2.2,13.8,6.59,94.1,Normal
19:19.2,Подгорица,Tekirdağ,None,0,56.3,70,1248.1,10,0,0,0,-0.061,-0.1,-0.058,2.2,13.8,6.59,94.1,Normal
19:20.2,Подгорица,Tekirdağ,None,0,56.6,70,1257.7,10,0.41,0,0,0.043,0.034,-0.144,2.2,13.8,6.59,94.1,Normal
19:21.2,Подгорица,Tekirdağ,None,0,57.3,70,1272.5,10,0,0,1,0.011,0.036,-0.176,2.2,13.8,6.59,94.1,Normal
19:22.2,Подгорица,Tekirdağ,None,0,57.4,70,1272.7,10,0,0,0,-0.016,-0.024,0.055,2.2,13.8,6.59,94.1,Normal
19:23.2,Подгорица,Tekirdağ,None,0,56.8,70,1258.6,10,0,0,0,0.026,-0.048,0.222,2.2,13.8,6.59,94.1,Normal
19:24.2,Подгорица,Tekirdağ,None,0,56,70,1240.6,10,0,0,0,0.046,0.035,0.251,2.2,13.8,6.59,94.1,Normal
19:25.2,Подгорица,Tekirdağ,None,0,54.9,70,1216.5,10,0,0.04,0,-0.033,0.071,0.401,2.2,13.8,6.6,94.1,Normal
19:26.2,Подгорица,Tekirdağ,None,0,53.3,70,1178.3,10,0,0.07,0,-0.002,-0.026,0.643,2.2,13.8,6.6,94.1,Normal
19:27.2,Подгорица,Tekirdağ,None,0,51.2,70,1133.6,10,0,0.08,-1,0.027,-0.039,0.57,2.2,13.8,6.6,94.1,Normal
19:28.2,Подгорица,Tekirdağ,None,0,49.1,70,1083.8,10,0,0.19,0,-0.001,0.047,0.784,2.2,13.8,6.6,94.1,Normal
19:29.2,Подгорица,Tekirdağ,None,0,45.6,70,1006.8,10,0,0.19,0,-0.04,0.063,1.104,2.2,13.81,6.6,94.1,Normal
19:30.2,Подгорица,Tekirdağ,None,0,41.6,70,962,10,0,0.23,0,-0.026,0.042,1.227,2.2,13.81,6.6,94.1,Normal
19:31.2,Подгорица,Tekirdağ,None,0,38,70,1082.9,9,0,0.17,0,-0.02,-0.075,0.94,2.2,13.81,6.6,94.1,Normal
19:32.2,Подгорица,Tekirdağ,None,0,34.2,70,971.4,9,0,0.37,0,-0.013,-0.003,1.331,2.2,13.81,6.6,94.1,Normal
19:33.2,Подгорица,Tekirdağ,None,0,28.7,70,996.1,9,0,0.51,-1,0.047,-0.016,1.793,2.2,13.81,6.6,94.1,Normal
19:34.2,Подгорица,Tekirdağ,None,0,21.4,70,987.3,8,0,0.24,-1,0.037,-0.048,1.967,2.2,13.81,6.6,94.1,Normal
19:35.2,Подгорица,Tekirdağ,None,0,18.8,70,1140.1,6,0,0,-1,0.141,-0.013,0.323,2.2,13.81,6.6,94.1,Normal
19:36.2,Подгорица,Tekirdağ,None,0,18,70,1097.3,6,0.04,0,-1,0.1,-0.004,0.181,2.2,13.81,6.6,94.1,Normal
19:37.2,Подгорица,Tekirdağ,None,0,17.6,70,1069.4,6,0,0,-1,0.052,0.032,0.147,2.2,13.81,6.6,94.1,Normal
19:38.2,Подгорица,Tekirdağ,None,0,17,70,1031.8,6,0,0,-1,-0.001,-0.002,0.184,2.2,13.81,6.6,94.1,Normal
19:39.2,Подгорица,Tekirdağ,None,0,16.3,70,994.2,6,0,0,1,-0.437,-0.005,0.197,2.2,13.81,6.6,94.1,Normal
19:40.2,Подгорица,Tekirdağ,None,0,15.6,70,950,6,0,0,1,-0.313,0.003,0.204,2.2,13.81,6.6,94.1,Normal
19:41.2,Подгорица,Tekirdağ,None,0,14.9,70,905.1,6,0,0,1,-0.216,-0.004,0.203,2.2,13.81,6.6,94.1,Normal
19:42.2,Подгорица,Tekirdağ,None,0,15,70,924.4,6,0.37,0,1,-0.159,-0.03,-0.263,2.2,13.81,6.6,94.1,Normal
19:43.2,Подгорица,Tekirdağ,None,0,16.2,70,1001.8,6,0.28,0,1,-0.072,0.004,-0.326,2.2,13.81,6.6,94.1,Normal
19:44.2,Подгорица,Tekirdağ,None,0,16.4,70,998,6,0,0,-1,0.405,0.019,0.178,2.2,13.81,6.6,94.1,Normal
19:45.2,Подгорица,Tekirdağ,None,0,15.7,70,954.8,6,0.03,0,-1,0.402,0.013,0.217,2.2,13.81,6.6,94.1,Normal
19:46.2,Подгорица,Tekirdağ,None,0,14.9,70,910.7,6,0.04,0,-1,0.302,-0.005,0.182,2.2,13.82,6.6,94.1,Normal
19:47.2,Подгорица,Tekirdağ,None,0,14.9,70,926.4,6,0.63,0,-1,-0.015,-0.025,-0.33,2.2,13.82,6.6,94.1,Normal
19:48.2,Подгорица,Tekirdağ,None,0,17.2,70,1068.2,6,0.62,0,0,-0.053,-0.008,-0.728,2.2,13.82,6.6,94.1,Normal
19:49.3,Подгорица,Tekirdağ,None,0,19.6,70,1217.9,6,0.64,0,0,-0.068,0.008,-0.716,2.2,13.82,6.6,94.1,Normal
19:50.2,Подгорица,Tekirdağ,None,0,22.4,70,1392.7,6,0.87,0,1,-0.115,-0.014,-0.879,2.2,13.82,6.6,94,Normal
19:51.2,Подгорица,Tekirdağ,None,0,25.1,70,1400.8,6,0.84,0,1,-0.159,0.096,-0.331,2.2,13.82,6.6,94,Normal
19:52.2,Подгорица,Tekirdağ,None,0,25.2,70,930.2,8,0.71,0,1,-0.086,0.026,-0.064,2.2,13.82,6.6,94,Normal
19:53.2,Подгорица,Tekirdağ,None,0,26.6,70,985,8,0.81,0,0,0.011,-0.015,-0.508,2.2,13.82,6.6,94,Normal
19:54.2,Подгорица,Tekirdağ,None,0,28.5,70,1055.1,8,0.82,0,1,0.001,-0.014,-0.588,2.2,13.82,6.6,94,Normal
19:55.3,Подгорица,Tekirdağ,None,0,30.5,70,1130.6,8,0.94,0,0,0.013,0.001,-0.573,2.2,13.82,6.6,93.9,Normal
19:56.2,Подгорица,Tekirdağ,None,0,32.7,70,1210.9,8,0.99,0,1,0.007,-0.012,-0.649,2.2,13.82,6.6,93.9,Normal
19:57.2,Подгорица,Tekirdağ,None,0,35,70,1294,8,0.97,0,1,-0.013,-0.01,-0.627,2.2,13.82,6.6,93.9,Normal
19:58.2,Подгорица,Tekirdağ,None,0,37.2,70,1377.3,8,0.95,0,1,0.004,0.005,-0.649,2.2,13.82,6.6,93.9,Normal
19:59.2,Подгорица,Tekirdağ,None,0,39.5,70,1458.7,8,0.94,0,1,-0.013,-0.013,-0.633,2.2,13.82,6.6,93.8,Normal
20:00.2,Подгорица,Tekirdağ,None,0,40.8,70,1225.9,8,0.93,0,1,-0.022,0.072,-0.106,2.2,13.82,6.6,93.8,Normal
20:01.2,Подгорица,Tekirdağ,None,0,41.4,70,1190.6,9,0.91,0,1,0.019,-0.071,-0.357,2.2,13.82,6.6,93.8,Normal
20:02.3,Подгорица,Tekirdağ,None,0,43.2,70,1243.3,9,0.76,0,1,0.002,0.017,-0.545,2.2,13.82,6.6,93.8,Normal
20:03.2,Подгорица,Tekirdağ,None,0,44.9,70,1292.2,9,0.77,0,1,-0.043,-0.015,-0.533,2.2,13.82,6.6,93.7,Normal
20:04.2,Подгорица,Tekirdağ,None,0,46.7,70,1343.9,9,0.76,0,1,-0.07,0,-0.51,2.2,13.82,6.6,93.7,Normal
20:05.2,Подгорица,Tekirdağ,None,0,48.4,70,1394.3,9,0.78,0,1,-0.012,-0.041,-0.512,2.2,13.83,6.6,93.7,Normal
20:06.2,Подгорица,Tekirdağ,None,0,49.9,70,1250.1,9,0,0,1,-0.078,0.072,-0.189,2.2,13.83,6.6,93.7,Normal
20:07.2,Подгорица,Tekirdağ,None,0,50.1,70,1111.3,10,0,0,1,-0.016,0.053,-0.02,2.2,13.83,6.6,93.7,Normal
20:08.2,Подгорица,Tekirdağ,None,0,50,70,1106.7,10,0,0,1,-0.022,0.022,0.083,2.2,13.83,6.6,93.7,Normal
20:09.3,Подгорица,Tekirdağ,None,0,49.5,70,1096.7,10,0,0,1,-0.065,0.039,0.134,2.2,13.83,6.6,93.7,Normal
20:10.2,Подгорица,Tekirdağ,None,0,47.7,70,1119.9,10,0,1,0,-0.057,0.133,1.841,2.2,13.83,6.6,93.7,Hard Braking
20:11.2,Подгорица,Tekirdağ,None,0,36.7,70,1329.2,8,0,1,0,0.154,0,3.475,2.2,13.83,6.6,93.7,Hard Braking
20:12.2,Подгорица,Tekirdağ,None,0,24.2,50,1448.5,6,0,1,0,0.083,-0.082,3.457,2.2,13.83,6.6,93.7,Hard Braking
20:13.2,Подгорица,Tekirdağ,None,0,12.3,50,1160,4,0,1,-1,0.283,0.007,3.277,2.2,13.83,6.6,93.7,Normal
20:14.3,Подгорица,Tekirdağ,None,0,0.1,50,549.9,1,0,1,0,-0.198,0.041,3.309,2.2,13.83,6.6,93.7,Normal
20:15.3,Подгорица,Tekirdağ,None,0,0,50,550,1,0,1,0,-0.001,0.018,-0.007,2.2,13.83,6.6,93.7,Normal
20:16.3,Подгорица,Tekirdağ,None,0,0,50,550,1,0,0,-1,-0.007,-0.015,-0.002,2.2,13.83,6.6,93.7,Normal
20:17.2,Подгорица,Tekirdağ,None,0,0,50,550,1,0,0,0,0,-0.001,0.001,2.2,13.83,6.6,93.7,Normal
20:18.2,Подгорица,Tekirdağ,None,0,0,50,550,1,0,0,1,-0.004,-0.001,0,2.2,13.83,6.6,93.7,Normal
20:19.2,Подгорица,Tekirdağ,None,0,0,50,550,1,0,0,1,0.002,0.007,0.001,2.2,13.83,6.6,93.7,Normal
20:20.2,Подгорица,Tekirdağ,None,0,0,50,550,1,0,0,1,0,-0.001,-0.002,2.2,13.83,6.6,93.7,Normal
20:21.2,Подгорица,Tekirdağ,None,0,0,50,550,1,0,0,0,-0.003,0.009,0,2.2,13.83,6.6,93.7,Normal
20:22.2,Подгорица,Tekirdağ,None,0,0,50,550,1,0,0,0,0,-0.001,-0.001,2.2,13.83,6.6,93.7,Normal
20:23.2,Подгорица,Tekirdağ,None,0,0,50,550,1,0,0,0,0.003,-0.001,0.002,2.2,13.83,6.6,93.7,Normal
20:24.2,Подгорица,Tekirdağ,None,0,0,50,550,1,0,0,0,-0.001,0,0.001,2.2,13.83,6.6,93.7,Normal
20:25.2,Подгорица,Tekirdağ,None,0,0,50,550,1,0,0,0,0.002,0,0.001,2.2,13.83,6.6,93.7,Normal
20:26.2,Подгорица,Tekirdağ,None,0,0,50,550,1,0,0,0,-0.003,-0.002,-0.001,2.2,13.83,6.6,93.7,Normal
20:27.2,Подгорица,Tekirdağ,None,0,1.6,50,818,1,1,0,1,0.165,0.112,-1.513,2.2,13.83,6.6,93.7,Normal
20:28.2,Подгорица,Tekirdağ,None,0,7.7,50,1269.2,1,0,0,1,-0.21,0.273,-0.479,2.2,13.83,6.6,93.6,Normal
20:29.2,Подгорица,Tekirdağ,None,0,8.2,50,1047.4,3,0.44,0,1,-0.06,0.013,-0.205,2.2,13.83,6.6,93.6,Normal
20:30.3,Подгорица,Tekirdağ,None,0,11.7,50,1517.5,3,0.68,0,1,-0.021,-0.054,-1.361,2.2,13.84,6.6,93.6,Normal
20:31.2,Подгорица,Tekirdağ,None,0,12.9,50,1018.1,5,0.75,0,0,-0.003,-0.01,-0.066,2.2,13.84,6.6,93.6,Normal
20:32.2,Подгорица,Tekirdağ,None,0,15.2,50,1229.6,5,0.83,0,-1,0.046,-0.085,-1.162,2.2,13.84,6.6,93.6,Normal
20:33.2,Подгорица,Tekirdağ,None,0,18.9,50,1392.8,5,0.64,0,-1,0.015,0.056,-0.56,2.2,13.84,6.6,93.6,Normal
20:34.3,Подгорица,Tekirdağ,None,0,19.5,50,927.5,7,0.53,0,-1,0.035,0.034,-0.1,2.2,13.84,6.6,93.6,Normal
20:35.3,Подгорица,Tekirdağ,None,0,21,50,1004.1,7,0.6,0,0,-0.005,-0.015,-0.543,2.2,13.84,6.6,93.6,Normal
20:36.3,Подгорица,Tekirdağ,None,0,22.9,50,1093.5,7,0.6,0,0,-0.002,0.002,-0.54,2.2,13.84,6.6,93.6,Normal
20:37.2,Подгорица,Tekirdağ,None,0,24.8,50,1184.1,7,0.82,0,0,0.004,-0.021,-0.583,2.2,13.84,6.6,93.5,Normal
20:38.3,Подгорица,Tekirdağ,None,0,27.2,50,1302.1,7,0.81,0,0,-0.023,0.02,-0.732,2.2,13.84,6.6,93.5,Normal
20:39.3,Подгорица,Tekirdağ,None,0,29.7,50,1416.5,7,0.67,0,0,-0.021,0.011,-0.618,2.2,13.84,6.6,93.5,Normal
20:40.2,Подгорица,Tekirdağ,None,0,30.6,50,1146.3,8,0.94,0,1,-0.054,0.013,-0.029,2.2,13.84,6.6,93.5,Normal
20:41.2,Подгорица,Tekirdağ,None,0,30.5,50,1388.2,8,0.74,0,1,-0.008,-0.004,0.054,2.2,13.84,6.6,93.5,Normal
20:42.2,Подгорица,Tekirdağ,None,0,30.8,50,1472.1,7,1,0,1,-0.03,-0.115,-0.465,2.2,13.84,6.6,93.5,Normal
20:43.2,Подгорица,Tekirdağ,None,0,31.9,50,1222.9,7,1,0,1,-0.017,0.022,-0.051,2.2,13.84,6.6,93.4,Normal
20:44.3,Подгорица,Tekirdağ,None,0,32.4,50,1198.3,8,1,0,1,-0.013,-0.089,-0.419,2.2,13.84,6.6,93.4,Normal
20:45.2,Подгорица,Tekirdağ,None,0,34.5,50,1275.4,8,1,0,0,0.036,-0.004,-0.64,2.2,13.84,6.6,93.4,Normal
20:46.2,Подгорица,Tekirdağ,None,0,36.6,50,1351.5,8,0.86,0,0,0.024,0.031,-0.591,2.2,13.84,6.6,93.4,Normal
20:47.2,Подгорица,Tekirdağ,None,0,38,50,1395.6,8,0,0,0,0.027,0.162,-0.086,2.2,13.84,6.6,93.4,Normal
20:48.2,Подгорица,Tekirdağ,None,0,37.8,50,1390.1,8,0.72,0,0,0.023,-0.014,0.037,2.2,13.84,6.6,93.4,Normal
20:49.3,Подгорица,Tekirdağ,None,0,38.9,50,1432,8,0.75,0,0,0.008,0.011,-0.461,2.2,13.84,6.6,93.4,Normal
20:50.3,Подгорица,Tekirdağ,None,0,39.2,50,1120.6,9,0,0,1,-0.018,-0.005,0.107,2.2,13.84,6.6,93.4,Normal
20:51.3,Подгорица,Tekirdağ,None,0,38.8,50,1110.5,9,0,0,1,-0.059,0.018,0.11,2.2,13.84,6.6,93.4,Normal
20:52.3,Подгорица,Tekirdağ,None,0,38.4,50,1098.6,9,0,0,1,-0.038,-0.007,0.115,2.2,13.84,6.6,93.4,Normal
20:53.3,Подгорица,Tekirdağ,None,0,38,50,1086.2,9,0,0,0,-0.129,0.065,0.119,2.2,13.84,6.6,93.4,Normal
20:54.3,Подгорица,Tekirdağ,None,0,37.6,50,1075.2,9,0,0,1,0.035,0.008,0.129,2.2,13.84,6.6,93.4,Normal
20:55.3,Подгорица,Tekirdağ,None,0,37.2,50,1063.3,9,0,0,1,-0.014,-0.012,0.112,2.2,13.84,6.6,93.4,Normal
20:56.3,Подгорица,Tekirdağ,None,0,36.8,50,1051.6,9,0,0,1,0.011,-0.011,0.129,2.2,13.84,6.6,93.4,Normal
20:57.3,Подгорица,Tekirdağ,None,0,36.4,50,1039.6,9,0,0,0,0.037,0.008,0.119,2.2,13.84,6.6,93.4,Normal
20:58.3,Подгорица,Tekirdağ,None,0,35.9,50,1028.1,9,0,0,0,0.022,0.007,0.117,2.2,13.84,6.6,93.4,Normal
20:59.3,Подгорица,Tekirdağ,None,0,35.5,50,1016.1,9,0,0,-1,0.087,-0.051,0.114,2.2,13.84,6.6,93.4,Normal
21:00.3,Подгорица,Tekirdağ,None,0,35.1,50,1004.6,9,0,0,-1,0.015,0.042,0.105,2.2,13.84,6.6,93.4,Normal
21:01.3,Подгорица,Tekirdağ,None,0,34.7,50,993.7,9,0.28,0,-1,0.027,0.003,0.117,2.2,13.84,6.6,93.4,Normal
21:02.3,Подгорица,Tekirdağ,None,0,34.6,50,989.1,9,0,0,-1,0.029,0.021,0.084,2.2,13.84,6.6,93.4,Normal
21:03.3,Подгорица,Tekirdağ,None,0,34.2,50,978.1,9,0,0,-1,0.104,0.014,0.115,2.2,13.84,6.6,93.4,Normal
21:04.3,Подгорица,Tekirdağ,None,0,33.8,50,966.8,9,0,0,-1,0.126,-0.019,0.112,2.2,13.84,6.6,93.4,Normal
21:05.3,Подгорица,Tekirdağ,None,0,33.4,50,957,9,0.29,0,-1,0.015,-0.039,0.075,2.2,13.84,6.6,93.4,Normal
21:06.3,Подгорица,Tekirdağ,None,0,33.6,50,965.7,9,0.38,0,-1,0.014,-0.014,-0.12,2.2,13.84,6.6,93.4,Normal
21:07.3,Подгорица,Tekirdağ,None,0,34.2,50,984.1,9,0.46,0,-1,0.063,0.005,-0.191,2.2,13.84,6.6,93.4,Normal
21:08.3,Подгорица,Tekirdağ,None,0,35,50,1008.7,9,0.59,0,-1,-0.053,-0.001,-0.255,2.2,13.84,6.6,93.4,Normal
21:09.3,Подгорица,Tekirdağ,None,0,35.9,50,1034.3,9,0.53,0,0,-0.165,0.002,-0.255,2.2,13.84,6.6,93.4,Normal
21:10.3,Подгорица,Tekirdağ,None,0,36.8,50,1059.1,9,0.6,0,1,-0.161,0.003,-0.262,2.2,13.84,6.6,93.4,Normal
21:11.3,Подгорица,Tekirdağ,None,0,37.8,50,1088.8,9,0.63,0,1,-0.142,-0.011,-0.301,2.2,13.84,6.6,93.4,Normal
21:12.3,Подгорица,Tekirdağ,None,0,39,50,1122.6,9,0.67,0,1,-0.128,-0.019,-0.345,2.2,13.84,6.6,93.4,Normal
21:13.3,Подгорица,Tekirdağ,None,0,40.1,50,1150.8,9,0.39,0,0,0.075,0.041,-0.254,2.2,13.84,6.6,93.4,Normal
21:14.3,Подгорица,Tekirdağ,None,0,40.9,50,1175.4,9,0.53,0,0,0.043,-0.02,-0.252,2.2,13.84,6.6,93.4,Normal
21:15.3,Подгорица,Tekirdağ,None,0,41.8,50,1200.5,9,0.47,0,-1,0.088,-0.014,-0.237,2.2,13.84,6.6,93.4,Normal
21:16.3,Подгорица,Tekirdağ,None,0,42.6,50,1223.4,9,0.46,0,-1,0.089,-0.011,-0.227,2.2,13.84,6.6,93.4,Normal
21:17.3,Подгорица,Tekirdağ,None,0,43.4,50,1245.5,9,0.46,0,-1,-0.056,-0.002,-0.227,2.2,13.84,6.6,93.4,Normal
21:18.3,Подгорица,Tekirdağ,None,0,44.1,50,1268,9,0.5,0,-1,-0.012,0.019,-0.229,2.2,13.84,6.6,93.4,Normal
21:19.3,Подгорица,Tekirdağ,None,0,45,50,1292.4,9,0.53,0,1,-0.105,-0.055,-0.259,2.2,13.84,6.6,93.4,Normal
21:20.3,Подгорица,Tekirdağ,None,0,45.9,50,1320.1,9,0.58,0,1,-0.055,0.06,-0.283,2.2,13.84,6.6,93.4,Normal
21:21.3,Подгорица,Tekirdağ,None,0,47,50,1350.3,9,0.61,0,1,-0.014,-0.029,-0.303,2.2,13.85,6.6,93.3,Normal
21:22.3,Подгорица,Tekirdağ,None,0,48.1,50,1381.3,9,0.61,0,1,0.001,0.029,-0.303,2.2,13.85,6.6,93.3,Normal
21:23.3,Подгорица,Tekirdağ,None,0,48.9,50,1234.8,9,0.66,0,1,-0.057,0.082,-0.055,2.2,13.85,6.6,93.3,Normal
21:24.3,Подгорица,Tekirdağ,None,0,48.9,50,1087.6,10,0.58,0,1,-0.082,0.016,-0.093,2.2,13.85,6.6,93.3,Normal
21:25.3,Подгорица,Tekirdağ,None,0,49.6,50,1105.7,10,0.59,0,1,-0.016,-0.044,-0.281,2.2,13.85,6.6,93.3,Normal
21:26.3,Подгорица,Tekirdağ,None,0,50.7,50,1127.4,10,0.15,0,1,0.071,0.017,-0.294,2.2,13.85,6.6,93.3,Normal
21:27.3,Подгорица,Tekirdağ,None,0,51.2,50,1138.8,10,0.37,0,0,0.011,-0.016,-0.16,2.2,13.85,6.6,93.3,Normal
21:28.3,Подгорица,Tekirdağ,None,0,51.5,50,1143.1,10,0,0,1,0.001,0.001,-0.031,2.2,13.85,6.6,93.3,Normal
21:29.3,Подгорица,Tekirdağ,None,0,51.6,50,1143.9,10,0,0,1,-0.012,0.047,-0.004,2.2,13.85,6.6,93.3,Normal
21:30.3,Подгорица,Tekirdağ,None,0,51.5,50,1142.1,10,0,0,-1,0.026,0,0.044,2.2,13.85,6.6,93.3,Normal
21:31.3,Подгорица,Tekirdağ,None,0,51.3,50,1137.5,10,0,0,0,0,-0.015,0.072,2.2,13.85,6.6,93.3,Normal
21:32.3,Подгорица,Tekirdağ,None,0,51,50,1130,10,0,0,-1,0.047,-0.056,0.094,2.2,13.85,6.6,93.3,Normal
21:33.3,Подгорица,Tekirdağ,None,0,50.6,50,1121.5,10,0,0,0,-0.004,0.024,0.103,2.2,13.85,6.6,93.3,Normal
21:34.3,Подгорица,Tekirdağ,None,0,50.2,50,1114.1,10,0,0,0,0.014,0.026,0.083,2.2,13.85,6.6,93.3,Normal
21:35.3,Подгорица,Tekirdağ,None,0,50.2,50,1115.9,10,0,0,0,-0.002,0.01,-0.052,2.2,13.85,6.6,93.3,Normal
21:36.3,Подгорица,Tekirdağ,None,0,50.4,50,1117.6,10,0,0,0,-0.018,-0.021,-0.015,2.2,13.85,6.6,93.3,Normal
21:37.3,Подгорица,Tekirdağ,None,0,50.3,50,1117,10,0,0,0,-0.014,0.011,0.015,2.2,13.85,6.6,93.3,Normal
21:38.3,Подгорица,Tekirdağ,None,0,50.3,50,1116.6,10,0,0,-1,0.027,-0.06,0.005,2.2,13.85,6.6,93.3,Normal
21:39.3,Подгорица,Tekirdağ,None,0,50.3,50,1116.4,10,0,0,0,-0.013,0.032,0,2.2,13.85,6.6,93.3,Normal
21:40.3,Подгорица,Tekirdağ,None,0,50.3,50,1116.3,10,0,0,0,0.01,0.022,0,2.2,13.85,6.6,93.3,Normal
21:41.3,Подгорица,Tekirdağ,None,0,50.3,50,1116.8,10,0,0,0,0.004,0.013,-0.005,2.2,13.85,6.6,93.3,Normal
21:42.3,Подгорица,Tekirdağ,None,0,50.3,50,1116.6,10,0,0,0,0.055,-0.008,0.002,2.2,13.85,6.6,93.3,Normal
21:43.3,Подгорица,Tekirdağ,None,0,50.3,50,1116.4,10,0,0,0,-0.004,-0.007,0.008,2.2,13.85,6.6,93.3,Normal
21:44.3,Подгорица,Tekirdağ,None,0,50.3,50,1116.4,10,0,0,0,0.006,0.003,-0.005,2.2,13.85,6.6,93.3,Normal
21:45.3,Подгорица,Tekirdağ,None,0,50.3,50,1116.5,10,0,0,0,0.022,0.011,0,2.2,13.85,6.6,93.3,Normal
21:46.3,Подгорица,Tekirdağ,None,0,50.3,50,1116.5,10,0,0,0,-0.005,-0.049,-0.006,2.2,13.85,6.6,93.3,Normal
21:47.3,Подгорица,Tekirdağ,None,0,50.3,50,1116.5,10,0,0,0,-0.004,0.007,0.007,2.2,13.85,6.6,93.3,Normal
21:48.3,Подгорица,Tekirdağ,None,0,50.3,50,1117,10,0,0,0,0.006,-0.06,-0.01,2.2,13.85,6.6,93.3,Normal
21:49.3,Подгорица,Tekirdağ,None,0,50.3,50,1115.7,10,0,0,0,0.039,-0.049,-0.009,2.2,13.85,6.6,93.3,Normal
21:50.3,Подгорица,Tekirdağ,None,0,50.3,50,1116.8,10,0,0,0,0.006,-0.078,-0.004,2.2,13.85,6.6,93.3,Normal
21:51.3,Подгорица,Tekirdağ,None,0,50.3,50,1116.9,10,0,0,-1,-0.012,0.011,0.014,2.2,13.85,6.6,93.3,Normal
21:52.3,Подгорица,Tekirdağ,None,0,50.3,50,1116.5,10,0,0,1,-0.02,-0.04,-0.001,2.21,13.85,6.6,93.3,Normal
21:53.3,Подгорица,Tekirdağ,None,0,50.3,50,1116.8,10,0,0,-1,0.001,0.014,-0.009,2.21,13.85,6.6,93.3,Normal
21:54.3,Подгорица,Tekirdağ,None,0,50.3,50,1116.9,10,0,0,1,-0.007,0.084,-0.011,2.21,13.85,6.6,93.3,Normal
21:55.3,Подгорица,Tekirdağ,None,0,50.2,50,1115,10,0,0,1,-0.029,-0.048,0.044,2.21,13.86,6.6,93.3,Normal
21:56.3,Подгорица,Tekirdağ,None,0,50,50,1112,10,0,0,0,-0.02,-0.016,0.052,2.21,13.86,6.6,93.3,Normal
21:57.3,Подгорица,Tekirdağ,None,0,49.9,50,1111.1,10,0,0,0,-0.005,0.005,0.015,2.21,13.86,6.6,93.2,Normal
21:58.3,Подгорица,Tekirdağ,None,0,50,50,1112.3,10,0,0,0,0.012,0.034,-0.018,2.21,13.86,6.6,93.2,Normal
21:59.3,Подгорица,Tekirdağ,None,0,50,50,1114.4,10,0,0,0,0.003,0.003,-0.023,2.21,13.86,6.6,93.2,Normal
22:00.3,Подгорица,Tekirdağ,None,0,50.2,50,1117.3,10,0,0,0,0.024,0.026,-0.052,2.21,13.86,6.6,93.2,Normal
22:01.3,Подгорица,Tekirdağ,None,0,50.4,50,1121.1,10,0,0,0,-0.039,-0.068,-0.062,2.21,13.86,6.6,93.2,Normal
22:02.3,Подгорица,Tekirdağ,None,0,50.6,50,1124.9,10,0,0,1,-0.018,-0.001,-0.052,2.21,13.86,6.6,93.1,Normal
22:03.3,Подгорица,Tekirdağ,None,0,50.7,50,1126.2,10,0,0,1,-0.03,0.027,-0.009,2.21,13.87,6.6,93.1,Normal
22:04.3,Подгорица,Tekirdağ,None,0,50.6,50,1123.3,10,0,0,1,-0.003,-0.002,0.045,2.21,13.87,6.6,93.1,Normal
22:05.3,Подгорица,Tekirdağ,None,0,50.5,50,1119.6,10,0,0,1,-0.025,0.01,0.048,2.21,13.87,6.6,93.1,Normal
22:06.3,Подгорица,Tekirdağ,None,0,50.4,50,1117.6,10,0,0,1,-0.009,0.013,0.02,2.21,13.87,6.6,93.1,Normal
22:07.3,Подгорица,Tekirdağ,None,0,50.3,50,1117.2,10,0,0,1,0.004,-0.015,0.003,2.21,13.87,6.6,93.1,Normal
22:08.3,Подгорица,Tekirdağ,None,0,50.3,50,1116.7,10,0,0,1,-0.01,0.028,0.007,2.21,13.87,6.6,93.1,Normal
22:09.3,Подгорица,Tekirdağ,None,0,50.3,50,1116.7,10,0,0,-1,0.115,-0.009,0.003,2.21,13.87,6.6,93.1,Normal
22:10.3,Подгорица,Tekirdağ,None,0,50.3,50,1116.5,10,0,0,0,-0.029,0.036,0,2.21,13.87,6.6,93.1,Normal
22:11.3,Подгорица,Tekirdağ,None,0,50.3,50,1116.6,10,0,0,1,-0.043,-0.06,0.008,2.21,13.87,6.6,93.1,Normal
22:12.3,Подгорица,Tekirdağ,None,0,50.3,50,1116.6,10,0,0,-1,0.046,0.035,-0.014,2.21,13.87,6.6,93.1,Normal
22:13.3,Подгорица,Tekirdağ,None,0,50.3,50,1116.6,10,0,0,0,0.011,0.06,-0.004,2.21,13.87,6.6,93.1,Normal
22:14.3,Подгорица,Tekirdağ,None,0,50.3,50,1116.7,10,0,0,0,-0.004,-0.007,0,2.21,13.87,6.6,93.1,Normal
22:15.3,Подгорица,Tekirdağ,None,0,50.3,50,1116.8,10,0,0,0,-0.004,0.005,-0.005,2.21,13.88,6.6,93.1,Normal
22:16.3,Подгорица,Tekirdağ,None,0,50.3,50,1116.4,10,0,0,0,-0.005,0.001,0.004,2.21,13.88,6.6,93.1,Normal
22:17.3,Подгорица,Tekirdağ,None,0,50.3,50,1116.7,10,0,0,0,-0.014,0.021,-0.004,2.21,13.88,6.6,93,Normal
22:18.3,Подгорица,Tekirdağ,None,0,50.3,50,1116.4,10,0,0,0,0.003,-0.03,-0.001,2.21,13.88,6.6,93,Normal
22:19.3,Подгорица,Tekirdağ,None,0,50.1,70,1115,10,0.79,0,1,-0.138,-0.041,0.06,2.21,13.88,6.6,93,Normal
22:20.3,Подгорица,Tekirdağ,None,0,49.8,70,1426.9,9,1,0,1,-0.015,-0.014,0.114,2.21,13.88,6.6,93,Normal
22:21.3,Подгорица,Tekirdağ,None,0,50.5,70,1454.5,9,1,0,1,-0.029,-0.037,-0.342,2.21,13.88,6.6,93,Normal
22:22.3,Подгорица,Tekirdağ,None,0,51.4,70,1322.2,9,1,0,1,-0.021,0.128,0.006,2.21,13.88,6.6,93,Normal
22:23.3,Подгорица,Tekirdağ,None,0,50.9,70,1133.5,10,1,0,1,0.031,0,0.077,2.21,13.88,6.6,93,Normal
22:24.3,Подгорица,Tekirdağ,None,0,51.4,70,1146.8,10,1,0,1,0.007,0.005,-0.228,2.21,13.88,6.6,92.9,Normal
22:25.3,Подгорица,Tekirdağ,None,0,52.3,70,1165.1,10,1,0,0,0.071,-0.025,-0.26,2.21,13.88,6.6,92.9,Normal
22:26.3,Подгорица,Tekirdağ,None,0,53.2,70,1186,10,1,0,1,-0.049,0.01,-0.286,2.21,13.89,6.6,92.9,Normal
22:27.3,Подгорица,Tekirdağ,None,0,54.3,70,1210.7,10,1,0,1,-0.015,-0.009,-0.311,2.21,13.89,6.6,92.9,Normal
22:28.3,Подгорица,Tekirdağ,None,0,55.5,70,1237.2,10,1,0,1,0.028,0.03,-0.357,2.21,13.89,6.6,92.8,Normal
22:29.3,Подгорица,Tekirdağ,None,0,56.8,70,1265.5,10,1,0,1,0.039,-0.005,-0.389,2.21,13.89,6.6,92.8,Normal
22:30.3,Подгорица,Tekirdağ,None,0,58.1,70,1295.2,10,1,0,1,0.024,0.013,-0.374,2.21,13.89,6.6,92.8,Normal
22:31.3,Подгорица,Tekirdağ,None,0,58.7,70,1304.6,10,0.57,0,1,0.004,0.062,0.025,2.21,13.89,6.6,92.8,Normal
22:32.3,Подгорица,Tekirdağ,None,0,59.4,70,1322.7,10,1,0,1,-0.011,-0.008,-0.294,2.21,13.89,6.6,92.7,Normal
22:33.3,Подгорица,Tekirdağ,None,0,60.2,70,1336.2,10,0,0,0,0.06,0.041,-0.05,2.21,13.9,6.6,92.7,Normal
22:34.3,Подгорица,Tekirdağ,None,0,59.9,70,1328.7,10,0,0,1,0,0.03,0.136,2.21,13.9,6.6,92.7,Normal
22:35.3,Подгорица,Tekirdağ,None,0,59.5,70,1318.5,10,0,0,1,-0.038,0.027,0.134,2.21,13.9,6.6,92.7,Normal
22:36.3,Подгорица,Tekirdağ,None,0,59,70,1307.9,10,0,0,1,0.004,-0.025,0.117,2.21,13.9,6.6,92.7,Normal
22:37.3,Подгорица,Tekirdağ,None,0,58.6,70,1298.1,10,0,0,1,-0.003,-0.061,0.125,2.21,13.9,6.6,92.7,Normal
22:38.3,Подгорица,Tekirdağ,None,0,58.2,70,1289,10,0,0,0,0.08,0.015,0.122,2.21,13.9,6.6,92.7,Normal
22:39.3,Подгорица,Tekirdağ,None,0,57.6,70,1276.7,10,0,0,0,0.028,-0.072,0.208,2.21,13.9,6.6,92.7,Normal
22:40.3,Подгорица,Tekirdağ,None,0,56.8,70,1259.4,10,0,0,1,-0.114,0.008,0.234,2.21,13.9,6.6,92.7,Normal
22:41.3,Подгорица,Tekirdağ,None,0,56.1,70,1242.6,10,0,0,1,-0.029,0.048,0.209,2.21,13.9,6.6,92.7,Normal
22:42.3,Подгорица,Tekirdağ,None,0,55.3,70,1225.8,10,0,0,1,0.014,-0.014,0.19,2.21,13.9,6.6,92.7,Normal
22:43.3,Подгорица,Tekirdağ,None,0,54.8,70,1214.4,10,0,0,1,0.017,-0.012,0.136,2.21,13.91,6.6,92.7,Normal
22:44.3,Подгорица,Tekirdağ,None,0,54.6,70,1209.9,10,0,0,1,0.015,-0.023,0.032,2.21,13.91,6.6,92.7,Normal
22:45.3,Подгорица,Tekirdağ,None,0,54.5,70,1206.8,10,0,0,-1,0.08,0.113,0.074,2.21,13.91,6.6,92.7,Normal
22:46.3,Подгорица,Tekirdağ,None,0,54.3,70,1202.1,10,0,0.14,-1,0.022,0.018,0.022,2.21,13.91,6.6,92.7,Normal
22:47.3,Подгорица,Tekirdağ,None,0,51.3,70,1130.6,10,0,0.31,0,-0.016,-0.012,1.135,2.21,13.91,6.6,92.7,Normal
22:48.3,Подгорица,Tekirdağ,None,0,47.5,70,1048.4,10,0,0.31,-1,-0.022,-0.131,1.124,2.21,13.91,6.6,92.7,Normal
22:49.3,Подгорица,Tekirdağ,None,0,44,70,970.3,10,0,0.29,-1,0.273,0.01,0.925,2.21,13.91,6.6,92.7,Normal
22:50.3,Подгорица,Tekirdağ,None,0,42.9,70,950.7,10,0,0,-1,0.069,-0.007,-0.143,2.21,13.91,6.6,92.7,Normal
22:51.3,Подгорица,Tekirdağ,None,0,43.9,50,973.7,10,0,0,-1,-0.071,0.014,-0.333,2.21,13.91,6.6,92.7,Normal
22:52.3,Подгорица,Tekirdağ,None,0,45.2,50,1003,10,0,0,-1,-0.032,-0.032,-0.418,2.21,13.91,6.6,92.7,Normal
22:53.3,Подгорица,Tekirdağ,None,0,46.8,50,1038.1,10,0,0,-1,-0.069,0.023,-0.461,2.21,13.91,6.6,92.7,Normal
22:54.3,Подгорица,Tekirdağ,None,0,48.4,50,1074,10,0,0,-1,-0.073,-0.006,-0.44,2.21,13.91,6.6,92.7,Normal
22:55.3,Подгорица,Tekirdağ,None,0,49.9,50,1106.8,10,0,0,-1,0.1,-0.029,-0.408,2.21,13.92,6.6,92.7,Normal
22:56.3,Подгорица,Tekirdağ,None,0,50.6,50,1116.8,10,0,0.48,-1,-0.146,0.022,0.365,2.21,13.92,6.6,92.7,Normal
22:57.3,Подгорица,Tekirdağ,None,0,48.8,50,1079.8,10,0,0,-1,-0.122,-0.085,0.078,2.21,13.92,6.6,92.7,Normal
22:58.3,Подгорица,Tekirdağ,None,0,48.7,50,1079.1,10,0,0,-1,0.098,0.019,0.023,2.21,13.92,6.6,92.7,Normal
22:59.3,Подгорица,Tekirdağ,None,0,48.3,50,1069,10,0,0,-1,0.023,-0.028,0.196,2.21,13.92,6.6,92.7,Normal
23:00.3,Подгорица,Tekirdağ,None,0,47.1,50,1042.1,10,0,0,0,-0.124,-0.003,0.434,2.21,13.92,6.6,92.7,Normal
23:01.3,Подгорица,Tekirdağ,None,0,45.2,50,999.3,10,0,0,0,-0.059,-0.01,0.605,2.21,13.92,6.6,92.7,Normal
23:02.3,Подгорица,Tekirdağ,None,0,42.9,50,948.6,10,0,0,1,-0.055,0.012,0.682,2.21,13.92,6.6,92.7,Normal
23:03.3,Подгорица,Tekirdağ,None,0,41,50,1171.4,9,0,0,1,-0.024,-0.032,0.434,2.21,13.93,6.6,92.7,Normal
23:04.3,Подгорица,Tekirdağ,None,0,39.7,50,1134.1,9,0,0,-1,-0.001,-0.01,0.356,2.21,13.93,6.6,92.7,Normal
23:05.3,Подгорица,Tekirdağ,None,0,38.4,50,1097.1,9,0,0,0,-0.025,-0.024,0.364,2.21,13.93,6.6,92.7,Normal
23:06.3,Подгорица,Tekirdağ,None,0,37.3,50,1069.8,9,0.53,0,0,-0.015,-0.012,0.206,2.21,13.93,6.6,92.7,Normal
23:07.3,Подгорица,Tekirdağ,None,0,37.3,50,1073,9,0.9,0,1,-0.023,-0.02,-0.109,2.21,13.93,6.6,92.7,Normal
23:08.3,Подгорица,Tekirdağ,None,0,37.8,50,1086,9,0.59,0,0,0.012,0.008,-0.086,2.21,13.93,6.6,92.7,Normal
23:09.3,Подгорица,Tekirdağ,None,0,37.9,50,1087,9,0.53,0,-1,0.028,0.004,0.002,2.21,13.93,6.6,92.7,Normal
23:10.3,Подгорица,Tekirdağ,None,0,37.7,50,1079.2,9,0,0,0,0.007,0.04,0.187,2.21,13.93,6.6,92.6,Normal
23:11.3,Подгорица,Tekirdağ,None,0,36.7,50,1047.1,9,0,0,-1,0.013,0.031,0.348,2.21,13.93,6.6,92.6,Normal
23:12.3,Подгорица,Tekirdağ,None,0,35.9,50,1031,9,0.41,0,0,0.006,-0.022,0.063,2.21,13.93,6.6,92.6,Normal
23:13.3,Подгорица,Tekirdağ,None,0,35.8,50,1027.2,9,0.44,0,0,0.012,0.021,0.02,2.21,13.93,6.6,92.6,Normal
23:14.3,Подгорица,Tekirdağ,None,0,35.3,50,1007.8,9,0,0,-1,0,0.033,0.296,2.21,13.93,6.6,92.6,Normal
23:15.3,Подгорица,Tekirdağ,None,0,34.1,50,972.5,9,0,0,-1,0.008,-0.004,0.359,2.21,13.93,6.6,92.6,Normal
23:16.3,Подгорица,Tekirdağ,None,0,32.8,50,937.4,9,0,0,-1,0.033,-0.027,0.355,2.21,13.93,6.6,92.6,Normal
23:17.3,Подгорица,Tekirdağ,None,0,31.6,50,1031.8,9,0,0,1,-0.099,-0.013,0.334,2.21,13.93,6.6,92.6,Normal
23:18.3,Подгорица,Tekirdağ,None,0,30.4,0,1115,8,0,0,0,0,0.022,0.325,2.21,13.93,6.6,92.6,Normal
23:19.3,Подгорица,Tekirdağ,None,0,30.2,0,1114.7,8,0,0,0,0.003,-0.03,-0.146,2.21,13.94,6.6,92.6,Normal
23:20.3,Подгорица,Tekirdağ,None,0,30.8,0,1132,8,0,0,0,0.069,-0.031,-0.081,2.21,13.94,6.6,92.6,Normal
23:21.3,Подгорица,Tekirdağ,None,0,30.7,0,1130.4,8,0,0,0,-0.005,0.007,0.034,2.21,13.94,6.6,92.6,Normal
23:22.3,Подгорица,Tekirdağ,None,0,30.7,0,1130.6,8,0,0,0,-0.013,0.014,-0.013,2.21,13.94,6.6,92.6,Normal
23:23.3,Подгорица,Tekirdağ,None,0,30.8,0,1131.5,8,0,0,0,-0.004,-0.065,0.003,2.21,13.94,6.6,92.5,Normal
23:24.3,Подгорица,Tekirdağ,None,0,30.8,0,1131.4,8,0,0,0,-0.023,-0.081,0.003,2.21,13.94,6.6,92.5,Normal
23:25.3,Подгорица,Tekirdağ,None,0,30.8,0,1131.8,8,0,0,0,0.055,0.077,0,2.21,13.94,6.6,92.5,Normal
23:26.3,Подгорица,Tekirdağ,None,0,30.8,0,1132.5,8,0,0,1,-0.07,-0.095,-0.003,2.21,13.94,6.6,92.5,Normal
23:27.3,Подгорица,Tekirdağ,None,0,30.8,0,1131.6,8,0,0,0,0.015,0.038,0.003,2.21,13.94,6.6,92.5,Normal
23:28.3,Подгорица,Tekirdağ,None,0,30.8,0,1131.3,8,0,0,0,0.019,0.238,-0.007,2.21,13.94,6.6,92.5,Normal
23:29.3,Подгорица,Tekirdağ,None,0,30.8,0,1132.1,8,0,0,1,-0.021,0,-0.004,2.21,13.94,6.6,92.5,Normal
23:30.3,Подгорица,Tekirdağ,None,0,30.8,0,1132,8,0,0,0,0.018,0.016,-0.007,2.21,13.94,6.6,92.5,Normal
23:31.3,Подгорица,Tekirdağ,None,0,30,0,1098.7,8,0,0,0,0.018,-0.009,0.342,2.21,13.94,6.6,92.5,Normal
23:32.3,Подгорица,Tekirdağ,None,0,28.8,0,1052.6,8,0,0,0,0.002,0.001,0.362,2.22,13.94,6.6,92.5,Normal
23:33.3,Подгорица,Tekirdağ,None,0,27.4,0,1003.4,8,0,0,1,-0.055,-0.012,0.363,2.22,13.94,6.6,92.5,Normal
23:34.3,Подгорица,Tekirdağ,None,0,26.2,0,957.6,8,0,0,1,-0.071,0.002,0.376,2.22,13.94,6.6,92.5,Normal
23:35.3,Подгорица,Tekirdağ,None,0,24.9,0,910.5,8,0,0,1,-0.125,0.003,0.38,2.22,13.94,6.6,92.5,Normal
23:36.3,Подгорица,Tekirdağ,None,0,23.7,0,1204.8,8,0,0,-1,0.12,-0.193,0.315,2.22,13.94,6.6,92.5,Normal
23:37.3,Подгорица,Tekirdağ,None,0,22.6,0,1377.2,6,0,0,0,0.06,0.054,0.349,2.22,13.94,6.6,92.5,Normal
23:38.3,Подгорица,Tekirdağ,None,0,21.4,0,1299.7,6,0,0,1,-0.041,-0.091,0.361,2.22,13.94,6.6,92.5,Normal
23:39.3,Подгорица,Tekirdağ,None,0,20.1,0,1225.6,6,0,0,0,0.018,0.052,0.338,2.22,13.94,6.6,92.5,Normal
23:40.3,Подгорица,Tekirdağ,None,0,19.1,0,1162.9,6,0,0,0,0.009,-0.075,0.291,2.22,13.94,6.6,92.5,Normal
23:41.3,Подгорица,Tekirdağ,None,0,18.2,0,1104.9,6,0,0.01,1,-0.024,-0.081,0.249,2.22,13.95,6.6,92.5,Normal
23:42.3,Подгорица,Tekirdağ,None,0,16.4,0,991.7,6,0,0.22,0,0.04,0.026,0.774,2.22,13.95,6.6,92.5,Normal
23:43.3,Подгорица,Tekirdağ,None,0,12.8,0,828.6,6,0,0.23,0,0.035,-0.02,1.092,2.22,13.95,6.6,92.5,Normal
23:44.3,Подгорица,Tekirdağ,None,0,9.1,0,869.8,4,0,0.27,-1,0.014,0.021,1.129,2.22,13.95,6.6,92.5,Normal
23:45.3,Подгорица,Tekirdağ,None,0,5.9,0,1238.4,1,0,0.12,0,0,-0.043,0.364,2.22,13.95,6.6,92.5,Normal
23:46.3,Подгорица,Tekirdağ,None,0,5,0,1020.4,1,0,0,0,-0.003,0.012,0.278,2.22,13.95,6.6,92.5,Normal
23:47.3,Подгорица,Tekirdağ,None,0,4,0,817.1,1,0,0,0,0.005,-0.004,0.267,2.22,13.95,6.6,92.5,Normal
23:48.3,Подгорица,Tekirdağ,None,0,2.8,0,576.8,1,0,0.04,0,0.004,-0.002,0.363,2.22,13.95,6.6,92.5,Normal
23:49.3,Подгорица,Tekirdağ,None,0,2.5,0,540.5,1,0,0.08,0,0.038,-0.029,-0.039,2.22,13.95,6.6,92.4,Normal
23:50.3,Подгорица,Tekirdağ,None,0,1.5,0,550,1,0,0.42,0,-0.017,-0.044,1.072,2.22,13.95,6.6,92.4,Normal
23:51.3,Подгорица,Tekirdağ,None,0,0,0,550,1,0,0,0,0.003,0.004,-0.001,2.22,13.95,6.6,92.4,Normal
23:52.3,Подгорица,Tekirdağ,None,0,0,0,550,1,0,0,0,0,0,0,2.22,13.95,6.6,92.4,Normal
23:53.3,Подгорица,Tekirdağ,None,0,0,0,550,1,0,0,0,0,0.002,0,2.22,13.95,6.6,92.4,Normal
23:54.3,Подгорица,Tekirdağ,None,0,0,0,550,1,0,0,0,0,0,0,2.22,13.95,6.6,92.4,Normal
23:55.3,Подгорица,Tekirdağ,None,0,0,0,550,1,0,0,0,0,-0.002,0,2.22,13.95,6.6,92.4,Normal
23:56.3,Подгорица,Tekirdağ,None,0,0,0,550,1,0,0,0,0,0,0,2.22,13.95,6.6,92.4,Normal
23:57.3,Подгорица,Tekirdağ,None,0,0,0,550,1,0,0,0,0,0.004,0,2.22,13.95,6.6,92.4,Normal
23:58.3,Подгорица,Tekirdağ,None,0,0.1,0,724.4,1,0.26,0,0,0,0.069,-0.159,2.22,13.95,6.6,92.4,Normal
23:59.3,Подгорица,Tekirdağ,None,0,1.9,0,701.2,1,0.15,0,0,0.025,-0.001,-0.553,2.22,13.95,6.6,92.4,Normal
24:00.3,Подгорица,Tekirdağ,None,0,4,0,895,1,0.58,0,0,0.001,0.054,-0.871,2.22,13.95,6.6,92.4,Normal
24:01.3,Подгорица,Tekirdağ,None,0,8,0,1419.2,1,0.46,0,0,0.001,0.222,-0.394,2.22,13.95,6.6,92.4,Normal
24:02.3,Подгорица,Tekirdağ,None,0,8.5,0,1095.2,3,0.64,0,0,-0.017,0.067,-0.41,2.22,13.95,6.6,92.4,Normal
24:03.3,Подгорица,Tekirdağ,None,0,12.1,0,1476.8,3,0.53,0,1,-0.032,-0.09,-0.748,2.22,13.95,6.6,92.4,Normal
24:04.3,Подгорица,Tekirdağ,None,0,12.5,0,991,5,0.62,0,1,-0.052,0.039,0.023,2.22,13.95,6.6,92.4,Normal
24:05.3,Подгорица,Tekirdağ,None,0,14.7,0,1183.5,5,0.61,0,1,-0.174,-0.04,-0.899,2.22,13.95,6.6,92.4,Normal
24:06.3,Подгорица,Tekirdağ,None,0,18,0,1452.7,5,0.63,0,1,-0.192,-0.02,-1.032,2.22,13.95,6.6,92.4,Normal
24:07.3,Подгорица,Tekirdağ,None,0,19.1,0,902.5,7,0.55,0,1,-0.01,0.101,-0.022,2.22,13.95,6.6,92.4,Normal
24:08.3,Подгорица,Tekirdağ,None,0,20.2,0,970.3,7,0.72,0,1,0.045,-0.022,-0.594,2.22,13.95,6.6,92.4,Normal
24:09.3,Подгорица,Tekirdağ,None,0,22.6,0,1085.9,7,0.64,0,1,0.05,0.003,-0.696,2.22,13.95,6.6,92.4,Normal
24:10.3,Подгорица,Tekirdağ,None,0,24.4,0,1158.9,7,0,0,-1,0.13,0.016,-0.265,2.22,13.95,6.6,92.4,Normal
24:11.3,Подгорица,Tekirdağ,None,0,25.1,0,1193.2,7,0.36,0,-1,0.165,-0.02,-0.341,2.22,13.95,6.6,92.3,Normal
24:12.3,Подгорица,Tekirdağ,None,0,26.4,0,1255.8,7,0.26,0,-1,0.265,0.048,-0.391,2.22,13.95,6.6,92.3,Normal
24:13.3,Подгорица,Tekirdağ,None,0,27.5,0,1302.5,7,0,0,1,-0.199,0.046,-0.204,2.22,13.95,6.6,92.3,Normal
24:14.3,Подгорица,Tekirdağ,None,0,28.1,0,1331.3,7,0,0,1,-0.264,0.018,-0.174,2.22,13.95,6.6,92.3,Normal
24:15.3,Подгорица,Tekirdağ,None,0,28.8,0,1362.7,7,0,0,0,0.074,0.029,-0.2,2.22,13.95,6.6,92.3,Normal
24:16.3,Подгорица,Tekirdağ,None,0,29.4,0,1393.2,7,0,0,0,0.051,0.051,-0.191,2.22,13.95,6.6,92.3,Normal
24:17.3,Подгорица,Tekirdağ,None,0,30,0,1419.5,7,0,0,-1,0.07,0.014,-0.142,2.22,13.95,6.6,92.3,Normal
24:18.3,Подгорица,Tekirdağ,None,0,30.8,0,1131.3,8,0,0,-1,0.205,0,-0.274,2.22,13.95,6.6,92.3,Normal
24:19.3,Подгорица,Tekirdağ,None,0,31.6,0,1160.9,8,0,0,-1,-0.058,0.017,-0.233,2.22,13.95,6.6,92.3,Normal
24:20.3,Подгорица,Tekirdağ,None,0,32.6,0,1196.6,8,0,0,-1,-0.11,-0.007,-0.288,2.22,13.95,6.6,92.3,Normal
24:21.3,Подгорица,Tekirdağ,None,0,33.6,0,1233.2,8,0,0,1,-0.2,-0.038,-0.285,2.22,13.96,6.6,92.3,Normal
24:22.3,Подгорица,Tekirdağ,None,0,34.6,0,1269.3,8,0,0,1,-0.053,-0.005,-0.29,2.22,13.96,6.6,92.3,Normal
24:23.3,Подгорица,Tekirdağ,None,0,35.6,0,1307.9,8,0,0,1,-0.023,0.007,-0.284,2.22,13.96,6.6,92.3,Normal
24:24.3,Подгорица,Tekirdağ,None,0,36.6,0,1343.9,8,0,0,-1,0.017,0.007,-0.288,2.22,13.96,6.6,92.3,Normal
24:25.3,Подгорица,Tekirdağ,None,0,37.6,0,1380.3,8,0,0,-1,0.203,0.01,-0.283,2.22,13.96,6.6,92.3,Normal
24:26.3,Подгорица,Tekirdağ,None,0,38.7,0,1321,8,0,0,-1,0.041,-0.038,-0.404,2.22,13.96,6.6,92.3,Normal
24:27.3,Подгорица,Tekirdağ,None,0,40.4,0,1158.2,9,0,0,-1,0.024,0.049,-0.458,2.22,13.96,6.6,92.3,Normal
24:28.3,Подгорица,Tekirdağ,None,0,41.1,0,1172.4,9,0,0.32,-1,-0.016,-0.158,0.342,2.22,13.96,6.6,92.3,Normal
24:29.3,Подгорица,Tekirdağ,None,0,36.6,0,1038.9,9,0,0.43,0,-0.043,-0.02,1.577,2.22,13.96,6.6,92.3,Normal
24:30.3,Подгорица,Tekirdağ,None,0,31,0,904,9,0,0.42,0,-0.074,-0.023,1.512,2.22,13.96,6.6,92.3,Normal
24:31.3,Подгорица,Tekirdağ,None,0,28.1,0,1031.1,8,0,0,1,-0.016,-0.083,0.194,2.22,13.96,6.6,92.3,Normal
24:32.3,Подгорица,Tekirdağ,None,0,28,0,1028,8,0,0,1,-0.004,-0.015,-0.014,2.22,13.96,6.6,92.3,Normal
24:33.4,Подгорица,Tekirdağ,None,0,28,0,1028.7,8,0,0,1,0.008,0.029,0.001,2.22,13.96,6.6,92.3,Normal
24:34.3,Подгорица,Tekirdağ,None,0,28,0,1025.9,8,0,0,-1,0.035,-0.14,0.037,2.22,13.96,6.6,92.3,Normal
24:35.3,Подгорица,Tekirdağ,None,0,27.8,0,1018.7,8,0,0,0,0.007,-0.006,0.067,2.22,13.96,6.6,92.3,Normal
24:36.3,Подгорица,Tekirdağ,None,0,27.5,0,1007.1,8,0,0,0,-0.017,0.008,0.095,2.22,13.96,6.6,92.3,Normal
24:37.3,Подгорица,Tekirdağ,None,0,27.1,0,993.9,8,0,0,0,-0.011,0.011,0.11,2.22,13.96,6.6,92.3,Normal
24:38.3,Подгорица,Tekirdağ,None,0,26.7,0,977.3,8,0,0,0,0.026,0.017,0.123,2.22,13.97,6.6,92.3,Normal
24:39.3,Подгорица,Tekirdağ,None,0,26.2,0,961.6,8,0,0,0,-0.008,-0.015,0.119,2.22,13.97,6.6,92.3,Normal
24:40.3,Подгорица,Tekirdağ,None,0,25.2,0,916.8,8,0,0.31,0,-0.018,0.043,0.759,2.22,13.97,6.6,92.3,Normal
24:41.4,Подгорица,Tekirdağ,None,0,21.4,0,1304.1,6,0,0,1,-0.03,0.043,0.835,2.22,13.97,6.6,92.3,Normal
24:42.3,Подгорица,Tekirdağ,None,0,20.4,0,1242.4,6,0,0,0,0.007,0.001,0.186,2.22,13.97,6.6,92.3,Normal
24:43.3,Подгорица,Tekirdağ,None,0,19.8,0,1207.2,6,0,0,0,0.004,0.003,0.167,2.22,13.97,6.6,92.3,Normal
24:44.3,Подгорица,Tekirdağ,None,0,18.8,0,1142.1,6,0,0.08,0,0.011,0.019,0.461,2.22,13.97,6.6,92.3,Normal
24:45.3,Подгорица,Tekirdağ,None,0,15.2,0,912,6,0,0.4,-1,0.005,0.052,1.616,2.22,13.97,6.6,92.3,Normal
24:46.3,Подгорица,Tekirdağ,None,0,9.8,0,949,4,0,0.32,0,-0.001,-0.033,1.305,2.22,13.97,6.6,92.3,Normal
24:47.3,Подгорица,Tekirdağ,None,0,4.5,0,852.4,4,0,0.36,0,-0.031,-0.028,1.66,2.22,13.97,6.6,92.3,Normal
24:48.3,Подгорица,Tekirdağ,None,0,0,0,550,1,0,0.35,0,0.005,0.175,0.72,2.22,13.97,6.6,92.3,Normal
24:49.4,Подгорица,Tekirdağ,None,0,0,0,550,1,0,0,0,0,0.001,-0.006,2.22,13.97,6.6,92.3,Normal
24:50.4,Подгорица,Tekirdağ,None,0,0,0,550,1,0,0,0,-0.004,-0.002,0,2.22,13.97,6.6,92.3,Normal
24:51.3,Подгорица,Tekirdağ,None,0,0,0,550,1,0,0,0,0.003,0.001,0,2.22,13.97,6.6,92.3,Normal
24:52.4,Подгорица,Tekirdağ,None,0,0,0,550,1,0,0,0,0.004,0,0,2.22,13.97,6.6,92.3,Normal
24:53.4,Подгорица,Tekirdağ,None,0,0,0,550,1,0,0,0,-0.001,-0.007,-0.001,2.22,13.97,6.6,92.3,Normal
24:54.3,Подгорица,Tekirdağ,None,0,0,0,550,1,0,0,-1,0.002,0,0,2.22,13.97,6.6,92.3,Normal
24:55.4,Подгорица,Tekirdağ,None,0,0,0,550,1,0,0,0,-0.003,-0.002,0,2.22,13.97,6.6,92.3,Normal
24:56.3,Подгорица,Tekirdağ,None,0,0.5,0,790,1,0.38,0,0,0.002,0.03,-0.526,2.22,13.97,6.6,92.3,Normal
24:57.3,Подгорица,Tekirdağ,None,0,4.6,0,973.2,1,0,0,0,-0.004,-0.342,-0.951,2.22,13.97,6.6,92.3,Normal
24:58.3,Подгорица,Tekirdağ,None,0,4.2,0,871.1,1,0,0,0,-0.003,0,0.259,2.22,13.97,6.6,92.3,Normal
24:59.3,Подгорица,Tekirdağ,None,0,3.3,0,696.6,1,0.39,0,0,0.007,0.023,0.217,2.22,13.97,6.6,92.3,Normal
25:00.4,Подгорица,Tekirdağ,None,0,6.2,0,1370.6,1,0.52,0,0,0.004,-0.049,-1.254,2.22,13.97,6.6,92.3,Normal
25:01.3,Подгорица,Tekirdağ,None,0,7.9,0,989.1,3,0.51,0,0,0.004,0.013,-0.031,2.22,13.97,6.6,92.3,Normal
25:02.3,Подгорица,Tekirdağ,None,0,9.2,0,1203.1,3,0.7,0,0,0.002,-0.067,-0.938,2.22,13.97,6.6,92.3,Normal
25:03.4,Подгорица,Tekirdağ,None,0,12.9,0,1430,3,0.86,0,0,-0.027,0.085,-0.432,2.22,13.97,6.6,92.3,Normal
25:04.3,Подгорица,Tekirdağ,None,0,13.2,0,1056.1,5,0.76,0,-1,0.021,0.093,-0.228,2.22,13.97,6.6,92.3,Normal
25:05.3,Подгорица,Tekirdağ,None,0,16.2,0,1296.6,5,0.52,0,-1,-0.039,0.001,-0.884,2.22,13.97,6.6,92.2,Normal
25:06.4,Подгорица,Tekirdağ,None,0,18.6,0,1401.8,5,0.49,0,0,0.006,-0.019,-0.372,2.22,13.97,6.6,92.2,Normal
25:07.3,Подгорица,Tekirdağ,None,0,18.8,0,892.2,7,0.48,0,0,-0.002,0.023,0.002,2.22,13.97,6.6,92.2,Normal
25:08.4,Подгорица,Tekirdağ,None,0,19.8,0,945.7,7,0.46,0,0,-0.002,-0.017,-0.4,2.22,13.97,6.6,92.2,Normal
25:09.3,Подгорица,Tekirdağ,None,0,21.2,0,1011,7,0.49,0,0,-0.013,-0.012,-0.431,2.22,13.97,6.6,92.2,Normal
25:10.4,Подгорица,Tekirdağ,None,0,22.9,0,1097,7,0.59,0,1,-0.114,-0.005,-0.583,2.22,13.97,6.6,92.2,Normal
25:11.3,Подгорица,Tekirdağ,None,0,24.8,0,1184.3,7,0.65,0,-1,-0.01,-0.029,-0.551,2.22,13.97,6.6,92.2,Normal
25:12.4,Подгорица,Tekirdağ,None,0,26,0,1230.6,7,0,0,-1,0.127,0.1,-0.018,2.22,13.97,6.6,92.2,Normal
25:13.3,Подгорица,Tekirdağ,None,0,25.8,0,1228.1,7,0.4,0,-1,0.106,-0.008,-0.107,2.22,13.97,6.6,92.2,Normal
25:14.3,Подгорица,Tekirdağ,None,0,27.1,0,1293.9,7,0.43,0,-1,-0.003,0.088,-0.471,2.22,13.97,6.6,92.1,Normal
25:15.3,Подгорица,Tekirdağ,None,0,28.7,0,1368.3,7,0.32,0,-1,0.154,-0.079,-0.459,2.22,13.97,6.6,92.1,Normal
25:16.3,Подгорица,Tekirdağ,None,0,30.3,70,1292.8,7,0,0,-1,-0.108,0.156,-0.344,2.22,13.97,6.6,92.1,Normal
25:17.3,Подгорица,Tekirdağ,None,0,31.4,70,1152,8,0,0,-1,-0.009,0.073,-0.27,2.22,13.97,6.6,92.1,Normal
25:18.3,Подгорица,Tekirdağ,None,0,32.2,70,1182.5,8,0,0,-1,0.032,-0.007,-0.24,2.22,13.97,6.6,92.1,Normal
25:19.4,Подгорица,Tekirdağ,None,0,33.3,70,1228.4,8,0.24,0,-1,0.022,-0.01,-0.415,2.22,13.98,6.6,92.1,Normal
25:20.4,Подгорица,Tekirdağ,None,0,34.9,70,1284.3,8,0.24,0,-1,0.043,0.011,-0.396,2.22,13.98,6.6,92.1,Normal
25:21.3,Подгорица,Tekirdağ,None,0,36,70,1327,8,0.28,0,-1,-0.109,0.019,-0.285,2.22,13.98,6.6,92.1,Normal
25:22.4,Подгорица,Tekirdağ,None,0,37.1,70,1370.2,8,0.63,0,0,-0.103,-0.035,-0.388,2.22,13.98,6.6,92.1,Normal
25:23.4,Подгорица,Tekirdağ,None,0,38.4,70,1315.8,8,0.56,0,-1,-0.06,0.05,-0.122,2.22,13.98,6.6,92.1,Normal
25:24.3,Подгорица,Tekirdağ,None,0,38.3,70,1097.2,9,0.54,0,1,-0.137,-0.004,0.059,2.22,13.98,6.6,92.1,Normal
25:25.3,Подгорица,Tekirdağ,None,0,38.8,70,1115.8,9,0.55,0,-1,0.071,0.008,-0.227,2.22,13.98,6.6,92,Normal
25:26.3,Подгорица,Tekirdağ,None,0,39.9,70,1147.5,9,0.73,0,0,0.009,-0.002,-0.344,2.22,13.98,6.6,92,Normal
25:27.4,Подгорица,Tekirdağ,None,0,41,70,1180.9,9,0.78,0,1,-0.022,-0.004,-0.352,2.22,13.98,6.6,92,Normal
25:28.4,Подгорица,Tekirdağ,None,0,42.3,70,1215.8,9,0.73,0,1,-0.007,-0.014,-0.332,2.22,13.98,6.6,92,Normal
25:29.3,Подгорица,Tekirdağ,None,0,43.3,70,1244.8,9,0.73,0,1,-0.008,-0.007,-0.286,2.22,13.99,6.6,91.9,Normal
25:30.4,Подгорица,Tekirdağ,None,0,44.2,70,1269.6,9,0.74,0,0,0.032,0.005,-0.222,2.22,13.99,6.6,91.9,Normal
25:31.4,Подгорица,Tekirdağ,None,0,45,70,1295.9,9,1,0,0,0.015,-0.011,-0.277,2.22,13.99,6.6,91.9,Normal
25:32.4,Подгорица,Tekirdağ,None,0,46,70,1323.1,9,1,0,0,0.008,0.011,-0.273,2.22,13.99,6.6,91.9,Normal
25:33.3,Подгорица,Tekirdağ,None,0,46.9,70,1348.3,9,0.98,0,-1,0.026,-0.017,-0.257,2.22,13.99,6.6,91.8,Normal
25:34.3,Подгорица,Tekirdağ,None,0,47.4,70,1357.3,9,0,0,1,-0.019,0.108,0.09,2.22,13.99,6.6,91.8,Normal
25:35.3,Подгорица,Tekirdağ,None,0,46.4,50,1327.2,9,0,0,1,-0.003,-0.032,0.329,2.22,13.99,6.6,91.8,Normal
25:36.3,Подгорица,Tekirdağ,None,0,45.3,50,1293.4,9,0,0,1,-0.204,0.021,0.324,2.22,13.99,6.6,91.8,Normal
25:37.3,Подгорица,Tekirdağ,None,0,44,50,1258.3,9,0,0,1,0.029,0.005,0.368,2.22,13.99,6.6,91.8,Normal
25:38.4,Подгорица,Tekirdağ,None,0,42.7,50,1221,9,0,0,1,-0.101,-0.036,0.347,2.22,13.99,6.6,91.8,Normal
25:39.4,Подгорица,Tekirdağ,None,0,41.6,50,1187.4,9,0,0,1,-0.227,-0.018,0.312,2.22,13.99,6.6,91.8,Normal
25:40.3,Подгорица,Tekirdağ,None,0,40.5,50,1157.2,9,0,0,1,-0.063,0.028,0.3,2.22,13.99,6.6,91.8,Normal
25:41.4,Подгорица,Tekirdağ,None,0,39.8,50,1141.6,9,0.58,0,1,0.062,-0.054,0.033,2.22,13.99,6.6,91.8,Normal
25:42.3,Подгорица,Tekirdağ,None,0,40.3,50,1162.2,9,0.73,0,1,0.119,-0.029,-0.25,2.22,14,6.6,91.8,Normal
25:43.4,Подгорица,Tekirdağ,None,0,41.3,50,1188.3,9,0.72,0,0,0.136,-0.019,-0.266,2.22,14,6.6,91.8,Normal
25:44.4,Подгорица,Tekirdağ,None,0,42.2,50,1213.5,9,0.68,0,0,0.097,-0.026,-0.248,2.22,14,6.6,91.7,Normal
25:45.4,Подгорица,Tekirdağ,None,0,43,50,1235.1,9,0.66,0,1,-0.098,0.016,-0.232,2.22,14,6.6,91.7,Normal
25:46.4,Подгорица,Tekirdağ,None,0,43.7,50,1257.4,9,0.7,0,1,-0.027,0.009,-0.208,2.22,14,6.6,91.7,Normal
25:47.4,Подгорица,Tekirdağ,None,0,44.5,50,1279.1,9,0.69,0,1,0.06,-0.026,-0.208,2.22,14,6.6,91.7,Normal
25:48.4,Подгорица,Tekirdağ,None,0,45.3,50,1301.3,9,0.72,0,1,-0.075,0.026,-0.226,2.22,14,6.6,91.6,Normal
25:49.4,Подгорица,Tekirdağ,None,0,46.1,50,1324.6,9,0.71,0,1,-0.038,-0.047,-0.235,2.22,14,6.6,91.6,Normal
25:50.4,Подгорица,Tekirdağ,None,0,46.9,50,1348.2,9,0.7,0,1,0.018,0.013,-0.249,2.22,14,6.6,91.6,Normal
25:51.4,Подгорица,Tekirdağ,None,0,47.8,50,1374.1,9,0.7,0,1,0.008,0.015,-0.258,2.22,14,6.61,91.6,Normal
25:52.4,Подгорица,Tekirdağ,None,0,48.8,50,1397.9,9,0.68,0,1,0.078,-0.06,-0.273,2.22,14,6.61,91.5,Normal
25:53.4,Подгорица,Tekirdağ,None,0,48.7,50,1079.7,10,0.72,0,1,0.039,0.008,0.094,2.22,14,6.61,91.5,Normal
25:54.4,Подгорица,Tekirdağ,None,0,48.9,50,1090.3,10,0.7,0,1,0.019,-0.011,-0.201,2.22,14,6.61,91.5,Normal
25:55.4,Подгорица,Tekirdağ,None,0,49.8,50,1107,10,0,0,0,0.019,0.001,-0.254,2.22,14.01,6.61,91.5,Normal
25:56.4,Подгорица,Tekirdağ,None,0,49.8,50,1104.3,10,0,0,0,0.024,0.042,0.076,2.22,14.01,6.61,91.5,Normal
25:57.4,Подгорица,Tekirdağ,None,0,49.7,50,1103.1,10,0,0,-1,0.008,-0.073,0.026,2.22,14.01,6.61,91.5,Normal
25:58.4,Подгорица,Tekirdağ,None,0,49.6,50,1101.6,10,0,0,0,-0.009,0.001,-0.001,2.22,14.01,6.61,91.5,Normal
25:59.4,Подгорица,Tekirdağ,None,0,49.6,50,1102.6,10,0,0,0,-0.011,0.027,-0.016,2.22,14.01,6.61,91.5,Normal
26:00.4,Подгорица,Tekirdağ,None,0,49.7,50,1105.2,10,0,0,0,-0.029,-0.019,-0.028,2.22,14.01,6.61,91.5,Normal
26:01.4,Подгорица,Tekirdağ,None,0,49.8,50,1107.1,10,0,0,0,-0.008,-0.022,-0.019,2.22,14.01,6.61,91.4,Normal
26:02.4,Подгорица,Tekirdağ,None,0,49.9,50,1108.4,10,0,0,0,0.003,-0.004,-0.017,2.22,14.01,6.61,91.4,Normal
26:03.4,Подгорица,Tekirdağ,None,0,49.9,50,1109.2,10,0,0,1,-0.015,0.005,-0.016,2.22,14.02,6.61,91.4,Normal
26:04.4,Подгорица,Tekirdağ,None,0,50,50,1110.1,10,0,0,0,-0.004,0.008,-0.016,2.22,14.02,6.61,91.4,Normal
26:05.4,Подгорица,Tekirdağ,None,0,50,50,1110.9,10,0,0,0,-0.008,0.028,-0.012,2.22,14.02,6.61,91.4,Normal
26:06.4,Подгорица,Tekirdağ,None,0,50,50,1109.3,10,0,0,0,0.011,-0.034,0.02,2.22,14.02,6.61,91.4,Normal
26:07.4,Подгорица,Tekirdağ,None,0,49.9,50,1107.6,10,0,0,0,-0.016,-0.018,0.023,2.22,14.02,6.61,91.4,Normal
26:08.4,Подгорица,Tekirdağ,None,0,49.9,50,1107,10,0,0,0,0.004,-0.03,0.005,2.22,14.02,6.61,91.4,Normal
26:09.4,Подгорица,Tekirdağ,None,0,49.9,50,1106.5,10,0,0,0,-0.008,-0.041,0.008,2.22,14.02,6.61,91.4,Normal
26:10.4,Подгорица,Tekirdağ,None,0,49.8,50,1106.4,10,0,0,0,0.012,0.001,0.004,2.22,14.02,6.61,91.4,Normal
26:11.4,Подгорица,Tekirdağ,None,0,49.8,50,1106.2,10,0,0,0,-0.008,-0.015,0.015,2.22,14.02,6.61,91.4,Normal
26:12.4,Подгорица,Tekirdağ,None,0,49.8,50,1106.2,10,0,0,0,0.014,-0.001,0.009,2.22,14.02,6.61,91.4,Normal
26:13.4,Подгорица,Tekirdağ,None,0,49.8,50,1106.4,10,0,0,-1,0.037,0.02,0,2.22,14.02,6.61,91.3,Normal
26:14.4,Подгорица,Tekirdağ,None,0,49.8,50,1106.4,10,0,0,-1,0.01,0.02,0.001,2.22,14.03,6.61,91.3,Normal
26:15.4,Подгорица,Tekirdağ,None,0,49.8,50,1106.2,10,0,0,-1,0.008,-0.027,0.007,2.22,14.03,6.61,91.3,Normal
26:16.4,Подгорица,Tekirdağ,None,0,49.8,50,1106.5,10,0,0,-1,0.004,0.02,-0.003,2.22,14.03,6.61,91.3,Normal
26:17.4,Подгорица,Tekirdağ,None,0,49.8,50,1106.3,10,0,0,-1,0.003,-0.01,-0.001,2.22,14.03,6.61,91.3,Normal
26:18.4,Подгорица,Tekirdağ,None,0,49.8,50,1106.2,10,0,0,-1,0.054,-0.004,0.008,2.23,14.03,6.61,91.3,Normal
26:19.4,Подгорица,Tekirdağ,None,0,49.8,50,1106.5,10,0,0,0,-0.067,0.01,-0.001,2.23,14.03,6.61,91.3,Normal
26:20.4,Подгорица,Tekirdağ,None,0,49.8,50,1106.2,10,0,0,-1,-0.02,-0.029,0.012,2.23,14.03,6.61,91.3,Normal
26:21.4,Подгорица,Tekirdağ,None,0,49.8,50,1106.5,10,0,0,-1,0.081,0.052,0.001,2.23,14.03,6.61,91.3,Normal
26:22.4,Подгорица,Tekirdağ,None,0,49.9,50,1106.9,10,0,0,-1,0.015,0.082,-0.014,2.23,14.03,6.61,91.3,Normal
26:23.4,Подгорица,Tekirdağ,None,0,49.9,50,1106.9,10,0,0,-1,0.062,0.031,-0.01,2.23,14.03,6.61,91.3,Normal
26:24.4,Подгорица,Tekirdağ,None,0,49.9,50,1106.5,10,0,0,-1,-0.017,-0.014,0.013,2.23,14.03,6.61,91.3,Normal
26:25.4,Подгорица,Tekirdağ,None,0,49.8,50,1105.6,10,0,0,-1,-0.073,-0.062,0.014,2.23,14.03,6.61,91.3,Normal
26:26.4,Подгорица,Tekirdağ,None,0,49.8,50,1105.6,10,0,0,-1,0.01,-0.019,0,2.23,14.04,6.61,91.3,Normal
26:27.4,Подгорица,Tekirdağ,None,0,49.8,50,1105.8,10,0,0,0,-0.097,0.002,-0.015,2.23,14.04,6.61,91.3,Normal
26:28.4,Подгорица,Tekirdağ,None,0,49.8,50,1106.9,10,0,0,1,-0.111,0.008,-0.011,2.23,14.04,6.61,91.3,Normal
26:29.4,Подгорица,Tekirdağ,None,0,49.9,50,1107.3,10,0,0,0,0.001,-0.011,-0.015,2.23,14.04,6.61,91.2,Normal
26:30.4,Подгорица,Tekirdağ,None,0,49.9,50,1107,10,0,0,0,-0.021,0.002,0.001,2.23,14.04,6.61,91.2,Normal
26:31.4,Подгорица,Tekirdağ,None,0,49.9,50,1106.6,10,0,0,1,-0.035,-0.007,0.003,2.23,14.04,6.61,91.2,Normal
26:32.4,Подгорица,Tekirdağ,None,0,49.9,50,1106.6,10,0,0,-1,0.02,0.005,-0.007,2.23,14.04,6.61,91.2,Normal
26:33.4,Подгорица,Tekirdağ,None,0,49.8,50,1106.4,10,0,0,-1,0.015,0.015,0.004,2.23,14.05,6.61,91.2,Normal
26:34.4,Подгорица,Tekirdağ,None,0,49.8,50,1106.4,10,0,0,0,0.051,0.01,0.001,2.23,14.05,6.61,91.2,Normal
26:35.4,Подгорица,Tekirdağ,None,0,49.8,50,1106.1,10,0,0,0,-0.004,-0.052,0.009,2.23,14.05,6.61,91.2,Normal
26:36.4,Подгорица,Tekirdağ,None,0,49.8,50,1106.4,10,0,0,0,0,-0.03,0.001,2.23,14.05,6.61,91.2,Normal
26:37.4,Подгорица,Tekirdağ,None,0,49.8,50,1106.3,10,0,0,0,0.009,0.012,0.002,2.23,14.05,6.61,91.2,Normal
26:38.4,Подгорица,Tekirdağ,None,0,49.8,50,1106.3,10,0,0,0,0.027,-0.038,0.001,2.23,14.05,6.61,91.2,Normal
26:39.4,Подгорица,Tekirdağ,None,0,49.8,50,1106.3,10,0,0,0,0.001,0.051,-0.003,2.23,14.05,6.61,91.2,Normal
26:40.4,Подгорица,Tekirdağ,None,0,49.8,50,1106.4,10,0,0,0,0.017,0.014,-0.003,2.23,14.05,6.61,91.2,Normal
26:41.4,Подгорица,Tekirdağ,None,0,49.8,50,1106.3,10,0,0,0,0.008,-0.053,0.001,2.23,14.05,6.61,91.2,Normal
26:42.4,Подгорица,Tekirdağ,None,0,49.8,50,1108.1,10,0.72,0,-1,0.076,0.028,-0.022,2.23,14.05,6.61,91.2,Normal
26:43.4,Подгорица,Tekirdağ,None,0,50.6,70,1129.1,10,1,0,-1,-0.005,-0.01,-0.324,2.23,14.05,6.61,91.1,Normal
26:44.4,Подгорица,Tekirdağ,None,0,51.9,70,1158.4,10,0.95,0,0,0.014,-0.037,-0.362,2.23,14.05,6.61,91.1,Normal
26:45.4,Подгорица,Tekirdağ,None,0,53,70,1180.3,10,0.52,0,-1,0.022,-0.014,-0.265,2.23,14.06,6.61,91.1,Normal
26:46.4,Подгорица,Tekirdağ,None,0,53.9,70,1202.3,10,0.91,0,-1,0.08,-0.055,-0.315,2.23,14.06,6.61,91.1,Normal
26:47.4,Подгорица,Tekirdağ,None,0,55,70,1226.7,10,0.84,0,-1,-0.041,0.034,-0.294,2.23,14.06,6.61,91,Normal
26:48.4,Подгорица,Tekirdağ,None,0,56.1,70,1251.3,10,0.86,0,-1,-0.068,-0.078,-0.325,2.23,14.06,6.61,91,Normal
26:49.4,Подгорица,Tekirdağ,None,0,57.3,70,1276.5,10,0.85,0,-1,0.009,-0.043,-0.315,2.23,14.06,6.61,91,Normal
26:50.4,Подгорица,Tekirdağ,None,0,58.4,70,1300.6,10,0.87,0,-1,0.021,0.04,-0.319,2.23,14.06,6.61,91,Normal
26:51.4,Подгорица,Tekirdağ,None,0,59.5,70,1325.3,10,0.86,0,-1,0.013,0.008,-0.304,2.23,14.06,6.61,90.9,Normal
26:52.4,Подгорица,Tekirdağ,None,0,60.4,70,1339.6,10,0,0,-1,0.017,0.143,-0.11,2.23,14.06,6.61,90.9,Normal
26:53.4,Подгорица,Tekirdağ,None,0,60.7,70,1346.8,10,0,0,-1,-0.083,0.026,-0.126,2.23,14.06,6.61,90.9,Normal
26:54.4,Подгорица,Tekirdağ,None,0,61.3,70,1358.4,10,0,0,0,-0.054,0.077,-0.128,2.23,14.06,6.61,90.9,Normal
26:55.4,Подгорица,Tekirdağ,None,0,61.8,70,1369.7,10,0,0,1,-0.159,0.013,-0.127,2.23,14.07,6.61,90.9,Normal
26:56.4,Подгорица,Tekirdağ,None,0,62.2,70,1352.8,10,0,0,1,-0.208,-0.011,-0.101,2.23,14.07,6.61,90.9,Normal
26:57.4,Подгорица,Tekirdağ,None,0,62.3,70,1113.2,11,0,0,1,-0.071,-0.008,0.047,2.23,14.07,6.61,90.9,Normal
26:58.4,Подгорица,Tekirdağ,None,0,62.3,70,1114.4,11,0,0,1,0.199,-0.075,-0.073,2.23,14.07,6.61,90.9,Normal
26:59.4,Подгорица,Tekirdağ,None,0,61.4,70,1097.2,11,0,0,1,0.022,-0.011,0.346,2.23,14.07,6.61,90.9,Normal
27:00.4,Подгорица,Tekirdağ,None,0,60.9,70,1092.4,11,0.52,0,1,-0.017,-0.088,-0.025,2.23,14.07,6.61,90.9,Normal
27:01.4,Подгорица,Tekirdağ,None,0,61.3,70,1100.5,11,0.59,0,1,0.017,-0.057,-0.142,2.23,14.08,6.61,90.9,Normal
27:02.4,Подгорица,Tekirdağ,None,0,61.8,70,1109.7,11,0.56,0,1,-0.003,-0.017,-0.158,2.23,14.08,6.61,90.9,Normal
27:03.4,Подгорица,Tekirdağ,None,0,61.3,70,1097.4,11,0.56,0,1,0.003,0.037,0.219,2.23,14.08,6.61,90.9,Normal
27:04.4,Подгорица,Tekirdağ,None,0,61.4,70,1102.6,11,0.65,0,1,0.022,-0.062,-0.131,2.23,14.08,6.61,90.9,Normal
27:05.4,Подгорица,Tekirdağ,None,0,62,70,1113.8,11,0.68,0,1,0.016,0.005,-0.181,2.23,14.08,6.61,90.8,Normal
27:06.4,Подгорица,Tekirdağ,None,0,62.6,70,1125.3,11,0.69,0,1,0.014,-0.044,-0.175,2.23,14.08,6.61,90.8,Normal
27:07.4,Подгорица,Tekirdağ,None,0,63.2,70,1135.7,11,0.66,0,-1,0.144,-0.046,-0.181,2.23,14.08,6.61,90.8,Normal
27:08.4,Подгорица,Tekirdağ,None,0,63.8,70,1146.9,11,0.69,0,1,0.026,-0.006,-0.181,2.23,14.08,6.61,90.8,Normal
27:09.4,Подгорица,Tekirdağ,None,0,64.5,70,1158.9,11,0.68,0,1,-0.01,0.061,-0.194,2.23,14.08,6.61,90.7,Normal
27:10.4,Подгорица,Tekirdağ,None,0,65.2,70,1170.4,11,0.66,0,1,0.035,0.027,-0.174,2.23,14.08,6.61,90.7,Normal
27:11.4,Подгорица,Tekirdağ,None,0,65.1,70,1164.6,11,0,0,1,-0.008,-0.015,0.163,2.23,14.09,6.61,90.7,Normal
27:12.4,Подгорица,Tekirdağ,None,0,64.3,70,1148.6,11,0,0,1,-0.27,0.023,0.26,2.23,14.09,6.61,90.7,Normal
27:13.4,Подгорица,Tekirdağ,None,0,63.4,70,1132.5,11,0,0,1,0.097,-0.042,0.26,2.23,14.09,6.61,90.7,Normal
27:14.4,Подгорица,Tekirdağ,None,0,62.4,70,1115.2,11,0,0,1,-0.1,-0.019,0.275,2.23,14.09,6.61,90.7,Normal
27:15.4,Подгорица,Tekirdağ,None,0,61.4,70,1097.4,11,0,0,1,-0.013,-0.038,0.276,2.23,14.09,6.61,90.7,Normal
27:16.4,Подгорица,Tekirdağ,None,0,60.5,70,1080.3,11,0,0,1,-0.02,-0.027,0.279,2.23,14.09,6.61,90.7,Normal
27:17.4,Подгорица,Tekirdağ,None,0,59.3,70,1058.5,11,0,0,1,0.028,-0.017,0.366,2.23,14.1,6.61,90.7,Normal
27:18.4,Подгорица,Tekirdağ,None,0,58,70,1035.9,11,0,0,-1,0.15,0.184,0.326,2.23,14.1,6.61,90.7,Normal
27:19.4,Подгорица,Tekirdağ,None,0,56.1,70,996.2,11,0,0.42,-1,0.476,0.148,1.411,2.23,14.1,6.61,90.7,Harsh Cornering
27:20.4,Подгорица,Tekirdağ,None,0,53.2,50,1142,11,0,0,-1,0.032,-0.061,0.397,2.23,14.1,6.61,90.7,Normal
27:21.4,Подгорица,Tekirdağ,None,0,52.5,50,1163.2,10,0,0,-1,0.007,-0.059,0.135,2.23,14.1,6.61,90.7,Normal
27:22.4,Подгорица,Tekirdağ,None,0,52,50,1152.5,10,0,0,-1,-0.05,0.093,0.139,2.23,14.1,6.61,90.7,Normal
27:23.4,Подгорица,Tekirdağ,None,0,51.4,50,1140,10,0,0,0,-0.08,-0.036,0.175,2.23,14.1,6.61,90.7,Normal
27:24.4,Подгорица,Tekirdağ,None,0,50.9,50,1131.8,10,0.85,0,1,-0.057,-0.013,0.082,2.23,14.1,6.61,90.7,Normal
27:25.4,Подгорица,Tekirdağ,None,0,51.4,50,1144.4,10,0.74,0,0,0.003,-0.05,-0.204,2.23,14.1,6.61,90.7,Normal
27:26.4,Подгорица,Tekirdağ,None,0,51.8,50,1150.5,10,0.44,0,0,-0.01,-0.003,-0.037,2.23,14.1,6.61,90.7,Normal
27:27.4,Подгорица,Tekirdağ,None,0,51.5,50,1142.4,10,0,0,0,0.016,0.054,0.164,2.23,14.1,6.61,90.7,Normal
27:28.4,Подгорица,Tekirdağ,None,0,50.9,50,1127.1,10,0,0,-1,0.016,-0.008,0.203,2.23,14.11,6.61,90.7,Normal
27:29.4,Подгорица,Tekirdağ,None,0,50.1,50,1110.4,10,0,0,-1,0.241,0.047,0.204,2.23,14.11,6.61,90.7,Normal
27:30.4,Подгорица,Tekirdağ,None,0,49.4,50,1094.5,10,0,0,-1,-0.06,-0.042,0.218,2.23,14.11,6.61,90.7,Normal
27:31.4,Подгорица,Tekirdağ,None,0,48.8,50,1080.4,10,0,0,-1,-0.037,-0.023,0.178,2.23,14.11,6.61,90.7,Normal
27:32.4,Подгорица,Tekirdağ,None,0,48.1,50,1066.6,10,0,0,-1,0.094,0.016,0.163,2.23,14.11,6.61,90.7,Normal
27:33.4,Подгорица,Tekirdağ,None,0,47.6,50,1056.6,10,0.45,0,-1,0.096,-0.058,0.114,2.23,14.11,6.61,90.7,Normal
27:34.4,Подгорица,Tekirdağ,None,0,47.8,50,1063.6,10,0.57,0,-1,-0.086,-0.005,-0.139,2.23,14.11,6.61,90.7,Normal
27:35.4,Подгорица,Tekirdağ,None,0,48,50,1063.8,10,0.01,0,0,-0.095,0.04,0.066,2.23,14.11,6.61,90.7,Normal
27:36.4,Подгорица,Tekirdağ,None,0,47.7,50,1056.9,10,0,0,-1,-0.009,0.004,0.087,2.23,14.11,6.61,90.6,Normal
27:37.4,Подгорица,Tekirdağ,None,0,47.2,50,1046.5,10,0,0,-1,0.055,0.002,0.149,2.23,14.11,6.61,90.6,Normal
27:38.4,Подгорица,Tekirdağ,None,0,46.7,50,1033.8,10,0,0,-1,0.015,0.035,0.162,2.23,14.11,6.61,90.6,Normal
27:39.4,Подгорица,Tekirdağ,None,0,46,50,1018,10,0,0,-1,0.036,0.014,0.209,2.23,14.11,6.61,90.6,Normal
27:40.4,Подгорица,Tekirdağ,None,0,45.3,50,1002.9,10,0,0,-1,-0.068,-0.013,0.199,2.23,14.12,6.61,90.6,Normal
27:41.4,Подгорица,Tekirdağ,None,0,44.6,50,988.3,10,0,0,-1,-0.03,-0.046,0.178,2.23,14.12,6.61,90.6,Normal
27:42.4,Подгорица,Tekirdağ,None,0,44,50,974.8,10,0,0,-1,0.016,0.121,0.151,2.23,14.12,6.61,90.6,Normal
27:43.4,Подгорица,Tekirdağ,None,0,43.6,50,967.1,10,0,0,0,-0.055,-0.104,0.081,2.23,14.12,6.61,90.6,Normal
27:44.4,Подгорица,Tekirdağ,None,0,43.4,50,961.9,10,0,0,-1,0.078,0.13,0.063,2.24,14.12,6.61,90.6,Normal
27:45.4,Подгорица,Tekirdağ,None,0,43.2,50,959.9,10,0.36,0,-1,0.021,-0.035,-0.013,2.24,14.12,6.61,90.6,Normal
27:46.4,Подгорица,Tekirdağ,None,0,43.4,50,964.6,10,0.25,0,-1,0.01,0.019,-0.056,2.24,14.12,6.61,90.6,Normal
27:47.4,Подгорица,Tekirdağ,None,0,43.5,50,967,10,0.32,0,-1,0.007,0.042,-0.024,2.24,14.12,6.61,90.6,Normal
27:48.4,Подгорица,Tekirdağ,None,0,43.6,50,970.9,10,0.45,0,-1,-0.035,-0.014,-0.052,2.24,14.12,6.61,90.6,Normal
27:49.4,Подгорица,Tekirdağ,None,0,43.5,50,964.6,10,0,0,0,-0.071,0.015,0.151,2.24,14.13,6.61,90.6,Normal
27:50.4,Подгорица,Tekirdağ,None,0,42.7,50,946.3,10,0,0,0,-0.039,0.029,0.289,2.24,14.13,6.61,90.6,Normal
27:51.4,Подгорица,Tekirdağ,None,0,41.7,50,1191.9,9,0,0,-1,0.019,0.004,0.284,2.24,14.13,6.61,90.6,Normal
27:52.4,Подгорица,Tekirdağ,None,0,40.3,50,1145.3,9,0,0.32,1,-0.056,0.024,0.822,2.24,14.13,6.61,90.6,Normal
27:53.4,Подгорица,Tekirdağ,None,0,36.6,50,1043.2,9,0,0,1,-0.337,-0.047,0.669,2.24,14.13,6.61,90.6,Normal
27:54.4,Подгорица,Tekirdağ,None,0,35.2,50,1004.1,9,0,0,1,-0.317,0.015,0.309,2.24,14.13,6.61,90.6,Normal
27:55.4,Подгорица,Tekirdağ,None,0,34.2,50,975.7,9,0,0,1,-0.052,-0.048,0.281,2.24,14.13,6.61,90.6,Normal
27:56.4,Подгорица,Tekirdağ,None,0,33.5,50,957.3,9,0.05,0,1,0.069,-0.003,0.129,2.24,14.13,6.61,90.6,Normal
27:57.4,Подгорица,Tekirdağ,None,0,33,50,944,9,0,0,1,0.154,0.022,0.163,2.24,14.13,6.61,90.6,Normal
27:58.4,Подгорица,Tekirdağ,None,0,32.6,50,934.7,9,0.37,0,1,-0.009,-0.013,0.024,2.24,14.13,6.61,90.6,Normal
27:59.4,Подгорица,Tekirdağ,None,0,33.1,50,950,9,0.04,0,1,0.159,0.006,-0.154,2.24,14.13,6.61,90.6,Normal
28:00.4,Подгорица,Tekirdağ,None,0,33.4,70,957.2,9,0.22,0,1,-0.012,-0.024,-0.111,2.24,14.13,6.61,90.6,Normal
28:01.4,Подгорица,Tekirdağ,None,0,34.1,70,979.4,9,0.31,0,0,0.086,-0.018,-0.259,2.24,14.13,6.61,90.6,Normal
28:02.4,Подгорица,Tekirdağ,None,0,35.2,70,1011.1,9,0.42,0,0,0.049,0.002,-0.307,2.24,14.13,6.61,90.6,Normal
28:03.4,Подгорица,Tekirdağ,None,0,36.6,70,1054.4,9,0.75,0,0,0.022,-0.019,-0.503,2.24,14.13,6.61,90.6,Normal
28:04.4,Подгорица,Tekirdağ,None,0,38,70,1086.8,9,0,0,-1,0.052,0.082,-0.167,2.24,14.13,6.61,90.6,Normal
28:05.4,Подгорица,Tekirdağ,None,0,38,70,1087.7,9,0,0,-1,0.357,0.04,0.012,2.24,14.14,6.61,90.6,Normal
28:06.4,Подгорица,Tekirdağ,None,0,37.9,70,1082.3,9,0.03,0,-1,0.16,0.016,0.066,2.24,14.14,6.61,90.6,Normal
28:07.4,Подгорица,Tekirdağ,None,0,37.8,70,1085.5,9,0.28,0,-1,-0.016,-0.02,-0.033,2.24,14.14,6.61,90.5,Normal
28:08.4,Подгорица,Tekirdağ,None,0,37.7,70,1079.3,9,0.21,0,-1,-0.008,0.02,0.114,2.24,14.14,6.61,90.5,Normal
28:09.4,Подгорица,Tekirdağ,None,0,37.1,70,1064.6,9,0.51,0,-1,-0.095,-0.014,0.163,2.24,14.14,6.61,90.5,Normal
28:10.4,Подгорица,Tekirdağ,None,0,36.7,70,1051.8,9,0.34,0,-1,0.043,-0.001,0.12,2.24,14.14,6.61,90.5,Normal
28:11.4,Подгорица,Tekirdağ,None,0,36.4,70,1043.3,9,0.36,0,-1,-0.173,-0.016,0.047,2.24,14.14,6.61,90.5,Normal
28:12.4,Подгорица,Tekirdağ,None,0,36.3,70,1043,9,0.37,0,-1,-0.05,-0.005,-0.043,2.24,14.14,6.61,90.5,Normal
28:13.4,Подгорица,Tekirdağ,None,0,37.1,70,1066.5,9,0.4,0,-1,-0.086,0.026,-0.318,2.24,14.14,6.61,90.5,Normal
28:14.4,Подгорица,Tekirdağ,None,0,38.7,70,1113.6,9,0.63,0,1,-0.17,0.002,-0.562,2.24,14.14,6.61,90.5,Normal
28:15.4,Подгорица,Tekirdağ,None,0,41.1,70,1184.3,9,0.6,0,1,-0.119,0.034,-0.69,2.24,14.14,6.61,90.4,Normal
28:16.4,Подгорица,Tekirdağ,None,0,43.5,70,1252,9,0.64,0,1,-0.03,-0.019,-0.689,2.24,14.14,6.61,90.4,Normal
28:17.4,Подгорица,Tekirdağ,None,0,45.8,70,1316.8,9,0.64,0,1,-0.04,0.012,-0.602,2.24,14.14,6.61,90.4,Normal
28:18.4,Подгорица,Tekirdağ,None,0,47.6,70,1369.2,9,0.65,0,1,-0.031,-0.006,-0.482,2.24,14.14,6.61,90.4,Normal
28:19.4,Подгорица,Tekirdağ,None,0,48.8,70,1280.3,9,0.62,0,1,-0.059,0.087,-0.125,2.24,14.15,6.61,90.4,Normal
28:20.4,Подгорица,Tekirdağ,None,0,48.8,70,1084.7,10,0.65,0,1,-0.013,0.004,0.007,2.24,14.15,6.61,90.4,Normal
28:21.4,Подгорица,Tekirdağ,None,0,49.4,70,1099.6,10,0.64,0,1,-0.01,-0.012,-0.213,2.24,14.15,6.61,90.3,Normal
28:22.4,Подгорица,Tekirdağ,None,0,50.1,70,1115.9,10,0.6,0,1,-0.038,-0.035,-0.214,2.24,14.15,6.61,90.3,Normal
28:23.4,Подгорица,Tekirdağ,None,0,50.9,70,1133.9,10,0.63,0,1,0.014,0.001,-0.235,2.24,14.15,6.61,90.3,Normal
28:24.4,Подгорица,Tekirdağ,None,0,51.7,70,1151.8,10,0.63,0,1,-0.007,-0.006,-0.242,2.24,14.15,6.61,90.3,Normal
28:25.4,Подгорица,Tekirdağ,None,0,52.6,70,1171,10,0.62,0,1,0.091,0.008,-0.234,2.24,14.15,6.61,90.3,Normal
28:26.4,Подгорица,Tekirdağ,None,0,53.3,70,1186.9,10,0.56,0,-1,0.303,0.075,-0.205,2.24,14.15,6.61,90.2,Normal
28:27.4,Подгорица,Tekirdağ,None,0,54.1,70,1203.2,10,0.58,0,-1,0.255,-0.007,-0.215,2.24,14.16,6.61,90.2,Normal
28:28.4,Подгорица,Tekirdağ,None,0,55.1,70,1227.4,10,0.56,0,-1,-0.005,0.012,-0.333,2.24,14.16,6.61,90.2,Normal
28:29.4,Подгорица,Tekirdağ,None,0,56.6,70,1261,10,0.54,0,-1,0.04,0.043,-0.462,2.24,14.16,6.61,90.2,Normal
28:30.4,Подгорица,Tekirdağ,None,0,57.9,70,1285.7,10,0,0,0,-0.154,0.01,-0.269,2.24,14.16,6.61,90.2,Normal
28:31.4,Подгорица,Tekirdağ,None,0,58.8,70,1303.7,10,0,0,1,-0.148,-0.047,-0.207,2.24,14.16,6.61,90.2,Normal
28:32.4,Подгорица,Tekirdağ,None,0,59.4,70,1320.4,10,0.37,0,1,-0.052,0.008,-0.194,2.24,14.16,6.61,90.2,Normal
28:33.4,Подгорица,Tekirdağ,None,0,60.1,70,1333.6,10,0,0,0,0.015,0.041,-0.108,2.24,14.16,6.61,90.2,Normal
28:34.4,Подгорица,Tekirdağ,None,0,60.3,70,1336.7,10,0,0,1,-0.173,-0.023,-0.031,2.24,14.16,6.61,90.2,Normal
28:35.4,Подгорица,Tekirdağ,None,0,60.4,70,1338.6,10,0,0,1,-0.072,-0.038,-0.03,2.24,14.16,6.61,90.2,Normal
28:36.4,Подгорица,Tekirdağ,None,0,60.5,70,1340.7,10,0,0,1,0.022,0.017,-0.03,2.24,14.16,6.61,90.2,Normal
28:37.4,Подгорица,Tekirdağ,None,0,60.6,70,1343.4,10,0,0,1,0.06,0.035,-0.05,2.24,14.17,6.61,90.2,Normal
28:38.4,Подгорица,Tekirdağ,None,0,60.9,70,1351.7,10,0,0,-1,0.1,0.057,-0.119,2.24,14.17,6.61,90.2,Normal
28:39.4,Подгорица,Tekirdağ,None,0,61.4,70,1361.4,10,0,0,-1,0.055,0.041,-0.123,2.24,14.17,6.61,90.2,Normal
28:40.4,Подгорица,Tekirdağ,None,0,61.8,70,1370.5,10,0,0,-1,0.032,0.05,-0.109,2.24,14.17,6.61,90.2,Normal
28:41.4,Подгорица,Tekirdağ,None,0,62.2,70,1352.8,10,0,0,-1,0.201,-0.005,-0.118,2.24,14.17,6.61,90.2,Normal
28:42.4,Подгорица,Tekirdağ,None,0,62.7,70,1121.7,11,0,0,-1,0.015,0.011,-0.13,2.24,14.17,6.61,90.2,Normal
28:43.4,Подгорица,Tekirdağ,None,0,63,70,1127.6,11,0,0,-1,-0.043,-0.049,-0.071,2.24,14.17,6.61,90.2,Normal
28:44.4,Подгорица,Tekirdağ,None,0,63.1,70,1130,11,0,0,-1,0.027,-0.016,-0.064,2.24,14.17,6.61,90.2,Normal
28:45.4,Подгорица,Tekirdağ,None,0,63.3,70,1133.9,11,0,0,1,-0.124,0.017,-0.074,2.24,14.17,6.61,90.2,Normal
28:46.4,Подгорица,Tekirdağ,None,0,63.3,70,1132.9,11,0,0,1,-0.081,-0.078,0.047,2.24,14.18,6.61,90.2,Normal
28:47.4,Подгорица,Tekirdağ,None,0,63,70,1127.6,11,0,0,0,-0.018,-0.024,0.089,2.24,14.18,6.61,90.2,Normal
28:48.4,Подгорица,Tekirdağ,None,0,62.7,70,1122.6,11,0,0,0,-0.007,-0.013,0.097,2.24,14.18,6.61,90.2,Normal
28:49.4,Подгорица,Tekirdağ,None,0,62.4,70,1116.5,11,0,0,0,0.012,0.004,0.093,2.24,14.18,6.61,90.2,Normal
28:50.4,Подгорица,Tekirdağ,None,0,62,70,1108.4,11,0,0,0,0.001,-0.005,0.137,2.24,14.18,6.61,90.2,Normal
28:51.4,Подгорица,Tekirdağ,None,0,61.4,70,1098.3,11,0,0,1,-0.035,-0.035,0.176,2.24,14.18,6.61,90.2,Normal
28:52.4,Подгорица,Tekirdağ,None,0,60.8,70,1087.4,11,0,0,1,-0.03,0.004,0.169,2.24,14.19,6.61,90.2,Normal
28:53.4,Подгорица,Tekirdağ,None,0,60.2,70,1076.4,11,0,0,1,-0.096,-0.018,0.144,2.24,14.19,6.61,90.2,Normal
28:54.4,Подгорица,Tekirdağ,None,0,59.7,70,1068.9,11,0,0,1,-0.02,0.019,0.097,2.24,14.19,6.61,90.2,Normal
28:55.4,Подгорица,Tekirdağ,None,0,59.4,70,1062.3,11,0,0,-1,0.16,0.02,0.106,2.24,14.19,6.61,90.2,Normal
28:56.4,Подгорица,Tekirdağ,None,0,59,70,1055.2,11,0,0,-1,0.07,-0.018,0.111,2.24,14.19,6.61,90.2,Normal
28:57.4,Подгорица,Tekirdağ,None,0,58.6,70,1048.6,11,0,0,-1,0.031,-0.035,0.106,2.24,14.19,6.61,90.2,Normal
28:58.4,Подгорица,Tekirdağ,None,0,58.2,70,1041.9,11,0,0,-1,0.156,-0.05,0.102,2.24,14.19,6.61,90.2,Normal
28:59.4,Подгорица,Tekirdağ,None,0,57.9,70,1034.9,11,0,0,-1,0.002,0.014,0.111,2.24,14.19,6.61,90.2,Normal
29:00.4,Подгорица,Tekirdağ,None,0,57.5,70,1027.9,11,0,0,-1,0.034,0.037,0.115,2.24,14.19,6.61,90.2,Normal
29:01.4,Подгорица,Tekirdağ,None,0,57.1,70,1020.5,11,0,0,-1,0.008,0.004,0.115,2.24,14.19,6.61,90.2,Normal
29:02.4,Подгорица,Tekirdağ,None,0,56.6,70,1012.9,11,0,0,-1,0.018,-0.005,0.119,2.24,14.2,6.61,90.2,Normal
29:03.4,Подгорица,Tekirdağ,None,0,56.3,70,1008.5,11,0.06,0,-1,-0.017,0.008,0.059,2.24,14.2,6.61,90.2,Normal
29:04.4,Подгорица,Tekirdağ,None,0,56,70,1002,11,0.21,0,-1,-0.079,0.016,0.112,2.24,14.2,6.61,90.2,Normal
29:05.4,Подгорица,Tekirdağ,None,0,56,70,1004.8,11,0.51,0,1,-0.123,-0.041,-0.066,2.24,14.2,6.61,90.2,Normal
29:06.4,Подгорица,Tekirdağ,None,0,56.4,70,1013.3,11,0.71,0,0,-0.044,-0.034,-0.149,2.24,14.2,6.61,90.1,Normal
29:07.4,Подгорица,Tekirdağ,None,0,57,70,1023.9,11,0.56,0,-1,0.009,0.006,-0.187,2.24,14.2,6.61,90.1,Normal
29:08.4,Подгорица,Tekirdağ,None,0,57.6,70,1034.3,11,0.59,0,-1,0.048,0.03,-0.165,2.24,14.2,6.61,90.1,Normal
29:09.4,Подгорица,Tekirdağ,None,0,58.2,70,1044.7,11,0.58,0,-1,0.081,0.035,-0.162,2.24,14.2,6.62,90.1,Normal
29:10.4,Подгорица,Tekirdağ,None,0,58.7,70,1054.8,11,0.59,0,-1,0.038,-0.007,-0.166,2.24,14.2,6.62,90.1,Normal
29:11.4,Подгорица,Tekirdağ,None,0,59.2,70,1063.4,11,0.41,0,1,-0.115,0.101,-0.146,2.24,14.2,6.62,90,Normal
29:12.4,Подгорица,Tekirdağ,None,0,59.7,70,1071.2,11,0.49,0,0,-0.024,-0.016,-0.135,2.24,14.2,6.62,90,Normal
29:13.4,Подгорица,Tekirdağ,None,0,60,70,1076.8,11,0.36,0,-1,0.011,0.046,-0.088,2.25,14.21,6.62,90,Normal
29:14.4,Подгорица,Tekirdağ,None,0,60.3,70,1081.7,11,0.37,0,-1,0.106,-0.02,-0.064,2.25,14.21,6.62,90,Normal
29:15.4,Подгорица,Tekirdağ,None,0,60.6,70,1086.4,11,0.41,0,-1,0.02,-0.035,-0.083,2.25,14.21,6.62,90,Normal
29:16.4,Подгорица,Tekirdağ,None,0,61,70,1095,11,0.56,0,-1,0.011,-0.035,-0.144,2.25,14.21,6.62,90,Normal
29:17.4,Подгорица,Tekirdağ,None,0,61.5,70,1104.4,11,0.58,0,0,-0.035,0.01,-0.153,2.25,14.21,6.62,90,Normal
29:18.4,Подгорица,Tekirdağ,None,0,62.1,70,1115,11,0.63,0,-1,0.001,-0.033,-0.166,2.25,14.21,6.62,89.9,Normal
29:19.4,Подгорица,Tekirdağ,None,0,62.7,70,1125.9,11,0.65,0,-1,0.019,-0.022,-0.173,2.25,14.22,6.62,89.9,Normal
29:20.4,Подгорица,Tekirdağ,None,0,62.8,70,1123.4,11,0,0,1,-0.038,-0.012,0.078,2.25,14.22,6.62,89.9,Normal
29:21.4,Подгорица,Tekirdağ,None,0,62.3,70,1112.6,11,0,0,0,-0.014,-0.036,0.302,2.25,14.22,6.62,89.9,Normal
29:22.4,Подгорица,Tekirdağ,None,0,60.8,70,1086.7,11,0,0,1,-0.141,0.034,0.455,2.25,14.22,6.62,89.9,Normal
29:23.4,Подгорица,Tekirdağ,None,0,59.2,70,1057.2,11,0,0,1,-0.127,0.002,0.449,2.25,14.22,6.62,89.9,Normal
29:24.4,Подгорица,Tekirdağ,None,0,58.3,70,1045.2,11,0.34,0,1,-0.113,-0.112,0.114,2.25,14.22,6.62,89.9,Normal
29:25.4,Подгорица,Tekirdağ,None,0,57.8,70,1035.6,11,0.41,0,1,0.077,-0.02,0.209,2.25,14.22,6.62,89.9,Normal
29:26.4,Подгорица,Tekirdağ,None,0,56.9,70,1021.7,11,0.6,0,1,0.013,-0.071,0.239,2.25,14.22,6.62,89.9,Normal
29:27.4,Подгорица,Tekirdağ,None,0,56,70,1004.6,11,0.66,0,1,0.098,0.013,0.278,2.25,14.22,6.62,89.9,Normal
29:28.4,Подгорица,Tekirdağ,None,0,55,70,986.8,11,0.68,0,1,0,0.014,0.288,2.25,14.22,6.62,89.9,Normal
29:29.4,Подгорица,Tekirdağ,None,0,54,70,963.4,11,0.94,0,0,0.112,-0.015,0.271,2.25,14.23,6.62,89.8,Normal
29:30.4,Подгорица,Tekirdağ,None,0,52.4,70,1160.5,10,1,0,0,0.037,-0.047,0.503,2.25,14.23,6.62,89.8,Normal
29:31.4,Подгорица,Tekirdağ,None,0,50.7,70,1448.9,9,1,0,0,0.017,0.007,0.468,2.25,14.23,6.62,89.8,Normal
29:32.4,Подгорица,Tekirdağ,None,0,50.1,70,1438.4,9,1,0,-1,0.038,-0.065,-0.051,2.25,14.23,6.62,89.8,Normal
29:33.4,Подгорица,Tekirdağ,None,0,50.6,70,1455.5,9,1,0,0,-0.004,-0.033,-0.211,2.25,14.23,6.62,89.8,Normal
29:34.4,Подгорица,Tekirdağ,None,0,51.4,70,1402.8,9,0,0,0,-0.009,0.071,-0.072,2.25,14.23,6.62,89.7,Normal
29:35.4,Подгорица,Tekirdağ,None,0,51.1,70,1135.2,10,0.57,0,-1,0.013,0.008,0.066,2.25,14.23,6.62,89.7,Normal
29:36.5,Подгорица,Tekirdağ,None,0,51.6,70,1149.1,10,0.67,0,0,0.029,-0.051,-0.236,2.25,14.23,6.62,89.7,Normal
29:37.5,Подгорица,Tekirdağ,None,0,52.4,70,1162.8,10,0,0,0,-0.015,0.049,-0.132,2.25,14.23,6.62,89.7,Normal
29:38.4,Подгорица,Tekirdağ,None,0,52.3,70,1159.3,10,0,0,0,0.009,0.041,0.074,2.25,14.23,6.62,89.7,Normal
29:39.5,Подгорица,Tekirdağ,None,0,52,70,1153,10,0,0,0,-0.002,0.003,0.077,2.25,14.23,6.62,89.7,Normal
29:40.4,Подгорица,Tekirdağ,None,0,51.7,70,1146.6,10,0,0,1,-0.03,0.056,0.076,2.25,14.24,6.62,89.7,Normal
29:41.5,Подгорица,Tekirdağ,None,0,51.4,70,1140.2,10,0,0,0,0.002,0.007,0.09,2.25,14.24,6.62,89.7,Normal
29:42.4,Подгорица,Tekirdağ,None,0,51.1,70,1133.2,10,0,0,0,0.018,-0.069,0.097,2.25,14.24,6.62,89.7,Normal
29:43.4,Подгорица,Tekirdağ,None,0,50.8,70,1126.4,10,0.04,0,-1,0.042,0.085,0.098,2.25,14.24,6.62,89.7,Normal
29:44.5,Подгорица,Tekirdağ,None,0,50.5,60,1121.5,10,0.13,0,-1,0.037,-0.048,0.051,2.25,14.24,6.62,89.7,Normal
29:45.4,Подгорица,Tekirdağ,None,0,50.4,60,1118.9,10,0.19,0,-1,0.062,-0.053,0.017,2.25,14.24,6.62,89.7,Normal
29:46.5,Подгорица,Tekirdağ,None,0,50.1,60,1109.5,10,0,0,-1,-0.071,0.066,0.151,2.25,14.24,6.62,89.7,Normal
29:47.5,Подгорица,Tekirdağ,None,0,49.6,60,1101,10,0.39,0,0,-0.095,0.004,0.108,2.25,14.24,6.62,89.7,Normal
29:48.4,Подгорица,Tekirdağ,None,0,49.6,60,1102.2,10,0.29,0,-1,0.082,-0.057,-0.054,2.25,14.25,6.62,89.7,Normal
29:49.5,Подгорица,Tekirdağ,None,0,49.8,60,1106.5,10,0.31,0,-1,0.015,0.042,-0.076,2.25,14.25,6.62,89.7,Normal
29:50.4,Подгорица,Tekirdağ,None,0,50.1,60,1113,10,0.32,0,-1,0.06,-0.022,-0.095,2.25,14.25,6.62,89.7,Normal
29:51.4,Подгорица,Tekirdağ,None,0,50.5,60,1123,10,0.34,0,-1,-0.038,0.012,-0.142,2.25,14.25,6.62,89.7,Normal
29:52.4,Подгорица,Tekirdağ,None,0,51.1,60,1137.6,10,0.44,0,1,-0.126,-0.009,-0.211,2.25,14.25,6.62,89.6,Normal
29:53.4,Подгорица,Tekirdağ,None,0,51.9,60,1154.3,10,0.37,0,0,-0.036,0.064,-0.219,2.25,14.25,6.62,89.6,Normal
29:54.5,Подгорица,Tekirdağ,None,0,52.7,60,1171,10,0.39,0,0,-0.017,-0.001,-0.209,2.25,14.25,6.62,89.6,Normal
29:55.4,Подгорица,Tekirdağ,None,0,53.4,60,1186.3,10,0.06,0,0,0.006,0.05,-0.221,2.25,14.25,6.62,89.6,Normal
29:56.4,Подгорица,Tekirdağ,None,0,53.7,60,1190.3,10,0,0,1,-0.075,-0.02,-0.029,2.25,14.25,6.62,89.6,Normal
29:57.5,Подгорица,Tekirdağ,None,0,53.7,60,1190.1,10,0,0,1,-0.106,0.094,0.005,2.25,14.25,6.62,89.6,Normal
29:58.4,Подгорица,Tekirdağ,None,0,53.6,60,1187.8,10,0,0,1,-0.156,0.022,0.044,2.25,14.25,6.62,89.6,Normal
29:59.4,Подгорица,Tekirdağ,None,0,53.5,60,1185.9,10,0.06,0,1,-0.01,0.027,0.036,2.25,14.26,6.62,89.6,Normal
30:00.4,Подгорица,Tekirdağ,None,0,53.3,60,1182,10,0.07,0,1,-0.027,-0.026,0.065,2.25,14.26,6.62,89.6,Normal
30:01.4,Подгорица,Tekirdağ,None,0,53.1,60,1177.6,10,0.08,0,1,0.08,-0.035,0.062,2.25,14.26,6.62,89.6,Normal
30:02.4,Подгорица,Tekirdağ,None,0,52.7,60,1169.7,10,0.07,0,-1,0.142,0.041,0.105,2.25,14.26,6.62,89.6,Normal
30:03.4,Подгорица,Tekirdağ,None,0,52.4,60,1161.8,10,0.12,0,1,-0.268,-0.015,0.099,2.25,14.26,6.62,89.6,Normal
30:04.5,Подгорица,Tekirdağ,None,0,52.2,60,1158.3,10,0.17,0,1,-0.085,0.053,0.026,2.25,14.26,6.62,89.6,Normal
30:05.4,Подгорица,Tekirdağ,None,0,52.2,60,1159.7,10,0.19,0,1,-0.073,-0.014,-0.039,2.25,14.26,6.62,89.6,Normal
30:06.5,Подгорица,Tekirdağ,None,0,52.5,60,1167.3,10,0.3,0,1,-0.004,0.046,-0.126,2.25,14.26,6.62,89.6,Normal
30:07.5,Подгорица,Tekirdağ,None,0,53.2,60,1181.7,10,0.23,0,0,0.166,-0.003,-0.199,2.25,14.26,6.62,89.6,Normal
30:08.4,Подгорица,Tekirdağ,None,0,53.9,60,1198.8,10,0.35,0,1,0.028,-0.019,-0.243,2.25,14.26,6.62,89.6,Normal
30:09.5,Подгорица,Tekirdağ,None,0,54.7,60,1212.4,10,0,0,1,0,0.037,-0.113,2.25,14.26,6.62,89.5,Normal
30:10.4,Подгорица,Tekirdağ,None,0,54.9,60,1217.7,10,0,0,1,0.06,0.037,-0.067,2.25,14.27,6.62,89.5,Normal
30:11.4,Подгорица,Tekirdağ,None,0,55.1,60,1221.6,10,0,0,0,0.055,-0.026,-0.035,2.25,14.27,6.62,89.5,Normal
30:12.5,Подгорица,Tekirdağ,None,0,55,60,1219.6,10,0,0,-1,0.215,0.058,0.101,2.25,14.27,6.62,89.5,Normal
30:13.5,Подгорица,Tekirdağ,None,0,54.5,60,1207.6,10,0,0,-1,-0.039,0.008,0.15,2.25,14.27,6.62,89.5,Normal
30:14.5,Подгорица,Tekirdağ,None,0,54.1,60,1198.1,10,0,0,-1,0.034,0.018,0.088,2.25,14.27,6.62,89.5,Normal
30:15.5,Подгорица,Tekirdağ,None,0,53.9,60,1194.6,10,0,0,-1,0.097,0.031,0.018,2.25,14.27,6.62,89.5,Normal
30:16.4,Подгорица,Tekirdağ,None,0,53.9,60,1194.9,10,0,0,-1,0.086,0.02,-0.02,2.25,14.27,6.62,89.5,Normal
30:17.5,Подгорица,Tekirdağ,None,0,54,60,1196.8,10,0,0,-1,0.065,0.02,-0.021,2.25,14.28,6.62,89.5,Normal
30:18.4,Подгорица,Tekirdağ,None,0,54,60,1196.7,10,0,0,-1,0.032,-0.044,0.017,2.25,14.28,6.62,89.5,Normal
30:19.5,Подгорица,Tekirdağ,None,0,53.8,60,1191.2,10,0,0,-1,0.057,0.064,0.109,2.25,14.28,6.62,89.5,Normal
30:20.4,Подгорица,Tekirdağ,None,0,53.3,60,1179.9,10,0,0,-1,-0.122,-0.002,0.144,2.25,14.28,6.62,89.5,Normal
30:21.4,Подгорица,Tekirdağ,None,0,52.8,60,1169.4,10,0,0,-1,-0.07,0.004,0.124,2.25,14.28,6.62,89.5,Normal
30:22.4,Подгорица,Tekirdağ,None,0,52.5,60,1162.4,10,0,0,-1,0.051,-0.051,0.082,2.25,14.28,6.62,89.5,Normal
30:23.4,Подгорица,Tekirdağ,None,0,52.2,60,1155.6,10,0,0,-1,-0.014,0,0.09,2.25,14.28,6.62,89.5,Normal
30:24.5,Подгорица,Tekirdağ,None,0,52,60,1152.4,10,0,0,-1,-0.085,-0.041,0.019,2.25,14.28,6.62,89.5,Normal
30:25.5,Подгорица,Tekirdağ,None,0,51.9,60,1150.6,10,0,0,-1,-0.008,0.056,0.026,2.25,14.28,6.62,89.5,Normal
30:26.4,Подгорица,Tekirdağ,None,0,51.9,60,1150.2,10,0,0,0,-0.093,-0.008,-0.008,2.25,14.28,6.62,89.5,Normal
30:27.5,Подгорица,Tekirdağ,None,0,51.9,60,1150.8,10,0,0,0,-0.039,-0.023,-0.024,2.25,14.28,6.62,89.5,Normal
30:28.4,Подгорица,Tekirdağ,None,0,52.1,60,1154.7,10,0,0,0,-0.018,-0.041,-0.051,2.25,14.29,6.62,89.5,Normal
30:29.4,Подгорица,Tekirdağ,None,0,52.4,60,1161.7,10,0,0,-1,0.128,-0.055,-0.116,2.25,14.29,6.62,89.5,Normal
30:30.4,Подгорица,Tekirdağ,None,0,52.9,60,1172.9,10,0,0,0,-0.039,-0.05,-0.166,2.25,14.29,6.62,89.5,Normal
30:31.4,Подгорица,Tekirdağ,None,0,53.6,50,1189.9,10,0,0,-1,-0.04,0.022,-0.237,2.25,14.29,6.62,89.5,Normal
30:32.5,Подгорица,Tekirdağ,None,0,54.6,50,1210.7,10,0,0,0,-0.022,-0.013,-0.273,2.25,14.29,6.62,89.5,Normal
30:33.4,Подгорица,Tekirdağ,None,0,55.6,50,1233.5,10,0,0,1,-0.056,-0.065,-0.307,2.25,14.29,6.62,89.5,Speeding
30:34.5,Подгорица,Tekirdağ,None,0,56.4,50,1249.9,10,0,0,1,-0.036,0.042,-0.193,2.25,14.29,6.62,89.5,Speeding
30:35.5,Подгорица,Tekirdağ,None,0,57,50,1263.8,10,0,0,1,-0.075,0.037,-0.171,2.25,14.29,6.62,89.5,Speeding
30:36.5,Подгорица,Tekirdağ,None,0,57.6,50,1275.3,10,0,0.13,1,-0.084,-0.01,-0.126,2.25,14.29,6.62,89.5,Speeding
30:37.5,Подгорица,Tekirdağ,None,0,55.5,50,1226.5,10,0,0.15,1,-0.104,-0.069,0.647,2.25,14.29,6.62,89.5,Speeding
30:38.5,Подгорица,Tekirdağ,None,0,54.4,50,1204.5,10,0,0,1,-0.072,-0.035,0.022,2.25,14.29,6.62,89.5,Normal
30:39.5,Подгорица,Tekirdağ,None,0,54.4,50,1206,10,0,0.05,1,-0.072,-0.026,0.002,2.26,14.3,6.62,89.5,Normal
30:40.5,Подгорица,Tekirdağ,None,0,53.8,50,1191.7,10,0,0.06,1,-0.057,0.007,0.25,2.26,14.3,6.62,89.5,Normal
30:41.5,Подгорица,Tekirdağ,None,0,52.5,50,1160.6,10,0,0.2,1,0.014,0.045,0.588,2.26,14.3,6.62,89.5,Normal
30:42.5,Подгорица,Tekirdağ,None,0,48.9,50,1077.7,10,0,0.34,1,0.009,-0.054,1.222,2.26,14.3,6.62,89.5,Normal
30:43.5,Подгорица,Tekirdağ,None,0,44.2,50,975.5,10,0,0.25,0,0.074,-0.037,1.323,2.26,14.3,6.62,89.5,Normal
30:44.5,Подгорица,Tekirdağ,None,0,40,50,1099.1,10,0,0.32,-1,0.287,0.03,1.258,2.26,14.3,6.62,89.5,Normal
30:45.5,Подгорица,Tekirdağ,None,0,35.3,50,1000.4,9,0,0.35,-1,0.287,0.041,1.477,2.26,14.3,6.62,89.5,Normal
30:46.5,Подгорица,Tekirdağ,None,0,30.8,50,981.1,9,0,0,-1,-0.126,-0.052,0.757,2.26,14.3,6.62,89.5,Normal
30:47.5,Подгорица,Tekirdağ,None,0,29.8,50,1090.8,8,0.33,0,-1,-0.179,-0.016,0.204,2.26,14.31,6.62,89.5,Normal
30:48.5,Подгорица,Tekirdağ,None,0,30.2,50,1118.9,8,0.88,0,-1,-0.085,-0.023,-0.295,2.26,14.31,6.62,89.5,Normal
30:49.5,Подгорица,Tekirdağ,None,0,31.2,50,1153.8,8,0.86,0,1,-0.173,-0.02,-0.255,2.26,14.31,6.62,89.5,Normal
30:50.5,Подгорица,Tekirdağ,None,0,31.7,50,1140,8,1,0,1,-0.055,-0.031,0.039,2.26,14.31,6.62,89.5,Normal
30:51.5,Подгорица,Tekirdağ,None,0,30.1,50,1427.7,7,1,0,1,-0.025,-0.031,0.507,2.26,14.31,6.62,89.5,Normal
30:52.5,Подгорица,Tekirdağ,None,0,30.2,50,1441.3,7,1,0,0,0.003,-0.006,-0.242,2.26,14.31,6.62,89.4,Normal
30:53.5,Подгорица,Tekirdağ,None,0,31.3,50,1492.5,7,1,0,-1,0.011,-0.015,-0.346,2.26,14.31,6.62,89.4,Normal
30:54.5,Подгорица,Tekirdağ,None,0,32.4,50,1546.8,7,0.99,0,-1,0.004,-0.005,-0.29,2.26,14.31,6.62,89.4,Normal
30:55.5,Подгорица,Tekirdağ,None,0,33.4,50,1592.7,7,1,0,-1,0.046,-0.006,-0.278,2.26,14.31,6.62,89.3,Normal
30:56.5,Подгорица,Tekirdağ,None,0,34.4,50,1638.7,7,1,0,-1,-0.027,-0.01,-0.285,2.26,14.31,6.62,89.3,Normal
30:57.5,Подгорица,Tekirdağ,None,0,35.3,50,1672.4,7,0.08,0,0,-0.038,-0.029,-0.107,2.26,14.31,6.62,89.3,Normal
30:58.5,Подгорица,Tekirdağ,None,0,35.1,50,1515.2,7,1,0,-1,0.009,0.076,0.174,2.26,14.31,6.62,89.3,Normal
30:59.5,Подгорица,Tekirdağ,None,0,34.4,50,1266.9,8,0.94,0,-1,0.027,-0.012,0.052,2.26,14.31,6.62,89.3,Normal
31:00.5,Подгорица,Tekirdağ,None,0,35.7,50,1319.2,8,0.94,0,0,-0.028,-0.016,-0.502,2.26,14.31,6.62,89.2,Normal
31:01.5,Подгорица,Tekirdağ,None,0,37.6,50,1390.9,8,0.98,0,0,-0.034,0.022,-0.583,2.26,14.31,6.62,89.2,Normal
31:02.5,Подгорица,Tekirdağ,None,0,39.7,50,1465.1,8,0.85,0,-1,-0.02,0.036,-0.565,2.26,14.31,6.62,89.2,Normal
31:03.5,Подгорица,Tekirdağ,None,0,40.6,50,1200.5,9,0.75,0,0,-0.039,0.071,-0.007,2.26,14.31,6.62,89.2,Normal
31:04.5,Подгорица,Tekirdağ,None,0,40.9,50,1178,9,0.69,0,0,-0.011,0.002,-0.32,2.26,14.32,6.62,89.1,Normal
31:05.5,Подгорица,Tekirdağ,None,0,42.6,50,1226.3,9,0.82,0,0,-0.01,-0.008,-0.529,2.26,14.32,6.62,89.1,Normal
31:06.5,Подгорица,Tekirdağ,None,0,44.5,50,1282.7,9,0.82,0,0,-0.002,-0.009,-0.587,2.26,14.32,6.62,89.1,Normal
31:07.5,Подгорица,Tekirdağ,None,0,46.5,50,1339.4,9,0.86,0,0,-0.011,-0.039,-0.543,2.26,14.32,6.62,89.1,Normal
31:08.5,Подгорица,Tekirdağ,None,0,48.5,50,1394.9,9,0.8,0,0,0.006,0.047,-0.586,2.26,14.32,6.62,89,Normal
31:09.5,Подгорица,Tekirdağ,None,0,50.6,50,1456.2,9,0.88,0,0,0,0.003,-0.601,2.26,14.32,6.62,89,Normal
31:10.5,Подгорица,Tekirdağ,None,0,51.8,50,1148.3,10,0,0,-1,0.03,-0.02,-0.168,2.26,14.32,6.62,89,Normal
31:11.5,Подгорица,Tekirdağ,None,0,52.1,50,1156.5,10,0,0,0,-0.014,-0.006,-0.092,2.26,14.32,6.62,89,Normal
31:12.5,Подгорица,Tekirdağ,None,0,52.4,50,1162.1,10,0,0,1,0.005,0.04,-0.073,2.26,14.32,6.62,89,Normal
31:13.5,Подгорица,Tekirdağ,None,0,52.6,50,1166.7,10,0,0,0,0.007,-0.015,-0.054,2.26,14.33,6.62,89,Normal
31:14.5,Подгорица,Tekirdağ,None,0,52.7,50,1168.9,10,0,0,0,0.019,-0.025,-0.026,2.26,14.33,6.62,89,Normal
31:15.5,Подгорица,Tekirdağ,None,0,52.7,50,1168.3,10,0,0,-1,0.003,-0.04,0.015,2.26,14.33,6.62,89,Normal
31:16.5,Подгорица,Tekirdağ,None,0,52.5,50,1164.2,10,0,0,0,-0.01,0.003,0.071,2.26,14.33,6.62,89,Normal
31:17.5,Подгорица,Tekirdağ,None,0,52.2,50,1157.2,10,0,0,0,-0.007,-0.018,0.098,2.26,14.33,6.62,89,Normal
31:18.5,Подгорица,Tekirdağ,None,0,51.8,50,1148.4,10,0,0,1,-0.009,0.001,0.108,2.26,14.33,6.62,89,Normal
31:19.5,Подгорица,Tekirdağ,None,0,51.4,50,1140.2,10,0,0,1,-0.064,-0.028,0.085,2.26,14.33,6.62,89,Normal
31:20.5,Подгорица,Tekirdağ,None,0,51.1,50,1131.7,10,0,0,1,-0.093,0.02,0.128,2.26,14.33,6.62,89,Normal
31:21.5,Подгорица,Tekirdağ,None,0,50.7,50,1123.7,10,0,0,1,0.009,-0.019,0.086,2.26,14.33,6.62,89,Normal
31:22.5,Подгорица,Tekirdağ,None,0,50.3,50,1114.4,10,0,0,1,-0.037,-0.034,0.126,2.26,14.33,6.62,89,Normal
31:23.5,Подгорица,Tekirdağ,None,0,50.3,50,1120.9,10,0,0,1,0.091,-0.079,-0.208,2.26,14.33,6.62,89,Normal
31:24.5,Подгорица,Tekirdağ,None,0,50.9,50,1130.5,10,0,0,0,0.09,0.03,-0.084,2.26,14.34,6.62,89,Normal
31:25.5,Подгорица,Tekirdağ,None,0,50.7,50,1123.8,10,0,0,1,-0.08,0.042,0.12,2.26,14.34,6.62,89,Normal
31:26.5,Подгорица,Tekirdağ,None,0,50.4,50,1117.4,10,0,0,1,-0.042,0.02,0.071,2.26,14.34,6.62,89,Normal
31:27.5,Подгорица,Tekirdağ,None,0,50.2,50,1115.2,10,0,0,1,-0.024,-0.03,0.016,2.26,14.34,6.62,89,Normal
31:28.5,Подгорица,Tekirdağ,None,0,50.2,50,1114.3,10,0,0,1,0.061,0.021,0,2.26,14.34,6.62,88.9,Normal
31:29.5,Подгорица,Tekirdağ,None,0,50.2,60,1113.9,10,0,0,1,0.092,0.036,0.007,2.26,14.34,6.62,88.9,Normal
31:30.5,Подгорица,Tekirdağ,None,0,50.1,60,1113.4,10,0,0,1,-0.022,-0.021,0.019,2.26,14.34,6.62,88.9,Normal
31:31.5,Подгорица,Tekirdağ,None,0,50.1,60,1113.3,10,0,0,1,-0.073,-0.023,0.004,2.26,14.34,6.62,88.9,Normal
31:32.5,Подгорица,Tekirdağ,None,0,50.1,60,1113.5,10,0,0,1,0.004,0.041,0.009,2.26,14.34,6.62,88.9,Normal
31:33.5,Подгорица,Tekirdağ,None,0,50.1,60,1113.6,10,0,0,1,0.038,-0.018,-0.001,2.26,14.34,6.62,88.9,Normal
31:34.5,Подгорица,Tekirdağ,None,0,50.2,60,1113.7,10,0,0,1,0.069,-0.026,-0.003,2.26,14.34,6.62,88.9,Normal
31:35.5,Подгорица,Tekirdağ,None,0,50.1,60,1113.5,10,0,0,1,0.002,0.041,0.002,2.26,14.35,6.62,88.9,Normal
31:36.5,Подгорица,Tekirdağ,None,0,50.1,60,1113.3,10,0,0,1,-0.023,-0.047,0.007,2.26,14.35,6.62,88.9,Normal
31:37.5,Подгорица,Tekirdağ,None,0,50.2,60,1113.9,10,0,0,1,-0.152,0.012,-0.004,2.26,14.35,6.62,88.9,Normal
31:38.5,Подгорица,Tekirdağ,None,0,50.2,60,1113.4,10,0,0,1,0.114,0.038,0.009,2.26,14.35,6.62,88.9,Normal
31:39.5,Подгорица,Tekirdağ,None,0,50.1,60,1113,10,0,0,0,0.126,-0.003,0.003,2.26,14.35,6.62,88.9,Normal
31:40.5,Подгорица,Tekirdağ,None,0,50.1,60,1113.1,10,0,0,-1,0.086,0.034,-0.012,2.26,14.35,6.62,88.9,Normal
31:41.5,Подгорица,Tekirdağ,None,0,50.1,60,1113,10,0,0,1,-0.2,-0.126,-0.006,2.26,14.35,6.62,88.8,Normal
31:42.5,Подгорица,Tekirdağ,None,0,50.1,60,1113.3,10,0,0,1,-0.162,0.033,0.005,2.26,14.35,6.62,88.8,Normal
31:43.5,Подгорица,Tekirdağ,None,0,50.1,60,1113.3,10,0,0,1,-0.1,0.014,0.01,2.26,14.36,6.62,88.8,Normal
31:44.5,Подгорица,Tekirdağ,None,0,50.1,60,1112.7,10,0,0,1,-0.051,-0.035,0.007,2.26,14.36,6.62,88.8,Normal
31:45.5,Подгорица,Tekirdağ,None,0,50.1,60,1112.8,10,0,0,1,0.019,0.03,-0.007,2.26,14.36,6.62,88.8,Normal
31:46.5,Подгорица,Tekirdağ,None,0,50.1,60,1113.2,10,0,0,0,0.162,-0.007,-0.001,2.26,14.36,6.62,88.8,Normal
31:47.5,Подгорица,Tekirdağ,None,0,50.1,60,1113.4,10,0.37,0,1,0.038,0.013,-0.011,2.26,14.36,6.62,88.8,Normal
31:48.5,Подгорица,Tekirdağ,None,0,50.5,60,1124.9,10,0.88,0,0,0.05,-0.038,-0.215,2.26,14.36,6.62,88.8,Normal
31:49.5,Подгорица,Tekirdağ,None,0,50.6,60,1448.7,9,0.92,0,1,-0.047,0.026,0.047,2.26,14.36,6.62,88.8,Normal
31:50.5,Подгорица,Tekirdağ,None,0,51.1,60,1468.5,9,0.85,0,0,0.053,-0.046,-0.334,2.26,14.36,6.62,88.8,Normal
31:51.5,Подгорица,Tekirdağ,None,0,51.3,60,1137.3,10,0.83,0,-1,0.04,0.011,0.076,2.26,14.36,6.62,88.8,Normal
31:52.5,Подгорица,Tekirdağ,None,0,51.6,60,1150,10,0.76,0,-1,0.018,-0.026,-0.236,2.26,14.36,6.62,88.7,Normal
31:53.5,Подгорица,Tekirdağ,None,0,52.6,60,1171.1,10,0.7,0,-1,0.048,0.03,-0.296,2.26,14.36,6.62,88.7,Normal
31:54.5,Подгорица,Tekirdağ,None,0,53.6,60,1193.9,10,0.71,0,0,-0.009,0.001,-0.314,2.26,14.36,6.62,88.7,Normal
31:55.5,Подгорица,Tekirdağ,None,0,54.7,60,1217.7,10,0.6,0,0,0.002,0.002,-0.294,2.26,14.37,6.62,88.7,Normal
31:56.5,Подгорица,Tekirdağ,None,0,55.8,70,1242.7,10,0.59,0,0,-0.024,-0.009,-0.323,2.26,14.37,6.62,88.7,Normal
31:57.5,Подгорица,Tekirdağ,None,0,56.9,70,1267.7,10,0.69,0,0,0.015,-0.004,-0.33,2.26,14.37,6.62,88.6,Normal
31:58.5,Подгорица,Tekirdağ,None,0,58.3,70,1297.5,10,0.6,0,-1,0.01,-0.008,-0.392,2.26,14.37,6.62,88.6,Normal
31:59.5,Подгорица,Tekirdağ,None,0,59.6,70,1326.9,10,0.54,0,-1,0.019,-0.047,-0.37,2.26,14.37,6.62,88.6,Normal
32:00.5,Подгорица,Tekirdağ,None,0,60.9,70,1355.6,10,0.54,0,0,-0.019,-0.045,-0.375,2.26,14.37,6.62,88.6,Normal
32:01.5,Подгорица,Tekirdağ,None,0,62.2,70,1353.3,10,0.56,0,0,-0.022,0.02,-0.305,2.26,14.37,6.62,88.6,Normal
32:02.5,Подгорица,Tekirdağ,None,0,62.8,70,1125.1,11,0.14,0,-1,0.001,0.026,-0.151,2.26,14.37,6.62,88.5,Normal
32:03.5,Подгорица,Tekirdağ,None,0,63.6,70,1142.1,11,0.46,0,-1,0.022,-0.011,-0.307,2.26,14.37,6.62,88.5,Normal
32:04.5,Подгорица,Tekirdağ,None,0,64.8,70,1163.8,11,0.46,0,-1,0.021,0.008,-0.348,2.26,14.38,6.62,88.5,Normal
32:05.5,Подгорица,Tekirdağ,None,0,66.1,70,1186.2,11,0.44,0,-1,0.029,0.028,-0.355,2.26,14.38,6.62,88.5,Normal
32:06.5,Подгорица,Tekirdağ,None,0,67.3,70,1206.4,11,0,0,-1,-0.01,0.112,-0.352,2.26,14.38,6.62,88.5,Normal
32:07.5,Подгорица,Tekirdağ,None,0,68.1,70,1219.5,11,0,0,-1,0.054,0.087,-0.179,2.26,14.38,6.62,88.5,Normal
32:08.5,Подгорица,Tekirdağ,None,0,68.8,70,1231.2,11,0,0,-1,-0.005,0.077,-0.177,2.26,14.38,6.62,88.5,Normal
32:09.5,Подгорица,Tekirdağ,None,0,69.4,70,1243,11,0,0,-1,0.064,-0.004,-0.181,2.26,14.38,6.62,88.5,Normal
32:10.5,Подгорица,Tekirdağ,None,0,70,70,1251.5,11,0,0,-1,-0.029,0.015,-0.125,2.26,14.39,6.62,88.5,Normal
32:11.5,Подгорица,Tekirdağ,None,0,70.3,70,1259.4,11,0.08,0,-1,0.004,0.068,-0.082,2.26,14.39,6.62,88.5,Normal
32:12.5,Подгорица,Tekirdağ,None,0,70.5,70,1262.3,11,0,0,-1,0.033,0.006,-0.007,2.26,14.39,6.62,88.5,Normal
32:13.5,Подгорица,Tekirdağ,None,0,70.4,70,1258.8,11,0,0,-1,0.048,0.061,0.096,2.27,14.39,6.62,88.5,Normal
32:14.5,Подгорица,Tekirdağ,None,0,69.9,70,1249.8,11,0,0,-1,0.003,0.045,0.166,2.27,14.39,6.62,88.5,Normal
32:15.5,Подгорица,Tekirdağ,None,0,69.1,70,1236.9,11,0,0,-1,-0.048,-0.005,0.216,2.27,14.39,6.62,88.5,Normal
32:16.5,Подгорица,Tekirdağ,None,0,68.4,70,1223.2,11,0,0,-1,-0.012,0.047,0.211,2.27,14.39,6.62,88.5,Normal
32:17.5,Подгорица,Tekirdağ,None,0,67.7,70,1211.7,11,0,0,-1,0.065,-0.062,0.164,2.27,14.39,6.62,88.5,Normal
32:18.5,Подгорица,Tekirdağ,None,0,67.3,70,1203.3,11,0,0,-1,0.163,0.028,0.129,2.27,14.4,6.62,88.5,Normal
32:19.5,Подгорица,Tekirdağ,None,0,66.8,70,1195.2,11,0.12,0,-1,0,-0.045,0.129,2.27,14.4,6.62,88.5,Normal
32:20.5,Подгорица,Tekirdağ,None,0,66.6,70,1192.5,11,0.22,0,-1,-0.115,0,0.036,2.27,14.4,6.62,88.5,Normal
32:21.5,Подгорица,Tekirdağ,None,0,66.5,70,1191.6,11,0.22,0,-1,0.038,-0.063,0.003,2.27,14.4,6.62,88.5,Normal
32:22.5,Подгорица,Tekirdağ,None,0,66.5,70,1192,11,0.38,0,-1,-0.058,-0.02,-0.011,2.27,14.4,6.62,88.5,Normal
32:23.5,Подгорица,Tekirdağ,None,0,66.7,70,1195.3,11,0.36,0,-1,0.082,0.006,-0.053,2.27,14.4,6.62,88.5,Normal
32:24.5,Подгорица,Tekirdağ,None,0,66.9,70,1200.5,11,0.57,0,1,-0.137,-0.012,-0.082,2.27,14.4,6.63,88.4,Normal
32:25.5,Подгорица,Tekirdağ,None,0,67.3,70,1207.5,11,0.55,0,1,-0.177,-0.01,-0.123,2.27,14.4,6.63,88.4,Normal
32:26.5,Подгорица,Tekirdağ,None,0,67.7,70,1215.8,11,0.51,0,-1,0.063,-0.081,-0.138,2.27,14.4,6.63,88.4,Normal
32:27.5,Подгорица,Tekirdağ,None,0,68.2,70,1223.6,11,0.48,0,-1,-0.001,0.022,-0.124,2.27,14.41,6.63,88.4,Normal
32:28.5,Подгорица,Tekirdağ,None,0,68.6,70,1230.9,11,0.48,0,0,0.002,-0.051,-0.109,2.27,14.41,6.63,88.4,Normal
32:29.5,Подгорица,Tekirdağ,None,0,69,70,1238.6,11,0.51,0,0,0.021,0.005,-0.136,2.27,14.41,6.63,88.4,Normal
32:30.5,Подгорица,Tekirdağ,None,0,69.4,70,1242.6,11,0,0,0,-0.001,0.064,-0.082,2.27,14.41,6.63,88.3,Normal
32:31.5,Подгорица,Tekirdağ,None,0,69.2,70,1238.2,11,0,0,0,0.008,0.026,0.103,2.27,14.41,6.63,88.3,Normal
32:32.5,Подгорица,Tekirdağ,None,0,68.8,70,1231,11,0,0,0,-0.026,0.067,0.124,2.27,14.41,6.63,88.3,Normal
32:33.5,Подгорица,Tekirdağ,None,0,68.4,70,1224,11,0,0,0,0.021,-0.003,0.107,2.27,14.42,6.63,88.3,Normal
32:34.5,Подгорица,Tekirdağ,None,0,68,70,1215.9,11,0,0,-1,0.098,-0.036,0.097,2.27,14.42,6.63,88.3,Normal
32:35.5,Подгорица,Tekirdağ,None,0,67.5,70,1208.6,11,0,0,1,0.083,-0.022,0.112,2.27,14.42,6.63,88.3,Normal
32:36.5,Подгорица,Tekirdağ,None,0,67.2,70,1204.1,11,0.43,0,1,-0.015,-0.106,0.073,2.27,14.42,6.63,88.3,Normal
32:37.5,Подгорица,Tekirdağ,None,0,67.4,70,1208.9,11,0.49,0,1,-0.026,0.007,-0.1,2.27,14.42,6.63,88.3,Normal
32:38.5,Подгорица,Tekirdağ,None,0,67.5,70,1208.2,11,0,0,1,-0.076,0.073,0.057,2.27,14.42,6.63,88.3,Normal
32:39.5,Подгорица,Tekirdağ,None,0,67.1,70,1200.9,11,0,0,1,-0.074,-0.03,0.139,2.27,14.42,6.63,88.3,Normal
32:40.5,Подгорица,Tekirdağ,None,0,66.7,70,1193,11,0,0,1,-0.091,0.019,0.128,2.27,14.42,6.63,88.3,Normal
32:41.5,Подгорица,Tekirdağ,None,0,66.1,70,1181.9,11,0,0,1,0.09,-0.006,0.202,2.27,14.43,6.63,88.3,Normal
32:42.5,Подгорица,Tekirdağ,None,0,65.2,70,1165.5,11,0,0,0,0.08,0.039,0.269,2.27,14.43,6.63,88.3,Normal
32:43.5,Подгорица,Tekirdağ,None,0,64,70,1142.6,11,0,0,1,-0.068,0.012,0.371,2.27,14.43,6.63,88.3,Normal
32:44.5,Подгорица,Tekirdağ,None,0,62.7,70,1119.9,11,0,0,1,-0.143,-0.037,0.368,2.27,14.43,6.63,88.3,Normal
32:45.5,Подгорица,Tekirdağ,None,0,61.4,70,1097.4,11,0,0,1,0.004,-0.003,0.354,2.27,14.43,6.63,88.3,Normal
32:46.5,Подгорица,Tekirdağ,None,0,60.2,70,1076.8,11,0,0,1,0.049,0.043,0.279,2.27,14.43,6.63,88.3,Normal
32:47.5,Подгорица,Tekirdağ,None,0,59.3,70,1059.7,11,0,0,1,0.008,-0.004,0.276,2.27,14.43,6.63,88.3,Normal
32:48.5,Подгорица,Tekirdağ,None,0,58.3,70,1041.4,11,0,0,1,-0.016,-0.005,0.335,2.27,14.43,6.63,88.3,Normal
32:49.5,Подгорица,Tekirdağ,None,0,56.8,70,1013.6,11,0,0,0,0.117,-0.079,0.51,2.27,14.43,6.63,88.3,Normal
32:50.5,Подгорица,Tekirdağ,None,0,54.7,70,975.6,11,0,0,0,0.076,0.002,0.68,2.27,14.43,6.63,88.3,Normal
32:51.5,Подгорица,Tekirdağ,None,0,52,70,1148.8,10,0,0.03,0,0.034,0.006,0.865,2.27,14.44,6.63,88.3,Normal
32:52.5,Подгорица,Tekirdağ,None,0,48.7,70,1075.9,10,0,0.08,0,0.016,0.045,1.018,2.27,14.44,6.63,88.3,Normal
32:53.5,Подгорица,Tekirdağ,None,0,44.5,70,978.5,10,0,0.35,0,0.007,-0.019,1.52,2.27,14.44,6.63,88.3,Normal
32:54.5,Подгорица,Tekirdağ,None,0,38.5,40,1096.9,10,0,0.34,-1,0.143,-0.032,1.675,2.27,14.44,6.63,88.3,Normal
32:55.5,Подгорица,Tekirdağ,None,0,32.4,40,916.7,9,0,0.32,-1,0.195,0.044,1.673,2.27,14.44,6.63,88.3,Normal
32:56.5,Подгорица,Tekirdağ,None,0,29.2,40,1066.6,8,0,0,-1,0.197,-0.018,0.458,2.27,14.44,6.63,88.3,Normal
32:57.5,Подгорица,Tekirdağ,None,0,28,40,1023.7,8,0,0,-1,0.121,-0.024,0.274,2.27,14.44,6.63,88.3,Normal
32:58.5,Подгорица,Tekirdağ,None,0,27.4,40,1001.2,8,0,0,-1,-0.068,0.012,0.174,2.27,14.44,6.63,88.3,Normal
32:59.5,Подгорица,Tekirdağ,None,0,26.7,40,978.7,8,0,0,-1,-0.016,0.025,0.183,2.27,14.44,6.63,88.3,Normal
33:00.5,Подгорица,Tekirdağ,None,0,26,40,953.3,8,0,0,-1,-0.065,0.014,0.193,2.27,14.44,6.63,88.3,Normal
33:01.5,Подгорица,Tekirdağ,None,0,25.4,40,930,8,0.16,0,-1,0,-0.011,0.168,2.27,14.44,6.63,88.3,Normal
33:02.5,Подгорица,Tekirdağ,None,0,25.2,40,929.3,8,0.23,0,-1,0.073,-0.041,-0.035,2.27,14.45,6.63,88.3,Normal
33:03.5,Подгорица,Tekirdağ,None,0,25.3,40,929,8,0.09,0,-1,-0.001,0.023,0.027,2.27,14.45,6.63,88.3,Normal
33:04.5,Подгорица,Tekirdağ,None,0,25.2,40,923.8,8,0.11,0,-1,-0.003,0.03,0.033,2.27,14.45,6.63,88.3,Normal
33:05.5,Подгорица,Tekirdağ,None,0,24.9,40,911.3,8,0,0,-1,0.118,0.014,0.125,2.27,14.45,6.63,88.3,Normal
33:06.5,Подгорица,Tekirdağ,None,0,24.3,40,891.8,8,0.06,0,-1,0.023,-0.016,0.147,2.27,14.45,6.63,88.3,Normal
33:07.5,Подгорица,Tekirdağ,None,0,23.9,40,1128.3,7,0.3,0,1,-0.352,0.009,0.125,2.27,14.45,6.63,88.3,Normal
33:08.5,Подгорица,Tekirdağ,None,0,23.9,40,1136.6,7,0.31,0,1,-0.327,-0.028,-0.147,2.27,14.45,6.63,88.3,Normal
33:09.5,Подгорица,Tekirdağ,None,0,24.8,40,1181.2,7,0.42,0,1,-0.323,0.043,-0.323,2.27,14.45,6.63,88.3,Normal
33:10.5,Подгорица,Tekirdağ,None,0,26.6,40,1270.5,7,0.54,0,1,0.084,0.014,-0.618,2.27,14.45,6.63,88.2,Normal
33:11.5,Подгорица,Tekirdağ,None,0,28.9,40,1381.4,7,0.5,0,1,-0.012,-0.042,-0.665,2.27,14.45,6.63,88.2,Normal
33:12.5,Подгорица,Tekirdağ,None,0,30.4,40,1205.8,7,0,0,1,-0.017,-0.014,-0.148,2.27,14.45,6.63,88.2,Normal
33:13.5,Подгорица,Tekirdağ,None,0,30.4,40,1114.8,8,0,0,1,-0.063,0.029,0.069,2.27,14.45,6.63,88.2,Normal
33:14.5,Подгорица,Tekirdağ,None,0,30,40,1097.6,8,0,0,-1,0.153,-0.041,0.167,2.27,14.45,6.63,88.2,Normal
33:15.5,Подгорица,Tekirdağ,None,0,29.3,40,1073.3,8,0,0,1,0.072,-0.031,0.208,2.27,14.45,6.63,88.2,Normal
33:16.5,Подгорица,Tekirdağ,None,0,28.5,40,1044.3,8,0,0,1,-0.231,-0.027,0.231,2.27,14.45,6.63,88.2,Normal
33:17.5,Подгорица,Tekirdağ,None,0,27.8,40,1017,8,0,0,1,-0.117,0.025,0.215,2.27,14.45,6.63,88.2,Normal
33:18.5,Подгорица,Tekirdağ,None,0,27.1,40,991.7,8,0,0,1,-0.088,-0.006,0.173,2.27,14.45,6.63,88.2,Normal
33:19.5,Подгорица,Tekirdağ,None,0,26.7,40,979,8,0,0,1,0.019,-0.001,0.064,2.27,14.45,6.63,88.2,Normal
33:20.5,Подгорица,Tekirdağ,None,0,26.7,40,983.4,8,0.25,0,1,0.066,-0.001,-0.11,2.27,14.45,6.63,88.2,Normal
33:21.5,Подгорица,Tekirdağ,None,0,27.6,40,1012.8,8,0,0,1,0.11,0.003,-0.198,2.27,14.45,6.63,88.2,Normal
33:22.5,Подгорица,Tekirdağ,None,0,28.2,40,1036,8,0,0,1,-0.124,0.067,-0.19,2.27,14.45,6.63,88.2,Normal
33:23.5,Подгорица,Tekirdağ,None,0,28.7,40,1054.4,8,0,0,1,-0.071,0,-0.111,2.27,14.45,6.63,88.2,Normal
33:24.5,Подгорица,Tekirdağ,None,0,29,40,1060.5,8,0,0,1,-0.005,-0.037,-0.014,2.27,14.46,6.63,88.2,Normal
33:25.5,Подгорица,Tekirdağ,None,0,28.8,40,1056.8,8,0.19,0,0,0.184,0.027,0.068,2.27,14.46,6.63,88.2,Normal
33:26.5,Подгорица,Tekirdağ,None,0,29,60,1070,8,0.34,0,-1,0.222,0.02,-0.144,2.27,14.46,6.63,88.2,Normal
33:27.5,Подгорица,Tekirdağ,None,0,29.4,60,1081.5,8,0.33,0,-1,0.235,0.033,-0.08,2.27,14.46,6.63,88.2,Normal
33:28.5,Подгорица,Tekirdağ,None,0,29.8,60,1098.4,8,0.51,0,-1,0.199,-0.006,-0.18,2.27,14.46,6.63,88.2,Normal
33:29.5,Подгорица,Tekirdağ,None,0,30.7,60,1133,8,0.5,0,-1,0.139,-0.035,-0.279,2.27,14.46,6.63,88.2,Normal
33:30.5,Подгорица,Tekirdağ,None,0,31.7,60,1172.6,8,0.5,0,-1,-0.108,-0.054,-0.309,2.27,14.46,6.63,88.1,Normal
33:31.5,Подгорица,Tekirdağ,None,0,32.8,60,1210,8,0.46,0,-1,-0.006,-0.044,-0.297,2.27,14.46,6.63,88.1,Normal
33:32.5,Подгорица,Tekirdağ,None,0,33.9,60,1250.7,8,0.49,0,-1,-0.085,0.06,-0.33,2.27,14.46,6.63,88.1,Normal
33:33.5,Подгорица,Tekirdağ,None,0,35.2,60,1298.8,8,0.4,0,-1,0.022,0.012,-0.395,2.27,14.46,6.63,88.1,Normal
33:34.5,Подгорица,Tekirdağ,None,0,36,60,1321.5,8,0,0,-1,0.081,0.029,-0.109,2.27,14.46,6.63,88.1,Normal
33:35.5,Подгорица,Tekirdağ,None,0,36.4,60,1336.2,8,0,0,-1,0.11,-0.004,-0.148,2.27,14.46,6.63,88.1,Normal
33:36.5,Подгорица,Tekirdağ,None,0,37,60,1355.5,8,0,0,-1,-0.032,0.027,-0.147,2.27,14.46,6.63,88.1,Normal
33:37.5,Подгорица,Tekirdağ,None,0,37.2,60,1365.8,8,0.14,0,-1,-0.014,0.013,-0.026,2.27,14.46,6.63,88.1,Normal
33:38.5,Подгорица,Tekirdağ,None,0,37.5,60,1377.1,8,0.31,0,0,-0.218,-0.073,-0.129,2.27,14.46,6.63,88.1,Normal
33:39.5,Подгорица,Tekirdağ,None,0,38,60,1398,8,0.29,0,1,-0.204,0.016,-0.169,2.27,14.46,6.63,88.1,Normal
33:40.5,Подгорица,Tekirdağ,None,0,38.4,60,1139.6,8,0.35,0,1,-0.272,0.03,-0.082,2.27,14.46,6.63,88.1,Normal
33:41.5,Подгорица,Tekirdağ,None,0,39,60,1117.7,9,0,0,0,0.075,-0.002,-0.284,2.27,14.47,6.63,88.1,Normal
33:42.5,Подгорица,Tekirdağ,None,0,39.6,60,1133.4,9,0,0,-1,0.068,0.016,-0.108,2.27,14.47,6.63,88.1,Normal
33:43.5,Подгорица,Tekirdağ,None,0,39.9,60,1142,9,0,0,1,-0.024,-0.017,-0.081,2.27,14.47,6.63,88.1,Normal
33:44.5,Подгорица,Tekirdağ,None,0,40.4,60,1155.4,9,0,0,1,-0.282,0.117,-0.164,2.27,14.47,6.63,88.1,Normal
33:45.5,Подгорица,Tekirdağ,None,0,41.1,60,1175.9,9,0,0,1,-0.071,-0.038,-0.219,2.27,14.47,6.63,88.1,Normal
33:46.5,Подгорица,Tekirdağ,None,0,41.9,60,1199.3,9,0,0,1,0.049,0.025,-0.252,2.27,14.47,6.63,88.1,Normal
33:47.5,Подгорица,Tekirdağ,None,0,42.8,60,1225,9,0,0,1,0.015,-0.01,-0.268,2.27,14.47,6.63,88.1,Normal
33:48.5,Подгорица,Tekirdağ,None,0,43.8,60,1252.3,9,0,0,1,0.005,0.03,-0.275,2.27,14.47,6.63,88.1,Normal
33:49.5,Подгорица,Tekirdağ,None,0,45,60,1289.6,9,0,0,1,-0.011,-0.038,-0.386,2.27,14.47,6.63,88.1,Normal
33:50.5,Подгорица,Tekirdağ,None,0,46.3,60,1325.6,9,0,0,1,0.132,-0.007,-0.372,2.28,14.48,6.63,88.1,Normal
33:51.5,Подгорица,Tekirdağ,None,0,47.4,60,1360,9,0.18,0,1,-0.024,0.004,-0.35,2.28,14.48,6.63,88.1,Normal
33:52.5,Подгорица,Tekirdağ,None,0,48.8,60,1336.7,9,0.17,0,1,0.038,0.01,-0.328,2.28,14.48,6.63,88.1,Normal
33:53.5,Подгорица,Tekirdağ,None,0,49.9,60,1107.7,10,0.12,0,1,0.052,-0.013,-0.256,2.28,14.48,6.63,88,Normal
33:54.5,Подгорица,Tekirdağ,None,0,50.6,70,1122.5,10,0.2,0,1,-0.059,0.023,-0.169,2.28,14.48,6.63,88,Normal
33:55.5,Подгорица,Tekirdağ,None,0,51.1,70,1135.4,10,0.22,0,1,-0.024,-0.005,-0.134,2.28,14.48,6.63,88,Normal
33:56.5,Подгорица,Tekirdağ,None,0,51.4,70,1141.5,10,0.24,0,1,0.08,-0.014,-0.056,2.28,14.48,6.63,88,Normal
33:57.5,Подгорица,Tekirdağ,None,0,51.6,70,1147.2,10,0.32,0,1,-0.025,-0.013,-0.088,2.28,14.48,6.63,88,Normal
33:58.5,Подгорица,Tekirdağ,None,0,51.9,70,1154.4,10,0.32,0,1,-0.042,0.004,-0.099,2.28,14.48,6.63,88,Normal
33:59.5,Подгорица,Tekirdağ,None,0,52.3,70,1161.1,10,0.31,0,1,0.158,0.058,-0.09,2.28,14.48,6.63,88,Normal
34:00.5,Подгорица,Tekirdağ,None,0,52.7,70,1171.4,10,0.32,0,1,-0.063,0.005,-0.116,2.28,14.48,6.63,88,Normal
34:01.5,Подгорица,Tekirdağ,None,0,53.1,70,1179.9,10,0.32,0,1,0.044,-0.042,-0.121,2.28,14.48,6.63,88,Normal
34:02.5,Подгорица,Tekirdağ,None,0,53.5,70,1189.7,10,0.42,0,1,-0.008,0.011,-0.134,2.28,14.49,6.63,88,Normal
34:03.5,Подгорица,Tekirdağ,None,0,54.1,70,1201.9,10,0.41,0,1,-0.012,0.008,-0.151,2.28,14.49,6.63,88,Normal
34:04.5,Подгорица,Tekirdağ,None,0,54.5,70,1213,10,0.43,0,1,-0.003,0.023,-0.138,2.28,14.49,6.63,87.9,Normal
34:05.5,Подгорица,Tekirdağ,None,0,55.2,70,1227.7,10,0.52,0,0,0.128,-0.005,-0.188,2.28,14.49,6.63,87.9,Normal
34:06.5,Подгорица,Tekirdağ,None,0,55.8,70,1242.5,10,1,0,-1,0.088,-0.061,-0.209,2.28,14.49,6.63,87.9,Normal
34:07.5,Подгорица,Tekirdağ,None,0,56.6,70,1261.1,10,1,0,-1,0.136,-0.007,-0.226,2.28,14.49,6.63,87.9,Normal
34:08.5,Подгорица,Tekirdağ,None,0,57.3,70,1275.8,10,1,0,-1,0.127,0.007,-0.161,2.28,14.49,6.63,87.8,Normal
34:09.5,Подгорица,Tekirdağ,None,0,57.6,70,1277,10,0,0,0,-0.049,0.042,0.06,2.28,14.49,6.63,87.8,Normal
34:10.5,Подгорица,Tekirdağ,None,0,56.5,70,1252.2,10,0,0,0,-0.026,0.004,0.395,2.28,14.49,6.63,87.8,Normal
34:11.5,Подгорица,Tekirdağ,None,0,55,70,1218.7,10,0,0,-1,0.095,0.01,0.438,2.28,14.49,6.63,87.8,Normal
34:12.5,Подгорица,Tekirdağ,None,0,53.5,60,1184.1,10,0,0,-1,-0.059,0.009,0.476,2.28,14.5,6.63,87.8,Normal
34:13.5,Подгорица,Tekirdağ,None,0,51.6,60,1140.4,10,0,0,-1,0.075,0.013,0.61,2.28,14.5,6.63,87.8,Normal
34:14.5,Подгорица,Tekirdağ,None,0,49.3,60,1090.3,10,0,0,-1,0.013,0.005,0.629,2.28,14.5,6.63,87.8,Normal
34:15.5,Подгорица,Tekirdağ,None,0,47.3,60,1045.9,10,0,0,-1,0.002,-0.018,0.586,2.28,14.5,6.63,87.8,Normal
34:16.5,Подгорица,Tekirdağ,None,0,45.3,60,1001.5,10,0,0,-1,0.006,0.017,0.538,2.28,14.5,6.63,87.8,Normal
34:17.5,Подгорица,Tekirdağ,None,0,43.6,40,965.3,10,0,0,-1,-0.016,0.001,0.381,2.28,14.5,6.63,87.8,Normal
34:18.5,Подгорица,Tekirdağ,None,0,42.5,40,932.9,10,0,0,-1,-0.014,0.002,0.263,2.28,14.5,6.63,87.8,Normal
34:19.5,Подгорица,Tekirdağ,None,0,41.9,40,1197.1,9,0,0,0,-0.078,-0.007,0.155,2.28,14.5,6.63,87.8,Normal
34:20.5,Подгорица,Tekirdağ,None,0,41.2,40,1179,9,0,0,-1,0.162,0.026,0.167,2.28,14.5,6.63,87.8,Normal
34:21.5,Подгорица,Tekirdağ,None,0,40.7,40,1163.2,9,0,0,-1,0.087,0,0.152,2.28,14.51,6.63,87.8,Normal
34:22.5,Подгорица,Tekirdağ,None,0,40.1,40,1147.4,9,0,0,-1,0.102,-0.02,0.159,2.28,14.51,6.63,87.8,Normal
34:23.5,Подгорица,Tekirdağ,None,0,39.6,40,1129.9,9,0,0,-1,0.104,-0.019,0.17,2.28,14.51,6.63,87.8,Normal
34:24.5,Подгорица,Tekirdağ,None,0,38.9,40,1112,9,0.12,0,-1,-0.005,-0.024,0.19,2.28,14.51,6.63,87.8,Normal
34:25.5,Подгорица,Tekirdağ,None,0,38.6,40,1107.2,9,0.32,0,-1,0.069,-0.013,0.017,2.28,14.51,6.63,87.8,Normal
34:26.6,Подгорица,Tekirdağ,None,0,38.9,40,1117.9,9,0.51,0,-1,0.029,-0.015,-0.127,2.28,14.51,6.63,87.8,Normal
34:27.5,Подгорица,Tekirdağ,None,0,39.5,90,1135.2,9,0.55,0,0,-0.232,0.027,-0.186,2.28,14.51,6.63,87.8,Normal
34:28.5,Подгорица,Tekirdağ,None,0,40.3,90,1160.9,9,0.74,0,1,-0.167,-0.027,-0.315,2.28,14.51,6.63,87.8,Normal
34:29.5,Подгорица,Tekirdağ,None,0,41.5,90,1194.3,9,0.69,0,1,-0.061,0.005,-0.342,2.28,14.51,6.63,87.7,Normal
34:30.5,Подгорица,Tekirdağ,None,0,42.8,90,1231,9,0.73,0,0,-0.023,-0.009,-0.37,2.28,14.51,6.63,87.7,Normal
34:31.5,Подгорица,Tekirdağ,None,0,44.1,70,1269.6,9,0.69,0,1,-0.017,0.01,-0.377,2.28,14.51,6.63,87.7,Normal
34:32.5,Подгорица,Tekirdağ,None,0,45.5,70,1308.6,9,0.7,0,1,-0.013,0.002,-0.386,2.28,14.51,6.63,87.7,Normal
34:33.5,Подгорица,Tekirdağ,None,0,46.9,70,1348.6,9,0.73,0,1,-0.004,-0.007,-0.415,2.28,14.51,6.63,87.6,Normal
34:34.5,Подгорица,Tekirdağ,None,0,48.4,70,1391.3,9,0.74,0,0,-0.004,0.075,-0.426,2.28,14.51,6.63,87.6,Normal
34:35.5,Подгорица,Tekirdağ,None,0,49.9,70,1428.8,9,0.79,0,0,0,-0.061,-0.406,2.28,14.52,6.63,87.6,Normal
34:36.5,Подгорица,Tekirdağ,None,0,50.2,70,1114,10,0.76,0,0,0.002,-0.025,0.001,2.28,14.52,6.63,87.6,Normal
34:37.5,Подгорица,Tekirdağ,None,0,50.8,70,1129.2,10,1,0,0,-0.011,-0.033,-0.192,2.28,14.52,6.63,87.6,Normal
34:38.5,Подгорица,Tekirdağ,None,0,50.9,70,1461,9,0.9,0,0,-0.005,-0.009,0.011,2.28,14.52,6.63,87.6,Normal
34:39.5,Подгорица,Tekirdağ,None,0,51.5,70,1282.8,9,0.83,0,0,0.009,0.093,-0.049,2.28,14.52,6.63,87.5,Normal
34:40.6,Подгорица,Tekirdağ,None,0,51.5,70,1146.2,10,0.76,0,0,-0.002,-0.04,-0.095,2.28,14.52,6.63,87.5,Normal
34:41.6,Подгорица,Tekirdağ,None,0,52.3,70,1165.4,10,0.68,0,-1,0.018,-0.003,-0.262,2.28,14.52,6.63,87.5,Normal
34:42.5,Подгорица,Tekirdağ,None,0,53.3,70,1186,10,0.69,0,1,-0.051,-0.03,-0.266,2.28,14.52,6.63,87.5,Normal
34:43.6,Подгорица,Tekirdağ,None,0,54.2,70,1206.4,10,0.63,0,1,-0.124,-0.007,-0.248,2.28,14.52,6.63,87.5,Normal
34:44.5,Подгорица,Tekirdağ,None,0,55.1,70,1225.8,10,0.64,0,1,-0.075,-0.013,-0.249,2.28,14.52,6.63,87.5,Normal
34:45.5,Подгорица,Tekirdağ,None,0,56,70,1246.9,10,0.66,0,1,-0.028,-0.117,-0.286,2.28,14.52,6.63,87.4,Normal
34:46.6,Подгорица,Tekirdağ,None,0,57,70,1268.7,10,0.64,0,1,0.022,-0.02,-0.277,2.28,14.53,6.63,87.4,Normal
34:47.6,Подгорица,Tekirdağ,None,0,58.1,70,1292.6,10,0.65,0,1,0.068,0,-0.308,2.28,14.53,6.63,87.4,Normal
34:48.6,Подгорица,Tekirdağ,None,0,59.1,70,1316.6,10,0.65,0,1,-0.077,0.076,-0.319,2.28,14.53,6.63,87.4,Normal
34:49.5,Подгорица,Tekirdağ,None,0,60.2,70,1340.3,10,0.59,0,1,0.013,0.008,-0.306,2.28,14.53,6.63,87.3,Normal
34:50.5,Подгорица,Tekirdağ,None,0,61.3,70,1363.9,10,0.58,0,1,0.014,-0.08,-0.306,2.28,14.53,6.63,87.3,Normal
34:51.5,Подгорица,Tekirdağ,None,0,62.2,70,1263.5,10,0.53,0,1,0.072,0.076,-0.145,2.28,14.53,6.63,87.3,Normal
34:52.5,Подгорица,Tekirdağ,None,0,62.5,70,1120.8,11,0.44,0,1,-0.03,-0.055,-0.091,2.28,14.54,6.63,87.3,Normal
34:53.5,Подгорица,Tekirdağ,None,0,63.2,70,1134.4,11,0.46,0,1,-0.001,-0.04,-0.239,2.28,14.54,6.63,87.3,Normal
34:54.5,Подгорица,Tekirdağ,None,0,63.8,70,1143.8,11,0.22,0,1,-0.02,-0.072,-0.161,2.28,14.54,6.63,87.3,Normal
34:55.5,Подгорица,Tekirdağ,None,0,64.3,70,1152.8,11,0.3,0,0,0.074,0.023,-0.151,2.28,14.54,6.63,87.3,Normal
34:56.5,Подгорица,Tekirdağ,None,0,64.9,70,1163.7,11,0.34,0,1,0.013,0.045,-0.182,2.28,14.54,6.63,87.3,Normal
34:57.6,Подгорица,Tekirdağ,None,0,65.5,70,1173,11,0,0,1,-0.012,-0.014,-0.152,2.28,14.54,6.63,87.2,Normal
34:58.6,Подгорица,Tekirdağ,None,0,65.5,70,1171.3,11,0,0,1,0.026,0.047,0.046,2.28,14.54,6.63,87.2,Normal
34:59.5,Подгорица,Tekirdağ,None,0,65.4,70,1169.5,11,0,0,1,0.021,-0.047,0.007,2.28,14.54,6.63,87.2,Normal
35:00.5,Подгорица,Tekirdağ,None,0,65.3,70,1168.2,11,0,0,1,0.024,-0.012,0.04,2.28,14.54,6.63,87.2,Normal
35:01.5,Подгорица,Tekirdağ,None,0,65.2,70,1167.1,11,0,0,0,0.05,-0.041,0.025,2.28,14.55,6.63,87.2,Normal
35:02.6,Подгорица,Tekirdağ,None,0,65.1,70,1165.3,11,0,0,1,-0.005,0.025,0.042,2.28,14.55,6.63,87.2,Normal
35:03.6,Подгорица,Tekirdağ,None,0,64.9,70,1161.9,11,0,0,1,0.003,0.033,0.053,2.28,14.55,6.63,87.2,Normal
35:04.5,Подгорица,Tekirdağ,None,0,64.7,70,1157.8,11,0,0,1,-0.044,0.015,0.072,2.28,14.55,6.63,87.2,Normal
35:05.5,Подгорица,Tekirdağ,None,0,64.4,70,1152.2,11,0,0,0,0.056,-0.067,0.094,2.28,14.55,6.63,87.2,Normal
35:06.5,Подгорица,Tekirdağ,None,0,64,70,1145.3,11,0,0,-1,0.081,0.027,0.117,2.28,14.55,6.63,87.2,Normal
35:07.5,Подгорица,Tekirdağ,None,0,63.6,70,1137.7,11,0,0,-1,0.06,-0.03,0.123,2.28,14.55,6.63,87.2,Normal
35:08.5,Подгорица,Tekirdağ,None,0,63.1,70,1129.5,11,0,0,-1,-0.057,-0.003,0.146,2.28,14.55,6.63,87.2,Normal
35:09.5,Подгорица,Tekirdağ,None,0,62.5,70,1118.5,11,0,0,-1,0.008,0.001,0.191,2.28,14.55,6.63,87.2,Normal
35:10.5,Подгорица,Tekirdağ,None,0,61.5,70,1098.7,11,0,0,-1,0.038,-0.002,0.37,2.28,14.55,6.63,87.2,Normal
35:11.6,Подгорица,Tekirdağ,None,0,59.9,70,1068.4,11,0,0.15,-1,0.008,-0.006,0.583,2.28,14.56,6.63,87.2,Normal
35:12.5,Подгорица,Tekirdağ,None,0,56.4,70,1004.6,11,0,0.34,0,-0.054,0.039,1.305,2.28,14.56,6.63,87.2,Normal
35:13.6,Подгорица,Tekirdağ,None,0,50.7,40,1107.4,11,0,0.22,1,-0.098,0.037,1.574,2.28,14.56,6.63,87.2,Speeding
35:14.6,Подгорица,Tekirdağ,None,0,45.8,40,1011.2,10,0,0,1,-0.059,0.015,1.215,2.28,14.56,6.63,87.2,Speeding
35:15.6,Подгорица,Tekirdağ,None,0,43,40,949.4,10,0,0,1,-0.022,-0.039,0.68,2.28,14.56,6.63,87.2,Normal
35:16.5,Подгорица,Tekirdağ,None,0,41.2,40,1176,9,0,0,1,-0.035,-0.029,0.406,2.28,14.56,6.63,87.2,Normal
35:17.5,Подгорица,Tekirdağ,None,0,40.1,40,1145.3,9,0,0,1,-0.009,-0.012,0.272,2.28,14.56,6.63,87.2,Normal
35:18.5,Подгорица,Tekirdağ,None,0,39.2,40,1120.3,9,0,0,1,-0.033,0.016,0.223,2.28,14.56,6.63,87.2,Normal
35:19.5,Подгорица,Tekirdağ,None,0,38.6,40,1103.1,9,0.09,0,1,-0.032,-0.008,0.137,2.29,14.57,6.63,87.2,Normal
35:20.6,Подгорица,Tekirdağ,None,0,38.4,40,1101,9,0.14,0,1,-0.015,-0.009,-0.034,2.29,14.57,6.63,87.2,Normal
35:21.6,Подгорица,Tekirdağ,None,0,38.5,40,1102.2,9,0.32,0,1,-0.07,-0.018,-0.025,2.29,14.57,6.63,87.2,Normal
35:22.6,Подгорица,Tekirdağ,None,0,39.5,40,1132.2,9,0,0,0,0.133,-0.031,-0.33,2.29,14.57,6.63,87.2,Normal
35:23.5,Подгорица,Tekirdağ,None,0,40.1,40,1150.2,9,0.29,0,1,-0.103,-0.001,-0.205,2.29,14.57,6.63,87.2,Normal
35:24.6,Подгорица,Tekirdağ,None,0,41.3,40,1186.3,9,0.37,0,1,0.069,-0.027,-0.401,2.29,14.57,6.63,87.2,Normal
35:25.6,Подгорица,Tekirdağ,None,0,42.8,40,1230.6,9,0.42,0,1,0.026,-0.013,-0.438,2.29,14.57,6.63,87.2,Normal
35:26.6,Подгорица,Tekirdağ,None,0,43.9,40,1257.4,9,0,0,1,-0.022,0.043,-0.158,2.29,14.57,6.63,87.2,Normal
35:27.6,Подгорица,Tekirdağ,None,0,44.3,40,1267.1,9,0,0,1,0.006,0.022,-0.087,2.29,14.57,6.63,87.2,Normal
35:28.6,Подгорица,Tekirdağ,None,0,44.6,40,1276.9,9,0.14,0,0,0.112,-0.006,-0.119,2.29,14.57,6.63,87.2,Normal
35:29.6,Подгорица,Tekirdağ,None,0,45.2,40,1293.1,9,0,0,0,0.076,-0.005,-0.142,2.29,14.57,6.63,87.2,Speeding
35:30.6,Подгорица,Tekirdağ,None,0,45.4,40,1298.3,9,0,0,1,-0.029,0.021,-0.035,2.29,14.57,6.63,87.2,Speeding
35:31.6,Подгорица,Tekirdağ,None,0,45.4,40,1300.5,9,0,0,1,0.036,-0.001,-0.013,2.29,14.57,6.63,87.2,Speeding
35:32.6,Подгорица,Tekirdağ,None,0,45.5,40,1305.3,9,0.45,0,1,-0.009,-0.009,-0.07,2.29,14.58,6.63,87.2,Speeding
35:33.6,Подгорица,Tekirdağ,None,0,46.4,70,1334.3,9,0.53,0,1,0.027,-0.007,-0.34,2.29,14.58,6.63,87.1,Normal
35:34.6,Подгорица,Tekirdağ,None,0,47.7,70,1371.6,9,0.55,0,-1,0.066,-0.006,-0.402,2.29,14.58,6.63,87.1,Normal
35:35.6,Подгорица,Tekirdağ,None,0,48.9,70,1273.6,9,0.65,0,0,0.015,0.082,-0.183,2.29,14.58,6.63,87.1,Normal
35:36.6,Подгорица,Tekirdağ,None,0,49.2,70,1095.9,10,0.86,0,0,-0.021,0.017,-0.125,2.29,14.58,6.63,87.1,Normal
35:37.6,Подгорица,Tekirdağ,None,0,50.4,70,1124.7,10,0.96,0,1,-0.008,0.002,-0.419,2.29,14.58,6.63,87.1,Normal
35:38.6,Подгорица,Tekirdağ,None,0,52,70,1159.9,10,0.87,0,1,-0.014,0.072,-0.438,2.29,14.58,6.63,87.1,Normal
35:39.6,Подгорица,Tekirdağ,None,0,53.4,70,1190.1,10,0.87,0,0,0.024,-0.061,-0.401,2.29,14.58,6.63,87,Normal
35:40.6,Подгорица,Tekirdağ,None,0,54.8,70,1221.7,10,0.92,0,0,0.027,-0.02,-0.402,2.29,14.59,6.63,87,Normal
35:41.6,Подгорица,Tekirdağ,None,0,56.2,70,1251.7,10,0.88,0,1,0.012,-0.048,-0.376,2.29,14.59,6.63,87,Normal
35:42.6,Подгорица,Tekirdağ,None,0,57.4,70,1279.8,10,0.83,0,0,0.011,-0.062,-0.354,2.29,14.59,6.63,87,Normal
35:43.6,Подгорица,Tekirdağ,None,0,58.6,70,1304.8,10,0.73,0,-1,0.006,-0.018,-0.301,2.29,14.59,6.63,86.9,Normal
35:44.6,Подгорица,Tekirdağ,None,0,59.6,70,1326.8,10,0.71,0,-1,0.074,-0.026,-0.277,2.29,14.59,6.63,86.9,Normal
35:45.6,Подгорица,Tekirdağ,None,0,60.5,70,1346.3,10,0.68,0,0,-0.034,-0.109,-0.237,2.29,14.59,6.63,86.9,Normal
35:46.6,Подгорица,Tekirdağ,None,0,61.2,70,1362.5,10,0.65,0,-1,0.038,0.048,-0.196,2.29,14.59,6.63,86.8,Normal
35:47.6,Подгорица,Tekirdağ,None,0,61.9,70,1376.6,10,0.64,0,-1,0.044,0.018,-0.168,2.29,14.59,6.63,86.8,Normal
35:48.6,Подгорица,Tekirdağ,None,0,62.2,70,1178.6,10,0.65,0,-1,-0.027,0.022,0.068,2.29,14.59,6.63,86.8,Normal
35:49.6,Подгорица,Tekirdağ,None,0,61.7,70,1102.8,11,0,0,-1,-0.005,0.008,0.177,2.29,14.59,6.63,86.8,Normal
35:50.6,Подгорица,Tekirdağ,None,0,61,70,1091.9,11,0,0,-1,0.033,-0.036,0.183,2.29,14.6,6.63,86.8,Normal
35:51.6,Подгорица,Tekirdağ,None,0,60.5,70,1081.8,11,0,0,-1,0.05,0.003,0.161,2.29,14.6,6.63,86.8,Normal
35:52.6,Подгорица,Tekirdağ,None,0,60,70,1072.5,11,0,0,-1,0.027,0.007,0.137,2.29,14.6,6.63,86.8,Normal
35:53.6,Подгорица,Tekirdağ,None,0,59.6,70,1066,11,0,0,-1,-0.008,0.005,0.083,2.29,14.6,6.63,86.8,Normal
35:54.6,Подгорица,Tekirdağ,None,0,59.4,70,1062.2,11,0,0,-1,-0.052,0.005,0.032,2.29,14.6,6.63,86.8,Normal
35:55.6,Подгорица,Tekirdağ,None,0,59.4,70,1062.8,11,0,0,-1,0.108,0.061,-0.03,2.29,14.6,6.63,86.8,Normal
35:56.6,Подгорица,Tekirdağ,None,0,59.6,70,1067.2,11,0,0,-1,-0.138,-0.05,-0.095,2.29,14.6,6.64,86.8,Normal
35:57.6,Подгорица,Tekirdağ,None,0,60.1,70,1075.9,11,0,0,0,-0.158,-0.034,-0.156,2.29,14.6,6.64,86.8,Normal
35:58.6,Подгорица,Tekirdağ,None,0,61.1,70,1095.2,11,0,0,1,-0.077,-0.067,-0.365,2.29,14.6,6.64,86.8,Normal
35:59.6,Подгорица,Tekirdağ,None,0,62.9,70,1127.4,11,0,0,1,-0.071,0.081,-0.576,2.29,14.6,6.64,86.8,Normal
36:00.6,Подгорица,Tekirdağ,None,0,65.1,70,1167.9,11,0,0,1,-0.104,0.104,-0.703,2.29,14.61,6.64,86.8,Normal
36:01.6,Подгорица,Tekirdağ,None,0,67.7,70,1213.9,11,0,0,1,0.043,0.034,-0.774,2.29,14.61,6.64,86.8,Normal
36:02.6,Подгорица,Tekirdağ,None,0,70.4,70,1262,11,0,0,1,0.061,0.045,-0.756,2.29,14.61,6.64,86.8,Normal
36:03.6,Подгорица,Tekirdağ,None,0,71.9,50,1284.8,11,0,0.3,1,0.03,0.145,0.132,2.29,14.61,6.64,86.8,Speeding
36:04.6,Подгорица,Tekirdağ,None,0,68.4,50,1216,11,0,0.66,0,0.162,0.186,1.836,2.29,14.61,6.64,86.8,Speeding
36:05.6,Подгорица,Tekirdağ,None,0,61,50,1082,11,0,0.8,-1,-0.012,0.024,2.299,2.29,14.61,6.64,86.8,Speeding
36:06.6,Подгорица,Tekirdağ,None,0,53.6,50,944.7,11,0,0,-1,0.036,-0.13,1.045,2.29,14.61,6.64,86.8,Normal
36:07.6,Подгорица,Tekirdağ,None,0,51.9,50,1147.7,10,0,0.33,-1,0.002,0.041,0.664,2.29,14.61,6.64,86.8,Normal
36:08.6,Подгорица,Tekirdağ,None,0,48,50,1059.7,10,0,0.33,-1,0.008,-0.014,1.233,2.29,14.61,6.64,86.8,Normal
36:09.6,Подгорица,Tekirdağ,None,0,43.7,50,963.9,10,0,0.34,0,-0.026,-0.021,1.25,2.29,14.61,6.64,86.8,Normal
36:10.6,Подгорица,Tekirdağ,None,0,39.6,50,1133.3,9,0,0.34,1,-0.032,-0.009,1.184,2.29,14.61,6.64,86.8,Normal
36:11.6,Подгорица,Tekirdağ,None,0,35,50,997.5,9,0,0,1,0.016,0.038,1.077,2.29,14.61,6.64,86.8,Normal
36:12.6,Подгорица,Tekirdağ,None,0,33.4,50,954.7,9,0,0,0,0.017,-0.002,0.285,2.29,14.61,6.64,86.8,Normal
36:13.6,Подгорица,Tekirdağ,None,0,33.3,50,955.3,9,0.39,0,-1,0.016,-0.035,-0.121,2.29,14.61,6.64,86.8,Normal
36:14.6,Подгорица,Tekirdağ,None,0,34,50,976.8,9,0.53,0,-1,0.003,0.007,-0.25,2.29,14.61,6.64,86.8,Normal
36:15.6,Подгорица,Tekirdağ,None,0,34.9,50,1003.9,9,0.66,0,-1,0.009,0.003,-0.294,2.29,14.61,6.64,86.8,Normal
36:16.6,Подгорица,Tekirdağ,None,0,36.1,50,1041,9,0.73,0,0,-0.022,-0.009,-0.39,2.29,14.61,6.64,86.8,Normal
36:17.6,Подгорица,Tekirdağ,None,0,37.6,50,1081.8,9,0.79,0,1,-0.018,-0.014,-0.4,2.29,14.61,6.64,86.8,Normal
36:18.6,Подгорица,Tekirdağ,None,0,39,50,1123.2,9,0.76,0,0,-0.003,-0.01,-0.41,2.29,14.61,6.64,86.8,Normal
36:19.6,Подгорица,Tekirdağ,None,0,40.4,50,1163,9,0.59,0,-1,0.025,-0.016,-0.382,2.29,14.61,6.64,86.8,Normal
36:20.6,Подгорица,Tekirdağ,None,0,41.6,50,1195.3,9,0.47,0,-1,0.048,-0.007,-0.284,2.29,14.61,6.64,86.8,Normal
36:21.6,Подгорица,Tekirdağ,None,0,42.4,50,1218.5,9,0.45,0,-1,0.063,-0.002,-0.224,2.29,14.61,6.64,86.8,Normal
36:22.6,Подгорица,Tekirdağ,None,0,43.2,50,1238.2,9,0,0,-1,-0.054,0.025,-0.133,2.29,14.61,6.64,86.8,Normal
36:23.6,Подгорица,Tekirdağ,None,0,42.9,50,1227.3,9,0,0,-1,-0.004,-0.013,0.147,2.29,14.61,6.64,86.8,Normal
36:24.6,Подгорица,Tekirdağ,None,0,42.1,50,1202.7,9,0,0,-1,0.006,0.009,0.301,2.29,14.61,6.64,86.8,Normal
36:25.6,Подгорица,Tekirdağ,None,0,41,50,1170.8,9,0,0,-1,0.003,0.055,0.341,2.29,14.61,6.64,86.8,Normal
36:26.6,Подгорица,Tekirdağ,None,0,39.7,50,1133.4,9,0,0.06,-1,0.054,-0.043,0.383,2.29,14.61,6.64,86.8,Normal
36:27.6,Подгорица,Tekirdağ,None,0,37.8,50,1077.9,9,0,0.11,-1,0.012,0.015,0.667,2.29,14.61,6.64,86.8,Normal
36:28.6,Подгорица,Tekirdağ,None,0,35.1,50,997.8,9,0,0.31,-1,-0.011,0.017,1.002,2.29,14.61,6.64,86.8,Normal
36:29.6,Подгорица,Tekirdağ,None,0,30,50,962.8,9,0,0.42,-1,0.002,-0.041,1.474,2.29,14.61,6.64,86.8,Normal
36:30.6,Подгорица,Tekirdağ,None,0,23.9,50,867.6,8,0,0.56,0,-0.034,-0.026,2.033,2.29,14.61,6.64,86.8,Normal
36:31.6,Подгорица,Tekirdağ,None,0,17,50,1023.4,6,0,0.59,0,-0.018,-0.009,1.975,2.29,14.61,6.64,86.8,Normal
36:32.6,Подгорица,Tekirdağ,None,0,9.4,50,1008.9,6,0,0.57,-1,0.01,-0.032,2.127,2.29,14.61,6.64,86.8,Normal
36:33.6,Подгорица,Tekirdağ,None,0,4.6,50,762.9,3,0.52,0,0,0.014,-0.036,0.526,2.29,14.61,6.64,86.8,Normal
36:34.6,Подгорица,Tekirdağ,None,0,4.1,50,926.9,1,0.83,0,0,-0.009,0.124,-0.509,2.29,14.61,6.64,86.8,Normal
36:35.6,Подгорица,Tekirdağ,None,0,8.2,50,1436,1,0.73,0,0,-0.005,0.258,-0.238,2.29,14.61,6.64,86.8,Normal
36:36.6,Подгорица,Tekirdağ,None,0,8.3,50,1071.5,3,0.45,0,0,-0.021,-0.006,-0.378,2.29,14.61,6.64,86.8,Normal
36:37.6,Подгорица,Tekirdağ,None,0,11,50,1426,3,0.45,0,0,-0.016,-0.016,-0.88,2.29,14.61,6.64,86.8,Normal
36:38.6,Подгорица,Tekirdağ,None,0,11.8,50,928.1,5,0.45,0,0,-0.002,0.016,0.138,2.29,14.61,6.64,86.8,Normal
36:39.6,Подгорица,Tekirdağ,None,0,12,50,958.1,5,0.47,0,0,-0.004,-0.047,-0.367,2.29,14.61,6.64,86.8,Normal
36:40.6,Подгорица,Tekirdağ,None,0,14.3,50,1151.8,5,0.74,0,0,-0.004,-0.021,-0.832,2.29,14.61,6.64,86.8,Normal
36:41.6,Подгорица,Tekirdağ,None,0,17.7,50,1426.9,5,1,0,0,-0.002,-0.015,-1.056,2.29,14.61,6.64,86.8,Normal
36:42.6,Подгорица,Tekirdağ,None,0,19.8,50,1283,5,1,0,0,0,0.138,-0.006,2.29,14.61,6.64,86.8,Normal
36:43.6,Подгорица,Tekirdağ,None,0,19.7,50,945,7,0.94,0,0,-0.017,-0.002,-0.305,2.29,14.61,6.64,86.8,Normal
36:44.6,Подгорица,Tekirdağ,None,0,21.5,50,1028.7,7,0.58,0,0,-0.006,-0.007,-0.509,2.29,14.61,6.64,86.8,Normal
36:45.6,Подгорица,Tekirdağ,None,0,22.9,50,1094.9,7,0.58,0,0,-0.006,-0.007,-0.385,2.29,14.61,6.64,86.8,Normal
36:46.6,Подгорица,Tekirdağ,None,0,24.2,50,1152.1,7,0.5,0,-1,0.023,0.006,-0.319,2.29,14.61,6.64,86.8,Normal
36:47.6,Подгорица,Tekirdağ,None,0,25.2,50,1202.5,7,0.52,0,-1,0.037,-0.01,-0.317,2.29,14.61,6.64,86.8,Normal
36:48.6,Подгорица,Tekirdağ,None,0,26.3,50,1255,7,0.5,0,0,-0.014,0,-0.325,2.29,14.61,6.64,86.8,Normal
36:49.6,Подгорица,Tekirdağ,None,0,27.5,50,1310.7,7,0.49,0,0,-0.014,0.008,-0.339,2.29,14.61,6.64,86.7,Normal
36:50.6,Подгорица,Tekirdağ,None,0,28.9,50,1379.7,7,0.53,0,1,-0.023,-0.001,-0.438,2.29,14.61,6.64,86.7,Normal
36:51.6,Подгорица,Tekirdağ,None,0,30.2,50,1260.1,7,0.49,0,1,-0.064,0.068,-0.136,2.29,14.61,6.64,86.7,Normal
36:52.6,Подгорица,Tekirdağ,None,0,30.5,50,1123.5,8,0.47,0,1,-0.039,0.01,-0.169,2.29,14.61,6.64,86.7,Normal
36:53.6,Подгорица,Tekirdağ,None,0,31.6,50,1165.4,8,0.48,0,1,-0.016,-0.002,-0.368,2.29,14.61,6.64,86.7,Normal
36:54.6,Подгорица,Tekirdağ,None,0,32.8,50,1210,8,0.46,0,1,0,-0.021,-0.333,2.29,14.61,6.64,86.7,Normal
36:55.6,Подгорица,Tekirdağ,None,0,33.9,50,1251.4,8,0.5,0,1,-0.072,-0.009,-0.293,2.29,14.62,6.64,86.7,Normal
36:56.6,Подгорица,Tekirdağ,None,0,34.8,50,1282.6,8,0.49,0,1,-0.01,0.001,-0.221,2.29,14.62,6.64,86.7,Normal
36:57.6,Подгорица,Tekirdağ,None,0,35.5,50,1307.1,8,0.52,0,1,0.021,-0.004,-0.174,2.29,14.62,6.64,86.7,Normal
36:58.6,Подгорица,Tekirdağ,None,0,36,50,1326.4,8,0.53,0,1,-0.021,-0.011,-0.128,2.29,14.62,6.64,86.7,Normal
36:59.6,Подгорица,Tekirdağ,None,0,36.3,50,1338.2,8,0.55,0,1,-0.017,0.007,-0.071,2.29,14.62,6.64,86.7,Normal
37:00.6,Подгорица,Tekirdağ,None,0,36.6,50,1351.2,8,0.77,0,1,0.004,-0.019,-0.14,2.29,14.62,6.64,86.7,Normal
37:01.6,Подгорица,Tekirdağ,None,0,37.2,50,1372.2,8,0.72,0,1,0.036,0.002,-0.146,2.29,14.62,6.64,86.7,Normal
37:02.6,Подгорица,Tekirdağ,None,0,37.7,50,1389.6,8,0.69,0,1,0.018,-0.011,-0.13,2.29,14.62,6.64,86.7,Normal
37:03.6,Подгорица,Tekirdağ,None,0,38.1,50,1403.9,8,0.67,0,1,-0.018,-0.009,-0.107,2.29,14.62,6.64,86.7,Normal
37:04.6,Подгорица,Tekirdağ,None,0,38.4,50,1417.4,8,0.66,0,1,0.006,0.003,-0.102,2.29,14.62,6.64,86.7,Normal
37:05.6,Подгорица,Tekirdağ,None,0,38.7,50,1427.3,8,0.63,0,0,0.07,0.023,-0.071,2.29,14.62,6.64,86.7,Normal
37:06.6,Подгорица,Tekirdağ,None,0,39,50,1437.5,8,0.62,0,0,0.037,0.002,-0.077,2.29,14.62,6.64,86.7,Normal
37:07.6,Подгорица,Tekirdağ,None,0,39.2,50,1443.1,8,0.53,0,-1,0.027,0.017,-0.033,2.29,14.62,6.64,86.7,Normal
37:08.6,Подгорица,Tekirdağ,None,0,39.2,50,1444,8,0.51,0,-1,0.076,-0.012,0.001,2.29,14.62,6.64,86.7,Normal
37:09.6,Подгорица,Tekirdağ,None,0,39.2,50,1442.8,8,0.53,0,-1,0.039,-0.01,-0.007,2.29,14.62,6.64,86.7,Normal
37:10.6,Подгорица,Tekirdağ,None,0,39.2,50,1441.6,8,0.47,0,0,-0.037,0.003,0.019,2.29,14.62,6.64,86.7,Normal
37:11.6,Подгорица,Tekirdağ,None,0,39.1,50,1439.4,8,0.49,0,1,-0.046,-0.011,0.016,2.29,14.62,6.64,86.7,Normal
37:12.6,Подгорица,Tekirdağ,None,0,39.3,50,1448.6,8,1,0,0,-0.036,-0.039,-0.164,2.29,14.62,6.64,86.7,Normal
37:13.6,Подгорица,Tekirdağ,None,0,40.2,50,1482.5,8,1,0,0,0.014,0.025,-0.277,2.29,14.62,6.64,86.7,Normal
37:14.6,Подгорица,Tekirdağ,None,0,41.1,50,1516,8,1,0,0,0.01,-0.005,-0.26,2.29,14.62,6.64,86.7,Normal
37:15.6,Подгорица,Tekirdağ,None,0,42,50,1549.8,8,1,0,-1,0.016,0.01,-0.249,2.29,14.62,6.64,86.7,Normal
37:16.6,Подгорица,Tekirdağ,None,0,42.9,50,1580.3,8,0.99,0,0,-0.01,-0.018,-0.233,2.29,14.62,6.64,86.7,Normal
37:17.6,Подгорица,Tekirdağ,None,0,43.6,50,1606.5,8,0.85,0,0,0.016,0.007,-0.194,2.29,14.62,6.64,86.6,Normal
37:18.6,Подгорица,Tekirdağ,None,0,43.2,50,1582.4,8,0.17,0,0,-0.015,0.051,0.377,2.29,14.62,6.64,86.6,Normal
37:19.6,Подгорица,Tekirdağ,None,0,42,50,1543.3,8,0.33,0,0,0.009,-0.002,0.259,2.29,14.62,6.64,86.6,Normal
37:20.6,Подгорица,Tekirdağ,None,0,41.5,50,1523.8,8,0.13,0,0,-0.008,-0.031,0.107,2.29,14.62,6.64,86.6,Normal
37:21.6,Подгорица,Tekirdağ,None,0,40.3,50,1389,8,0,0,0,-0.025,-0.011,0.416,2.29,14.62,6.64,86.6,Normal
37:22.6,Подгорица,Tekirdağ,None,0,39,50,1116.6,9,0.54,0,0,0.016,0.024,0.353,2.29,14.62,6.64,86.6,Normal
37:23.6,Подгорица,Tekirdağ,None,0,37.9,50,1083.6,9,0,0,0,0.012,0.051,0.397,2.29,14.62,6.64,86.6,Normal
37:24.6,Подгорица,Tekirdağ,None,0,36.1,50,1027,9,0,0.22,0,-0.003,0.066,0.786,2.29,14.62,6.64,86.6,Normal
37:25.6,Подгорица,Tekirdağ,None,0,31.4,50,886.4,9,0,0.39,0,0.019,0.002,1.6,2.29,14.62,6.64,86.6,Normal
37:26.6,Подгорица,Tekirdağ,None,0,24.5,50,1139.5,7,0,0.67,0,0.004,-0.027,2.201,2.29,14.62,6.64,86.6,Normal
37:27.6,Подгорица,Tekirdağ,None,0,17.4,50,815.3,7,0,0,0,-0.004,-0.037,1.241,2.29,14.62,6.64,86.6,Normal
37:28.6,Подгорица,Tekirdağ,None,0,15,50,1169.2,5,0,0,0,-0.003,-0.007,0.55,2.29,14.62,6.64,86.6,Normal
37:29.6,Подгорица,Tekirdağ,None,0,12.3,50,954.8,5,0,0.08,0,0.015,-0.004,0.865,2.29,14.62,6.64,86.6,Normal
37:30.6,Подгорица,Tekirdağ,None,0,8.5,50,1028.5,5,0,0.17,0,0.002,-0.011,1.073,2.29,14.62,6.64,86.6,Normal
37:31.6,Подгорица,Tekirdağ,None,0,4.9,50,774,2,0,0.15,0,-0.004,-0.009,1.045,2.29,14.62,6.64,86.6,Normal
37:32.6,Подгорица,Tekirdağ,None,0,2.6,50,475.8,2,0,0.14,0,-0.001,-0.063,0.204,2.29,14.62,6.64,86.6,Normal
37:33.6,Подгорица,Tekirdağ,None,0,2.3,50,550,1,0,0.29,0,0.002,-0.127,0.453,2.29,14.62,6.64,86.6,Normal
37:34.6,Подгорица,Tekirdağ,None,0,0,50,550,1,0,0.21,0,-0.001,-0.062,-0.119,2.29,14.62,6.64,86.6,Normal
37:35.6,Подгорица,Tekirdağ,None,0,0,50,550,1,0,0,0,-0.005,-0.003,0.002,2.29,14.62,6.64,86.6,Normal
37:36.6,Подгорица,Tekirdağ,None,0,0,50,550,1,0,0,0,0.003,0.001,-0.002,2.29,14.62,6.64,86.6,Normal
37:37.6,Подгорица,Tekirdağ,None,0,0,50,550,1,0,0,0,0,-0.013,-0.003,2.29,14.62,6.64,86.6,Normal
37:38.6,Подгорица,Tekirdağ,None,0,0,50,550,1,0,0,0,-0.001,0,0.001,2.29,14.62,6.64,86.6,Normal
37:39.6,Подгорица,Tekirdağ,None,0,0,50,550,1,0,0,0,0.002,-0.003,0,2.29,14.62,6.64,86.6,Normal
37:40.6,Подгорица,Tekirdağ,None,0,0,50,550,1,0,0,0,-0.005,0.001,-0.004,2.29,14.62,6.64,86.6,Normal
37:41.6,Подгорица,Tekirdağ,None,0,-0.7,50,688.3,1,0.18,0,0,0.007,0.023,0.115,2.29,14.62,6.64,86.6,Normal
37:42.6,Подгорица,Tekirdağ,None,0,-0.2,50,695.1,1,0.36,0,0,0.007,0.061,-0.335,2.29,14.62,6.64,86.6,Normal
37:43.6,Подгорица,Tekirdağ,None,0,0.9,50,678.7,1,0.23,0,0,-0.014,-0.057,-0.57,2.29,14.62,6.64,86.6,Normal
37:44.6,Подгорица,Tekirdağ,None,0,1.2,50,539,1,0,0,0,-0.008,0.004,0.082,2.29,14.62,6.64,86.6,Normal
37:45.6,Подгорица,Tekirdağ,None,0,0.9,50,537,1,0,0,0,-0.006,0.001,0.072,2.29,14.62,6.64,86.6,Normal
37:46.6,Подгорица,Tekirdağ,None,0,0.7,50,535.8,1,0,0,0,0.001,0.002,0.031,2.29,14.62,6.64,86.6,Normal
37:47.6,Подгорица,Tekirdağ,None,0,0.6,50,535.3,1,0,0,0,0.003,0.002,0.013,2.29,14.62,6.64,86.6,Normal
37:48.6,Подгорица,Tekirdağ,None,0,0.6,50,535,1,0,0,0,-0.003,0.003,0.008,2.29,14.62,6.64,86.6,Normal
37:49.6,Подгорица,Tekirdağ,None,0,0.6,50,534.9,1,0,0,0,-0.003,0.003,0.006,2.29,14.62,6.64,86.6,Normal
37:50.6,Подгорица,Tekirdağ,None,0,2.7,50,834.7,1,1,0,0,-0.005,-0.048,-1.857,2.29,14.62,6.64,86.6,Normal
37:51.6,Подгорица,Tekirdağ,None,0,7.2,50,1166.5,1,1,0,0,0.011,0.178,0.001,2.29,14.62,6.64,86.6,Normal
37:52.6,Подгорица,Tekirdağ,None,0,8.2,50,1419.1,2,1,0,0,0.008,-0.196,-1.361,2.29,14.62,6.64,86.6,Normal
37:53.6,Подгорица,Tekirdağ,None,0,10,50,980.1,4,1,0,0,-0.004,0.046,0.195,2.29,14.62,6.64,86.6,Normal
37:54.6,Подгорица,Tekirdağ,None,0,10.7,50,1090.1,4,1,0,0,-0.019,-0.203,-0.952,2.29,14.62,6.64,86.6,Normal
37:55.6,Подгорица,Tekirdağ,None,0,15.2,50,1526.3,4,1,0,0,-0.01,-0.021,-1.286,2.29,14.62,6.64,86.6,Normal
37:56.6,Подгорица,Tekirdağ,None,0,15.8,50,959.1,6,1,0,0,0.004,0.023,0.298,2.29,14.62,6.64,86.6,Normal
37:57.6,Подгорица,Tekirdağ,None,0,16.2,50,1007.5,6,1,0,0,-0.004,-0.085,-0.578,2.29,14.62,6.64,86.6,Normal
37:58.6,Подгорица,Tekirdağ,None,0,18.9,50,1172.7,6,1,0,1,-0.006,-0.007,-0.758,2.29,14.62,6.64,86.6,Normal
37:59.6,Подгорица,Tekirdağ,None,0,21.4,50,1324.7,6,1,0,0,-0.006,-0.007,-0.731,2.29,14.62,6.64,86.6,Normal
38:00.6,Подгорица,Tekirdağ,None,0,24,50,1485.4,6,1,0,-1,0.011,-0.011,-0.72,2.29,14.62,6.64,86.6,Normal
38:01.6,Подгорица,Tekirdağ,None,0,24.4,50,1153.4,7,0.98,0,-1,0.067,0.077,0.279,2.29,14.62,6.64,86.6,Normal
38:02.6,Подгорица,Tekirdağ,None,0,24.1,50,1152.4,7,0.99,0,-1,0.118,-0.052,-0.285,2.29,14.62,6.64,86.6,Normal
38:03.6,Подгорица,Tekirdağ,None,0,25.8,50,1238,7,0.98,0,-1,0.19,-0.013,-0.511,2.29,14.62,6.64,86.6,Normal
38:04.6,Подгорица,Tekirdağ,None,0,27.6,50,1322,7,0.96,0,-1,-0.059,-0.015,-0.49,2.29,14.62,6.64,86.6,Normal
38:05.6,Подгорица,Tekirdağ,None,0,29.4,50,1405.3,7,0.96,0,-1,-0.014,-0.01,-0.521,2.29,14.62,6.64,86.6,Normal
38:06.6,Подгорица,Tekirdağ,None,0,31.2,50,1491.9,7,0.96,0,-1,-0.068,-0.026,-0.517,2.29,14.62,6.64,86.6,Normal
38:07.6,Подгорица,Tekirdağ,None,0,31.1,50,1141.2,8,0.97,0,-1,-0.043,0.039,0.261,2.29,14.62,6.64,86.6,Normal
38:08.6,Подгорица,Tekirdağ,None,0,31.2,50,1155.7,8,1,0,0,-0.051,-0.029,-0.315,2.29,14.62,6.64,86.6,Normal
38:09.6,Подгорица,Tekirdağ,None,0,32.8,50,1213.8,8,1,0,1,-0.074,-0.041,-0.451,2.29,14.62,6.64,86.6,Normal
38:10.6,Подгорица,Tekirdağ,None,0,34.5,50,1275.7,8,1,0,1,-0.062,-0.026,-0.482,2.29,14.62,6.64,86.6,Normal
38:11.6,Подгорица,Tekirdağ,None,0,36.2,50,1338.7,8,1,0,1,-0.007,-0.001,-0.475,2.29,14.62,6.64,86.6,Normal
38:12.6,Подгорица,Tekirdağ,None,0,37.8,50,1397.7,8,1,0,1,-0.045,-0.003,-0.469,2.29,14.62,6.64,86.6,Normal
38:13.6,Подгорица,Tekirdağ,None,0,39.5,50,1459.2,8,1,0,1,-0.007,0.005,-0.457,2.29,14.62,6.64,86.6,Normal
38:14.6,Подгорица,Tekirdağ,None,0,40.4,50,1302.6,8,1,0,1,-0.045,0.078,0.056,2.29,14.62,6.64,86.6,Normal
38:15.6,Подгорица,Tekirdağ,None,0,40,50,1150.2,9,1,0,1,-0.12,-0.001,-0.008,2.29,14.62,6.64,86.5,Normal
38:16.6,Подгорица,Tekirdağ,None,0,41,50,1181.7,9,1,0,1,-0.005,-0.058,-0.349,2.29,14.62,6.64,86.5,Normal
38:17.6,Подгорица,Tekirdağ,None,0,41.6,50,1189.2,9,0,0,1,-0.032,0.181,0.105,2.29,14.62,6.64,86.5,Normal
38:18.6,Подгорица,Tekirdağ,None,0,41.3,50,1188,9,1,0,1,0.05,-0.033,-0.122,2.29,14.62,6.64,86.5,Normal
38:19.6,Подгорица,Tekirdağ,None,0,42.6,50,1227.2,9,0.92,0,0,0.085,-0.012,-0.417,2.29,14.62,6.64,86.5,Normal
38:20.6,Подгорица,Tekirdağ,None,0,42.9,50,1228.2,9,0,0,1,-0.119,0.059,0.08,2.29,14.62,6.64,86.5,Normal
38:21.6,Подгорица,Tekirdağ,None,0,42.8,50,1228.8,9,0.81,0,1,-0.047,-0.032,-0.1,2.29,14.62,6.64,86.5,Normal
38:22.6,Подгорица,Tekirdağ,None,0,43,50,1231.3,9,0,0,1,0.043,0.047,0.062,2.29,14.62,6.64,86.5,Normal
38:23.6,Подгорица,Tekirdağ,None,0,42.7,50,1219.9,9,0,0,-1,0.136,-0.029,0.127,2.29,14.62,6.64,86.5,Normal
38:24.6,Подгорица,Tekirdağ,None,0,42.2,50,1207,9,0,0,-1,0.082,0.015,0.119,2.29,14.62,6.64,86.5,Normal
38:25.6,Подгорица,Tekirdağ,None,0,41.8,50,1195,9,0,0,-1,0.019,-0.015,0.126,2.29,14.62,6.64,86.5,Normal
38:26.6,Подгорица,Tekirdağ,None,0,41.4,50,1183.4,9,0,0,0,-0.015,-0.006,0.116,2.29,14.62,6.64,86.5,Normal
38:27.6,Подгорица,Tekirdağ,None,0,40.9,50,1170.9,9,0,0,-1,0.009,0.004,0.101,2.29,14.62,6.64,86.5,Normal
38:28.6,Подгорица,Tekirdağ,None,0,40.7,50,1163.3,9,0,0,-1,0.027,-0.015,0.057,2.29,14.62,6.64,86.5,Normal
38:29.6,Подгорица,Tekirdağ,None,0,40.6,50,1160.8,9,0,0,-1,0.025,-0.033,0.01,2.29,14.62,6.64,86.5,Normal
38:30.6,Подгорица,Tekirdağ,None,0,40.7,50,1163.4,9,0,0,-1,0.05,0.008,-0.038,2.29,14.62,6.64,86.5,Normal
38:31.6,Подгорица,Tekirdağ,None,0,40.8,50,1168.8,9,0,0,-1,0.152,0.012,-0.062,2.29,14.62,6.64,86.5,Normal
38:32.6,Подгорица,Tekirdağ,None,0,41,50,1174.3,9,0,0,-1,0.018,0.033,-0.067,2.29,14.62,6.64,86.5,Normal
38:33.6,Подгорица,Tekirdağ,None,0,41.2,50,1179.4,9,0,0,0,-0.112,-0.027,-0.048,2.29,14.62,6.64,86.5,Normal
38:34.6,Подгорица,Tekirdağ,None,0,41.4,50,1184.6,9,0,0,0,-0.081,0.018,-0.052,2.29,14.62,6.64,86.5,Normal
38:35.6,Подгорица,Tekirdağ,None,0,41.5,50,1186.5,9,0,0,1,-0.095,0.008,0.013,2.29,14.62,6.64,86.5,Normal
38:36.6,Подгорица,Tekirdağ,None,0,41.1,50,1172,9,0,0.32,0,-0.044,-0.006,0.397,2.29,14.62,6.64,86.5,Normal
38:37.6,Подгорица,Tekirdağ,None,0,37.1,50,1054.9,9,0,0.36,1,-0.031,-0.005,1.285,2.29,14.62,6.64,86.5,Normal
38:38.6,Подгорица,Tekirdağ,None,0,31.6,50,897.4,9,0,0.37,0,0.023,0.009,1.695,2.29,14.62,6.64,86.5,Normal
38:39.6,Подгорица,Tekirdağ,None,0,28.9,50,1059.3,8,0,0,0,0.006,-0.047,0.271,2.29,14.62,6.64,86.5,Normal
38:40.6,Подгорица,Tekirdağ,None,0,28.4,50,1039.9,8,0,0,0,-0.015,0.004,0.127,2.29,14.62,6.64,86.5,Normal
38:41.6,Подгорица,Tekirdağ,None,0,27.5,50,1004.1,8,0,0.19,1,-0.071,0.026,0.569,2.29,14.62,6.64,86.5,Normal
38:42.6,Подгорица,Tekirdağ,None,0,23.8,50,866.3,8,0,0.35,-1,0.391,0.019,1.303,2.29,14.62,6.64,86.5,Normal
38:43.6,Подгорица,Tekirdağ,None,0,21.2,50,1002.9,7,0,0,-1,0.254,-0.047,0.247,2.29,14.62,6.64,86.5,Normal
38:44.6,Подгорица,Tekirdağ,None,0,20.8,50,977.1,7,0,0,-1,0.238,-0.001,0.123,2.29,14.62,6.64,86.5,Normal
38:45.6,Подгорица,Tekirdağ,None,0,20.3,50,958.4,7,0,0,0,-0.221,-0.006,0.117,2.29,14.62,6.64,86.5,Normal
38:46.6,Подгорица,Tekirdağ,None,0,20.9,50,997.2,7,0.49,0,1,-0.158,-0.061,-0.408,2.29,14.62,6.64,86.5,Normal
38:47.6,Подгорица,Tekirdağ,None,0,22.7,50,1087.1,7,0.53,0,1,-0.133,-0.003,-0.559,2.29,14.62,6.64,86.5,Normal
38:48.6,Подгорица,Tekirdağ,None,0,24.8,50,1182.5,7,0.52,0,1,-0.203,-0.044,-0.568,2.29,14.62,6.64,86.5,Normal
38:49.6,Подгорица,Tekirdağ,None,0,26.7,50,1274.3,7,0.47,0,1,-0.107,0,-0.526,2.29,14.62,6.64,86.5,Normal
38:50.6,Подгорица,Tekirdağ,None,0,28.5,50,1358.2,7,0.42,0,0,0.053,-0.02,-0.477,2.29,14.62,6.64,86.5,Normal
38:51.6,Подгорица,Tekirdağ,None,0,30.1,50,1373,7,0,0,-1,0.05,-0.024,-0.322,2.29,14.62,6.64,86.5,Normal
38:52.6,Подгорица,Tekirdağ,None,0,30.1,50,1103.1,8,0,0,-1,0.032,0.055,0.085,2.29,14.62,6.64,86.5,Normal
38:53.6,Подгорица,Tekirdağ,None,0,29.7,50,1087.3,8,0,0,1,-0.099,0.015,0.155,2.29,14.62,6.64,86.5,Normal
38:54.6,Подгорица,Tekirdağ,None,0,29,50,1059.7,8,0,0,1,-0.179,0.031,0.256,2.29,14.62,6.64,86.5,Normal
38:55.6,Подгорица,Tekirdağ,None,0,28.2,50,1029.7,8,0,0,1,-0.177,0.011,0.262,2.29,14.62,6.64,86.5,Normal
38:56.6,Подгорица,Tekirdağ,None,0,27.1,50,993.7,8,0.39,0,1,-0.009,0.028,0.298,2.29,14.62,6.64,86.5,Normal
38:57.6,Подгорица,Tekirdağ,None,0,26.9,50,992,8,0.52,0,1,0.133,0.059,0.031,2.29,14.62,6.64,86.5,Normal
38:58.6,Подгорица,Tekirdağ,None,0,27.5,50,1015.5,8,0.44,0,1,0.082,0.028,-0.204,2.29,14.62,6.64,86.5,Normal
38:59.6,Подгорица,Tekirdağ,None,0,28.2,50,1038.4,8,0.39,0,1,-0.009,-0.019,-0.157,2.29,14.62,6.64,86.5,Normal
39:00.6,Подгорица,Tekirdağ,None,0,28.7,50,1057.1,8,0.41,0,1,-0.027,0.025,-0.157,2.29,14.62,6.64,86.5,Normal
39:01.6,Подгорица,Tekirdağ,None,0,28.8,50,1057.2,8,0,0,0,0.086,0.011,0.139,2.29,14.62,6.64,86.5,Normal
39:02.6,Подгорица,Tekirdağ,None,0,27.9,50,1022.4,8,0,0,0,0.041,-0.025,0.269,2.29,14.62,6.64,86.5,Normal
39:03.6,Подгорица,Tekirdağ,None,0,27.1,50,995,8,0.68,0,0,0.032,0.026,0.226,2.29,14.62,6.64,86.5,Normal
39:04.6,Подгорица,Tekirdağ,None,0,27.5,50,1015.4,8,0.53,0,-1,0.049,-0.002,-0.228,2.29,14.62,6.64,86.5,Normal
39:05.6,Подгорица,Tekirdağ,None,0,28.3,50,1043.1,8,0.51,0,-1,0.138,0.024,-0.206,2.29,14.62,6.64,86.5,Normal
39:06.6,Подгорица,Tekirdağ,None,0,28.9,50,1067.9,8,0.54,0,-1,0.115,0.047,-0.194,2.29,14.62,6.64,86.5,Normal
39:07.6,Подгорица,Tekirdağ,None,0,29.6,50,1092.8,8,0.51,0,-1,-0.017,0.004,-0.186,2.29,14.62,6.64,86.5,Normal
39:08.6,Подгорица,Tekirdağ,None,0,30.2,50,1113.6,8,0.52,0,-1,0.059,0.008,-0.161,2.29,14.62,6.64,86.5,Normal
39:09.7,Подгорица,Tekirdağ,None,0,31,50,1144.9,8,0.62,0,0,-0.145,-0.01,-0.262,2.29,14.62,6.64,86.5,Normal
39:10.6,Подгорица,Tekirdağ,None,0,31.8,50,1173.6,8,0.63,0,1,-0.232,-0.008,-0.242,2.29,14.63,6.64,86.5,Normal
39:11.6,Подгорица,Tekirdağ,None,0,32.7,50,1207.5,8,0.69,0,1,-0.227,-0.002,-0.274,2.29,14.63,6.64,86.5,Normal
39:12.6,Подгорица,Tekirdağ,None,0,33.6,50,1233.3,8,0,0,1,-0.054,-0.024,-0.107,2.29,14.63,6.64,86.5,Normal
39:13.6,Подгорица,Tekirdağ,None,0,32.9,50,1208.6,8,0.87,0,1,0.037,-0.018,0.251,2.29,14.63,6.64,86.5,Normal
39:14.6,Подгорица,Tekirdağ,None,0,33.3,50,1220.7,8,0,0,0,0.029,-0.009,-0.036,2.29,14.63,6.64,86.5,Normal
39:15.6,Подгорица,Tekirdağ,None,0,32.3,50,1182.6,8,0,0.12,0,0.023,0.058,0.446,2.29,14.63,6.64,86.5,Normal
39:16.6,Подгорица,Tekirdağ,None,0,29.3,0,1068.3,8,0,0.27,0,0.013,-0.002,1.133,2.29,14.63,6.64,86.5,Normal
39:17.6,Подгорица,Tekirdağ,None,0,26.5,50,970,8,0,0,0,0,-0.037,0.439,2.29,14.63,6.64,86.5,Normal
39:18.6,Подгорица,Tekirdağ,None,0,25.2,50,918.5,8,0,0.14,1,-0.01,-0.016,0.435,2.29,14.63,6.64,86.5,Normal
39:19.6,Подгорица,Tekirdağ,None,0,22.6,50,1029.4,8,0,0.15,1,0,-0.01,0.806,2.29,14.63,6.64,86.5,Normal
39:20.6,Подгорица,Tekirdağ,None,0,18.9,50,883.3,7,0,0.29,1,-0.032,0.052,1.284,2.29,14.63,6.64,86.5,Normal
39:21.6,Подгорица,Tekirdağ,None,0,15.2,50,1184.7,5,0,0.21,1,0.008,-0.014,0.873,2.29,14.63,6.64,86.5,Normal
39:22.6,Подгорица,Tekirdağ,None,0,11.6,50,895.9,5,0,0.22,1,0.014,0.009,1.1,2.29,14.63,6.64,86.5,Normal
39:23.6,Подгорица,Tekirdağ,None,0,8.1,50,969.7,5,0,0.22,1,0.004,0.036,0.883,2.29,14.63,6.64,86.5,Normal
39:24.7,Подгорица,Tekirdağ,None,0,5.6,50,758.6,3,0,0,1,0.022,0.027,0.412,2.29,14.63,6.64,86.5,Normal
39:25.6,Подгорица,Tekirdağ,None,0,5.2,50,1087.1,1,0,0,1,-0.006,-0.047,0.024,2.29,14.63,6.64,86.5,Normal
39:26.7,Подгорица,Tekirdağ,None,0,4.5,50,930.6,1,0,0,1,0.008,-0.026,0.202,2.29,14.63,6.64,86.5,Normal
39:27.6,Подгорица,Tekirdağ,None,0,3.8,50,783.4,1,0,0,1,0.015,-0.003,0.209,2.29,14.63,6.64,86.5,Normal
39:28.6,Подгорица,Tekirdağ,None,0,3.1,50,634.2,1,0,0,0,0.017,0.013,0.197,2.29,14.63,6.64,86.5,Normal
39:29.6,Подгорица,Tekirdağ,None,0,2.4,50,529.5,1,0,0.25,0,0.004,-0.005,0.093,2.29,14.63,6.64,86.5,Normal
39:30.7,Подгорица,Tekirdağ,None,0,2.2,50,546.7,1,0,0.41,0,-0.007,-0.047,0.095,2.29,14.63,6.64,86.5,Normal
39:31.6,Подгорица,Tekirdağ,None,0,0,50,550,1,0,0,0,-0.001,-0.088,-0.007,2.29,14.63,6.64,86.5,Normal
39:32.6,Подгорица,Tekirdağ,None,0,0,50,550,1,0,0,0,0.014,0.015,0.004,2.29,14.63,6.64,86.5,Normal
39:33.6,Подгорица,Tekirdağ,None,0,0,50,550,1,0,0,0,0.009,0.004,-0.001,2.29,14.63,6.64,86.5,Normal
39:34.6,Подгорица,Tekirdağ,None,0,0,50,550,1,0,0,0,0.012,0.003,0.006,2.29,14.63,6.64,86.5,Normal
39:35.6,Подгорица,Tekirdağ,None,0,0,50,550,1,0.07,0,0,0.003,0,0,2.29,14.63,6.64,86.5,Normal
39:36.6,Подгорица,Tekirdağ,None,0,0.3,50,550.2,1,0,0,0,-0.011,0,-0.078,2.29,14.63,6.64,86.5,Normal
39:37.6,Подгорица,Tekirdağ,None,0,0.5,50,550.2,1,0,0,0,0.016,0.008,-0.065,2.29,14.63,6.64,86.5,Normal
39:38.6,Подгорица,Tekirdağ,None,0,0.7,50,550.2,1,0,0,0,-0.018,-0.001,-0.063,2.29,14.63,6.64,86.5,Normal
39:39.6,Подгорица,Tekirdağ,None,0,0.9,50,550.2,1,0,0,0,0.03,-0.01,-0.031,2.29,14.63,6.64,86.5,Normal
39:40.6,Подгорица,Tekirdağ,None,0,1.3,50,866.7,1,0.42,0,0,-0.001,0.107,-0.296,2.29,14.63,6.64,86.5,Normal
39:41.6,Подгорица,Tekirdağ,None,0,5.2,50,1142.6,1,0.32,0,0,-0.022,-0.092,-1.143,2.29,14.63,6.64,86.5,Normal
39:42.6,Подгорица,Tekirdağ,None,0,7.5,50,1452.1,1,0.3,0,0,0,0.017,-0.226,2.29,14.63,6.64,86.5,Normal
39:43.7,Подгорица,Tekirdağ,None,0,7.8,50,1002.3,3,0.48,0,1,0.001,0.053,-0.211,2.29,14.63,6.64,86.5,Normal
39:44.6,Подгорица,Tekirdağ,None,0,9.5,50,1195.4,3,0,0,-1,0.169,0.091,-0.041,2.29,14.63,6.64,86.5,Normal
39:45.6,Подгорица,Tekirdağ,None,0,9,50,1126.6,3,0,0,-1,0.208,0.01,0.182,2.29,14.63,6.64,86.5,Normal
39:46.6,Подгорица,Tekirdağ,None,0,8.3,50,1034.4,3,0.41,0,-1,0.149,0,0.206,2.29,14.63,6.64,86.5,Normal
39:47.7,Подгорица,Tekirdağ,None,0,11.2,50,1467.8,3,0.56,0,-1,0.138,-0.018,-1.288,2.29,14.63,6.64,86.5,Normal
39:48.6,Подгорица,Tekirdağ,None,0,12.6,50,990,5,0.46,0,-1,0.038,0.02,-0.064,2.29,14.63,6.64,86.5,Normal
39:49.6,Подгорица,Tekirdağ,None,0,13.8,50,1112.5,5,0.43,0,-1,0.108,-0.039,-0.662,2.29,14.63,6.64,86.5,Normal
39:50.6,Подгорица,Tekirdağ,None,0,16.4,50,1318.7,5,0.44,0,-1,0.131,0.001,-0.749,2.29,14.63,6.64,86.5,Normal
39:51.7,Подгорица,Tekirdağ,None,0,18,50,1419.1,5,0,0,0,-0.228,0.056,-0.05,2.29,14.63,6.64,86.5,Normal
39:52.7,Подгорица,Tekirdağ,None,0,17.8,50,1399.9,5,0,0,1,-0.525,0.007,0.109,2.29,14.63,6.64,86.5,Normal
39:53.6,Подгорица,Tekirdağ,None,0,18.6,50,1422.6,5,0.58,0,1,-0.258,-0.187,-0.465,2.29,14.63,6.64,86.5,Normal
39:54.7,Подгорица,Tekirdağ,None,0,19.4,50,918.9,7,0,0,-1,0.041,0.002,-0.163,2.29,14.63,6.64,86.5,Normal
39:55.7,Подгорица,Tekirdağ,None,0,19.8,50,936,7,0,0,0,-0.004,-0.005,-0.098,2.29,14.63,6.64,86.5,Normal
39:56.6,Подгорица,Tekirdağ,None,0,20,50,944.2,7,0,0,0,-0.01,0.001,-0.035,2.29,14.63,6.64,86.5,Normal
39:57.6,Подгорица,Tekirdağ,None,0,20.1,50,949,7,0,0,0,-0.002,0.002,-0.027,2.29,14.63,6.64,86.5,Normal
39:58.6,Подгорица,Tekirdağ,None,0,19.5,50,906.8,7,0,0.81,1,-0.028,-0.084,0.954,2.29,14.63,6.64,86.5,Hard Braking
39:59.6,Подгорица,Tekirdağ,None,0,10.8,50,834.7,5,0,0.61,0,-0.007,-0.021,2.764,2.29,14.63,6.64,86.5,Normal
40:00.6,Подгорица,Tekirdağ,None,0,8.1,50,1146.6,5,0,0,0,0.005,-0.005,0.032,2.29,14.63,6.64,86.5,Normal
40:01.7,Подгорица,Tekirdağ,None,0,8.2,50,1323.3,2,0,0,0,-0.001,0.023,0.077,2.29,14.63,6.64,86.5,Normal
40:02.6,Подгорица,Tekirdağ,None,0,8.7,50,1462.8,2,0.79,0,0,-0.008,0.051,-0.816,2.29,14.63,6.64,86.5,Normal
40:03.6,Подгорица,Tekirdağ,None,0,10.7,50,1047.1,4,0.47,0,0,0.005,0.02,-0.243,2.29,14.63,6.64,86.5,Normal
40:04.6,Подгорица,Tekirdağ,None,0,12.4,50,1236.1,4,0.46,0,0,-0.013,-0.045,-0.757,2.29,14.63,6.64,86.5,Normal
40:05.7,Подгорица,Tekirdağ,None,0,16.3,50,1488.8,4,0.79,0,0,0.015,-0.035,-0.815,2.29,14.63,6.64,86.5,Normal
40:06.7,Подгорица,Tekirdağ,None,0,17.5,50,1074,6,0.6,0,0,0,0.019,-0.261,2.29,14.63,6.64,86.5,Normal
40:07.6,Подгорица,Tekirdağ,None,0,19.9,50,1232.6,6,0.6,0,-1,0.006,-0.029,-0.894,2.29,14.63,6.64,86.5,Normal
40:08.6,Подгорица,Tekirdağ,None,0,23.1,50,1427.6,6,0.54,0,-1,0.003,-0.01,-0.886,2.29,14.63,6.64,86.5,Normal
40:09.6,Подгорица,Tekirdağ,None,0,24.6,50,904.6,8,0.45,0,-1,0.012,-0.003,-0.235,2.29,14.63,6.64,86.5,Normal
40:10.6,Подгорица,Tekirdağ,None,0,25.9,50,955.8,8,0.46,0,0,0.004,-0.037,-0.501,2.29,14.63,6.64,86.4,Normal
40:11.6,Подгорица,Tekirdağ,None,0,27.8,50,1028.9,8,0.85,0,0,0.004,0,-0.586,2.29,14.63,6.64,86.4,Normal
40:12.6,Подгорица,Tekirdağ,None,0,29.2,50,1385,7,1,0,0,-0.002,0.018,-0.259,2.29,14.63,6.64,86.4,Normal
40:13.6,Подгорица,Tekirdağ,None,0,30.7,50,1466,7,1,0,-1,0.036,-0.105,-0.765,2.29,14.63,6.64,86.4,Normal
40:14.6,Подгорица,Tekirdağ,None,0,32.6,50,1091.1,9,1,0,-1,0.115,0.036,-0.276,2.29,14.63,6.64,86.4,Normal
40:15.6,Подгорица,Tekirdağ,None,0,33.8,50,974.9,9,0.91,0,-1,0.015,-0.017,-0.529,2.29,14.63,6.64,86.4,Normal
40:16.7,Подгорица,Tekirdağ,None,0,36,50,1038,9,0.84,0,-1,0.035,0.02,-0.636,2.29,14.63,6.64,86.4,Normal
40:17.7,Подгорица,Tekirdağ,None,0,38.2,50,1101.6,9,0.86,0,-1,0.019,-0.031,-0.618,2.29,14.63,6.64,86.4,Normal
40:18.7,Подгорица,Tekirdağ,None,0,40.2,50,1160.1,9,0.82,0,-1,0.019,-0.01,-0.57,2.29,14.63,6.64,86.4,Normal
40:19.7,Подгорица,Tekirdağ,None,0,42.2,50,1216.2,9,0.82,0,-1,-0.03,0.011,-0.528,2.29,14.63,6.64,86.4,Normal
40:20.7,Подгорица,Tekirdağ,None,0,44,50,1265.5,9,0.41,0,-1,-0.071,0.022,-0.465,2.29,14.63,6.64,86.4,Normal
40:21.7,Подгорица,Tekirdağ,None,0,44.5,50,1274.1,9,0,0,-1,0.04,0.043,0.007,2.29,14.63,6.64,86.4,Normal
40:22.7,Подгорица,Tekirdağ,None,0,44.3,50,1268.2,9,0,0,-1,-0.066,0.02,0.072,2.29,14.63,6.64,86.4,Normal
40:23.7,Подгорица,Tekirdağ,None,0,43.9,50,1255.7,9,0,0,1,-0.115,-0.034,0.162,2.29,14.63,6.64,86.4,Normal
40:24.7,Подгорица,Tekirdağ,None,0,42.7,50,1217.4,9,0,0.12,0,-0.009,-0.003,0.536,2.29,14.63,6.64,86.4,Normal
40:25.7,Подгорица,Tekirdağ,None,0,41,50,1172.2,9,0,0,0,-0.003,-0.015,0.326,2.29,14.63,6.64,86.4,Normal
40:26.7,Подгорица,Tekirdağ,None,0,40.2,50,1148.1,9,0,0,-1,0.02,-0.009,0.216,2.29,14.63,6.64,86.4,Normal
40:27.7,Подгорица,Tekirdağ,None,0,39.5,50,1127.6,9,0,0,-1,0.182,0.014,0.205,2.29,14.63,6.64,86.4,Normal
40:28.7,Подгорица,Tekirdağ,None,0,38.7,50,1106.5,9,0,0,-1,0.11,-0.038,0.202,2.29,14.63,6.64,86.4,Normal
40:29.7,Подгорица,Tekirdağ,None,0,38,50,1086.2,9,0,0,1,-0.269,-0.008,0.218,2.29,14.63,6.64,86.4,Normal
40:30.7,Подгорица,Tekirdağ,None,0,37.2,50,1058,9,0,0.46,1,-0.609,-0.022,0.31,2.29,14.63,6.64,86.4,Harsh Cornering
40:31.7,Подгорица,Tekirdağ,None,0,34.5,50,982.9,9,0,0,1,-0.113,-0.071,0.374,2.29,14.63,6.64,86.4,Normal
40:32.7,Подгорица,Tekirdağ,None,0,33.5,50,956.7,9,0,0,1,-0.089,-0.011,0.254,2.29,14.63,6.64,86.4,Normal
40:33.7,Подгорица,Tekirdağ,None,0,32.7,50,932.3,9,0,0,1,0.082,0.003,0.25,2.29,14.63,6.64,86.4,Normal
40:34.7,Подгорица,Tekirdağ,None,0,31.7,50,1051.4,9,0,0,1,-0.078,-0.006,0.275,2.29,14.63,6.64,86.4,Normal
40:35.7,Подгорица,Tekirdağ,None,0,30.5,50,1111.7,8,0,0,1,0.053,-0.003,0.419,2.29,14.63,6.64,86.4,Normal
40:36.7,Подгорица,Tekirdağ,None,0,28.9,50,1053.8,8,0,0,1,0.083,-0.011,0.456,2.29,14.63,6.64,86.4,Normal
40:37.7,Подгорица,Tekirdağ,None,0,27.4,50,998.3,8,0,0,1,0.067,-0.014,0.426,2.29,14.63,6.64,86.4,Normal
40:38.7,Подгорица,Tekirdağ,None,0,25.9,50,945.2,8,0,0,1,-0.013,0.004,0.4,2.29,14.63,6.64,86.4,Normal
40:39.7,Подгорица,Tekirdağ,None,0,24.5,50,894.1,8,0,0,1,-0.017,-0.005,0.384,2.29,14.63,6.64,86.4,Normal
40:40.7,Подгорица,Tekirdağ,None,0,23.4,50,1104.8,7,0.35,0,1,0.025,-0.025,0.219,2.29,14.63,6.64,86.4,Normal
40:41.7,Подгорица,Tekirdağ,None,0,23.4,50,1112.9,7,0.42,0,0,0.144,-0.02,-0.176,2.29,14.63,6.64,86.4,Normal
40:42.7,Подгорица,Tekirdağ,None,0,24.3,50,1160.4,7,0.45,0,-1,0.376,-0.004,-0.312,2.29,14.63,6.64,86.4,Normal
40:43.7,Подгорица,Tekirdağ,None,0,25.5,50,1213.3,7,0.45,0,-1,0.269,0.01,-0.325,2.29,14.63,6.64,86.4,Normal
40:44.7,Подгорица,Tekirdağ,None,0,26.8,50,1278.9,7,0.88,0,-1,0.115,-0.002,-0.414,2.29,14.63,6.64,86.4,Normal
40:45.7,Подгорица,Tekirdağ,None,0,29,50,1391.1,7,0.89,0,-1,-0.057,-0.027,-0.756,2.29,14.63,6.64,86.4,Normal
40:46.7,Подгорица,Tekirdağ,None,0,31.6,50,1495.6,7,0.89,0,-1,0.067,-0.038,-0.623,2.29,14.63,6.64,86.4,Normal
40:47.7,Подгорица,Tekirdağ,None,0,31.9,50,1170.8,8,0.9,0,1,-0.159,-0.009,0.043,2.29,14.63,6.64,86.4,Normal
40:48.7,Подгорица,Tekirdağ,None,0,33,50,1222.6,8,0.86,0,1,-0.227,-0.018,-0.519,2.29,14.63,6.64,86.4,Normal
40:49.7,Подгорица,Tekirdağ,None,0,35,50,1292.1,8,0.7,0,1,-0.064,0.017,-0.522,2.29,14.63,6.64,86.4,Normal
40:50.7,Подгорица,Tekirdağ,None,0,36.5,50,1343.1,8,0,0,-1,0.029,-0.019,-0.393,2.29,14.63,6.64,86.4,Normal
40:51.7,Подгорица,Tekirdağ,None,0,36.1,50,1328.8,8,0.52,0,-1,0.073,-0.035,0.023,2.29,14.63,6.64,86.4,Normal
40:52.7,Подгорица,Tekirdağ,None,0,36.7,50,1345.8,8,0,0,0,-0.063,0.035,-0.038,2.29,14.63,6.64,86.4,Normal
40:53.7,Подгорица,Tekirdağ,None,0,36.3,50,1330.4,8,0,0,0,0.013,-0.033,0.128,2.29,14.63,6.64,86.4,Normal
40:54.7,Подгорица,Tekirdağ,None,0,35.8,50,1313.1,8,0.02,0,1,-0.022,0.009,0.119,2.29,14.63,6.64,86.4,Normal
40:55.7,Подгорица,Tekirdağ,None,0,35.8,50,1317.2,8,0.47,0,0,-0.004,-0.031,-0.132,2.29,14.63,6.64,86.4,Normal
40:56.7,Подгорица,Tekirdağ,None,0,36,50,1320.9,8,0,0,0,-0.004,0.037,0.081,2.29,14.63,6.64,86.4,Normal
40:57.7,Подгорица,Tekirdağ,None,0,35.6,50,1305.4,8,0,0,0,0,-0.006,0.123,2.29,14.63,6.64,86.4,Normal
40:58.7,Подгорица,Tekirdağ,None,0,35.1,50,1288.7,8,0,0,0,-0.015,-0.047,0.131,2.29,14.63,6.64,86.4,Normal
40:59.7,Подгорица,Tekirdağ,None,0,34.7,50,1271.2,8,0,0,0,0.007,-0.016,0.123,2.29,14.63,6.64,86.4,Normal
41:00.7,Подгорица,Tekirdağ,None,0,34.2,50,1253.1,8,0,0,0,0.012,0.007,0.129,2.29,14.63,6.64,86.4,Normal
41:01.7,Подгорица,Tekirdağ,None,0,33.7,70,1235.9,8,0,0,-1,0.004,-0.014,0.143,2.29,14.63,6.64,86.4,Normal
41:02.7,Подгорица,Tekirdağ,None,0,32.7,40,1192.5,8,0,0.25,-1,0.085,0.019,0.612,2.29,14.63,6.64,86.4,Normal
41:03.7,Подгорица,Tekirdağ,None,0,26.6,40,954,8,0,0.79,-1,0.084,0.011,2.538,2.29,14.63,6.64,86.4,Normal
41:04.7,Подгорица,Tekirdağ,None,0,15.8,40,950,6,0,0.95,-1,-0.066,-0.032,3.4,2.29,14.63,6.64,86.4,Hard Braking
41:05.7,Подгорица,Tekirdağ,None,0,6.5,40,550,2,0.06,0,0,-0.038,-0.062,1.292,2.29,14.63,6.64,86.4,Normal
41:06.7,Подгорица,Tekirdağ,None,0,6.1,40,1008.7,2,0.29,0,-1,0.015,-0.009,-0.401,2.29,14.63,6.64,86.4,Normal
41:07.7,Подгорица,Tekirdağ,None,0,8.3,40,1364.4,2,0.3,0,-1,0.044,-0.001,-0.657,2.29,14.63,6.64,86.4,Normal
41:08.7,Подгорица,Tekirdağ,None,0,9.5,40,1301.4,2,0.31,0,-1,0.054,0.057,-0.06,2.29,14.63,6.64,86.4,Normal
41:09.7,Подгорица,Tekirdağ,None,0,9.7,40,965.2,4,0.49,0,-1,0.055,-0.001,-0.36,2.29,14.63,6.64,86.4,Normal
41:10.7,Подгорица,Tekirdağ,None,0,12.4,40,1240.8,4,0.51,0,-1,0.061,-0.014,-0.932,2.29,14.63,6.64,86.4,Normal
41:11.7,Подгорица,Tekirdağ,None,0,15.2,40,1427.5,4,0.49,0,-1,-0.02,-0.055,-0.489,2.29,14.63,6.64,86.4,Normal
41:12.7,Подгорица,Tekirdağ,None,0,15.4,40,943.4,6,0.56,0,-1,0.034,0.023,-0.011,2.29,14.63,6.64,86.4,Normal
41:13.7,Подгорица,Tekirdağ,None,0,16.8,40,1036.5,6,0.32,0,0,-0.048,-0.012,-0.486,2.29,14.63,6.64,86.4,Normal
41:14.7,Подгорица,Tekirdağ,None,0,18,40,1108.4,6,0.25,0,1,-0.19,0.013,-0.273,2.29,14.63,6.64,86.4,Normal
41:15.7,Подгорица,Tekirdağ,None,0,19,40,1159.8,6,0,0,1,-0.365,-0.036,-0.135,2.29,14.63,6.64,86.4,Normal
41:16.7,Подгорица,Tekirdağ,None,0,18.6,40,1130.1,6,0,0,1,-0.31,0.006,0.172,2.29,14.63,6.64,86.4,Normal
41:17.7,Подгорица,Tekirdağ,None,0,18.7,40,1153,6,0.52,0,1,-0.205,-0.059,-0.346,2.29,14.63,6.64,86.4,Normal
41:18.7,Подгорица,Tekirdağ,None,0,20.8,40,1285.6,6,0.51,0,0,0.209,0.003,-0.592,2.29,14.63,6.64,86.4,Normal
41:19.7,Подгорица,Tekirdağ,None,0,22.7,40,1403.8,6,0.58,0,1,0.027,-0.006,-0.595,2.29,14.63,6.64,86.4,Normal
41:20.7,Подгорица,Tekirdağ,None,0,23.6,40,1163.1,6,0.59,0,1,0.04,0.046,0.035,2.29,14.63,6.64,86.4,Normal
41:21.7,Подгорица,Tekirdağ,None,0,23.6,40,1128,7,0.46,0,0,0.098,-0.042,-0.237,2.29,14.63,6.64,86.4,Normal
41:22.7,Подгорица,Tekirdağ,None,0,23.6,40,1114.9,7,0,0,-1,0.413,0.02,0.185,2.29,14.63,6.64,86.4,Normal
41:23.7,Подгорица,Tekirdağ,None,0,23.1,40,1095,7,0.32,0,-1,0.288,-0.007,0.027,2.29,14.63,6.64,86.4,Normal
41:24.7,Подгорица,Tekirdağ,None,0,23.7,40,1128,7,0.28,0,-1,0.196,-0.004,-0.242,2.29,14.63,6.64,86.4,Normal
41:25.7,Подгорица,Tekirdağ,None,0,24.5,40,1166.3,7,0.33,0,-1,-0.078,-0.019,-0.234,2.29,14.63,6.64,86.4,Normal
41:26.7,Подгорица,Tekirdağ,None,0,25.4,40,1210,7,0.43,0,0,-0.149,-0.003,-0.3,2.29,14.63,6.64,86.4,Normal
41:27.7,Подгорица,Tekirdağ,None,0,26.9,40,1285.5,7,0.76,0,1,-0.162,-0.024,-0.542,2.29,14.63,6.64,86.4,Normal
41:28.7,Подгорица,Tekirdağ,None,0,29,70,1387.2,7,0.76,0,1,-0.041,-0.002,-0.658,2.29,14.63,6.64,86.3,Normal
41:29.7,Подгорица,Tekirdağ,None,0,31.4,70,1495.8,7,1,0,1,-0.026,-0.023,-0.711,2.29,14.63,6.64,86.3,Normal
41:30.7,Подгорица,Tekirdağ,None,0,31.9,70,1172.3,8,0.83,0,0,-0.002,0.031,0.024,2.29,14.63,6.64,86.3,Normal
41:31.7,Подгорица,Tekirdağ,None,0,32.9,70,1216.6,8,0.88,0,0,-0.002,-0.046,-0.517,2.29,14.63,6.64,86.3,Normal
41:32.7,Подгорица,Tekirdağ,None,0,34.9,70,1293,8,0.99,0,0,-0.005,-0.016,-0.626,2.29,14.63,6.64,86.3,Normal
41:33.7,Подгорица,Tekirdağ,None,0,37.2,70,1373.5,8,0.89,0,0,0.033,-0.022,-0.583,2.29,14.63,6.64,86.3,Normal
41:34.7,Подгорица,Tekirdağ,None,0,39.2,70,1448.7,8,0.95,0,-1,0.012,-0.004,-0.597,2.29,14.63,6.64,86.3,Normal
41:35.7,Подгорица,Tekirdağ,None,0,40.7,70,1321.7,8,1,0,-1,0.047,0.113,-0.143,2.29,14.63,6.64,86.3,Normal
41:36.7,Подгорица,Tekirdağ,None,0,40.8,70,1175,9,0.96,0,-1,0.008,-0.057,-0.168,2.29,14.63,6.64,86.3,Normal
41:37.7,Подгорица,Tekirdağ,None,0,42.3,70,1218.4,9,0.95,0,-1,0.042,0.012,-0.458,2.29,14.63,6.64,86.3,Normal
41:38.7,Подгорица,Tekirdağ,None,0,44,70,1268.4,9,1,0,1,-0.059,-0.027,-0.509,2.29,14.63,6.64,86.3,Normal
41:39.7,Подгорица,Tekirdağ,None,0,45.8,70,1318.9,9,0.96,0,-1,0.027,-0.009,-0.482,2.29,14.63,6.64,86.3,Normal
41:40.7,Подгорица,Tekirdağ,None,0,47.4,70,1366,9,0.91,0,-1,0.011,0.023,-0.494,2.29,14.63,6.64,86.3,Normal
41:41.7,Подгорица,Tekirdağ,None,0,49,70,1409.7,9,0.92,0,-1,0.011,-0.033,-0.44,2.29,14.63,6.64,86.3,Normal
41:42.7,Подгорица,Tekirdağ,None,0,50.5,70,1438.2,9,0.79,0,-1,0.007,-0.023,-0.358,2.29,14.63,6.64,86.3,Normal
41:43.7,Подгорица,Tekirdağ,None,0,50.7,70,1125.9,10,0.8,0,-1,0.021,0.048,0.021,2.29,14.63,6.64,86.3,Normal
41:44.7,Подгорица,Tekirdağ,None,0,51.4,70,1145.6,10,0.82,0,0,-0.03,-0.058,-0.309,2.29,14.64,6.64,86.3,Normal
41:45.7,Подгорица,Tekirdağ,None,0,52.5,70,1170.1,10,0.77,0,0,-0.033,-0.009,-0.321,2.29,14.64,6.64,86.3,Normal
41:46.7,Подгорица,Tekirdağ,None,0,53.7,70,1195.7,10,0.78,0,-1,0.006,-0.006,-0.32,2.29,14.64,6.64,86.3,Normal
41:47.7,Подгорица,Tekirdağ,None,0,54.8,70,1221.8,10,0.72,0,-1,0.032,0.026,-0.329,2.29,14.64,6.64,86.3,Normal
41:48.7,Подгорица,Tekirdağ,None,0,56,70,1248.1,10,1,0,-1,0.032,-0.007,-0.357,2.29,14.64,6.64,86.3,Normal
41:49.7,Подгорица,Tekirdağ,None,0,57.5,70,1281.1,10,1,0,0,-0.055,-0.033,-0.425,2.29,14.64,6.64,86.3,Normal
41:50.7,Подгорица,Tekirdağ,None,0,58.8,70,1310.2,10,0.76,0,-1,0.005,-0.019,-0.364,2.29,14.64,6.64,86.3,Normal
41:51.7,Подгорица,Tekirdağ,None,0,60.1,70,1338.8,10,0.79,0,-1,0.033,-0.004,-0.367,2.29,14.64,6.64,86.3,Normal
41:52.7,Подгорица,Tekirdağ,None,0,61.5,70,1369.3,10,0.8,0,-1,0.034,-0.011,-0.376,2.29,14.64,6.64,86.3,Normal
41:53.7,Подгорица,Tekirdağ,None,0,62.8,70,1398.9,10,0.83,0,-1,0.027,0.009,-0.379,2.29,14.64,6.64,86.3,Normal
41:54.7,Подгорица,Tekirdağ,None,0,64.2,70,1430.9,10,0.86,0,-1,-0.038,-0.018,-0.403,2.29,14.64,6.64,86.2,Normal
41:55.7,Подгорица,Tekirdağ,None,0,65.6,70,1458,10,0.85,0,-1,-0.022,0.021,-0.405,2.29,14.64,6.64,86.2,Normal
41:56.7,Подгорица,Tekirdağ,None,0,66.1,70,1183.6,11,0.87,0,1,-0.131,-0.063,-0.055,2.29,14.64,6.64,86.2,Normal
41:57.7,Подгорица,Tekirdağ,None,0,66.8,70,1201.7,11,0.88,0,0,-0.002,-0.057,-0.331,2.29,14.64,6.64,86.2,Normal
41:58.7,Подгорица,Tekirdağ,None,0,68,70,1222.9,11,0.93,0,0,0.024,-0.04,-0.365,2.29,14.64,6.64,86.2,Normal
41:59.7,Подгорица,Tekirdağ,None,0,69.3,70,1245.3,11,0.9,0,-1,0.084,0.029,-0.349,2.29,14.64,6.64,86.2,Normal
42:00.7,Подгорица,Tekirdağ,None,0,70.5,70,1267.5,11,0.86,0,-1,0.023,0.006,-0.354,2.29,14.65,6.64,86.1,Normal
42:01.7,Подгорица,Tekirdağ,None,0,71.7,70,1289.3,11,0.85,0,0,-0.057,0.019,-0.325,2.29,14.65,6.64,86.1,Normal
42:02.7,Подгорица,Tekirdağ,None,0,72.9,70,1309.8,11,0.83,0,0,-0.027,-0.017,-0.329,2.29,14.65,6.64,86.1,Normal
42:03.7,Подгорица,Tekirdağ,None,0,73.8,70,1321.6,11,0,0,-1,0.092,0.118,-0.125,2.29,14.65,6.64,86.1,Normal
42:04.7,Подгорица,Tekirdağ,None,0,74.3,70,1329.4,11,0,0,-1,-0.017,0.029,-0.153,2.29,14.65,6.64,86.1,Normal
42:05.7,Подгорица,Tekirdağ,None,0,74.8,70,1339,11,0,0,1,-0.051,-0.02,-0.168,2.29,14.65,6.64,86.1,Normal
42:06.7,Подгорица,Tekirdağ,None,0,75.2,70,1346.1,11,0,0,0,-0.014,-0.058,-0.043,2.3,14.65,6.64,86.1,Speeding
42:07.7,Подгорица,Tekirdağ,None,0,75.1,70,1344.2,11,0,0,1,0.003,-0.012,0.036,2.3,14.65,6.64,86.1,Speeding
42:08.7,Подгорица,Tekirdağ,None,0,74.9,70,1340.7,11,0,0,0,-0.002,-0.038,0.058,2.3,14.66,6.64,86.1,Normal
42:09.7,Подгорица,Tekirdağ,None,0,74.7,70,1336.8,11,0,0,-1,-0.013,0.013,0.076,2.3,14.66,6.64,86.1,Normal
42:10.7,Подгорица,Tekirdağ,None,0,74.5,70,1333.4,11,0,0,0,-0.02,-0.003,0.062,2.3,14.66,6.64,86.1,Normal
42:11.7,Подгорица,Tekirdağ,None,0,73.9,70,1321.6,11,0,0,0,-0.01,0.077,0.258,2.3,14.66,6.64,86.1,Normal
42:12.7,Подгорица,Tekirdağ,None,0,72.9,70,1303.4,11,0,0,1,-0.052,-0.148,0.349,2.3,14.66,6.64,86.1,Normal
42:13.7,Подгорица,Tekirdağ,None,0,71.2,70,1270.8,11,0,0,0,0.064,0.005,0.617,2.3,14.66,6.64,86.1,Normal
42:14.7,Подгорица,Tekirdağ,None,0,68.6,70,1223.8,11,0,0,1,-0.045,0.012,0.76,2.3,14.66,6.64,86.1,Normal
42:15.7,Подгорица,Tekirdağ,None,0,65.9,70,1175.3,11,0,0,0,0.069,-0.034,0.796,2.3,14.66,6.64,86.1,Normal
42:16.7,Подгорица,Tekirdağ,None,0,63,70,1123.5,11,0,0,1,-0.004,-0.022,0.829,2.3,14.67,6.64,86.1,Normal
42:17.7,Подгорица,Tekirdağ,None,0,60.4,70,1077.7,11,0,0,1,-0.015,-0.042,0.647,2.3,14.67,6.64,86.1,Normal
42:18.7,Подгорица,Tekirdağ,None,0,59,70,1055.2,11,0,0,1,-0.082,0.012,0.251,2.3,14.67,6.64,86.1,Normal
42:19.7,Подгорица,Tekirdağ,None,0,58.5,70,1046.3,11,0,0,1,-0.044,0.066,0.098,2.3,14.67,6.64,86.1,Normal
42:20.7,Подгорица,Tekirdağ,None,0,58.2,70,1040.5,11,0,0,1,-0.015,0.08,0.069,2.3,14.67,6.64,86.1,Normal
42:21.7,Подгорица,Tekirdağ,None,0,58.1,70,1042.8,11,0.47,0,-1,0.129,-0.046,-0.061,2.3,14.67,6.64,86.1,Normal
42:22.7,Подгорица,Tekirdağ,None,0,58.4,70,1048.1,11,0.42,0,-1,0.029,-0.003,-0.093,2.3,14.67,6.64,86.1,Normal
42:23.7,Подгорица,Tekirdağ,None,0,58.8,70,1055.5,11,0.68,0,-1,0.019,0.005,-0.121,2.3,14.68,6.64,86,Normal
42:24.7,Подгорица,Tekirdağ,None,0,59.3,70,1066.3,11,0.74,0,-1,0.067,-0.001,-0.181,2.3,14.68,6.64,86,Normal
42:25.7,Подгорица,Tekirdağ,None,0,59.7,70,1068.7,11,0,0,1,-0.09,0.034,0.007,2.3,14.68,6.64,86,Normal
42:26.7,Подгорица,Tekirdağ,None,0,59.1,70,1056.1,11,0,0,1,-0.022,0.025,0.232,2.3,14.68,6.64,86,Normal
42:27.7,Подгорица,Tekirdağ,None,0,58.2,70,1041.6,11,0,0,1,-0.094,0.032,0.257,2.3,14.68,6.64,86,Normal
42:28.7,Подгорица,Tekirdağ,None,0,57.4,70,1026.3,11,0,0,1,0.143,0.008,0.245,2.3,14.68,6.64,86,Normal
42:29.7,Подгорица,Tekirdağ,None,0,56.6,70,1011.9,11,0,0,1,0.074,-0.001,0.223,2.3,14.68,6.64,86,Normal
42:30.7,Подгорица,Tekirdağ,None,0,55.8,70,998.5,11,0,0,1,-0.088,0.001,0.201,2.3,14.68,6.64,86,Normal
42:31.7,Подгорица,Tekirdağ,None,0,55.1,70,986.1,11,0,0,1,0.115,0.06,0.186,2.3,14.68,6.64,86,Normal
42:32.7,Подгорица,Tekirdağ,None,0,54.6,70,977.4,11,0,0,0,0.075,0.013,0.14,2.3,14.68,6.64,86,Normal
42:33.7,Подгорица,Tekirdağ,None,0,52.7,70,1001.7,11,0,1,0,0.04,0.211,1.894,2.3,14.69,6.64,86,Hard Braking
42:34.7,Подгорица,Tekirdağ,None,0,42.2,70,880.3,1,0,1,1,-0.427,-0.044,3.196,2.3,14.69,6.64,86,Hard Braking | Harsh Cornering
42:35.7,Подгорица,Tekirdağ,None,0,32.3,70,550,1,0,0,1,-0.002,-0.032,1.743,2.3,14.69,6.64,86,Normal
42:36.7,Подгорица,Tekirdağ,None,0,30.6,70,550,1,0,0,1,0.031,-0.004,0.151,2.3,14.69,6.64,86,Normal
42:37.7,Подгорица,Tekirdağ,None,0,30.3,70,550,1,0,0,0,0.173,-0.002,0.092,2.3,14.69,6.64,86,Normal
42:38.7,Подгорица,Tekirdağ,None,0,30,70,550,1,0,0,-1,0.153,0.034,0.054,2.3,14.69,6.64,86,Normal
42:39.7,Подгорица,Tekirdağ,None,0,30.1,70,550,1,0,0,-1,0.404,0.009,-0.076,2.3,14.69,6.64,86,Harsh Cornering
42:40.7,Подгорица,Tekirdağ,None,0,30.7,40,550,1,0,0,-1,0.109,0.006,-0.239,2.3,14.69,6.64,86,Normal
42:41.7,Подгорица,Tekirdağ,None,0,31.7,40,550,1,0,0,-1,0.022,0.03,-0.307,2.3,14.69,6.64,86,Normal
42:42.7,Подгорица,Tekirdağ,None,0,32.5,40,550,1,0,0,-1,0.002,-0.133,-0.158,2.3,14.69,6.64,86,Normal
42:43.7,Подгорица,Tekirdağ,None,0,32.8,40,550,1,0,0,-1,0.038,0.021,-0.063,2.3,14.69,6.64,86,Normal
42:44.7,Подгорица,Tekirdağ,None,0,32.7,40,550,1,0,0,1,-0.449,0.023,0.096,2.3,14.69,6.64,86,Harsh Cornering
42:45.7,Подгорица,Tekirdağ,None,0,32.1,40,550,1,0,0.11,1,-0.114,0,0.32,2.3,14.69,6.64,86,Normal
42:46.7,Подгорица,Tekirdağ,None,0,30.4,40,550,1,0,0.47,0,0.082,0.026,0.528,2.3,14.69,6.64,86,Normal
42:47.7,Подгорица,Tekirdağ,None,0,23.8,40,550,1,0,1,0,0.044,-0.03,2.651,2.3,14.69,6.64,86,Hard Braking
42:48.7,Подгорица,Tekirdağ,None,0,17.7,40,550,1,0,0,1,-0.042,-0.04,0.51,2.3,14.69,6.64,86,Normal
42:49.7,Подгорица,Tekirdağ,None,0,17.5,40,1078.7,6,0.83,0,1,-0.027,0.008,-0.245,2.3,14.69,6.64,86,Normal
42:50.7,Подгорица,Tekirdağ,None,0,20.1,40,1249.1,6,0.86,0,1,-0.029,-0.016,-0.963,2.3,14.69,6.64,86,Normal
42:51.7,Подгорица,Tekirdağ,None,0,23.3,40,1433.9,6,0.3,0,0,0.033,0.011,-0.676,2.3,14.69,6.64,85.9,Normal
42:52.7,Подгорица,Tekirdağ,None,0,23.8,40,1124.9,7,0.3,0,0,0.026,0.024,0.029,2.3,14.7,6.64,85.9,Normal
42:53.7,Подгорица,Tekirdağ,None,0,23.8,40,1129.3,7,0.19,0,-1,0.02,-0.01,-0.074,2.3,14.7,6.64,85.9,Normal
42:54.7,Подгорица,Tekirdağ,None,0,24.5,40,1173,7,0.89,0,-1,0.054,-0.055,-0.479,2.3,14.7,6.64,85.9,Normal
42:55.7,Подгорица,Tekirdağ,None,0,26.8,40,1283,7,0.66,0,-1,0.115,-0.03,-0.689,2.3,14.7,6.64,85.9,Normal
42:56.7,Подгорица,Tekirdağ,None,0,28.9,40,1371.5,7,0,0,0,-0.08,-0.032,-0.477,2.3,14.7,6.64,85.9,Normal
42:57.7,Подгорица,Tekirdağ,None,0,28.8,40,1363.4,7,0,0,0,-0.06,0.032,0.131,2.3,14.7,6.64,85.9,Normal
42:58.7,Подгорица,Tekirdağ,None,0,28.3,40,1338.7,7,0,0,-1,0.053,-0.024,0.154,2.3,14.7,6.64,85.9,Normal
42:59.7,Подгорица,Tekirdağ,None,0,27.8,40,1312.8,7,0,0,-1,0.149,-0.008,0.153,2.3,14.7,6.64,85.9,Normal
43:00.7,Подгорица,Tekirdağ,None,0,27.3,40,1295,7,0.4,0,-1,0.125,-0.011,0.07,2.3,14.7,6.64,85.9,Normal
43:01.7,Подгорица,Tekirdağ,None,0,28.7,40,1373.3,7,0.65,0,-1,-0.028,-0.04,-0.616,2.3,14.7,6.64,85.8,Normal
43:02.7,Подгорица,Tekirdağ,None,0,30.1,40,1243.2,7,0.48,0,-1,-0.091,0.065,-0.093,2.3,14.7,6.64,85.8,Normal
43:03.7,Подгорица,Tekirdağ,None,0,30.2,90,1111.3,8,0.43,0,-1,0.005,-0.015,-0.083,2.3,14.7,6.64,85.8,Normal
43:04.7,Подгорица,Tekirdağ,None,0,30.9,90,1142.2,8,0.43,0,-1,-0.054,-0.001,-0.268,2.3,14.7,6.64,85.8,Normal
43:05.7,Подгорица,Tekirdağ,None,0,31.9,90,1174.8,8,0.4,0,-1,-0.125,0.007,-0.233,2.3,14.7,6.64,85.8,Normal
43:06.7,Подгорица,Tekirdağ,None,0,32.7,90,1205.7,8,0.46,0,-1,-0.058,-0.025,-0.271,2.3,14.71,6.64,85.8,Normal
43:07.7,Подгорица,Tekirdağ,None,0,33.7,90,1244.7,8,0.78,0,-1,-0.016,-0.009,-0.321,2.3,14.71,6.64,85.8,Normal
43:08.7,Подгорица,Tekirdağ,None,0,35.4,90,1312,8,0.99,0,-1,-0.035,-0.035,-0.595,2.3,14.71,6.64,85.7,Normal
43:09.7,Подгорица,Tekirdağ,None,0,37.6,90,1392.2,8,1,0,0,-0.067,0.01,-0.616,2.3,14.71,6.64,85.7,Normal
43:10.7,Подгорица,Tekirdağ,None,0,39.5,90,1381.5,8,0,0,0,-0.038,0.051,-0.305,2.3,14.71,6.64,85.7,Normal
43:11.7,Подгорица,Tekirdağ,None,0,38.4,90,1093.1,9,0,0.32,1,-0.022,0.036,0.857,2.3,14.71,6.64,85.7,Normal
43:12.7,Подгорица,Tekirdağ,None,0,36.5,90,1044.4,9,0,0,0,0.001,-0.036,0.2,2.3,14.71,6.64,85.7,Normal
43:13.7,Подгорица,Tekirdağ,None,0,36.1,90,1031.2,9,0,0,1,-0.097,-0.012,0.115,2.3,14.71,6.64,85.7,Normal
43:14.7,Подгорица,Tekirdağ,None,0,35.7,90,1027.2,9,0.75,0,1,0.037,-0.042,-0.026,2.3,14.71,6.64,85.7,Normal
43:15.7,Подгорица,Tekirdağ,None,0,36.7,90,1058.7,9,0.78,0,-1,0.234,0.021,-0.373,2.3,14.71,6.64,85.7,Normal
43:16.7,Подгорица,Tekirdağ,None,0,38.2,90,1099.4,9,0.76,0,-1,0.1,0.043,-0.405,2.3,14.71,6.64,85.6,Normal
43:17.7,Подгорица,Tekirdağ,None,0,39.6,90,1139.5,9,0.84,0,-1,0.012,-0.008,-0.414,2.3,14.71,6.64,85.6,Normal
43:18.7,Подгорица,Tekirdağ,None,0,41.1,90,1184,9,0.89,0,1,-0.131,0.008,-0.435,2.3,14.71,6.64,85.6,Normal
43:19.7,Подгорица,Tekirdağ,None,0,42.7,90,1230.4,9,1,0,0,0.01,0.011,-0.471,2.3,14.71,6.64,85.6,Normal
43:20.7,Подгорица,Tekirdağ,None,0,44.4,90,1279.1,9,1,0,1,-0.027,0.035,-0.494,2.3,14.71,6.64,85.5,Normal
43:21.7,Подгорица,Tekirdağ,None,0,46.1,90,1327.8,9,1,0,1,-0.05,-0.008,-0.484,2.3,14.72,6.64,85.5,Normal
43:22.7,Подгорица,Tekirdağ,None,0,47.8,90,1376.6,9,1,0,1,-0.032,-0.015,-0.485,2.3,14.72,6.64,85.5,Normal
43:23.7,Подгорица,Tekirdağ,None,0,49.5,90,1424.7,9,1,0,0,0.037,-0.003,-0.473,2.3,14.72,6.64,85.4,Normal
43:24.7,Подгорица,Tekirdağ,None,0,51.2,90,1472.4,9,1,0,-1,0.05,-0.027,-0.46,2.3,14.72,6.64,85.4,Normal
43:25.7,Подгорица,Tekirdağ,None,0,51.6,90,1143.7,10,1,0,1,-0.028,0.042,0.039,2.3,14.72,6.64,85.4,Normal
43:26.7,Подгорица,Tekirdağ,None,0,52.1,90,1161.3,10,1,0,1,-0.059,-0.064,-0.309,2.3,14.72,6.64,85.4,Normal
43:27.7,Подгорица,Tekirdağ,None,0,53.4,90,1189.9,10,1,0,0,0.03,-0.05,-0.359,2.3,14.72,6.64,85.3,Normal
43:28.7,Подгорица,Tekirdağ,None,0,54.6,90,1218.4,10,1,0,0,-0.01,0.055,-0.357,2.3,14.72,6.64,85.3,Normal
43:29.7,Подгорица,Tekirdağ,None,0,55.9,90,1245.9,10,1,0,0,0.006,0.054,-0.355,2.3,14.72,6.64,85.3,Normal
43:30.7,Подгорица,Tekirdağ,None,0,57.2,90,1275.4,10,1,0,0,-0.031,0.08,-0.362,2.3,14.72,6.64,85.3,Normal
43:31.7,Подгорица,Tekirdağ,None,0,58.5,90,1302.8,10,1,0,-1,-0.008,0.018,-0.36,2.3,14.72,6.64,85.2,Normal
43:32.7,Подгорица,Tekirdağ,None,0,59.7,90,1330.1,10,1,0,0,-0.039,-0.029,-0.356,2.3,14.73,6.64,85.2,Normal
43:33.7,Подгорица,Tekirdağ,None,0,61,90,1359,10,1,0,-1,0.048,0.015,-0.363,2.3,14.73,6.64,85.2,Normal
43:34.7,Подгорица,Tekirdağ,None,0,62.2,90,1386.6,10,1,0,-1,0.012,0.091,-0.365,2.3,14.73,6.64,85.1,Normal
43:35.7,Подгорица,Tekirdağ,None,0,63.5,90,1414.4,10,1,0,0,-0.02,0.017,-0.349,2.3,14.73,6.64,85.1,Normal
43:36.7,Подгорица,Tekirdağ,None,0,64.7,90,1441.3,10,1,0,1,-0.017,-0.063,-0.335,2.3,14.73,6.64,85.1,Normal
43:37.7,Подгорица,Tekirdağ,None,0,65.8,90,1434.4,10,1,0,-1,0.069,-0.054,-0.223,2.3,14.73,6.64,85,Normal
43:38.7,Подгорица,Tekirdağ,None,0,65.8,90,1179.7,11,1,0,-1,-0.041,0.038,0.054,2.3,14.74,6.64,85,Normal
43:39.7,Подгорица,Tekirdağ,None,0,66.4,90,1193.5,11,1,0,0,0.006,-0.026,-0.257,2.3,14.74,6.64,85,Normal
43:40.7,Подгорица,Tekirdağ,None,0,67.3,90,1210.8,11,1,0,-1,-0.006,0.057,-0.276,2.3,14.74,6.64,85,Normal
43:41.7,Подгорица,Tekirdağ,None,0,68.3,90,1227.9,11,1,0,-1,0.046,-0.062,-0.28,2.3,14.74,6.64,85,Normal
43:42.7,Подгорица,Tekirdağ,None,0,69.3,90,1245.3,11,1,0,-1,0.037,-0.076,-0.281,2.3,14.74,6.64,84.9,Normal
43:43.7,Подгорица,Tekirdağ,None,0,70.2,90,1261.7,11,1,0,0,-0.079,-0.065,-0.262,2.3,14.74,6.64,84.9,Normal
43:44.7,Подгорица,Tekirdağ,None,0,71.2,90,1279.1,11,1,0,0,-0.028,-0.106,-0.261,2.31,14.74,6.64,84.9,Normal
43:45.7,Подгорица,Tekirdağ,None,0,72.1,90,1296,11,1,0,-1,0.013,-0.039,-0.269,2.31,14.74,6.64,84.8,Normal
43:46.7,Подгорица,Tekirdağ,None,0,73.1,90,1313.3,11,1,0,-1,0.036,0.069,-0.269,2.31,14.74,6.64,84.8,Normal
43:47.7,Подгорица,Tekirdağ,None,0,74,90,1330.1,11,1,0,-1,-0.018,-0.057,-0.259,2.31,14.75,6.64,84.8,Normal
43:48.7,Подгорица,Tekirdağ,None,0,75,90,1347.8,11,1,0,-1,0.002,0.047,-0.27,2.31,14.75,6.64,84.7,Normal
43:49.7,Подгорица,Tekirdağ,None,0,75.9,90,1363.9,11,1,0,0,-0.026,0.026,-0.256,2.31,14.75,6.64,84.7,Normal
43:50.7,Подгорица,Tekirdağ,None,0,76.8,90,1380.6,11,1,0,0,-0.013,0.001,-0.264,2.31,14.75,6.64,84.7,Normal
43:51.7,Подгорица,Tekirdağ,None,0,77.7,90,1396.2,11,1,0,-1,0.06,-0.086,-0.253,2.31,14.75,6.64,84.6,Normal
43:52.8,Подгорица,Tekirdağ,None,0,78.7,90,1413.3,11,1,0,0,-0.004,-0.146,-0.247,2.31,14.75,6.64,84.6,Normal
43:53.7,Подгорица,Tekirdağ,None,0,79.5,90,1429,11,1,0,0,-0.001,0.034,-0.257,2.31,14.75,6.64,84.6,Normal
43:54.7,Подгорица,Tekirdağ,None,0,80.4,90,1444,11,1,0,-1,0.072,0.095,-0.247,2.31,14.76,6.64,84.5,Normal
43:55.7,Подгорица,Tekirdağ,None,0,80.9,90,1252.1,11,1,0,0,-0.084,-0.022,0.003,2.31,14.76,6.64,84.5,Normal
43:56.7,Подгорица,Tekirdağ,None,0,80.8,90,1125.2,12,1,0,0,-0.037,-0.094,-0.056,2.31,14.76,6.64,84.5,Normal
43:57.7,Подгорица,Tekirdağ,None,0,81.3,90,1132.9,12,1,0,0,-0.003,-0.037,-0.177,2.31,14.76,6.64,84.5,Normal
43:58.7,Подгорица,Tekirdağ,None,0,82,90,1141.7,12,1,0,0,-0.064,-0.115,-0.179,2.31,14.76,6.64,84.5,Normal
43:59.7,Подгорица,Tekirdağ,None,0,82.6,90,1150.4,12,1,0,-1,0.007,0.016,-0.192,2.31,14.77,6.64,84.4,Normal
44:00.7,Подгорица,Tekirdağ,None,0,83.2,90,1159.2,12,1,0,-1,0.057,0.043,-0.182,2.31,14.77,6.64,84.4,Normal
44:01.7,Подгорица,Tekirdağ,None,0,83.9,90,1168.3,12,1,0,-1,-0.03,-0.002,-0.187,2.31,14.77,6.64,84.4,Normal
44:02.7,Подгорица,Tekirdağ,None,0,84.5,90,1177.1,12,1,0,-1,0.046,0.045,-0.182,2.31,14.77,6.64,84.4,Normal
44:03.7,Подгорица,Tekirdağ,None,0,85.1,90,1185.7,12,1,0,-1,-0.015,-0.026,-0.178,2.31,14.77,6.64,84.3,Normal
44:04.7,Подгорица,Tekirdağ,None,0,85.8,90,1194.7,12,1,0,-1,-0.007,-0.042,-0.181,2.31,14.77,6.64,84.3,Normal
44:05.7,Подгорица,Tekirdağ,None,0,86.4,90,1203.6,12,1,0,-1,0.052,0.078,-0.18,2.31,14.77,6.64,84.3,Normal
44:06.7,Подгорица,Tekirdağ,None,0,87.1,90,1212.8,12,1,0,0,-0.063,0.042,-0.181,2.31,14.78,6.64,84.2,Normal
44:07.7,Подгорица,Tekirdağ,None,0,87.7,90,1221.3,12,1,0,0,0.018,-0.116,-0.181,2.31,14.78,6.64,84.2,Normal
44:08.7,Подгорица,Tekirdağ,None,0,88.3,90,1230.1,12,1,0,0,-0.014,-0.047,-0.189,2.31,14.78,6.64,84.2,Normal
44:09.7,Подгорица,Tekirdağ,None,0,89,90,1238.7,12,1,0,-1,0.022,-0.021,-0.184,2.31,14.78,6.64,84.2,Normal
44:10.7,Подгорица,Tekirdağ,None,0,89.6,90,1248,12,1,0,-1,0.01,0.045,-0.191,2.31,14.78,6.64,84.1,Normal
44:11.7,Подгорица,Tekirdağ,None,0,90.1,90,1249.9,12,0,0,0,-0.011,0.071,-0.004,2.31,14.78,6.64,84.1,Normal
44:12.8,Подгорица,Tekirdağ,None,0,89.9,90,1248.5,12,0,0,-1,0.068,-0.006,0.034,2.31,14.78,6.64,84.1,Normal
44:13.7,Подгорица,Tekirdağ,None,0,89.8,90,1248.4,12,0,0,0,-0.078,0.075,-0.005,2.31,14.79,6.64,84.1,Normal
44:14.7,Подгорица,Tekirdağ,None,0,89.9,90,1249.7,12,0,0,-1,0.099,0.268,-0.036,2.31,14.79,6.64,84.1,Normal
44:15.7,Подгорица,Tekirdağ,None,0,90,90,1250.3,12,0,0,0,-0.039,0.246,-0.025,2.31,14.79,6.64,84.1,Normal
44:16.8,Подгорица,Tekirdağ,None,0,90.1,90,1250.9,12,0,0,0,-0.025,-0.016,-0.013,2.31,14.79,6.64,84.1,Normal
44:17.7,Подгорица,Tekirdağ,None,0,90.1,90,1251.2,12,0,0,1,-0.017,0.054,-0.006,2.31,14.8,6.64,84,Normal
44:18.7,Подгорица,Tekirdağ,None,0,90.1,90,1251,12,0,0,1,-0.062,0.189,0.008,2.31,14.8,6.64,84,Normal
44:19.7,Подгорица,Tekirdağ,None,0,90.1,90,1250.9,12,0,0,0,0.015,0.064,-0.006,2.31,14.8,6.64,84,Normal
44:20.8,Подгорица,Tekirdağ,None,0,90.1,90,1250.7,12,0,0,1,-0.107,0.004,-0.001,2.31,14.8,6.64,84,Normal
44:21.7,Подгорица,Tekirdağ,None,0,90,90,1250.8,12,0,0,1,-0.01,-0.321,0.005,2.31,14.8,6.65,84,Normal
44:22.7,Подгорица,Tekirdağ,None,0,90,90,1250.7,12,0,0,1,-0.057,0.002,-0.022,2.31,14.8,6.65,84,Normal
44:23.8,Подгорица,Tekirdağ,None,0,90,90,1250.4,12,0,0,1,0.041,-0.152,0.013,2.31,14.81,6.65,84,Normal
44:24.7,Подгорица,Tekirdağ,None,0,90.1,90,1251,12,0,0,1,-0.025,-0.014,0.001,2.31,14.81,6.65,84,Normal
44:25.7,Подгорица,Tekirdağ,None,0,90,90,1250.7,12,0,0,-1,0.014,0.146,-0.003,2.31,14.81,6.65,83.9,Normal
44:26.7,Подгорица,Tekirdağ,None,0,90,90,1250.7,12,0,0,1,-0.024,-0.05,0.003,2.31,14.81,6.65,83.9,Normal
44:27.7,Подгорица,Tekirdağ,None,0,90,90,1250.9,12,0,0,1,-0.073,-0.051,0.012,2.31,14.82,6.65,83.9,Normal
44:28.7,Подгорица,Tekirdağ,None,0,90,90,1250.6,12,0,0,1,-0.096,0.082,0.008,2.31,14.82,6.65,83.9,Normal
44:29.7,Подгорица,Tekirdağ,None,0,90,90,1250.6,12,0,0,0,0.058,0.053,0.01,2.31,14.82,6.65,83.9,Normal
44:30.7,Подгорица,Tekirdağ,None,0,90,90,1250.8,12,0,0,-1,0.013,0.064,-0.007,2.31,14.82,6.65,83.9,Normal
44:31.8,Подгорица,Tekirdağ,None,0,90.1,90,1250.7,12,0,0,1,-0.016,0.157,0.016,2.31,14.82,6.65,83.9,Normal
44:32.7,Подгорица,Tekirdağ,None,0,90,90,1250.8,12,0,0,1,-0.006,0.018,-0.005,2.31,14.82,6.65,83.9,Normal
44:33.7,Подгорица,Tekirdağ,None,0,90,90,1250.7,12,0,0,1,0.066,0.06,0.007,2.31,14.82,6.65,83.8,Normal
44:34.7,Подгорица,Tekirdağ,None,0,90,90,1250.8,12,0,0,0,0.044,-0.024,-0.01,2.31,14.83,6.65,83.8,Normal
44:35.7,Подгорица,Tekirdağ,None,0,90.1,90,1251,12,0,0,0,-0.006,-0.096,-0.003,2.31,14.83,6.65,83.8,Normal
44:36.8,Подгорица,Tekirdağ,None,0,90.1,90,1250.7,12,0,0,1,-0.038,0.165,0.012,2.31,14.83,6.65,83.8,Normal
44:37.7,Подгорица,Tekirdağ,None,0,90.1,90,1251,12,0,0,0,0.042,-0.084,-0.014,2.31,14.83,6.65,83.8,Normal
44:38.7,Подгорица,Tekirdağ,None,0,90.1,90,1251,12,0,0,-1,0.002,-0.064,-0.007,2.32,14.83,6.65,83.8,Normal
44:39.8,Подгорица,Tekirdağ,None,0,90.1,90,1250.8,12,0,0,1,-0.039,0.163,-0.01,2.32,14.83,6.65,83.8,Normal
44:40.8,Подгорица,Tekirdağ,None,0,90,90,1250.6,12,0,0,0,0,0.055,-0.004,2.32,14.84,6.65,83.8,Normal
44:41.7,Подгорица,Tekirdağ,None,0,90,90,1250.7,12,0,0,0,0.025,-0.032,0.013,2.32,14.84,6.65,83.8,Normal
44:42.7,Подгорица,Tekirdağ,None,0,90.1,90,1250.8,12,0,0,-1,0.016,-0.009,0.006,2.32,14.84,6.65,83.7,Normal
44:43.8,Подгорица,Tekirdağ,None,0,90.1,90,1250.8,12,0,0,-1,0.024,-0.095,-0.004,2.32,14.84,6.65,83.7,Normal
44:44.7,Подгорица,Tekirdağ,None,0,90.1,90,1250.7,12,0,0,-1,0.024,0.074,0.002,2.32,14.84,6.65,83.7,Normal
44:45.8,Подгорица,Tekirdağ,None,0,90,90,1250.6,12,0,0,-1,0.048,-0.039,0.013,2.32,14.85,6.65,83.7,Normal
44:46.8,Подгорица,Tekirdağ,None,0,90,90,1250.7,12,0,0,-1,-0.009,0.058,-0.001,2.32,14.85,6.65,83.7,Normal
44:47.8,Подгорица,Tekirdağ,None,0,90,90,1250.6,12,0,0,-1,0.053,-0.032,0.001,2.32,14.85,6.65,83.7,Normal
44:48.8,Подгорица,Tekirdağ,None,0,90,90,1250.4,12,0,0,-1,0.064,0.023,0.003,2.32,14.85,6.65,83.7,Normal
44:49.7,Подгорица,Tekirdağ,None,0,90,90,1250.8,12,0,0,-1,-0.009,-0.082,0.009,2.32,14.85,6.65,83.7,Normal
44:50.8,Подгорица,Tekirdağ,None,0,90,90,1250.8,12,0,0,-1,-0.009,0.026,-0.007,2.32,14.85,6.65,83.6,Normal
44:51.7,Подгорица,Tekirdağ,None,0,90.1,90,1251,12,0,0,-1,0.009,-0.185,-0.011,2.32,14.86,6.65,83.6,Normal
44:52.7,Подгорица,Tekirdağ,None,0,90.1,90,1250.8,12,0,0,1,-0.054,0.005,0.025,2.32,14.86,6.65,83.6,Normal
44:53.7,Подгорица,Tekirdağ,None,0,90.1,90,1251.1,12,0,0,0,-0.042,-0.361,-0.007,2.32,14.86,6.65,83.6,Normal
44:54.7,Подгорица,Tekirdağ,None,0,90,90,1250.7,12,0,0,1,-0.048,0.049,0.003,2.32,14.86,6.65,83.6,Normal
44:55.7,Подгорица,Tekirdağ,None,0,90.1,90,1250.9,12,0,0,0,-0.007,-0.038,-0.011,2.32,14.86,6.65,83.6,Normal
44:56.7,Подгорица,Tekirdağ,None,0,90,90,1250.8,12,0,0,0,-0.005,0.031,-0.003,2.32,14.86,6.65,83.6,Normal
44:57.8,Подгорица,Tekirdağ,None,0,90.1,90,1250.9,12,0,0,0,-0.01,0.109,0,2.32,14.86,6.65,83.6,Normal
44:58.8,Подгорица,Tekirdağ,None,0,90,90,1250.8,12,0,0,1,-0.032,0.094,-0.009,2.32,14.87,6.65,83.5,Normal
44:59.8,Подгорица,Tekirdağ,None,0,90,90,1250.7,12,0,0,0,-0.017,-0.054,0,2.32,14.87,6.65,83.5,Normal
45:00.8,Подгорица,Tekirdağ,None,0,90.1,90,1250.7,12,0,0,0,-0.018,0.114,0.014,2.32,14.87,6.65,83.5,Normal
45:01.7,Подгорица,Tekirdağ,None,0,90,90,1250.8,12,0,0,0,0.035,0.054,-0.003,2.32,14.87,6.65,83.5,Normal
45:02.8,Подгорица,Tekirdağ,None,0,90,90,1250.7,12,0,0,0,-0.002,0.107,0.003,2.32,14.88,6.65,83.5,Normal
45:03.8,Подгорица,Tekirdağ,None,0,90.1,90,1250.8,12,0,0,0,-0.037,-0.018,-0.001,2.32,14.88,6.65,83.5,Normal
45:04.8,Подгорица,Tekirdağ,None,0,90,90,1250.7,12,0,0,0,-0.016,0.04,0.004,2.32,14.88,6.65,83.5,Normal
45:05.8,Подгорица,Tekirdağ,None,0,90,90,1250.7,12,0,0,0,-0.033,-0.006,0.004,2.32,14.88,6.65,83.5,Normal
45:06.8,Подгорица,Tekirdağ,None,0,90,90,1250.9,12,0,0,-1,0.057,0.015,-0.005,2.32,14.88,6.65,83.4,Normal
45:07.8,Подгорица,Tekirdağ,None,0,90,90,1250.5,12,0,0,1,-0.106,0.025,0.017,2.32,14.88,6.65,83.4,Normal
45:08.8,Подгорица,Tekirdağ,None,0,90,90,1250.8,12,0,0,1,0.033,0.02,0.005,2.32,14.89,6.65,83.4,Normal
45:09.8,Подгорица,Tekirdağ,None,0,90,90,1250.2,12,0,0,1,0.014,-0.004,0.014,2.32,14.89,6.65,83.4,Normal
45:10.8,Подгорица,Tekirdağ,None,0,90,90,1250.5,12,0,0,1,0.018,-0.197,0.006,2.32,14.89,6.65,83.4,Normal
45:11.8,Подгорица,Tekirdağ,None,0,90,90,1250.8,12,0,0,1,0.016,0.068,-0.004,2.32,14.89,6.65,83.4,Normal
45:12.8,Подгорица,Tekirdağ,None,0,90.1,90,1251.2,12,0,0,0,0.047,0.092,-0.01,2.32,14.89,6.65,83.4,Normal
45:13.8,Подгорица,Tekirdağ,None,0,90.1,90,1251.1,12,0,0,-1,0.076,0.026,0.006,2.32,14.89,6.65,83.4,Normal
45:14.8,Подгорица,Tekirdağ,None,0,90.1,90,1251.3,12,0,0,0,0.008,-0.091,-0.005,2.32,14.89,6.65,83.3,Normal
45:15.8,Подгорица,Tekirdağ,None,0,90.1,90,1250.9,12,0,0,0,-0.024,0.037,0.01,2.32,14.9,6.65,83.3,Normal
45:16.8,Подгорица,Tekirdağ,None,0,90.1,90,1250.8,12,0,0,0,-0.005,-0.02,0.002,2.32,14.9,6.65,83.3,Normal
45:17.8,Подгорица,Tekirdağ,None,0,90,90,1250.6,12,0,0,0,0.047,-0.194,0.015,2.32,14.9,6.65,83.3,Normal
45:18.8,Подгорица,Tekirdağ,None,0,90,90,1250.9,12,0,0,0,-0.006,-0.168,-0.005,2.32,14.9,6.65,83.3,Normal
45:19.8,Подгорица,Tekirdağ,None,0,90,90,1250.8,12,0,0,-1,0.03,-0.069,-0.012,2.32,14.91,6.65,83.3,Normal
45:20.8,Подгорица,Tekirdağ,None,0,90,90,1250.6,12,0,0,0,-0.05,-0.051,0.019,2.32,14.91,6.65,83.3,Normal
45:21.8,Подгорица,Tekirdağ,None,0,90,90,1250.7,12,0,0,1,-0.047,-0.107,-0.002,2.32,14.91,6.65,83.3,Normal
45:22.8,Подгорица,Tekirdağ,None,0,90,90,1250.7,12,0,0,1,-0.018,0.083,0.01,2.32,14.91,6.65,83.2,Normal
45:23.8,Подгорица,Tekirdağ,None,0,90,90,1250.9,12,0,0,1,0,-0.09,-0.008,2.32,14.91,6.65,83.2,Normal
45:24.8,Подгорица,Tekirdağ,None,0,90.1,90,1250.9,12,0,0,0,-0.001,0.001,-0.007,2.32,14.91,6.65,83.2,Normal
45:25.8,Подгорица,Tekirdağ,None,0,90.1,90,1250.8,12,0,0,0,0.002,-0.003,-0.006,2.32,14.92,6.65,83.2,Normal
45:26.8,Подгорица,Tekirdağ,None,0,90,90,1250.7,12,0,0,0,0.045,-0.042,0,2.32,14.92,6.65,83.2,Normal
45:27.8,Подгорица,Tekirdağ,None,0,90,90,1250.6,12,0,0,0,0.026,-0.225,0.022,2.33,14.92,6.65,83.2,Normal
45:28.8,Подгорица,Tekirdağ,None,0,90,90,1250.6,12,0,0,0,-0.042,0.036,-0.001,2.33,14.92,6.65,83.2,Normal
45:29.8,Подгорица,Tekirdağ,None,0,90,90,1250.6,12,0,0,0,-0.007,-0.122,0.004,2.33,14.92,6.65,83.2,Normal
45:30.8,Подгорица,Tekirdağ,None,0,90,90,1250.7,12,0,0,0,0.016,-0.181,0.003,2.33,14.92,6.65,83.2,Normal
45:31.8,Подгорица,Tekirdağ,None,0,90,90,1250.8,12,0,0,0,-0.001,-0.131,-0.003,2.33,14.92,6.65,83.1,Normal
45:32.8,Подгорица,Tekirdağ,None,0,90,90,1250.4,12,0,0,0,-0.006,0.146,0.018,2.33,14.93,6.65,83.1,Normal
45:33.8,Подгорица,Tekirdağ,None,0,90.1,90,1250.8,12,0,0,1,-0.074,0.013,0.002,2.33,14.93,6.65,83.1,Normal
45:34.8,Подгорица,Tekirdağ,None,0,90,90,1250.4,12,0,0,1,-0.022,-0.009,0.001,2.33,14.93,6.65,83.1,Normal
45:35.8,Подгорица,Tekirdağ,None,0,89.8,90,1245.7,12,0,0,1,-0.017,-0.052,0.093,2.33,14.93,6.65,83.1,Normal
45:36.8,Подгорица,Tekirdağ,None,0,89.5,90,1240.4,12,0,0,0,0.003,0.004,0.114,2.33,14.94,6.65,83.1,Normal
45:37.8,Подгорица,Tekirdağ,None,0,89.1,90,1235.3,12,0,0,1,-0.024,-0.014,0.104,2.33,14.94,6.65,83.1,Normal
45:38.8,Подгорица,Tekirdağ,None,0,88.7,90,1230,12,0,0,-1,0.037,-0.038,0.122,2.33,14.94,6.65,83.1,Normal
45:39.8,Подгорица,Tekirdağ,None,0,88.3,90,1224.5,12,0,0,-1,0.011,-0.015,0.115,2.33,14.94,6.65,83.1,Normal
45:40.8,Подгорица,Tekirdağ,None,0,87.9,90,1219.2,12,0,0,0,-0.031,0.063,0.108,2.33,14.94,6.65,83.1,Normal
45:41.8,Подгорица,Tekirdağ,None,0,87.5,90,1213.3,12,0,0,1,-0.042,0.063,0.127,2.33,14.94,6.65,83.1,Normal
45:42.8,Подгорица,Tekirdağ,None,0,87.1,90,1207.2,12,0,0,-1,0.036,0.044,0.144,2.33,14.94,6.65,83.1,Normal
45:43.8,Подгорица,Tekirdağ,None,0,86.7,90,1201.7,12,0,0,1,-0.026,-0.045,0.108,2.33,14.95,6.65,83.1,Normal
45:44.8,Подгорица,Tekirdağ,None,0,86.2,90,1195.5,12,0,0,-1,0.062,-0.006,0.123,2.33,14.95,6.65,83.1,Normal
45:45.8,Подгорица,Tekirdağ,None,0,85.8,90,1189.6,12,0,0,-1,0.045,0.127,0.121,2.33,14.95,6.65,83.1,Normal
45:46.8,Подгорица,Tekirdağ,None,0,85.4,90,1183.9,12,0,0,-1,0.035,0.021,0.12,2.33,14.95,6.65,83.1,Normal
45:47.8,Подгорица,Tekirdağ,None,0,85,90,1178.5,12,0,0,-1,0.035,0.006,0.091,2.33,14.95,6.65,83.1,Normal
45:48.8,Подгорица,Tekirdağ,None,0,84.6,90,1172.6,12,0,0,1,-0.063,0.048,0.115,2.33,14.95,6.65,83.1,Normal
45:49.8,Подгорица,Tekirdağ,None,0,84.2,90,1167.1,12,0,0,0,-0.009,-0.052,0.104,2.33,14.96,6.65,83.1,Normal
45:50.8,Подгорица,Tekirdağ,None,0,83.8,90,1161.4,12,0,0,0,0.002,0.086,0.129,2.33,14.96,6.65,83.1,Normal
45:51.8,Подгорица,Tekirdağ,None,0,83.4,90,1155.9,12,0,0,0,0,0.082,0.117,2.33,14.96,6.65,83.1,Normal
45:52.8,Подгорица,Tekirdağ,None,0,83,90,1150.2,12,0,0,0,0.004,0.025,0.119,2.33,14.96,6.65,83.1,Normal
45:53.8,Подгорица,Tekirdağ,None,0,82.6,90,1144.8,12,0,0,-1,-0.012,-0.211,0.102,2.33,14.96,6.65,83.1,Normal
45:54.8,Подгорица,Tekirdağ,None,0,82.2,90,1139.1,12,0,0,-1,0.048,0.01,0.13,2.33,14.97,6.65,83.1,Normal
45:55.8,Подгорица,Tekirdağ,None,0,81.8,90,1133.6,12,0,0,-1,-0.021,-0.075,0.116,2.33,14.97,6.65,83.1,Normal
45:56.8,Подгорица,Tekirdağ,None,0,81.4,90,1128.1,12,0,0,-1,-0.003,-0.037,0.107,2.33,14.97,6.65,83.1,Normal
45:57.8,Подгорица,Tekirdağ,None,0,81,90,1122.5,12,0,0,-1,-0.036,0.016,0.116,2.33,14.97,6.65,83.1,Normal
45:58.8,Подгорица,Tekirdağ,None,0,80.6,90,1117,12,0,0,-1,0.021,0.062,0.096,2.33,14.97,6.65,83.1,Normal
45:59.8,Подгорица,Tekirdağ,None,0,80.2,90,1112.6,12,0,0,0,-0.053,0.061,0.085,2.33,14.97,6.65,83.1,Normal
46:00.8,Подгорица,Tekirdağ,None,0,79.9,90,1109.2,12,0,0,-1,0.012,-0.078,0.073,2.33,14.97,6.65,83.1,Normal
46:01.8,Подгорица,Tekirdağ,None,0,79.6,90,1108,12,0,0,-1,-0.017,-0.064,0.057,2.33,14.98,6.65,83.1,Normal
46:02.8,Подгорица,Tekirdağ,None,0,79.4,90,1106,12,0,0,0,-0.03,0.057,0.049,2.33,14.98,6.65,83.1,Normal
46:03.8,Подгорица,Tekirdağ,None,0,79,90,1095,12,0,0,0,-0.015,0.114,0.266,2.33,14.98,6.65,83,Normal
46:04.8,Подгорица,Tekirdağ,None,0,77.9,80,1079.8,12,0,0,1,-0.024,-0.048,0.32,2.33,14.98,6.65,83,Normal
46:05.8,Подгорица,Tekirdağ,None,0,76.6,80,1061.7,12,0,0,0,0.012,0.102,0.374,2.33,14.98,6.65,83,Normal
46:06.8,Подгорица,Tekirdağ,None,0,75.2,80,1041.6,12,0,0,0,0.015,0.101,0.441,2.33,14.98,6.65,83,Normal
46:07.8,Подгорица,Tekirdağ,None,0,73.3,80,1015.3,12,0,0,-1,0.024,0.059,0.583,2.33,14.98,6.65,83,Normal
46:08.8,Подгорица,Tekirdağ,None,0,71.1,80,984.4,12,0,0,0,-0.018,-0.149,0.608,2.33,14.98,6.65,83,Normal
46:09.8,Подгорица,Tekirdağ,None,0,68.9,80,1229.8,11,0,0,1,-0.168,0.011,0.651,2.33,14.99,6.65,83,Normal
46:10.8,Подгорица,Tekirdağ,None,0,66.5,80,1187.5,11,0,0,1,-0.104,0.018,0.654,2.33,14.99,6.65,83,Normal
46:11.8,Подгорица,Tekirdağ,None,0,64.5,80,1151.4,11,0,0,1,0.024,0.011,0.598,2.33,14.99,6.65,83,Normal
46:12.8,Подгорица,Tekirdağ,None,0,62.8,80,1123.5,11,0.87,0,1,-0.093,-0.044,0.373,2.33,14.99,6.65,83,Normal
46:13.8,Подгорица,Tekirdağ,None,0,62.1,80,1113,11,0.46,0,1,0,0.006,0.149,2.33,14.99,6.65,83,Normal
46:14.8,Подгорица,Tekirdağ,None,0,61.6,80,1104.3,11,0.47,0,0,0.144,-0.026,0.146,2.33,14.99,6.65,83,Normal
46:15.8,Подгорица,Tekirdağ,None,0,61.2,80,1098.7,11,0.64,0,1,-0.084,-0.015,0.066,2.33,15,6.65,83,Normal
46:16.8,Подгорица,Tekirdağ,None,0,61,80,1095,11,0.6,0,1,0.015,0.047,0.042,2.33,15,6.65,83,Normal
46:17.8,Подгорица,Tekirdağ,None,0,60.9,80,1094.1,11,0.6,0,1,-0.02,0.118,-0.022,2.33,15,6.65,83,Normal
46:18.8,Подгорица,Tekirdağ,None,0,61.1,80,1097.7,11,0.73,0,1,0.013,0.029,-0.077,2.33,15,6.65,82.9,Normal
46:19.8,Подгорица,Tekirdağ,None,0,61.5,80,1104.2,11,0.73,0,1,-0.016,-0.002,-0.118,2.33,15,6.65,82.9,Normal
46:20.8,Подгорица,Tekirdağ,None,0,62,80,1113,11,0.65,0,1,0.031,0.065,-0.151,2.33,15,6.65,82.9,Normal
46:21.8,Подгорица,Tekirdağ,None,0,62.6,80,1124.4,11,0.63,0,1,-0.004,-0.028,-0.209,2.33,15,6.66,82.9,Normal
46:22.8,Подгорица,Tekirdağ,None,0,63,80,1262.8,11,1,0,-1,0.053,0.015,-0.009,2.33,15,6.66,82.9,Normal
46:23.8,Подгорица,Tekirdağ,None,0,62.9,80,1400.3,10,1,0,0,0.01,-0.02,-0.087,2.33,15,6.66,82.9,Normal
46:24.8,Подгорица,Tekirdağ,None,0,63.9,80,1424.2,10,1,0,1,-0.014,0.006,-0.336,2.33,15.01,6.66,82.8,Normal
46:25.8,Подгорица,Tekirdağ,None,0,65.2,80,1451.5,10,1,0,1,-0.012,-0.03,-0.354,2.33,15.01,6.66,82.8,Normal
46:26.8,Подгорица,Tekirdağ,None,0,66,80,1288.1,10,1,0,0,0.022,0.081,-0.066,2.33,15.01,6.66,82.8,Normal
46:27.8,Подгорица,Tekirdağ,None,0,66.2,80,1190,11,1,0,1,-0.019,-0.119,-0.19,2.34,15.01,6.66,82.8,Normal
46:28.8,Подгорица,Tekirdağ,None,0,67.5,80,1214.9,11,1,0,0,0.041,0.026,-0.444,2.34,15.01,6.66,82.7,Normal
46:29.8,Подгорица,Tekirdağ,None,0,69.3,80,1245.7,11,1,0,0,0.01,-0.067,-0.478,2.34,15.01,6.66,82.7,Normal
46:30.8,Подгорица,Tekirdağ,None,0,71,80,1276.3,11,1,0,1,-0.049,0.033,-0.475,2.34,15.01,6.66,82.7,Normal
46:31.8,Подгорица,Tekirdağ,None,0,72.6,80,1305.7,11,1,0,1,-0.113,-0.018,-0.443,2.34,15.01,6.66,82.6,Normal
46:32.8,Подгорица,Tekirdağ,None,0,74,80,1329.4,11,1,0,0,0.067,0.022,-0.332,2.34,15.01,6.66,82.6,Normal
46:33.8,Подгорица,Tekirdağ,None,0,74.9,80,1346.6,11,1,0,-1,0.054,-0.046,-0.267,2.34,15.02,6.66,82.6,Normal
46:34.8,Подгорица,Tekirdağ,None,0,75.8,80,1362.6,11,1,0,0,-0.047,0.089,-0.259,2.34,15.02,6.66,82.5,Normal
46:35.8,Подгорица,Tekirdağ,None,0,76.8,90,1380,11,1,0,1,0.039,-0.008,-0.273,2.34,15.02,6.66,82.5,Normal
46:36.8,Подгорица,Tekirdağ,None,0,77.7,90,1395.5,11,1,0,0,0.032,0.081,-0.265,2.34,15.02,6.66,82.5,Normal
46:37.8,Подгорица,Tekirdağ,None,0,78.6,90,1411.5,11,1,0,1,-0.012,0.012,-0.259,2.34,15.02,6.66,82.4,Normal
46:38.8,Подгорица,Tekirdağ,None,0,79.3,90,1303.7,11,0.21,0,0,0.019,0.251,-0.055,2.34,15.03,6.66,82.4,Normal
46:39.8,Подгорица,Tekirdağ,None,0,79.1,90,1100,12,0.61,0,-1,0.048,-0.031,0.023,2.34,15.03,6.66,82.4,Normal
46:40.8,Подгорица,Tekirdağ,None,0,79.4,90,1106.2,12,0.87,0,0,-0.016,-0.168,-0.145,2.34,15.03,6.66,82.4,Normal
46:41.8,Подгорица,Tekirdağ,None,0,80,90,1113.8,12,0.85,0,0,-0.008,-0.025,-0.153,2.34,15.03,6.66,82.4,Normal
46:42.8,Подгорица,Tekirdağ,None,0,80.6,90,1121.8,12,0.88,0,0,0.034,-0.099,-0.16,2.34,15.03,6.66,82.4,Normal
46:43.8,Подгорица,Tekirdağ,None,0,81.1,90,1130.1,12,0.89,0,0,-0.012,-0.089,-0.168,2.34,15.03,6.66,82.3,Normal
46:44.8,Подгорица,Tekirdağ,None,0,81.7,90,1137.9,12,0.87,0,-1,-0.056,-0.051,-0.15,2.34,15.03,6.66,82.3,Normal
46:45.8,Подгорица,Tekirdağ,None,0,82.3,90,1142.3,12,0.16,0,-1,0.005,-0.021,-0.093,2.34,15.04,6.66,82.3,Normal
46:46.8,Подгорица,Tekirdağ,None,0,82.6,90,1150.7,12,1,0,1,-0.009,-0.08,-0.171,2.34,15.04,6.66,82.3,Normal
46:47.8,Подгорица,Tekirdağ,None,0,83.2,90,1159.1,12,1,0,0,0.018,-0.055,-0.177,2.34,15.04,6.66,82.2,Normal
46:48.8,Подгорица,Tekirdağ,None,0,83.9,90,1168.2,12,1,0,0,-0.028,-0.015,-0.174,2.34,15.04,6.66,82.2,Normal
46:49.8,Подгорица,Tekirdağ,None,0,84.5,90,1177.3,12,1,0,-1,0.009,-0.029,-0.179,2.34,15.04,6.66,82.2,Normal
46:50.8,Подгорица,Tekirdağ,None,0,84.8,90,1176.1,12,0,0,0,-0.015,0.036,0.058,2.34,15.04,6.66,82.2,Normal
46:51.8,Подгорица,Tekirdağ,None,0,84.5,90,1174.1,12,0,0,0,0.043,-0.022,0.05,2.34,15.04,6.66,82.2,Normal
46:52.8,Подгорица,Tekirdağ,None,0,84.5,90,1174.3,12,0,0,0,0.004,0.054,-0.004,2.34,15.05,6.66,82.2,Normal
46:53.8,Подгорица,Tekirdağ,None,0,84.6,90,1175.9,12,0,0,1,0.039,-0.02,-0.024,2.34,15.05,6.66,82.1,Normal
46:54.8,Подгорица,Tekirdağ,None,0,84.7,90,1177.1,12,0,0,0,-0.033,0.088,-0.036,2.34,15.05,6.66,82.1,Normal
46:55.8,Подгорица,Tekirdağ,None,0,84.8,90,1177.7,12,0,0,-1,0.044,-0.076,-0.019,2.34,15.05,6.66,82.1,Normal
46:56.8,Подгорица,Tekirdağ,None,0,84.8,90,1178,12,0,0,0,-0.011,-0.067,-0.011,2.34,15.05,6.66,82.1,Normal
46:57.8,Подгорица,Tekirdağ,None,0,84.8,90,1177.6,12,0,0,0,0.007,0.094,0.003,2.34,15.06,6.66,82.1,Normal
46:58.8,Подгорица,Tekirdağ,None,0,84.8,90,1177.6,12,0,0,-1,0.02,0.066,0,2.34,15.06,6.66,82.1,Normal
46:59.8,Подгорица,Tekirdağ,None,0,84.8,90,1177.5,12,0,0,0,0.007,0.009,0.004,2.34,15.06,6.66,82.1,Normal
47:00.8,Подгорица,Tekirdağ,None,0,84.8,90,1177.7,12,0,0,0,-0.012,-0.068,0.003,2.34,15.06,6.66,82.1,Normal
47:01.8,Подгорица,Tekirdağ,None,0,84.8,90,1177.4,12,0,0,0,-0.02,0.008,0.001,2.34,15.06,6.66,82,Normal
47:02.8,Подгорица,Tekirdağ,None,0,84.8,90,1177.6,12,0,0,-1,0.072,-0.084,0.005,2.34,15.06,6.66,82,Normal
47:03.8,Подгорица,Tekirdağ,None,0,84.8,90,1177.4,12,0,0,0,-0.02,0.076,0.007,2.34,15.06,6.66,82,Normal
47:04.8,Подгорица,Tekirdağ,None,0,84.8,90,1177.6,12,0,0,-1,0.001,-0.022,0.003,2.34,15.07,6.66,82,Normal
47:05.8,Подгорица,Tekirdağ,None,0,84.8,90,1177.5,12,0,0,0,-0.025,0.005,-0.022,2.34,15.07,6.66,82,Normal
47:06.8,Подгорица,Tekirdağ,None,0,84.8,90,1177.6,12,0,0,0,0,-0.061,-0.006,2.34,15.07,6.66,82,Normal
47:07.8,Подгорица,Tekirdağ,None,0,84.8,90,1177.5,12,0,0,0,-0.017,0.216,0.026,2.34,15.07,6.66,82,Normal
47:08.8,Подгорица,Tekirdağ,None,0,84.8,90,1177.3,12,0,0,-1,0.034,0.003,0.019,2.34,15.08,6.66,82,Normal
47:09.8,Подгорица,Tekirdağ,None,0,84.8,90,1177.8,12,0,0,0,-0.023,0.035,0,2.34,15.08,6.66,82,Normal
47:10.8,Подгорица,Tekirdağ,None,0,84.8,90,1177.7,12,0,0,-1,-0.018,0.043,0.002,2.34,15.08,6.66,81.9,Normal
47:11.8,Подгорица,Tekirdağ,None,0,84.8,90,1177.8,12,0,0,0,-0.016,-0.136,0.005,2.34,15.08,6.66,81.9,Normal
47:12.8,Подгорица,Tekirdağ,None,0,84.8,90,1178.1,12,0,0,-1,-0.003,0.012,-0.016,2.34,15.08,6.66,81.9,Normal
47:13.8,Подгорица,Tekirdağ,None,0,84.8,90,1177.9,12,0,0,-1,0.029,-0.047,-0.01,2.34,15.08,6.66,81.9,Normal
47:14.8,Подгорица,Tekirdağ,None,0,84.9,90,1177.8,12,0,0,0,-0.017,-0.042,0.008,2.34,15.08,6.66,81.9,Normal
47:15.8,Подгорица,Tekirdağ,None,0,84.9,90,1177.6,12,0,0,0,-0.01,0.078,-0.006,2.34,15.09,6.66,81.9,Normal
47:16.8,Подгорица,Tekirdağ,None,0,84.8,90,1176.9,12,0,0,-1,0.018,0.198,0.011,2.34,15.09,6.66,81.9,Normal
47:17.8,Подгорица,Tekirdağ,None,0,84.8,90,1176.5,12,0,0,-1,-0.01,0.155,0.019,2.34,15.09,6.66,81.9,Normal
47:18.8,Подгорица,Tekirdağ,None,0,84.8,90,1176.7,12,0,0,-1,0.02,-0.108,0,2.34,15.09,6.66,81.9,Normal
47:19.8,Подгорица,Tekirdağ,None,0,84.8,90,1176.9,12,0,0,0,-0.024,0.071,-0.01,2.34,15.09,6.66,81.9,Normal
47:20.8,Подгорица,Tekirdağ,None,0,84.9,90,1177.2,12,0,0,1,-0.049,-0.059,-0.005,2.34,15.09,6.66,81.9,Normal
47:21.8,Подгорица,Tekirdağ,None,0,84.9,90,1177.1,12,0,0,0,0.011,-0.036,-0.003,2.34,15.09,6.66,81.9,Normal
47:22.8,Подгорица,Tekirdağ,None,0,84.9,90,1177.1,12,0,0,0,-0.005,0.065,-0.009,2.35,15.1,6.66,81.9,Normal
47:23.8,Подгорица,Tekirdağ,None,0,84.9,90,1178,12,0,0,0,-0.013,0.003,-0.027,2.35,15.1,6.66,81.9,Normal
47:24.8,Подгорица,Tekirdağ,None,0,85,90,1179,12,0,0,0,0.059,-0.144,-0.03,2.35,15.1,6.66,81.9,Normal
47:25.8,Подгорица,Tekirdağ,None,0,85.1,90,1180.9,12,0,0,0,-0.037,0,-0.044,2.35,15.1,6.66,81.9,Normal
47:26.8,Подгорица,Tekirdağ,None,0,85.3,90,1182.8,12,0,0,0,-0.019,0.097,-0.035,2.35,15.11,6.66,81.9,Normal
47:27.8,Подгорица,Tekirdağ,None,0,85.4,90,1185.5,12,0,0,0,-0.003,-0.099,-0.066,2.35,15.11,6.66,81.9,Normal
47:28.8,Подгорица,Tekirdağ,None,0,85.6,90,1187.5,12,0,0,-1,0.097,-0.086,-0.043,2.35,15.11,6.66,81.9,Normal
47:29.8,Подгорица,Tekirdağ,None,0,85.8,90,1190,12,0,0,0,-0.067,-0.007,-0.042,2.35,15.11,6.66,81.9,Normal
47:30.8,Подгорица,Tekirdağ,None,0,86,90,1192.3,12,0,0,0,-0.014,0.039,-0.044,2.35,15.11,6.66,81.9,Normal
47:31.8,Подгорица,Tekirdağ,None,0,86.1,90,1194.4,12,0,0,-1,0.025,0.075,-0.051,2.35,15.11,6.66,81.9,Normal
47:32.8,Подгорица,Tekirdağ,None,0,86.2,90,1196.1,12,0,0,-1,0.014,-0.031,-0.038,2.35,15.11,6.66,81.9,Normal
47:33.8,Подгорица,Tekirdağ,None,0,86.3,90,1197,12,0,0,0,-0.03,-0.007,-0.028,2.35,15.12,6.66,81.9,Normal
47:34.8,Подгорица,Tekirdağ,None,0,86.3,90,1197.6,12,0,0,0,-0.053,0.042,0,2.35,15.12,6.66,81.9,Normal
47:35.8,Подгорица,Tekirdağ,None,0,86.3,90,1197,12,0,0,-1,-0.002,0.063,0.034,2.35,15.12,6.66,81.9,Normal
47:36.8,Подгорица,Tekirdağ,None,0,86.2,90,1195.7,12,0,0,0,-0.005,0.042,0.04,2.35,15.12,6.66,81.9,Normal
47:37.8,Подгорица,Tekirdağ,None,0,86.1,90,1193.8,12,0,0,0,-0.041,-0.107,0.049,2.35,15.12,6.66,81.9,Normal
47:38.8,Подгорица,Tekirdağ,None,0,85.9,90,1190.8,12,0,0,0,-0.212,-0.031,0.07,2.35,15.12,6.66,81.9,Normal
47:39.8,Подгорица,Tekirdağ,None,0,85.6,90,1187.2,12,0,0,0,0.411,-0.247,0.083,2.35,15.12,6.66,81.9,Harsh Cornering
47:40.8,Подгорица,Tekirdağ,None,0,85.3,90,1183.2,12,0,0,0,-0.202,-0.096,0.081,2.35,15.13,6.66,81.9,Normal
47:41.8,Подгорица,Tekirdağ,None,0,85,90,1179.7,12,0,0,1,-0.037,0.068,0.07,2.35,15.13,6.66,81.9,Normal
47:42.8,Подгорица,Tekirdağ,None,0,84.8,90,1177.5,12,0,0,0,0.023,-0.048,0.051,2.35,15.13,6.66,81.9,Normal
47:43.8,Подгорица,Tekirdağ,None,0,84.7,90,1176.8,12,0,0,0,-0.003,-0.176,0.011,2.35,15.13,6.66,81.9,Normal
47:44.8,Подгорица,Tekirdağ,None,0,84.7,90,1176.5,12,0,0,0,0.005,0.174,0.005,2.35,15.14,6.66,81.9,Normal
47:45.8,Подгорица,Tekirdağ,None,0,84.7,90,1176.9,12,0,0,-1,0.061,-0.062,-0.004,2.35,15.14,6.66,81.9,Normal
47:46.8,Подгорица,Tekirdağ,None,0,84.7,90,1177,12,0,0,-1,-0.006,0.041,0,2.35,15.14,6.66,81.8,Normal
47:47.8,Подгорица,Tekirdağ,None,0,84.7,90,1177.2,12,0,0,0,-0.011,0.061,0,2.35,15.14,6.66,81.8,Normal
47:48.8,Подгорица,Tekirdağ,None,0,84.7,90,1177.3,12,0,0,0,-0.015,-0.016,0.004,2.35,15.14,6.66,81.8,Normal
47:49.8,Подгорица,Tekirdağ,None,0,84.7,90,1177.4,12,0,0,-1,0.067,0.034,0.006,2.35,15.14,6.66,81.8,Normal
47:50.8,Подгорица,Tekirdağ,None,0,84.7,90,1177.4,12,0,0,-1,0.009,-0.061,0.004,2.35,15.14,6.66,81.8,Normal
47:51.8,Подгорица,Tekirdağ,None,0,84.7,90,1177.3,12,0,0,-1,-0.013,-0.059,-0.022,2.35,15.14,6.66,81.8,Normal
47:52.8,Подгорица,Tekirdağ,None,0,84.7,90,1177.9,12,0,0,1,-0.05,-0.015,-0.01,2.35,15.14,6.66,81.8,Normal
47:53.8,Подгорица,Tekirdağ,None,0,84.8,90,1178.4,12,0,0,0,-0.019,-0.002,-0.023,2.35,15.14,6.66,81.8,Normal
47:54.8,Подгорица,Tekirdağ,None,0,84.8,90,1178.6,12,0,0,1,0.005,-0.012,-0.007,2.35,15.14,6.66,81.8,Normal
47:55.8,Подгорица,Tekirdağ,None,0,84.8,90,1178.5,12,0,0,0,0.008,0.004,-0.009,2.35,15.14,6.66,81.8,Normal
47:56.8,Подгорица,Tekirdağ,None,0,84.9,90,1178.9,12,0,0,0,-0.011,-0.079,-0.016,2.35,15.14,6.66,81.8,Normal
47:57.8,Подгорица,Tekirdağ,None,0,84.8,90,1178.2,12,0,0,0,-0.009,0.149,0.019,2.35,15.14,6.66,81.8,Normal
47:58.8,Подгорица,Tekirdağ,None,0,84.8,90,1178,12,0,0,-1,0.015,-0.064,-0.004,2.35,15.14,6.66,81.8,Normal
47:59.8,Подгорица,Tekirdağ,None,0,84.8,90,1177.5,12,0,0,0,-0.003,-0.026,0.01,2.35,15.14,6.66,81.8,Normal
48:00.8,Подгорица,Tekirdağ,None,0,84.8,90,1177.5,12,0,0,0,-0.011,0.071,0.01,2.35,15.14,6.66,81.8,Normal
48:01.8,Подгорица,Tekirdağ,None,0,84.8,90,1177.5,12,0,0,0,0.022,-0.03,-0.008,2.35,15.14,6.66,81.8,Normal
48:02.8,Подгорица,Tekirdağ,None,0,84.8,90,1177.4,12,0,0,1,-0.07,-0.083,0.003,2.35,15.14,6.66,81.8,Normal
48:03.8,Подгорица,Tekirdağ,None,0,84.8,90,1177.4,12,0,0,1,0.014,-0.065,0.007,2.35,15.14,6.66,81.8,Normal
48:04.8,Подгорица,Tekirdağ,None,0,84.8,90,1177.6,12,0,0,1,-0.06,-0.08,-0.012,2.35,15.14,6.66,81.8,Normal
48:05.8,Подгорица,Tekirdağ,None,0,84.8,90,1177.8,12,0,0,0,0.008,0.025,-0.01,2.35,15.14,6.66,81.8,Normal
56:22.0,Подгорица,Tekirdağ,None,0,84.8,90,1177.7,12,0,0,1,-0.052,-0.066,0.003,2.35,15.15,6.66,81.8,Normal
56:23.0,Подгорица,Tekirdağ,None,0,84.8,90,1177.8,12,0,0,1,-0.003,-0.026,-0.022,2.35,15.15,6.66,81.8,Normal
56:24.0,Подгорица,Tekirdağ,None,0,84.7,90,1177.5,12,0,0,-1,0.24,-0.039,0,2.35,15.15,6.66,81.8,Normal
56:25.0,Подгорица,Tekirdağ,None,0,84.8,90,1177.9,12,0,0,1,0.038,0.008,-0.012,2.35,15.15,6.66,81.8,Normal
56:26.0,Подгорица,Tekirdağ,None,0,84.8,90,1177.7,12,0,0,1,-0.016,-0.009,0.02,2.35,15.15,6.66,81.8,Normal
56:27.0,Подгорица,Tekirdağ,None,0,84.8,90,1177.7,12,0,0,0,0.069,-0.115,0.006,2.35,15.15,6.66,81.7,Normal
56:28.0,Подгорица,Tekirdağ,None,0,84.8,90,1177.7,12,0,0,1,0.006,-0.033,-0.004,2.35,15.15,6.66,81.7,Normal
56:29.0,Подгорица,Tekirdağ,None,0,84.8,90,1177.6,12,0,0,1,-0.001,-0.044,0.002,2.35,15.15,6.66,81.7,Normal
56:30.0,Подгорица,Tekirdağ,None,0,84.8,90,1177.4,12,0,0,0,0.065,-0.041,0.005,2.35,15.16,6.66,81.7,Normal
56:31.0,Подгорица,Tekirdağ,None,0,84.8,90,1177.3,12,0,0,1,0.045,-0.293,0.006,2.35,15.16,6.66,81.7,Normal
56:32.0,Подгорица,Tekirdağ,None,0,84.8,90,1177.5,12,0,0,1,-0.106,-0.052,0.007,2.35,15.16,6.66,81.7,Normal
56:33.0,Подгорица,Tekirdağ,None,0,84.8,90,1177.7,12,0,0,1,0.011,0.015,0.008,2.35,15.16,6.66,81.7,Normal
56:34.0,Подгорица,Tekirdağ,None,0,84.8,90,1177.6,12,0,0,1,-0.013,0.034,0.009,2.35,15.16,6.66,81.7,Normal
56:35.0,Подгорица,Tekirdağ,None,0,84.8,90,1177.6,12,0,0,0,0.024,-0.018,-0.001,2.35,15.17,6.66,81.6,Normal
56:36.0,Подгорица,Tekirdağ,None,0,84.8,90,1177.8,12,0,0,1,-0.024,0.048,-0.008,2.35,15.17,6.66,81.6,Normal
56:37.0,Подгорица,Tekirdağ,None,0,84.8,90,1177.3,12,0,0,0,0.014,0.032,0.004,2.35,15.17,6.66,81.6,Normal
56:38.0,Подгорица,Tekirdağ,None,0,84.8,90,1175.8,12,0,0,0,0.003,-0.145,0.021,2.35,15.17,6.66,81.6,Normal
56:39.0,Подгорица,Tekirdağ,None,0,84.4,90,1170.5,12,0,0,-1,0.056,0.012,0.096,2.35,15.17,6.66,81.6,Normal
56:40.0,Подгорица,Tekirdağ,None,0,84,90,1164.7,12,0,0,-1,0.016,-0.012,0.096,2.35,15.17,6.66,81.6,Normal
56:41.0,Подгорица,Tekirdağ,None,0,83.6,90,1158.9,12,0,0,-1,0.011,-0.025,0.115,2.35,15.18,6.66,81.6,Normal
56:42.0,Подгорица,Tekirdağ,None,0,83.2,90,1153.1,12,0,0,-1,0.008,0.035,0.12,2.35,15.18,6.66,81.6,Normal
56:43.0,Подгорица,Tekirdağ,None,0,82.7,90,1147.4,12,0,0,-1,-0.012,-0.029,0.102,2.35,15.18,6.66,81.6,Normal
56:44.0,Подгорица,Tekirdağ,None,0,82.3,90,1141.9,12,0,0,-1,0.026,-0.008,0.117,2.35,15.18,6.66,81.6,Normal
56:45.0,Подгорица,Tekirdağ,None,0,81.9,90,1136.3,12,0,0,1,-0.046,0.008,0.098,2.35,15.18,6.66,81.6,Normal
56:46.0,Подгорица,Tekirdağ,None,0,81.5,90,1130.5,12,0,0,-1,-0.004,0.04,0.122,2.35,15.18,6.66,81.6,Normal
56:47.0,Подгорица,Tekirdağ,None,0,81.1,90,1125,12,0,0,-1,0.035,-0.077,0.112,2.35,15.18,6.66,81.6,Normal
56:48.0,Подгорица,Tekirdağ,None,0,80.7,90,1119.4,12,0,0,-1,0.006,0.077,0.103,2.36,15.19,6.66,81.6,Normal
56:49.0,Подгорица,Tekirdağ,None,0,80.3,90,1113.6,12,0,0,1,-0.055,0.102,0.111,2.36,15.19,6.66,81.6,Normal
56:50.0,Подгорица,Tekirdağ,None,0,79.9,90,1108.7,12,0,0,0,-0.013,0.068,0.106,2.36,15.19,6.66,81.6,Normal
56:51.0,Подгорица,Tekirdağ,None,0,79.7,90,1107.9,12,0,0,-1,0.021,-0.051,0.007,2.36,15.19,6.66,81.6,Normal
56:52.0,Подгорица,Tekirdağ,None,0,79.8,90,1109.1,12,0,0,0,0.008,-0.05,-0.023,2.36,15.19,6.66,81.6,Normal
56:53.0,Подгорица,Tekirdağ,None,0,79.9,90,1110.9,12,0,0,-1,0.023,-0.071,-0.036,2.36,15.2,6.66,81.6,Normal
56:54.0,Подгорица,Tekirdağ,None,0,80,90,1109.1,12,0,0,-1,0,0.16,0.049,2.36,15.2,6.66,81.6,Normal
56:55.0,Подгорица,Tekirdağ,None,0,79.6,90,1104.2,12,0,0,-1,-0.013,0.011,0.119,2.36,15.2,6.66,81.6,Normal
56:56.0,Подгорица,Tekirdağ,None,0,79.3,90,1099,12,0,0,-1,-0.028,-0.068,0.104,2.36,15.2,6.66,81.6,Normal
56:57.0,Подгорица,Tekirdağ,None,0,78.9,90,1093.6,12,0,0,-1,-0.014,0,0.108,2.36,15.2,6.66,81.6,Normal
56:58.0,Подгорица,Tekirdağ,None,0,78.5,90,1088.2,12,0,0,-1,0,0.015,0.101,2.36,15.2,6.67,81.6,Normal
56:59.0,Подгорица,Tekirdağ,None,0,78,90,1081.1,12,0,0,-1,0.007,0.007,0.187,2.36,15.2,6.67,81.6,Normal
57:00.0,Подгорица,Tekirdağ,None,0,77.1,90,1067.7,12,0,0,0,-0.024,-0.128,0.29,2.36,15.21,6.67,81.6,Normal
57:01.0,Подгорица,Tekirdağ,None,0,76,90,1053.4,12,0,0,-1,0.007,-0.079,0.283,2.36,15.21,6.67,81.6,Normal
57:02.0,Подгорица,Tekirdağ,None,0,75.1,90,1040.3,12,0,0,0,-0.03,-0.05,0.267,2.36,15.21,6.67,81.6,Normal
57:03.0,Подгорица,Tekirdağ,None,0,74.1,90,1027,12,0,0,-1,-0.01,0.045,0.28,2.36,15.21,6.67,81.6,Normal
57:04.0,Подгорица,Tekirdağ,None,0,73.1,80,1013.3,12,0,0,0,-0.016,0.05,0.294,2.36,15.21,6.67,81.6,Normal
57:05.0,Подгорица,Tekirdağ,None,0,71.8,80,993.4,12,0,0.12,-1,0.001,0.134,0.578,2.36,15.21,6.67,81.6,Normal
57:06.0,Подгорица,Tekirdağ,None,0,69.4,80,1230.4,12,0,0.37,-1,-0.032,-0.032,0.835,2.36,15.21,6.67,81.6,Normal
57:07.0,Подгорица,Tekirdağ,None,0,63.9,80,1135.6,11,0,0.41,-1,0.003,-0.041,1.805,2.36,15.21,6.67,81.6,Normal
57:08.0,Подгорица,Tekirdağ,None,0,58.3,60,1038.3,11,0,0.37,0,-0.015,-0.048,1.506,2.36,15.21,6.67,81.6,Normal
57:09.0,Подгорица,Tekirdağ,None,0,53.6,60,957.3,11,0,0.39,-1,0.006,-0.012,1.134,2.36,15.22,6.67,81.6,Normal
57:10.0,Подгорица,Tekirdağ,None,0,49.5,60,1093.7,10,0,0.16,0,-0.021,-0.073,0.864,2.36,15.22,6.67,81.6,Normal
57:11.0,Подгорица,Tekirdağ,None,0,45.9,60,1011.9,10,0,0.23,-1,-0.025,0.051,1.297,2.36,15.22,6.67,81.6,Normal
57:12.0,Подгорица,Tekirdağ,None,0,43.7,40,968,10,0,0,-1,0.112,-0.02,0.286,2.36,15.22,6.67,81.6,Normal
57:13.0,Подгорица,Tekirdağ,None,0,43,40,951.1,10,0,0,-1,0.038,0.001,0.207,2.36,15.22,6.67,81.6,Normal
57:14.0,Подгорица,Tekirdağ,None,0,42.4,40,1167.5,10,0,0,-1,0.022,-0.015,0.099,2.36,15.22,6.67,81.6,Normal
57:15.0,Подгорица,Tekirdağ,None,0,42.1,40,1202.8,9,0,0,1,-0.11,-0.007,0.11,2.36,15.22,6.67,81.6,Normal
57:16.0,Подгорица,Tekirdağ,None,0,41.6,40,1191,9,0,0,1,0.058,-0.004,0.115,2.36,15.22,6.67,81.6,Normal
57:17.0,Подгорица,Tekirdağ,None,0,41.2,40,1178.8,9,0,0,1,-0.024,-0.007,0.118,2.36,15.23,6.67,81.6,Normal
57:18.0,Подгорица,Tekirdağ,None,0,39.7,40,1134.8,9,0,0,1,-0.136,0.005,0.415,2.36,15.23,6.67,81.6,Normal
57:19.0,Подгорица,Tekirdağ,None,0,39,40,1116.4,9,0,0,1,0.001,-0.012,0.134,2.36,15.23,6.67,81.6,Normal
57:20.0,Подгорица,Tekirdağ,None,0,38.6,40,1104,9,0,0,1,-0.024,-0.005,0.121,2.36,15.23,6.67,81.6,Normal
57:21.0,Подгорица,Tekirdağ,None,0,38.2,40,1091.5,9,0,0,-1,0.155,-0.001,0.127,2.36,15.23,6.67,81.6,Normal
57:22.0,Подгорица,Tekirdağ,None,0,37.7,40,1078.7,9,0,0,-1,0.306,-0.02,0.131,2.36,15.23,6.67,81.6,Normal
57:23.0,Подгорица,Tekirdağ,None,0,37.4,40,1072.7,9,0.62,0,-1,-0.073,0.016,0.018,2.36,15.23,6.67,81.6,Normal
57:24.0,Подгорица,Tekirdağ,None,0,38.2,40,1098.4,9,0.72,0,0,-0.086,-0.005,-0.329,2.36,15.23,6.67,81.5,Normal
57:25.0,Подгорица,Tekirdağ,None,0,39.5,40,1139.1,9,0.84,0,0,-0.054,0.001,-0.418,2.36,15.23,6.67,81.5,Normal
57:26.0,Подгорица,Tekirdağ,None,0,41,40,1178.7,9,0.62,0,-1,-0.002,0,-0.35,2.36,15.23,6.67,81.5,Normal
57:27.0,Подгорица,Tekirdağ,None,0,41.6,40,1194,9,0.62,0,0,-0.041,0.053,-0.156,2.36,15.23,6.67,81.5,Normal
57:28.0,Подгорица,Tekirdağ,None,0,41.7,90,1193.3,9,0,0,0,-0.022,0.066,0.158,2.36,15.23,6.67,81.5,Normal
57:29.0,Подгорица,Tekirdağ,None,0,40.9,90,1169.4,9,0.21,0,-1,-0.022,0.054,0.276,2.36,15.23,6.67,81.5,Normal
57:30.0,Подгорица,Tekirdağ,None,0,40.7,90,1170,9,0.68,0,-1,0.01,-0.018,-0.098,2.36,15.23,6.67,81.5,Normal
57:31.0,Подгорица,Tekirdağ,None,0,41.2,90,1184.1,9,0.84,0,-1,0.001,0.04,-0.157,2.36,15.23,6.67,81.4,Normal
57:32.0,Подгорица,Tekirdağ,None,0,41.8,90,1202.8,9,0.91,0,-1,-0.005,0.022,-0.189,2.36,15.24,6.67,81.4,Normal
57:33.0,Подгорица,Tekirdağ,None,0,42.6,90,1225,9,1,0,0,-0.005,0.004,-0.212,2.36,15.24,6.67,81.4,Normal
57:34.0,Подгорица,Tekirdağ,None,0,43.3,90,1244.8,9,1,0,0,-0.023,-0.017,-0.188,2.36,15.24,6.67,81.3,Normal
57:35.0,Подгорица,Tekirdağ,None,0,43.9,90,1262.7,9,1,0,0,-0.012,0.025,-0.169,2.36,15.24,6.67,81.3,Normal
57:36.0,Подгорица,Tekirdağ,None,0,44.5,90,1279.1,9,1,0,1,-0.018,-0.016,-0.163,2.36,15.24,6.67,81.3,Normal
57:37.0,Подгорица,Tekirdağ,None,0,45,90,1294.5,9,1,0,0,0.008,-0.012,-0.151,2.36,15.24,6.67,81.3,Normal
57:38.0,Подгорица,Tekirdağ,None,0,45.6,90,1310.8,9,1,0,0,0.004,-0.032,-0.161,2.36,15.24,6.67,81.2,Normal
57:39.0,Подгорица,Tekirdağ,None,0,46.1,90,1327.4,9,1,0,0,0.002,0.004,-0.171,2.36,15.24,6.67,81.2,Normal
57:40.0,Подгорица,Tekirdağ,None,0,46.8,90,1345,9,1,0,-1,-0.003,-0.005,-0.187,2.36,15.24,6.67,81.2,Normal
57:41.0,Подгорица,Tekirdağ,None,0,47.4,90,1364.9,9,1,0,-1,0.001,0.017,-0.199,2.36,15.24,6.67,81.1,Normal
57:42.0,Подгорица,Tekirdağ,None,0,48.1,90,1384.3,9,1,0,-1,0.003,-0.057,-0.208,2.36,15.24,6.67,81.1,Normal
57:43.0,Подгорица,Tekirdağ,None,0,48.9,90,1406.3,9,1,0,-1,-0.002,0.023,-0.234,2.36,15.24,6.67,81.1,Normal
57:44.0,Подгорица,Tekirdağ,None,0,49.8,90,1431.6,9,1,0,-1,0.007,-0.015,-0.245,2.36,15.24,6.67,81,Normal
57:45.0,Подгорица,Tekirdağ,None,0,50.7,90,1456.8,9,1,0,-1,-0.002,-0.026,-0.271,2.36,15.25,6.67,81,Normal
57:46.0,Подгорица,Tekirdağ,None,0,51.4,90,1396.4,9,1,0,-1,-0.009,0.067,-0.036,2.36,15.25,6.67,81,Normal
57:47.0,Подгорица,Tekirdağ,None,0,50.9,0,1131.5,10,1,0,-1,0.002,0.064,0.137,2.36,15.25,6.67,81,Normal
57:48.0,Подгорица,Tekirdağ,None,0,51.3,90,1142.7,10,1,0,-1,-0.013,-0.054,-0.227,2.36,15.25,6.67,81,Normal
57:49.0,Подгорица,Tekirdağ,None,0,51.4,90,1115.1,10,1,0,0,-0.018,0.005,0.076,2.36,15.25,6.67,80.9,Normal
57:50.0,Подгорица,Tekirdağ,None,0,51,90,1462.2,9,0.96,0,0,0,0.013,0.105,2.36,15.25,6.67,80.9,Normal
57:51.0,Подгорица,Tekirdağ,None,0,51.5,90,1314.9,9,0.98,0,1,-0.011,0.074,-0.033,2.36,15.25,6.67,80.9,Normal
57:52.0,Подгорица,Tekirdağ,None,0,51.4,90,1140.6,10,0,0,1,-0.038,0.013,-0.069,2.36,15.26,6.67,80.9,Normal
57:53.0,Подгорица,Tekirdağ,None,0,51.2,90,1134.4,10,0,0,1,-0.003,0.038,0.103,2.36,15.26,6.67,80.9,Normal
57:54.0,Подгорица,Tekirdağ,None,0,50.8,90,1126.5,10,0.13,0,1,-0.009,-0.018,0.116,2.36,15.26,6.67,80.9,Normal
57:55.0,Подгорица,Tekirdağ,None,0,51,90,1136.3,10,0.71,0,1,-0.004,0.009,-0.197,2.36,15.26,6.67,80.9,Normal
57:56.0,Подгорица,Tekirdağ,None,0,51.9,90,1156.3,10,0.75,0,0,0.021,-0.007,-0.271,2.36,15.26,6.67,80.9,Normal
57:57.0,Подгорица,Tekirdağ,None,0,53,90,1180.7,10,0.84,0,0,0.007,-0.011,-0.316,2.36,15.26,6.67,80.9,Normal
57:58.0,Подгорица,Tekirdağ,None,0,53.9,90,1194.6,10,0,0,-1,0.022,0.063,-0.086,2.36,15.26,6.67,80.8,Normal
57:59.0,Подгорица,Tekirdağ,None,0,53.7,90,1193.5,10,0.81,0,-1,-0.002,0.005,0.048,2.36,15.26,6.67,80.8,Normal
58:00.0,Подгорица,Tekirdağ,None,0,53.7,90,1194.1,10,0.62,0,-1,-0.025,-0.097,-0.051,2.36,15.26,6.67,80.8,Normal
58:01.0,Подгорица,Tekirdağ,None,0,54.3,90,1205.3,10,0.24,0,-1,0.047,-0.04,-0.143,2.36,15.26,6.67,80.8,Normal
58:02.0,Подгорица,Tekirdağ,None,0,54.1,90,1199.3,10,0,0,-1,0.076,-0.016,0.126,2.36,15.26,6.67,80.8,Normal
58:03.0,Подгорица,Tekirdağ,None,0,53.6,90,1187.3,10,0,0,-1,-0.006,0.019,0.169,2.36,15.27,6.67,80.8,Normal
58:04.0,Подгорица,Tekirdağ,None,0,53,90,1174.4,10,0,0,0,-0.078,0.005,0.177,2.36,15.27,6.67,80.8,Normal
58:05.0,Подгорица,Tekirdağ,None,0,52.5,90,1166.2,10,0.27,0,0,-0.032,-0.037,0.058,2.36,15.27,6.67,80.8,Normal
58:06.0,Подгорица,Tekirdağ,None,0,52.5,90,1166.3,10,0.31,0,-1,0.012,-0.076,-0.01,2.36,15.27,6.67,80.8,Normal
58:07.0,Подгорица,Tekirdağ,None,0,52.7,90,1170.7,10,0.36,0,-1,0.015,0.002,-0.077,2.36,15.27,6.67,80.8,Normal
58:08.0,Подгорица,Tekirdağ,None,0,53,90,1177.8,10,0.39,0,-1,-0.011,-0.003,-0.095,2.36,15.27,6.67,80.8,Normal
58:09.0,Подгорица,Tekirdağ,None,0,53.4,90,1186.2,10,0.28,0,1,-0.036,0,-0.108,2.36,15.27,6.67,80.8,Normal
58:10.0,Подгорица,Tekirdağ,None,0,53.6,90,1188.5,10,0.11,0,-1,0.101,0.029,-0.007,2.36,15.27,6.67,80.8,Normal
58:11.0,Подгорица,Tekirdağ,None,0,53.4,90,1183.2,10,0,0,0,-0.01,0.012,0.088,2.36,15.27,6.67,80.8,Normal
58:12.0,Подгорица,Tekirdağ,None,0,53,90,1174.8,10,0,0,0,0.002,0.027,0.112,2.36,15.27,6.67,80.8,Normal
58:13.0,Подгорица,Tekirdağ,None,0,52.6,90,1166.5,10,0,0,0,-0.004,0.017,0.108,2.36,15.27,6.67,80.8,Normal
58:14.0,Подгорица,Tekirdağ,None,0,52.2,90,1158.1,10,0,0,0,0.003,-0.031,0.111,2.37,15.28,6.67,80.8,Normal
58:15.0,Подгорица,Tekirdağ,None,0,51.9,90,1149.9,10,0,0,0,0.001,0,0.112,2.37,15.28,6.67,80.8,Normal
58:16.0,Подгорица,Tekirdağ,None,0,51.5,90,1140.8,10,0,0,0,-0.001,0,0.111,2.37,15.28,6.67,80.8,Normal
58:17.0,Подгорица,Tekirdağ,None,0,51.1,90,1132.5,10,0,0,1,-0.014,0.023,0.115,2.37,15.28,6.67,80.8,Normal
58:18.0,Подгорица,Tekirdağ,None,0,50.7,90,1124.1,10,0,0,1,-0.012,0.008,0.105,2.37,15.28,6.67,80.8,Normal
58:19.0,Подгорица,Tekirdağ,None,0,50.3,90,1115.5,10,0,0,-1,0.025,-0.031,0.102,2.37,15.28,6.67,80.8,Normal
58:20.1,Подгорица,Tekirdağ,None,0,49.9,90,1107,10,0,0,0,-0.008,0.001,0.111,2.37,15.28,6.67,80.8,Normal
58:21.0,Подгорица,Tekirdağ,None,0,49.6,60,1099.1,10,0,0,0,-0.018,-0.011,0.107,2.37,15.28,6.67,80.8,Normal
58:22.0,Подгорица,Tekirdağ,None,0,49.2,60,1091.1,10,0,0.01,-1,0.004,-0.023,0.113,2.37,15.29,6.67,80.8,Normal
58:23.1,Подгорица,Tekirdağ,None,0,48.4,60,1071.1,10,0,0.04,-1,0.014,0.037,0.334,2.37,15.29,6.67,80.8,Normal
58:24.0,Подгорица,Tekirdağ,None,0,46.7,60,1032.3,10,0,0.2,0,-0.047,0.041,0.715,2.37,15.29,6.67,80.8,Normal
58:25.0,Подгорица,Tekirdağ,None,0,43,60,947.5,10,0,0.46,-1,0.018,0.106,1.491,2.37,15.29,6.67,80.8,Normal
58:26.0,Подгорица,Tekirdağ,None,0,37.1,60,1055.5,9,0,0.63,-1,0.012,0.005,2.025,2.37,15.29,6.67,80.7,Normal
58:27.0,Подгорица,Tekirdağ,None,0,28.4,60,741.9,1,0,0.86,-1,0.005,-0.035,2.826,2.37,15.29,6.67,80.7,Hard Braking
58:28.0,Подгорица,Tekirdağ,None,0,22.6,30,550,7,0.15,0,0,-0.019,-0.091,0.47,2.37,15.29,6.67,80.7,Normal
58:29.0,Подгорица,Tekirdağ,None,0,22.4,30,1066.4,7,0.46,0,0,-0.027,-0.023,-0.171,2.37,15.29,6.67,80.7,Normal
58:30.0,Подгорица,Tekirdağ,None,0,23.6,30,1124.6,7,0.46,0,0,-0.016,0.006,-0.397,2.37,15.29,6.67,80.7,Normal
58:31.0,Подгорица,Tekirdağ,None,0,25,30,1192.3,7,0.51,0,0,-0.011,-0.002,-0.418,2.37,15.29,6.67,80.7,Normal
58:32.0,Подгорица,Tekirdağ,None,0,26,30,1228.4,7,0,0,0,0.018,0.08,-0.003,2.37,15.29,6.67,80.7,Normal
58:33.0,Подгорица,Tekirdağ,None,0,25.6,0,1208.2,7,0,0,-1,0.103,-0.017,0.148,2.37,15.29,6.67,80.7,Normal
58:34.0,Подгорица,Tekirdağ,None,0,25.1,0,1185.5,7,0.32,0,-1,0.123,0.007,0.139,2.37,15.29,6.67,80.7,Normal
58:35.0,Подгорица,Tekirdağ,None,0,25.2,0,1194.3,7,0.18,0,-1,0.109,0.006,-0.065,2.37,15.29,6.67,80.7,Normal
58:36.0,Подгорица,Tekirdağ,None,0,25.5,0,1212.6,7,0.25,0,-1,0.076,-0.001,-0.149,2.37,15.29,6.67,80.7,Normal
58:37.0,Подгорица,Tekirdağ,None,0,25.7,0,1215.2,7,0,0,-1,-0.129,0.015,0.072,2.37,15.29,6.67,80.7,Normal
58:38.0,Подгорица,Tekirdağ,None,0,25.3,0,1199.7,7,0.1,0,-1,-0.074,-0.022,0.036,2.37,15.29,6.67,80.7,Normal
58:39.0,Подгорица,Tekirdağ,None,0,25.2,0,1194.7,7,0.16,0,0,-0.082,-0.015,0.019,2.37,15.29,6.67,80.7,Normal
58:40.0,Подгорица,Tekirdağ,None,0,25.1,0,1187.3,7,0.05,0,1,-0.212,0.003,0.078,2.37,15.29,6.67,80.7,Normal
58:41.0,Подгорица,Tekirdağ,None,0,24.7,0,1167.5,7,0.02,0,0,0.017,-0.002,0.125,2.37,15.29,6.67,80.7,Normal
58:42.0,Подгорица,Tekirdağ,None,0,24.4,0,1153.8,7,0.08,0,1,-0.112,-0.015,0.049,2.37,15.29,6.67,80.7,Normal
58:43.0,Подгорица,Tekirdağ,None,0,24.3,0,1150.1,7,0.14,0,1,-0.167,0.019,0.006,2.37,15.3,6.67,80.7,Normal
58:44.0,Подгорица,Tekirdağ,None,0,24.1,0,1139.3,7,0,0,1,0.011,0.017,0.12,2.37,15.3,6.67,80.7,Normal
58:45.0,Подгорица,Tekirdağ,None,0,23.6,0,1115.5,7,0,0,1,0.108,-0.002,0.15,2.37,15.3,6.67,80.7,Normal
58:46.1,Подгорица,Tekirdağ,None,0,23,0,1089,7,0,0,1,-0.02,0.008,0.16,2.37,15.3,6.67,80.7,Normal
58:47.0,Подгорица,Tekirdağ,None,0,22.5,0,1062.5,7,0,0,0,0.088,-0.003,0.16,2.37,15.3,6.67,80.7,Normal
58:48.0,Подгорица,Tekirdağ,None,0,21.9,0,1037.2,7,0,0,-1,0.137,0.009,0.159,2.37,15.3,6.67,80.7,Normal
58:49.0,Подгорица,Tekirdağ,None,0,21.4,0,1009.8,7,0,0,-1,0.292,0.021,0.158,2.37,15.3,6.67,80.7,Normal
58:50.0,Подгорица,Tekirdağ,None,0,20.8,0,984.9,7,0,0,-1,-0.027,-0.007,0.139,2.37,15.3,6.67,80.7,Normal
58:51.0,Подгорица,Tekirdağ,None,0,19.5,0,908.4,7,0,0.57,0,-0.055,-0.064,0.976,2.37,15.3,6.67,80.7,Normal
58:52.0,Подгорица,Tekirdağ,None,0,13.6,0,1063.2,5,0,0.33,1,-0.095,-0.087,1.362,2.37,15.3,6.67,80.7,Normal
58:53.0,Подгорица,Tekirdağ,None,0,8.7,0,897.5,5,0,0,1,-0.063,0.012,1.019,2.37,15.3,6.67,80.7,Normal
58:54.1,Подгорица,Tekirdağ,None,0,7.7,0,1229.3,2,0,0,1,-0.01,0.002,0.208,2.37,15.3,6.67,80.7,Normal
58:55.0,Подгорица,Tekirdağ,None,0,5.2,0,790.2,2,0,0.4,0,0.007,0.013,1.44,2.37,15.3,6.67,80.7,Normal
58:56.0,Подгорица,Tekirdağ,None,0,0.5,0,550,1,0,0.35,0,0.002,-0.005,1.228,2.37,15.3,6.67,80.7,Normal
58:57.0,Подгорица,Tekirdağ,None,0,0,0,550,0,0,0,0,0.002,0,-0.004,2.37,15.3,6.67,80.7,Normal
58:58.1,Подгорица,Tekirdağ,None,0,0,0,550,0,0,0,0,0,0,0,2.37,15.3,6.67,80.7,Normal
58:59.0,Подгорица,Tekirdağ,None,0,0,0,550,0,0,0,0,-0.001,0,0,2.37,15.3,6.67,80.7,Normal
59:00.0,Подгорица,Tekirdağ,None,0,0,0,550,0,0,0,0,0.002,0,0,2.37,15.3,6.67,80.7,Normal
59:01.0,Подгорица,Tekirdağ,None,0,0,0,550,0,0,0,0,0.001,-0.001,0,2.37,15.3,6.67,80.7,Normal
59:02.0,Подгорица,Tekirdağ,None,0,0,0,550,0,0,0,0,0,0,0,2.37,15.3,6.67,80.7,Normal
59:03.0,Подгорица,Tekirdağ,None,0,0,0,550,0,0,0,0,-0.001,0,0,2.37,15.3,6.67,80.7,Normal
59:04.1,Подгорица,Tekirdağ,None,0,0,0,550,0,0,0,0,-0.002,0,0,2.37,15.3,6.67,80.7,Normal
59:05.0,Подгорица,Tekirdağ,None,0,0,0,784.3,1,0.22,0,0,-0.003,0.024,-0.038,2.37,15.3,6.67,80.7,Normal
59:06.0,Подгорица,Tekirdağ,None,0,3.1,0,804.8,1,0.69,0,0,-0.033,0.013,-1.788,2.37,15.3,6.67,80.7,Normal
59:07.0,Подгорица,Tekirdağ,None,0,8.2,0,1431.5,1,0.79,0,0,0.011,0.204,-0.4,2.37,15.3,6.67,80.6,Normal
59:08.1,Подгорица,Tekirdağ,None,0,9,0,909.1,4,0.88,0,0,-0.051,0.001,-0.639,2.37,15.3,6.67,80.6,Normal
59:09.1,Подгорица,Tekirdağ,None,0,13.5,0,1366.2,4,0.82,0,1,-0.075,-0.018,-1.406,2.37,15.3,6.67,80.6,Normal
59:10.1,Подгорица,Tekirdağ,None,0,16.4,0,1290.1,4,0.86,0,1,-0.033,0.064,-0.182,2.37,15.3,6.67,80.6,Normal
59:11.1,Подгорица,Tekirdağ,None,0,17,0,1055.7,6,0.79,0,0,0.008,-0.099,-0.553,2.37,15.3,6.67,80.6,Normal
59:12.0,Подгорица,Tekirdağ,None,0,20,0,1242.7,6,0.81,0,0,-0.01,-0.06,-0.93,2.37,15.3,6.67,80.6,Normal
59:13.0,Подгорица,Tekirdağ,None,0,23.3,0,1440.9,6,0.8,0,0,0.016,-0.008,-0.914,2.37,15.3,6.67,80.5,Normal
59:14.0,Подгорица,Tekirdağ,None,0,24.6,0,1166.4,7,0.76,0,0,0.021,0.048,-0.033,2.37,15.3,6.67,80.5,Normal
59:15.0,Подгорица,Tekirdağ,None,0,25.4,0,1215.7,7,0.79,0,-1,0.004,-0.072,-0.54,2.37,15.3,6.67,80.5,Normal
59:16.1,Подгорица,Tekirdağ,None,0,27.9,0,1336.8,7,0.9,0,-1,0,-0.131,-0.726,2.37,15.3,6.67,80.5,Normal
59:17.1,Подгорица,Tekirdağ,None,0,30.1,0,1366,7,0.57,0,-1,0.087,0.032,-0.28,2.37,15.3,6.67,80.5,Normal
59:18.1,Подгорица,Tekirdağ,None,0,30.1,0,1107.4,8,0.64,0,-1,0.026,0.014,0.051,2.37,15.3,6.67,80.5,Normal
59:19.1,Подгорица,Tekirdağ,None,0,31,0,1145.3,8,0.63,0,-1,-0.012,-0.04,-0.367,2.37,15.3,6.67,80.5,Normal
59:20.0,Подгорица,Tekirdağ,None,0,32.2,0,1189.3,8,0.56,0,-1,0.015,0.017,-0.34,2.37,15.3,6.67,80.5,Normal
59:21.0,Подгорица,Tekirdağ,None,0,33.5,0,1238.3,8,0.85,0,0,-0.06,0.001,-0.408,2.37,15.31,6.67,80.4,Normal
59:22.0,Подгорица,Tekirdağ,None,0,35.4,0,1307.4,8,0.83,0,1,-0.11,0.031,-0.539,2.37,15.31,6.67,80.4,Normal
59:23.0,Подгорица,Tekirdağ,None,0,37.2,0,1375.1,8,0.84,0,1,-0.007,-0.045,-0.546,2.37,15.31,6.67,80.4,Normal
59:24.0,Подгорица,Tekirdağ,None,0,39.2,0,1448.5,8,0.84,0,0,0.003,-0.006,-0.551,2.37,15.31,6.67,80.4,Normal
59:25.1,Подгорица,Tekirdağ,None,0,40.6,0,1277.7,8,0.84,0,1,-0.003,0.067,-0.074,2.37,15.31,6.67,80.3,Normal
59:26.0,Подгорица,Tekirdağ,None,0,40.7,0,1173.3,9,0.97,0,1,0.013,-1.029,-0.113,2.37,15.31,6.67,80.3,Normal
59:27.0,Подгорица,Tekirdağ,None,0,41.2,0,1183.8,9,0.99,0,1,0,0.073,-0.191,2.37,15.31,6.67,80.3,Normal
59:28.1,Подгорица,Tekirdağ,None,0,41.5,0,1194.7,9,0.97,0,-1,0.016,-0.149,-0.049,2.37,15.31,6.67,80.3,Normal
59:29.0,Подгорица,Tekirdağ,None,0,41.6,0,1197.6,9,0.93,0,-1,0.006,-0.014,-0.03,2.37,15.31,6.67,80.2,Normal
59:30.1,Подгорица,Tekirdağ,None,0,41.7,0,1200.2,9,0.93,0,-1,0.16,-0.01,-0.023,2.37,15.31,6.67,80.2,Normal
59:31.1,Подгорица,Tekirdağ,None,0,41.7,0,1199.6,9,0.94,0,-1,0.089,0.011,0.039,2.37,15.31,6.67,80.2,Normal
59:32.1,Подгорица,Tekirdağ,None,0,41.5,0,1191.5,9,0.16,0,-1,-0.069,-0.036,0.063,2.37,15.31,6.67,80.2,Normal
59:33.1,Подгорица,Tekirdağ,None,0,40.8,0,1169.5,9,0,0,-1,-0.057,-0.004,0.127,2.37,15.31,6.67,80.1,Normal
59:34.1,Подгорица,Tekirdağ,None,0,39,0,1113.7,9,0,0,0,-0.056,-0.015,0.605,2.37,15.31,6.67,80.1,Normal
59:35.1,Подгорица,Tekirdağ,None,0,37,0,1061.6,9,0.75,0,1,-0.066,-0.014,0.442,2.37,15.31,6.67,80.1,Normal
59:36.1,Подгорица,Tekirdağ,None,0,35.9,0,1171.8,9,1,0,1,-0.107,0.057,0.477,2.37,15.32,6.67,80.1,Normal
59:37.1,Подгорица,Tekirdağ,None,0,34,0,1250.9,8,0.97,0,1,-0.072,-0.002,0.328,2.37,15.32,6.67,80.1,Normal
59:38.1,Подгорица,Tekirdağ,None,0,33.9,0,1250.5,8,0.9,0,1,-0.036,0.012,-0.045,2.37,15.32,6.67,80.1,Normal
59:39.1,Подгорица,Tekirdağ,None,0,34.1,0,1259.8,8,0.96,0,1,0.053,-0.014,-0.08,2.37,15.32,6.67,80.1,Normal
59:40.1,Подгорица,Tekirdağ,None,0,34.5,0,1274.2,8,0.98,0,1,-0.008,0.002,-0.142,2.37,15.32,6.67,80,Normal
59:41.1,Подгорица,Tekirdağ,None,0,35.2,0,1303.4,8,1,0,1,-0.005,-0.009,-0.261,2.37,15.32,6.67,80,Normal
59:42.1,Подгорица,Tekirdağ,None,0,36.4,0,1345.3,8,1,0,1,0.081,0.012,-0.364,2.37,15.32,6.67,80,Normal
59:43.1,Подгорица,Tekirdağ,None,0,37.8,0,1397.4,8,1,0,-1,0.081,-0.001,-0.429,2.37,15.32,6.67,79.9,Normal
59:44.1,Подгорица,Tekirdağ,None,0,39.3,0,1453.4,8,1,0,-1,0.23,0.038,-0.432,2.37,15.32,6.67,79.9,Normal
59:45.1,Подгорица,Tekirdağ,None,0,40.4,0,1342.1,8,1,0,-1,0.127,0.145,0.037,2.37,15.32,6.67,79.9,Normal
59:46.1,Подгорица,Tekirdağ,None,0,39.5,0,1136,9,1,0,-1,-0.014,-0.055,0.166,2.37,15.32,6.67,79.9,Normal
59:47.1,Подгорица,Tekirdağ,None,0,39.4,0,1131.5,9,0.77,0,-1,0.023,0.074,0.104,2.37,15.32,6.67,79.9,Normal
59:48.1,Подгорица,Tekirdağ,None,0,39.4,0,1309.1,9,1,0,-1,0.001,0.075,0.101,2.37,15.32,6.67,79.8,Normal
59:49.1,Подгорица,Tekirdağ,None,0,39.3,0,1450.7,8,1,0,-1,-0.039,-0.038,-0.22,2.37,15.32,6.67,79.8,Normal
59:50.1,Подгорица,Tekirdağ,None,0,40.8,0,1297.6,8,1,0,-1,0.005,0.15,-0.188,2.37,15.32,6.67,79.8,Normal
59:51.1,Подгорица,Tekirdağ,None,0,41.2,0,1187.7,9,1,0,0,-0.088,-0.042,-0.299,2.37,15.33,6.67,79.8,Normal
59:52.1,Подгорица,Tekirdağ,None,0,43,0,1235.2,9,0.22,0,1,-0.213,0.02,-0.475,2.37,15.33,6.67,79.8,Normal
59:53.1,Подгорица,Tekirdağ,None,0,42.9,0,1225.1,9,0,0,1,-0.026,0.063,0.234,2.37,15.33,6.67,79.8,Normal
59:54.1,Подгорица,Tekirdağ,None,0,42,0,1200.3,9,0,0,1,-0.024,-0.056,0.246,2.37,15.33,6.67,79.8,Normal
59:55.1,Подгорица,Tekirdağ,None,0,41.1,0,1174.2,9,0,0,1,-0.013,0.019,0.232,2.37,15.33,6.67,79.8,Normal
59:56.1,Подгорица,Tekirdağ,None,0,40.4,0,1154.1,9,0,0,1,-0.005,-0.026,0.186,2.37,15.33,6.67,79.8,Normal
59:57.1,Подгорица,Tekirdağ,None,0,39.8,0,1137.8,9,0,0,0,0.035,0.004,0.153,2.37,15.33,6.67,79.8,Normal
59:58.1,Подгорица,Tekirdağ,None,0,39.3,0,1122.9,9,0,0,1,0.006,-0.012,0.144,2.37,15.33,6.67,79.8,Normal
59:59.1,Подгорица,Tekirdağ,None,0,38.7,0,1108,9,0,0,1,-0.028,0.015,0.143,2.37,15.33,6.67,79.8,Normal
00:00.1,Подгорица,Tekirdağ,None,0,38.2,0,1092.5,9,0,0,1,-0.134,-0.004,0.163,2.37,15.34,6.67,79.8,Normal
00:01.1,Подгорица,Tekirdağ,None,0,37.6,0,1073.8,9,0,0,1,-0.07,0.01,0.202,2.37,15.34,6.67,79.8,Normal
00:02.1,Подгорица,Tekirdağ,None,0,36.7,0,1049.9,9,0,0,-1,0.104,-0.018,0.265,2.37,15.34,6.67,79.8,Normal
00:03.1,Подгорица,Tekirdağ,None,0,35.6,0,1018.3,9,0,0,-1,0.203,0.045,0.321,2.37,15.34,6.67,79.8,Normal
00:04.1,Подгорица,Tekirdağ,None,0,34.4,0,983.6,9,0,0,-1,0.053,-0.003,0.343,2.37,15.34,6.67,79.8,Normal
00:05.1,Подгорица,Tekirdağ,None,0,33.2,0,947.3,9,0,0,-1,-0.023,-0.006,0.359,2.37,15.34,6.67,79.8,Normal
00:06.1,Подгорица,Tekirdağ,None,0,32,0,908.4,9,0,0,-1,-0.01,-0.062,0.339,2.37,15.34,6.67,79.8,Normal
00:07.1,Подгорица,Tekirdağ,None,0,31,0,1134,8,0,0,-1,-0.003,0.049,0.26,2.37,15.34,6.67,79.8,Normal
00:08.1,Подгорица,Tekirdağ,None,0,29.6,0,1082.3,8,0,0.12,0,-0.075,-0.199,0.638,2.37,15.34,6.67,79.8,Normal
00:09.1,Подгорица,Tekirdağ,None,0,26.3,0,957.2,8,0,0.25,0,-0.046,0.002,1.152,2.37,15.34,6.67,79.8,Normal
00:10.1,Подгорица,Tekirdağ,None,0,22,0,1206.8,8,0,0.19,-1,0.01,0.014,1.068,2.37,15.34,6.67,79.8,Normal
00:11.1,Подгорица,Tekirdağ,None,0,19.9,0,1208.2,6,0,0,-1,0.024,0.006,0.47,2.37,15.34,6.67,79.8,Normal
00:12.1,Подгорица,Tekirdağ,None,0,19.7,0,1214.6,6,0.61,0,-1,0.123,-0.407,-0.308,2.37,15.34,6.67,79.7,Normal
00:13.1,Подгорица,Tekirdağ,None,0,21.2,0,1311.2,6,0.57,0,-1,-0.03,-0.254,-0.422,2.37,15.34,6.67,79.7,Normal
00:14.1,Подгорица,Tekirdağ,None,0,22.5,0,1390.1,6,0.46,0,0,-0.123,0.029,-0.371,2.37,15.34,6.67,79.7,Normal
00:15.1,Подгорица,Tekirdağ,None,0,22.9,0,1396.9,6,0,0,0,-0.036,-0.005,0.166,2.37,15.34,6.67,79.7,Normal
00:16.1,Подгорица,Tekirdağ,None,0,21.7,0,1317.6,6,0,0,1,-0.136,0.016,0.411,2.37,15.34,6.67,79.7,Normal
00:17.1,Подгорица,Tekirdağ,None,0,21.4,0,1322.6,6,1,0,1,-0.123,-0.103,-0.454,2.37,15.34,6.67,79.7,Normal
00:18.1,Подгорица,Tekirdağ,None,0,24,0,1489,6,1,0,1,-0.106,-0.007,-0.808,2.37,15.34,6.67,79.6,Normal
00:19.1,Подгорица,Tekirdağ,None,0,24.6,0,1163.1,7,0,0,0,0.088,0.025,0.209,2.37,15.34,6.67,79.6,Normal
00:20.1,Подгорица,Tekirdağ,None,0,24,0,1134.7,7,0,0,0,0.052,-0.042,0.103,2.37,15.34,6.67,79.6,Normal
00:21.1,Подгорица,Tekirdağ,None,0,22.9,0,1079.3,7,0,0,1,-0.035,0.006,0.362,2.37,15.34,6.67,79.6,Normal
00:22.1,Подгорица,Tekirdağ,None,0,21.6,0,1020.2,7,0,0,-1,0.075,-0.003,0.366,2.37,15.34,6.67,79.6,Normal
00:23.1,Подгорица,Tekirdağ,None,0,20.3,0,956.4,7,0,0,-1,0.141,-0.001,0.38,2.37,15.34,6.67,79.6,Normal
00:24.1,Подгорица,Tekirdağ,None,0,19,0,896.6,7,0,0,0,-0.013,0.002,0.364,2.37,15.34,6.67,79.6,Normal
00:25.1,Подгорица,Tekirdağ,None,0,17.8,0,1032,7,0,0,0,-0.037,0.016,0.342,2.37,15.34,6.67,79.6,Normal
00:26.1,Подгорица,Tekirdağ,None,0,16.7,0,1308.5,5,0,0,-1,-0.005,0,0.336,2.37,15.34,6.67,79.6,Normal
00:27.1,Подгорица,Tekirdağ,None,0,15.3,0,1199.2,5,0,0,0,-0.003,0.011,0.403,2.37,15.34,6.67,79.6,Normal
00:28.1,Подгорица,Tekirdağ,None,0,13.9,0,1089.1,5,0,0,0,-0.006,0,0.414,2.37,15.34,6.67,79.6,Normal
00:29.1,Подгорица,Tekirdağ,None,0,12.3,0,958.9,5,0,0.19,0,-0.005,-0.017,0.473,2.37,15.34,6.67,79.6,Normal
00:30.1,Подгорица,Tekirdağ,None,0,8.4,0,929.5,5,0,0.27,0,0.001,-0.14,1.373,2.37,15.34,6.67,79.6,Normal
00:31.1,Подгорица,Tekirdağ,None,0,3.7,0,572.6,2,0,0.28,0,-0.003,-0.011,1.314,2.37,15.34,6.67,79.6,Normal
00:32.1,Подгорица,Tekirdağ,None,0,2.9,0,514.8,2,0,0,0,0.02,-0.04,-0.44,2.37,15.34,6.67,79.6,Normal
00:33.1,Подгорица,Tekirdağ,None,0,3.3,0,543.3,2,0,0,0,0.028,0.015,0.06,2.37,15.34,6.67,79.6,Normal
00:34.1,Подгорица,Tekirdağ,None,0,3.3,0,542.8,2,0,0.1,0,-0.006,0,0.016,2.37,15.34,6.67,79.6,Normal
00:35.1,Подгорица,Tekirdağ,None,0,2.7,0,546.9,1,0,0.48,0,-0.024,0.003,0.289,2.37,15.34,6.67,79.6,Normal
00:36.1,Подгорица,Tekirdağ,None,0,0,0,550,1,0.18,0,0,-0.005,-0.098,0.015,2.37,15.34,6.67,79.6,Normal
00:37.1,Подгорица,Tekirdağ,None,0,1.7,0,714.4,1,0.65,0,0,0.007,-0.017,-1.258,2.37,15.34,6.67,79.6,Normal
00:38.1,Подгорица,Tekirdağ,None,0,8.1,0,1599.3,1,0,0,0,0.004,-0.245,-0.956,2.37,15.34,6.67,79.6,Normal
00:39.1,Подгорица,Tekirdağ,None,0,8.4,0,821.9,4,0,0,1,-0.019,0.009,0.103,2.37,15.34,6.67,79.6,Normal
00:40.1,Подгорица,Tekirdağ,None,0,7.6,0,990.2,4,0,0,0,-0.001,0.007,0.223,2.37,15.34,6.67,79.6,Normal
00:41.1,Подгорица,Tekirdağ,None,0,6.9,0,1101.1,2,0,0,0,0.006,0.019,0.288,2.37,15.34,6.67,79.6,Normal
00:42.1,Подгорица,Tekirdağ,None,0,5.8,0,920.2,2,0,0,0,0.014,0.029,0.339,2.37,15.34,6.67,79.6,Normal
00:43.1,Подгорица,Tekirdağ,None,0,4.6,0,737.1,2,0,0,0,0.003,0.007,0.321,2.37,15.34,6.67,79.6,Normal
00:44.1,Подгорица,Tekirdağ,None,0,3.8,0,784.3,1,0,0,0,0,0.042,0.17,2.37,15.34,6.67,79.6,Normal
00:45.1,Подгорица,Tekirdağ,None,0,3.3,0,550,0,0,0,0,0.011,0.027,0.13,2.37,15.34,6.67,79.6,Normal
00:46.1,Подгорица,Tekirdağ,None,0,3,0,550,0,0,0,0,-0.019,-0.003,0.079,2.37,15.34,6.67,79.6,Normal
00:47.1,Подгорица,Tekirdağ,None,0,1.5,0,550,0,0,0.04,0,0.012,0.012,0.789,2.37,15.34,6.67,79.6,Normal
00:48.1,Подгорица,Tekirdağ,None,0,0.5,0,550,0,0,0,0,0.006,-0.004,0.097,2.37,15.34,6.67,79.6,Normal
00:49.1,Подгорица,Tekirdağ,None,0,0.3,0,550,0,0,0,0,0.003,-0.003,0.04,2.37,15.34,6.67,79.6,Normal
00:50.1,Подгорица,Tekirdağ,None,0,0,0,550,0,0,0.56,0,0.007,-0.008,0.001,2.37,15.34,6.67,79.6,Normal
00:51.1,Подгорица,Tekirdağ,None,0,0,0,550,0,0,0,0,0,-0.002,0,2.37,15.34,6.67,79.6,Normal
00:52.1,Подгорица,Tekirdağ,None,0,0,0,550,0,0,0,0,0.001,0.003,0,2.37,15.34,6.67,79.6,Normal
00:53.1,Подгорица,Tekirdağ,None,0,0,0,550,0,0,0,0,0.001,0.001,0,2.37,15.34,6.67,79.6,Normal
00:54.1,Подгорица,Tekirdağ,None,0,0,0,550,0,0,0,0,-0.005,0.001,0,2.37,15.34,6.67,79.6,Normal
00:55.1,Подгорица,Tekirdağ,None,0,0,0,550,0,0,0,0,0,-0.003,0,2.37,15.34,6.67,79.6,Normal
00:56.1,Подгорица,Tekirdağ,None,0,0,0,550,0,0,0,0,0.004,0.001,0,2.37,15.34,6.67,79.6,Normal
00:57.1,Подгорица,Tekirdağ,None,0,0,0,906,1,0.59,0,0,-0.003,0.015,-0.013,2.37,15.34,6.67,79.6,Normal
00:58.1,Подгорица,Tekirdağ,None,0,3.7,0,890.7,1,0.55,0,-1,-0.008,-0.004,-1.734,2.37,15.34,6.67,79.6,Normal
00:59.1,Подгорица,Tekirdağ,None,0,7.9,0,1418.3,1,0.73,0,-1,-0.003,0.16,-0.323,2.37,15.34,6.67,79.6,Normal
01:00.1,Подгорица,Tekirdağ,None,0,8.4,0,1093.4,3,0.7,0,-1,-0.005,0.096,-0.521,2.37,15.34,6.67,79.6,Normal
01:01.1,Подгорица,Tekirdağ,None,0,12.2,0,1454,3,0.68,0,-1,0.041,-0.042,-0.676,2.37,15.35,6.67,79.6,Normal
01:02.1,Подгорица,Tekirdağ,None,0,12.7,0,1008.2,5,0.66,0,1,-0.024,0.048,-0.078,2.37,15.35,6.67,79.6,Normal
01:03.1,Подгорица,Tekirdağ,None,0,15.2,0,1221.7,5,0.63,0,1,-0.014,-0.014,-0.903,2.37,15.35,6.67,79.6,Normal
01:04.1,Подгорица,Tekirdağ,None,0,18.4,0,1461.3,5,0.64,0,0,0.008,-0.018,-0.882,2.37,15.35,6.67,79.5,Normal
01:05.1,Подгорица,Tekirdağ,None,0,19,0,899.6,7,0.63,0,0,0.002,0.025,-0.003,2.37,15.35,6.67,79.5,Normal
01:06.1,Подгорица,Tekirdağ,None,0,20,0,957.3,7,0.64,0,0,0.004,-0.028,-0.508,2.37,15.6,8.37,79.5,Normal
01:07.1,Подгорица,Tekirdağ,None,0,22,0,1052.5,7,0.62,0,0,0.002,-0.006,-0.588,2.37,15.6,8.37,79.5,Normal
01:08.1,Подгорица,Tekirdağ,None,0,22.7,0,1075.6,7,0,0,0,0.001,0.032,0.067,2.37,15.6,8.37,79.5,Normal
01:09.1,Подгорица,Tekirdağ,None,0,22.3,0,1054.4,7,0,0,0,-0.006,0,0.158,2.37,15.6,8.37,79.5,Normal
01:10.1,Подгорица,Tekirdağ,None,0,21.8,0,1032.1,7,0,0,0,0.019,-0.002,0.132,2.37,15.6,8.37,79.5,Normal
01:11.1,Подгорица,Tekirdağ,None,0,21.3,0,1008.7,7,0,0,0,0.004,-0.005,0.133,2.37,15.6,8.37,79.5,Normal
01:14.1,Подгорица,Tekirdağ,None,0,20.7,0,980.6,7,0,0,0,-0.005,-0.012,0.149,2.37,15.6,8.37,79.5,Normal
01:15.1,Подгорица,Tekirdağ,None,0,20.3,0,957.9,7,0,0,0,-0.017,-0.023,0.138,2.37,15.6,8.37,79.5,Normal
01:16.1,Подгорица,Tekirdağ,None,0,19.8,0,933.8,7,0,0,1,-0.221,0.002,0.146,2.37,15.6,8.37,79.5,Normal
01:17.1,Подгорица,Tekirdağ,None,0,19,0,895.2,7,0,0.12,1,-0.189,-0.039,0.447,2.37,15.6,8.37,79.5,Normal
01:18.1,Подгорица,Tekirdağ,None,0,17.3,0,1221.3,7,0,0,1,-0.16,-0.016,0.423,2.37,15.6,8.37,79.5,Normal
01:19.1,Подгорица,Tekirdağ,None,0,16.5,0,1294.6,5,0,0,1,-0.034,0.01,0.204,2.37,15.6,8.37,79.5,Normal
01:20.1,Подгорица,Tekirdağ,None,0,15.7,0,1230.2,5,0,0,1,0.109,-0.004,0.232,2.37,15.6,8.37,79.5,Normal
01:21.1,Подгорица,Tekirdağ,None,0,15,0,1181,5,0.21,0,1,-0.004,0.004,0.097,2.37,15.6,8.37,79.5,Normal
01:22.1,Подгорица,Tekirdağ,None,0,15.5,0,1228.8,5,0.25,0,1,-0.066,-0.007,-0.231,2.37,15.6,8.37,79.5,Normal
01:23.1,Подгорица,Tekirdağ,None,0,16.2,0,1279.4,5,0.18,0,-1,0.182,0.012,-0.131,2.37,15.6,8.37,79.5,Normal
01:24.1,Подгорица,Tekirdağ,None,0,16.5,0,1302.5,5,0.2,0,-1,0.254,-0.002,-0.085,2.37,15.6,8.37,79.5,Normal
01:25.1,Подгорица,Tekirdağ,None,0,16.9,0,1336.6,5,0.3,0,0,0.023,0,-0.151,2.37,15.6,8.37,79.5,Normal
01:26.1,Подгорица,Tekirdağ,None,0,17.9,0,1423.7,5,0.34,0,0,0.019,-0.008,-0.392,2.37,15.6,8.37,79.5,Normal
01:27.1,Подгорица,Tekirdağ,None,0,18.5,0,1139.3,6,0,0,0,0.018,0.021,0.023,2.37,15.6,8.37,79.5,Normal
01:28.1,Подгорица,Tekirdağ,None,0,18.1,0,1103,6,0,0,0,0.015,0.008,0.151,2.37,15.6,8.37,79.5,Normal
01:29.1,Подгорица,Tekirdağ,None,0,17.5,0,1068.5,6,0,0,0,0.009,0.001,0.167,2.37,15.61,8.37,79.5,Normal
01:30.1,Подгорица,Tekirdağ,None,0,17,0,1032.7,6,0,0,-1,0.032,-0.009,0.165,2.37,15.61,8.37,79.5,Normal
01:31.1,Подгорица,Tekirdağ,None,0,16.3,0,986.9,6,0,0.1,0,0.005,-0.012,0.332,2.37,15.61,8.37,79.5,Normal
01:32.1,Подгорица,Tekirdağ,None,0,13.1,0,782.5,6,0,0.26,0,-0.002,0.024,1.174,2.37,15.61,8.37,79.5,Normal
01:33.1,Подгорица,Tekirdağ,None,0,8.6,0,815.2,4,0,0.3,0,-0.003,0.008,1.385,2.37,15.61,8.37,79.5,Normal
01:34.1,Подгорица,Tekirdağ,None,0,4.1,0,812.7,1,0,0.26,0,-0.004,-0.032,1.215,2.37,15.61,8.37,79.5,Normal
01:35.1,Подгорица,Tekirdağ,None,0,1.5,0,550,1,0,0.35,0,0.003,-0.24,0.654,2.37,15.61,8.37,79.5,Normal
01:36.1,Подгорица,Tekirdağ,None,0,0,0,550,-1,0,0,0,-0.002,-0.013,-0.005,2.37,15.61,8.37,79.5,Normal
01:37.1,Подгорица,Tekirdağ,None,0,0,0,550,-1,0,0,0,0,0,0,2.37,15.61,8.37,79.5,Normal
01:38.1,Подгорица,Tekirdağ,None,0,0,0,550,-1,0,0,-1,0.005,0,0,2.37,15.61,8.37,79.5,Normal
01:39.1,Подгорица,Tekirdağ,None,0,0,0,550,-1,0,0,1,0.002,0.001,0,2.37,15.61,8.37,79.5,Normal
01:40.1,Подгорица,Tekirdağ,None,0,0,0,550,-1,0,0,1,-0.005,0.001,0,2.37,15.61,8.37,79.5,Normal
01:41.1,Подгорица,Tekirdağ,None,0,-0.2,0,631.5,-1,0.06,0,1,0.045,0.046,0.175,2.37,15.61,8.37,79.5,Normal
01:42.1,Подгорица,Tekirdağ,None,0,-0.5,0,542.7,-1,0,0,1,0.053,0.023,0.071,2.37,15.61,8.37,79.5,Normal
01:43.1,Подгорица,Tekirdağ,None,0,-0.6,0,543.1,-1,0,0,1,0.011,0.001,0.024,2.37,15.61,8.37,79.5,Normal
01:44.1,Подгорица,Tekirdağ,None,0,-0.7,0,543.4,-1,0,0,1,0.002,0,0.017,2.37,15.61,8.37,79.4,Normal
01:45.1,Подгорица,Tekirdağ,None,0,-0.7,0,543.6,-1,0,0,1,0.001,0.001,0.011,2.37,15.61,8.37,79.4,Normal
01:46.1,Подгорица,Tekirdağ,None,0,-0.8,0,718.6,-1,0.39,0,1,0.063,-0.042,0.092,2.37,15.61,8.37,79.4,Normal
01:47.1,Подгорица,Tekirdağ,None,0,-1.5,0,543.6,-1,0,0,-1,-0.03,-0.01,0.097,2.37,15.61,8.37,79.4,Normal
01:48.1,Подгорица,Tekirdağ,None,0,-1.8,0,545.4,-1,0,0,-1,-0.053,0,0.062,2.37,15.61,8.37,79.4,Normal
01:49.1,Подгорица,Tekirdağ,None,0,-1.3,0,550,-1,0,0.5,-1,-0.204,0.098,-0.956,2.37,15.61,8.37,79.4,Normal
01:50.1,Подгорица,Tekirdağ,None,0,0,0,550,-1,0,0,-1,-0.003,0,0.009,2.37,15.61,8.37,79.4,Normal
01:51.1,Подгорица,Tekirdağ,None,0,-0.1,0,541.2,-1,0,0,1,-0.014,0.055,0.045,2.37,15.61,8.37,79.4,Normal
01:52.1,Подгорица,Tekirdağ,None,0,-0.5,0,542.5,-1,0,0,1,0.017,0.002,0.099,2.37,15.61,8.37,79.4,Normal
01:53.1,Подгорица,Tekirdağ,None,0,-0.8,0,543.7,-1,0,0,1,0.033,-0.001,0.076,2.37,15.61,8.37,79.4,Normal
01:54.1,Подгорица,Tekirdağ,None,0,-1,0,544.5,-1,0,0,1,0.044,0,0.04,2.37,15.61,8.37,79.4,Normal
01:55.1,Подгорица,Tekirdağ,None,0,-1,0,544.8,-1,0,0,1,0.043,0.001,0.006,2.37,15.61,8.37,79.4,Normal
01:56.1,Подгорица,Tekirdağ,None,0,-1,0,544.5,-1,0,0,1,0.031,0.001,-0.031,2.37,15.61,8.37,79.4,Normal
01:57.1,Подгорица,Tekirdağ,None,0,-0.9,0,683,-1,0.47,0,0,0.001,-0.022,0.028,2.37,15.61,8.37,79.4,Normal
01:58.1,Подгорица,Tekirdağ,None,0,-2.7,0,633.2,-1,0,0,0,0.128,-0.017,0.274,2.37,15.61,8.37,79.4,Normal
01:59.1,Подгорица,Tekirdağ,None,0,-2.4,0,546.5,-1,0,0,-1,-0.087,0.014,0.028,2.37,15.61,8.37,79.4,Normal
02:00.1,Подгорица,Tekirdağ,None,0,-2.4,0,549.1,-1,0,0,-1,-0.09,0.001,0.005,2.37,15.61,8.37,79.4,Normal
02:01.1,Подгорица,Tekirdağ,None,0,-5,0,1169.5,-1,0,0,-1,0.001,0.206,1.053,2.37,15.61,8.37,79.4,Normal
02:02.1,Подгорица,Tekirdağ,None,0,-4,0,910.4,-1,0,0,-1,-0.118,0.01,-0.441,2.37,15.61,8.37,79.4,Normal
02:03.1,Подгорица,Tekirdağ,None,0,-2.5,0,556.8,-1,0,0,-1,-0.022,0.001,-0.445,2.37,15.61,8.37,79.4,Normal
02:04.1,Подгорица,Tekirdağ,None,0,-2.3,0,545,-1,0,0,-1,-0.068,-0.01,-0.015,2.37,15.61,8.37,79.4,Normal
02:05.1,Подгорица,Tekirdağ,None,0,-2.3,0,544,-1,0,0,-1,-0.074,-0.002,-0.004,2.37,15.61,8.37,79.4,Normal
02:06.1,Подгорица,Tekirdağ,None,0,-2.4,0,592.4,-1,0,0,-1,-0.207,-0.096,0.171,2.37,15.61,8.37,79.4,Normal
02:07.1,Подгорица,Tekirdağ,None,0,-2.3,0,541.9,-1,0,0,1,0.109,-0.043,0.001,2.37,15.61,8.37,79.4,Normal
02:08.1,Подгорица,Tekirdağ,None,0,-2.3,0,543.2,-1,0,0,-1,-0.084,-0.004,-0.007,2.37,15.61,8.37,79.4,Normal
02:09.1,Подгорица,Tekirdağ,None,0,-2.3,0,543.8,-1,0,0,-1,0,-0.001,0.001,2.37,15.61,8.37,79.4,Normal
02:10.1,Подгорица,Tekirdağ,None,0,-2.3,0,544.6,-1,0,0,0,0.016,0,0.004,2.37,15.61,8.37,79.4,Normal
02:11.1,Подгорица,Tekirdağ,None,0,-2.3,0,544.1,-1,0,0,-1,-0.052,0.009,-0.011,2.37,15.61,8.37,79.4,Normal
02:12.1,Подгорица,Tekirdağ,None,0,-2.4,0,547.1,-1,0,0,1,0.105,-0.004,0.006,2.37,15.61,8.37,79.4,Normal
02:13.1,Подгорица,Tekirdağ,None,0,-2.4,0,548.1,-1,0,0,1,0.084,-0.001,0.003,2.37,15.61,8.37,79.4,Normal
02:14.1,Подгорица,Tekirdağ,None,0,-2.4,0,547.3,-1,0,0,-1,-0.067,-0.001,-0.004,2.37,15.61,8.37,79.4,Normal
02:15.1,Подгорица,Tekirdağ,None,0,-2.4,0,546.1,-1,0,0,-1,-0.073,0,-0.006,2.37,15.61,8.37,79.4,Normal
02:16.1,Подгорица,Tekirdağ,None,0,-2.3,0,544.6,-1,0,0,-1,-0.084,0,-0.008,2.37,15.61,8.37,79.4,Normal
02:17.1,Подгорица,Tekirdağ,None,0,-2.3,0,544.9,-1,0,0,-1,-0.002,-0.001,0.001,2.37,15.61,8.37,79.4,Normal
02:18.1,Подгорица,Tekirdağ,None,0,-2,0,512.9,-1,0,0.32,0,0.053,0.024,-0.159,2.37,15.61,8.37,79.4,Normal
02:19.1,Подгорица,Tekirdağ,None,0,0,0,550,-1,0,0,0,0.018,-0.046,0.016,2.37,15.61,8.37,79.4,Normal
02:20.1,Подгорица,Tekirdağ,None,0,0,0,550,-1,0,0,0,0,-0.003,0.001,2.37,15.61,8.37,79.4,Normal
02:21.1,Подгорица,Tekirdağ,None,0,0,0,550,1,0,0,1,-0.003,-0.001,0.003,2.37,15.61,8.37,79.4,Normal
02:22.1,Подгорица,Tekirdağ,None,0,0,0,550,1,0,0,1,-0.003,0.005,0.005,2.37,15.61,8.37,79.4,Normal
02:23.1,Подгорица,Tekirdağ,None,0,0,0,550,1,0,0,1,0,0,0,2.37,15.61,8.37,79.4,Normal
02:24.1,Подгорица,Tekirdağ,None,0,0,0,550,1,0,0,1,0,0,0,2.37,15.61,8.37,79.4,Normal
02:25.1,Подгорица,Tekirdağ,None,0,2,0,590.3,1,0.28,0,1,0.011,-0.081,-1.783,2.37,15.61,8.37,79.4,Normal
02:26.1,Подгорица,Tekirdağ,None,0,4.2,0,863.5,1,0,0,1,-0.009,0.06,0.102,2.37,15.61,8.37,79.4,Normal
02:27.1,Подгорица,Tekirdağ,None,0,3.3,0,672.5,1,0,0,0,0.038,0.003,0.278,2.37,15.61,8.37,79.4,Normal
02:28.1,Подгорица,Tekirdağ,None,0,2.6,0,545.1,1,0,0,-1,0.076,-0.004,0.007,2.37,15.61,8.37,79.4,Normal
02:29.1,Подгорица,Tekirdağ,None,0,2.6,0,548.7,1,0,0,-1,0.079,0.004,0.009,2.37,15.61,8.37,79.4,Normal
02:30.1,Подгорица,Tekirdağ,None,0,2.5,0,538,1,0,0.15,0,-0.014,0.017,0.137,2.37,15.61,8.37,79.4,Normal
02:31.1,Подгорица,Tekirdağ,None,0,2,0,512.5,1,0,0.33,0,-0.007,-0.001,0.142,2.37,15.61,8.37,79.4,Normal
02:32.1,Подгорица,Tekirdağ,None,0,0,0,550,0,0,0,0,0.013,-0.091,0.002,2.37,15.61,8.37,79.4,Normal
02:33.1,Подгорица,Tekirdağ,None,0,0,0,550,-1,0,0,0,0,-0.002,0,2.37,15.61,8.37,79.4,Normal
02:34.1,Подгорица,Tekirdağ,None,0,0,0,550,-1,0,0,0,0.001,-0.003,0,2.37,15.61,8.37,79.4,Normal
02:35.1,Подгорица,Tekirdağ,None,0,-0.2,0,595,-1,0,0,1,-0.054,0.041,0.249,2.37,15.61,8.37,79.4,Normal
02:36.1,Подгорица,Tekirdağ,None,0,-0.8,0,675.5,-1,0.2,0,1,0.022,-0.039,0.267,2.37,15.61,8.37,79.4,Normal
02:37.1,Подгорица,Tekirdağ,None,0,-1.8,0,545.8,-1,0,0,-1,-0.043,-0.03,0.161,2.37,15.61,8.37,79.4,Normal
02:38.1,Подгорица,Tekirdağ,None,0,-2.2,0,534.2,-1,0,0.15,-1,-0.073,0.005,-0.026,2.37,15.61,8.37,79.3,Normal
02:39.1,Подгорица,Tekirdağ,None,0,-2.4,0,553.1,-1,0,0,-1,-0.093,0.054,0.099,2.37,15.61,8.37,79.3,Normal
02:40.1,Подгорица,Tekirdağ,None,0,-2.4,0,547,-1,0,0,-1,-0.074,0.006,0.001,2.37,15.61,8.37,79.3,Normal
02:41.1,Подгорица,Tekirdağ,None,0,-2.4,0,548.5,-1,0,0,0,0.075,0.002,0.001,2.37,15.61,8.37,79.3,Normal
02:42.1,Подгорица,Tekirdağ,None,0,-2.4,0,548.7,-1,0,0,1,0.036,0,0.003,2.37,15.61,8.37,79.3,Normal
02:43.1,Подгорица,Tekirdağ,None,0,-2.4,0,548.7,-1,0,0,1,0.027,0.002,-0.002,2.37,15.61,8.37,79.3,Normal
02:44.1,Подгорица,Tekirdağ,None,0,-2.4,0,548.9,-1,0,0,1,0.023,0.001,0.004,2.37,15.61,8.37,79.3,Normal
02:45.1,Подгорица,Tekirdağ,None,0,-2.4,0,549,-1,0,0,1,0.038,0,-0.001,2.37,15.61,8.37,79.3,Normal
02:46.1,Подгорица,Tekirdağ,None,0,-2.4,0,549,-1,0,0,1,0.079,0,-0.001,2.37,15.61,8.37,79.3,Normal
02:47.1,Подгорица,Tekirdağ,None,0,-2.4,0,549.1,-1,0,0,-1,-0.066,0.001,-0.001,2.37,15.61,8.37,79.3,Normal
02:48.1,Подгорица,Tekirdağ,None,0,-2.4,0,548.8,-1,0,0,-1,-0.071,0,0,2.37,15.61,8.37,79.3,Normal
02:49.1,Подгорица,Tekirdağ,None,0,-2.4,0,548.6,-1,0,0,-1,-0.06,0,0.001,2.37,15.61,8.37,79.3,Normal
02:50.1,Подгорица,Tekirdağ,None,0,-2.4,0,547.7,-1,0,0,-1,-0.067,-0.001,-0.005,2.37,15.61,8.37,79.3,Normal
02:51.1,Подгорица,Tekirdağ,None,0,-2.4,0,548.3,-1,0,0,1,0.02,-0.002,-0.001,2.37,15.61,8.37,79.3,Normal
02:52.1,Подгорица,Tekirdağ,None,0,-2.4,0,549.1,-1,0,0,1,0.073,-0.001,0.002,2.37,15.61,8.37,79.3,Normal
02:53.1,Подгорица,Tekirdağ,None,0,-2.4,0,549.1,-1,0,0,1,0.069,0.001,0.001,2.37,15.61,8.37,79.3,Normal
02:54.1,Подгорица,Tekirdağ,None,0,-2.4,0,548.8,-1,0,0,1,0.068,0,-0.001,2.37,15.61,8.37,79.3,Normal
02:55.1,Подгорица,Tekirdağ,None,0,-2.4,0,548.5,-1,0,0,1,0.003,-0.005,0,2.37,15.61,8.37,79.3,Normal
02:56.1,Подгорица,Tekirdağ,None,0,-2.4,0,548.3,-1,0,0,0,0.043,-0.01,-0.016,2.37,15.61,8.37,79.3,Normal
02:57.1,Подгорица,Tekirdağ,None,0,-2.4,0,549,-1,0,0,0,-0.002,-0.001,-0.001,2.37,15.61,8.37,79.3,Normal
02:58.1,Подгорица,Tekirdağ,None,0,-2.4,0,548.9,-1,0,0,0,0.049,-0.015,-0.001,2.37,15.61,8.37,79.3,Normal
02:59.1,Подгорица,Tekirdağ,None,0,-2.4,0,549,-1,0,0,0,0.013,-0.002,0,2.37,15.61,8.37,79.3,Normal
03:00.1,Подгорица,Tekirdağ,None,0,-2.4,0,549,-1,0,0,0,-0.001,-0.001,-0.002,2.37,15.61,8.37,79.3,Normal
03:01.1,Подгорица,Tekirdağ,None,0,-2.4,0,549,-1,0,0,-1,-0.001,0.001,-0.002,2.37,15.61,8.37,79.3,Normal
03:02.1,Подгорица,Tekirdağ,None,0,-2.4,0,548.9,-1,0,0,-1,-0.065,-0.001,-0.003,2.37,15.61,8.37,79.3,Normal
03:03.1,Подгорица,Tekirdağ,None,0,-2.4,0,548.5,-1,0,0,-1,-0.067,-0.001,-0.001,2.37,15.61,8.37,79.3,Normal
03:04.1,Подгорица,Tekirdağ,None,0,-2.4,0,548.2,-1,0,0,0,0.004,0.002,-0.007,2.37,15.61,8.37,79.3,Normal
03:05.1,Подгорица,Tekirdağ,None,0,-2.4,0,549.1,-1,0,0,1,0.069,-0.002,0,2.37,15.61,8.37,79.3,Normal
03:06.2,Подгорица,Tekirdağ,None,0,-2.4,0,549.1,-1,0,0,1,-0.018,0.009,-0.001,2.37,15.61,8.37,79.3,Normal
03:07.1,Подгорица,Tekirdağ,None,0,-2.4,0,549.1,-1,0,0,0,-0.016,0.002,0,2.37,15.61,8.37,79.3,Normal
03:08.1,Подгорица,Tekirdağ,None,0,-2.4,0,549.1,-1,0,0,0,0.01,-0.003,0,2.37,15.61,8.37,79.3,Normal
03:09.1,Подгорица,Tekirdağ,None,0,-2.4,0,549,-1,0,0,0,0.011,0.001,0,2.37,15.61,8.37,79.3,Normal
03:10.1,Подгорица,Tekirdağ,None,0,-2.4,0,549,-1,0,0,0,-0.012,0,0,2.37,15.61,8.37,79.3,Normal
03:11.1,Подгорица,Tekirdağ,None,0,-2.4,0,549.2,-1,0,0,0,-0.011,-0.002,0.001,2.37,15.61,8.37,79.3,Normal
03:12.1,Подгорица,Tekirdağ,None,0,-2.4,0,548.8,-1,0,0,0,-0.013,-0.008,0,2.37,15.61,8.37,79.3,Normal
03:13.1,Подгорица,Tekirdağ,None,0,-2.4,0,549.1,-1,0,0,0,0.002,0.001,0.002,2.37,15.61,8.37,79.3,Normal
03:14.1,Подгорица,Tekirdağ,None,0,-2.4,0,549.1,-1,0,0,0,-0.042,-0.001,-0.001,2.37,15.61,8.37,79.3,Normal
03:15.1,Подгорица,Tekirdağ,None,0,-2.4,0,549,-1,0,0,0,-0.002,-0.002,-0.003,2.37,15.61,8.37,79.3,Normal
03:16.1,Подгорица,Tekirdağ,None,0,-2.4,0,549,-1,0,0,0,0.004,0,-0.002,2.37,15.61,8.37,79.3,Normal
03:17.1,Подгорица,Tekirdağ,None,0,-3.6,0,861.4,-1,0.27,0,0,0.01,0.052,0.65,2.37,15.61,8.37,79.3,Normal
03:18.1,Подгорица,Tekirdağ,None,0,-3.8,0,858.3,-1,0,0,0,-0.015,-0.017,-0.253,2.37,15.61,8.37,79.3,Normal
03:19.1,Подгорица,Tekirdağ,None,0,-2.9,0,643.3,-1,0,0,0,0.016,0.001,-0.262,2.37,15.61,8.37,79.3,Normal
03:20.1,Подгорица,Tekirdağ,None,0,-2.4,0,547.7,-1,0,0,0,-0.001,0.03,0.04,2.37,15.61,8.37,79.3,Normal
03:21.1,Подгорица,Tekirdağ,None,0,-1.3,0,550,-1,0,0.51,0,0.018,0.18,-0.991,2.37,15.61,8.37,79.3,Normal
03:22.1,Подгорица,Tekirdağ,None,0,0.1,0,550,-1,0,0,0,0.001,0.018,-0.063,2.37,15.61,8.37,79.3,Normal
03:23.2,Подгорица,Tekirdağ,None,0,0,0,550,0,0,0,0,-0.002,-0.006,0,2.37,15.61,8.37,79.3,Normal
03:24.1,Подгорица,Tekirdağ,None,0,0,0,550,0,0,0,0,0.003,0.001,0,2.37,15.61,8.37,79.3,Normal
03:25.1,Подгорица,Tekirdağ,None,0,0,0,550,0,0,0,0,0.001,0.002,0.004,2.37,15.61,8.37,79.3,Normal
03:26.2,Подгорица,Tekirdağ,None,0,0,0,550,0,0,0,0,0.002,0.004,0.003,2.37,15.61,8.37,79.3,Normal
03:27.1,Подгорица,Tekirdağ,None,0,0,0,550,0,0,0,0,-0.001,-0.002,-0.002,2.37,15.61,8.37,79.3,Normal
03:28.1,Подгорица,Tekirdağ,None,0,0,0,550,0,0,0,0,0,0.001,0,2.37,15.61,8.37,79.3,Normal
03:29.2,Подгорица,Tekirdağ,None,0,0,0,550,0,0,0,0,0.001,0.001,0,2.37,15.61,8.37,79.3,Normal
03:30.1,Подгорица,Tekirdağ,None,0,0,0,550,0,0,0,0,0,-0.001,0,2.37,15.61,8.37,79.3,Normal
03:40.2,Подгорица,Tekirdağ,None,0,0,0,0,0,0,0,0,0,-0.004,0.002,2.37,15.61,8.37,79.3,Normal
03:41.1,Подгорица,Tekirdağ,None,0,0,0,0,0,0,0,0,-0.001,-0.001,-0.001,2.37,15.61,8.37,79.3,Normal
03:42.1,Подгорица,Tekirdağ,None,0,0,0,0,0,0,0,0,0,-0.001,0,2.37,15.61,8.37,79.3,Normal
03:43.2,Подгорица,Tekirdağ,None,0,0,0,0,0,0,0,0,0,0,-0.004,2.37,15.61,8.37,79.3,Normal
03:44.1,Подгорица,Tekirdağ,None,0,0,0,0,0,0,0,0,0,-0.001,0.001,2.37,15.61,8.37,79.3,Normal
03:45.2,Подгорица,Tekirdağ,None,0,0,0,550,0,0,0,0,0.001,0.001,0,2.37,15.61,8.37,79.3,Normal
03:46.2,Подгорица,Tekirdağ,None,0,0,0,550,0,0,0,0,0.002,-0.003,0,2.37,15.61,8.37,79.3,Normal
03:47.1,Подгорица,Tekirdağ,None,0,0,0,550,0,0,0,0,0.003,0.002,0,2.37,15.61,8.37,79.3,Normal
03:48.1,Подгорица,Tekirdağ,None,0,0,0,550,0,0,0,0,0.001,0.004,-0.001,2.37,15.61,8.37,79.3,Normal
03:49.2,Подгорица,Tekirdağ,None,0,0,0,550,1,0,0,0,0.001,0,0.003,2.37,15.61,8.37,79.3,Normal
03:50.1,Подгорица,Tekirdağ,None,0,0,0,550,1,0,0,0,0,0,0,2.37,15.61,8.37,79.3,Normal
03:51.2,Подгорица,Tekirdağ,None,0,0,0,550,1,0,0,0,-0.001,-0.002,0,2.37,15.61,8.37,79.3,Normal
03:52.2,Подгорица,Tekirdağ,None,0,0,0,550,1,0,0,0,0.001,-0.001,0.002,2.37,15.61,8.37,79.3,Normal
03:53.2,Подгорица,Tekirdağ,None,0,0,0,550,1,0,0,0,0.001,0,0,2.37,15.61,8.37,79.3,Normal
03:54.1,Подгорица,Tekirdağ,None,0,0,0,550,1,0,0,0,-0.002,0,0,2.37,15.61,8.37,79.3,Normal
03:55.1,Подгорица,Tekirdağ,None,0,0,0,550,1,0,0,0,0,-0.001,0,2.37,15.61,8.37,79.3,Normal
03:56.1,Подгорица,Tekirdağ,None,0,0,0,550,1,0,0,0,0,0,0,2.37,15.61,8.37,79.3,Normal
03:57.1,Подгорица,Tekirdağ,None,0,0,0,550,1,0,0,0,0.001,-0.001,0,2.37,15.61,8.37,79.3,Normal
03:58.1,Подгорица,Tekirdağ,None,0,0,0,550,1,0,0,0,0.001,-0.001,0,2.37,15.61,8.37,79.3,Normal
03:59.1,Подгорица,Tekirdağ,None,0,0,0,550,1,0,0,0,0.001,0.002,0,2.37,15.61,8.37,79.3,Normal
04:00.1,Подгорица,Tekirdağ,None,0,0,0,550,1,0,0,0,-0.001,0,0,2.37,15.61,8.37,79.3,Normal
04:01.1,Подгорица,Tekirdağ,None,0,0,0,550,1,0,0,0,-0.001,-0.002,0,2.37,15.61,8.37,79.3,Normal
04:02.1,Подгорица,Tekirdağ,None,0,0,0,550,1,0,0,0,0,0,0,2.37,15.61,8.37,79.3,Normal
04:03.1,Подгорица,Tekirdağ,None,0,0,0,550,1,0,0,0,0,0,0,2.37,15.61,8.37,79.3,Normal
04:04.1,Подгорица,Tekirdağ,None,0,0,0,550,1,0,0,0,-0.001,0,0,2.37,15.61,8.37,79.3,Normal
04:05.2,Подгорица,Tekirdağ,None,0,0,0,550,1,0,0,0,0.001,0,0,2.37,15.61,8.37,79.3,Normal
04:06.2,Подгорица,Tekirdağ,None,0,0,0,550,1,0,0,0,-0.001,-0.001,0,2.37,15.61,8.37,79.3,Normal
04:07.1,Подгорица,Tekirdağ,None,0,0,0,550,1,0,0,0,-0.001,0,0,2.37,15.61,8.37,79.3,Normal
04:08.1,Подгорица,Tekirdağ,None,0,0,0,550,1,0,0,0,0.003,0.005,0,2.37,15.61,8.37,79.3,Normal
04:09.1,Подгорица,Tekirdağ,None,0,0,0,550,1,0,0,0,0,0,0,2.37,15.61,8.37,79.3,Normal
04:10.2,Подгорица,Tekirdağ,None,0,0,0,550,1,0,0,0,-0.002,-0.001,0,2.37,15.61,8.37,79.3,Normal
04:11.2,Подгорица,Tekirdağ,None,0,0,0,550,1,0,0,0,0,0.001,0,2.37,15.61,8.37,79.3,Normal
04:12.2,Подгорица,Tekirdağ,None,0,0,0,550,1,0,0,0,-0.002,-0.002,0,2.37,15.61,8.37,79.3,Normal
04:13.1,Подгорица,Tekirdağ,None,0,0,0,550,1,0,0,0,0.002,-0.001,0,2.37,15.61,8.37,79.3,Normal
04:14.2,Подгорица,Tekirdağ,None,0,0,0,550,1,0,0,0,0,-0.001,0,2.37,15.61,8.37,79.3,Normal
04:15.1,Подгорица,Tekirdağ,None,0,0,0,550,1,0,0,0,0.001,0.002,0,2.37,15.61,8.37,79.3,Normal
04:16.2,Подгорица,Tekirdağ,None,0,0,0,550,1,0,0,0,0.001,0,0,2.37,15.61,8.37,79.3,Normal
04:17.2,Подгорица,Tekirdağ,None,0,0,0,550,1,0,0,0,-0.001,0,0,2.37,15.61,8.37,79.3,Normal
04:18.2,Подгорица,Tekirdağ,None,0,0,0,550,1,0,0,0,-0.001,0,0,2.37,15.61,8.37,79.3,Normal
04:19.2,Подгорица,Tekirdağ,None,0,0,0,550,1,0,0,0,0,0,0,2.37,15.61,8.37,79.3,Normal
04:20.2,Подгорица,Tekirdağ,None,0,0,0,550,1,0,0,0,0.001,0,0,2.37,15.61,8.37,79.3,Normal
04:21.2,Подгорица,Tekirdağ,None,0,0,0,550,1,0,0,0,0.002,0.004,0,2.37,15.61,8.37,79.3,Normal
04:22.2,Подгорица,Tekirdağ,None,0,0,0,550,1,0,0,0,0.001,-0.001,0,2.37,15.61,8.37,79.3,Normal
04:23.2,Подгорица,Tekirdağ,None,0,0,0,550,1,0,0,0,0.001,0.002,0,2.37,15.61,8.37,79.3,Normal
04:24.2,Подгорица,Tekirdağ,None,0,0,0,550,1,0,0,0,0,-0.001,0,2.37,15.61,8.37,79.3,Normal
04:25.2,Подгорица,Tekirdağ,None,0,0,0,550,1,0,0,0,-0.001,-0.004,0,2.37,15.61,8.37,79.3,Normal
04:26.2,Подгорица,Tekirdağ,None,0,0,0,550,1,0,0,0,0.001,0,0,2.37,15.61,8.37,79.3,Normal
04:27.2,Подгорица,Tekirdağ,None,0,0,0,550,1,0,0,0,0,0,0,2.37,15.61,8.37,79.3,Normal
04:28.2,Подгорица,Tekirdağ,None,0,0,0,550,1,0,0,0,0,0.001,0,2.37,15.61,8.37,79.3,Normal
04:29.2,Подгорица,Tekirdağ,None,0,0,0,550,1,0,0,0,0,-0.001,0,2.37,15.61,8.37,79.3,Normal
04:30.2,Подгорица,Tekirdağ,None,0,0,0,550,1,0,0,0,0,0,0,2.37,15.61,8.37,79.3,Normal
04:31.2,Подгорица,Tekirdağ,None,0,0,0,550,1,0,0,0,-0.001,-0.001,0,2.37,15.61,8.37,79.3,Normal
04:32.2,Подгорица,Tekirdağ,None,0,0,0,550,1,0,0,0,0,0,0,2.37,15.61,8.37,79.3,Normal
04:33.2,Подгорица,Tekirdağ,None,0,0,0,550,1,0,0,0,0.002,0.003,0,2.37,15.61,8.37,79.3,Normal
04:34.2,Подгорица,Tekirdağ,None,0,0,0,550,1,0,0,0,0,0,0,2.37,15.61,8.37,79.3,Normal
04:35.2,Подгорица,Tekirdağ,None,0,0,0,550,1,0,0,0,-0.002,-0.001,0,2.37,15.61,8.37,79.3,Normal
04:36.2,Подгорица,Tekirdağ,None,0,0,0,550,1,0,0,0,0,-0.001,0,2.37,15.61,8.37,79.3,Normal
04:37.2,Подгорица,Tekirdağ,None,0,0,0,550,1,0,0,0,0,0,0,2.37,15.61,8.37,79.3,Normal
04:38.2,Подгорица,Tekirdağ,None,0,0,0,550,1,0,0,0,0.001,0.002,0,2.37,15.61,8.37,79.3,Normal
04:39.2,Подгорица,Tekirdağ,None,0,0,0,550,1,0,0,0,0,-0.003,0,2.37,15.61,8.37,79.3,Normal
04:40.2,Подгорица,Tekirdağ,None,0,0,0,550,1,0,0,0,0.001,-0.002,0,2.37,15.61,8.37,79.3,Normal
04:41.2,Подгорица,Tekirdağ,None,0,0,0,550,1,0,0,0,0,0.002,0,2.37,15.61,8.37,79.3,Normal
04:42.2,Подгорица,Tekirdağ,None,0,0,0,550,1,0,0,0,-0.001,0,0,2.37,15.61,8.37,79.3,Normal
04:43.2,Подгорица,Tekirdağ,None,0,0,0,550,1,0,0,0,0,0,0,2.37,15.61,8.37,79.3,Normal
04:44.2,Подгорица,Tekirdağ,None,0,0.3,0,750.2,1,0.43,0,0,0,-0.009,-0.377,2.37,15.61,8.37,79.3,Normal
04:45.2,Подгорица,Tekirdağ,None,0,2.9,0,553.3,1,0,0,0,0.034,0.051,-0.265,2.37,15.61,8.37,79.3,Normal
04:46.2,Подгорица,Tekirdağ,None,0,2.9,0,611.6,1,0.04,0,0,0.054,-0.006,-0.006,2.37,15.61,8.37,79.3,Normal
04:47.2,Подгорица,Tekirdağ,None,0,2.9,0,632,1,0.04,0,0,-0.007,-0.007,-0.042,2.37,15.61,8.37,79.3,Normal
04:48.2,Подгорица,Tekirdağ,None,0,2.7,0,551.3,1,0,0,0,-0.034,0.029,0.155,2.37,15.61,8.37,79.3,Normal
04:49.2,Подгорица,Tekirdağ,None,0,2.5,0,548.5,1,0,0,0,0.026,-0.005,0.024,2.37,15.61,8.37,79.3,Normal
04:50.2,Подгорица,Tekirdağ,None,0,2.5,0,548.5,1,0,0,0,0.011,-0.001,-0.001,2.37,15.61,8.37,79.3,Normal
04:51.2,Подгорица,Tekirdağ,None,0,4.1,0,931.9,1,0.42,0,0,-0.006,-0.108,-1.161,2.37,15.61,8.37,79.3,Normal
04:52.2,Подгорица,Tekirdağ,None,0,7.6,0,1451.2,1,0.51,0,0,-0.002,0.041,-0.377,2.37,15.61,8.37,79.3,Normal
04:53.2,Подгорица,Tekirdağ,None,0,7.9,0,1014.6,3,0.45,0,-1,0.194,0.069,-0.196,2.37,15.61,8.37,79.3,Normal
04:54.2,Подгорица,Tekirdağ,None,0,10.4,0,1333,3,0.2,0,0,0.011,-0.037,-0.812,2.37,15.61,8.37,79.3,Normal
04:55.2,Подгорица,Tekirdağ,None,0,10.4,0,1307.2,3,0,0,0,-0.027,0.025,0.218,2.37,15.61,8.37,79.3,Normal
04:56.2,Подгорица,Tekirdağ,None,0,9.6,0,1198.3,3,0,0,0,-0.023,-0.001,0.251,2.37,15.61,8.37,79.3,Normal
04:57.2,Подгорица,Tekirdağ,None,0,8.7,0,1092.6,3,0,0,0,-0.015,-0.002,0.245,2.37,15.61,8.37,79.3,Normal
04:58.2,Подгорица,Tekirdağ,None,0,7.9,0,981.2,3,0,0,0,-0.01,0,0.239,2.37,15.61,8.37,79.3,Normal
04:59.2,Подгорица,Tekirdağ,None,0,7,0,878.4,3,0.2,0,-1,-0.006,0.005,0.232,2.37,15.61,8.37,79.3,Normal
05:00.2,Подгорица,Tekirdağ,None,0,7.8,0,984,3,0,0,-1,0.012,-0.102,-0.363,2.37,15.61,8.37,79.3,Normal
05:01.2,Подгорица,Tekirdağ,None,0,9,0,1168.5,3,0.49,0,-1,0.022,-0.057,-0.787,2.37,15.61,8.37,79.3,Normal
05:02.2,Подгорица,Tekirdağ,None,0,12,0,1432.5,3,0.52,0,-1,0.013,-0.038,-0.457,2.37,15.61,8.37,79.2,Normal
05:03.2,Подгорица,Tekirdağ,None,0,12.2,0,968.5,5,0.53,0,-1,0.12,0.021,-0.001,2.37,15.61,8.37,79.2,Normal
05:04.2,Подгорица,Tekirdağ,None,0,14.8,0,1204.8,5,0.86,0,-1,0.249,-0.034,-1.137,2.37,15.61,8.37,79.2,Normal
05:05.2,Подгорица,Tekirdağ,None,0,16.9,0,1324.6,5,0,0,-1,0.208,0.082,0.028,2.37,15.61,8.37,79.2,Normal
05:06.2,Подгорица,Tekirdağ,None,0,17.2,0,1350.9,5,0,0,-1,-0.02,-0.185,-0.126,2.37,15.61,8.37,79.2,Normal
05:07.2,Подгорица,Tekirdağ,None,0,16.6,0,1299.1,5,0.28,0,1,0.076,0.023,0.253,2.37,15.61,8.37,79.2,Normal
05:08.2,Подгорица,Tekirdağ,None,0,16.4,0,1298.9,5,0.27,0,1,-0.165,0.525,-0.007,2.37,15.61,8.37,79.2,Normal
05:09.2,Подгорица,Tekirdağ,None,0,17.6,0,1404.9,5,0.62,0,1,-0.263,-0.107,-0.671,2.37,15.61,8.37,79.2,Normal
05:10.2,Подгорица,Tekirdağ,None,0,18.8,0,964.7,7,0.62,0,1,-0.219,0.025,-0.02,2.37,15.61,8.37,79.2,Normal
05:11.2,Подгорица,Tekirdağ,None,0,19.4,0,931.1,7,0.61,0,1,-0.082,-0.037,-0.48,2.37,15.61,8.37,79.2,Normal
05:12.2,Подгорица,Tekirdağ,None,0,21.7,0,1044.6,7,0.56,0,1,-0.033,-0.032,-0.752,2.37,15.61,8.37,79.1,Normal
05:13.2,Подгорица,Tekirdağ,None,0,24.3,0,1163.1,7,0.45,0,1,-0.034,0.007,-0.717,2.37,15.61,8.37,79.1,Normal
05:14.2,Подгорица,Tekirdağ,None,0,26.2,0,1241.4,7,0,0,1,-0.008,0.053,-0.347,2.37,15.61,8.37,79.1,Normal
05:15.2,Подгорица,Tekirdağ,None,0,27.2,0,1289.3,7,0,0,1,0.023,0.026,-0.303,2.37,15.61,8.37,79.1,Normal
05:16.2,Подгорица,Tekirdağ,None,0,28.3,0,1343.4,7,0,0,1,0.095,0.018,-0.318,2.38,15.62,8.37,79.1,Normal
05:17.2,Подгорица,Tekirdağ,None,0,29.4,0,1391,7,0,0,1,-0.011,0.043,-0.279,2.38,15.62,8.37,79.1,Normal
05:18.2,Подгорица,Tekirdağ,None,0,30.3,0,1317.6,7,0,0,1,-0.063,0.009,-0.3,2.38,15.62,8.37,79.1,Normal
05:19.2,Подгорица,Tekirdağ,None,0,31.6,0,1159.4,8,0,0,1,-0.021,0.003,-0.303,2.38,15.62,8.37,79.1,Normal
05:20.2,Подгорица,Tekirdağ,None,0,32.1,0,1175.3,8,0,0,1,-0.075,0.056,0.098,2.38,15.62,8.37,79.1,Normal
05:21.2,Подгорица,Tekirdağ,None,0,30.7,0,1119.7,8,0,0,1,0.014,0.048,0.701,2.38,15.62,8.37,79.1,Normal
05:22.2,Подгорица,Tekirdağ,None,0,29.1,0,1061.8,8,0,0.14,1,-0.01,-0.009,0.495,2.38,15.62,8.38,79.1,Normal
05:23.2,Подгорица,Tekirdağ,None,0,28.6,0,1048.1,8,0,0,0,0.122,-0.025,-0.096,2.38,15.62,8.38,79.1,Normal
05:24.2,Подгорица,Tekirdağ,None,0,29.1,0,1068.7,8,0,0,-1,0.185,-0.01,-0.178,2.38,15.62,8.38,79.1,Normal
05:25.2,Подгорица,Tekirdağ,None,0,29.8,0,1093.2,8,0,0,-1,0.225,-0.005,-0.197,2.38,15.62,8.38,79.1,Normal
05:26.2,Подгорица,Tekirdağ,None,0,30.4,0,1117.2,8,0,0,0,0.011,0.008,-0.155,2.38,15.62,8.38,79.1,Normal
05:27.2,Подгорица,Tekirdağ,None,0,30.8,0,1131.2,8,0,0,0,-0.072,0.022,-0.106,2.38,15.62,8.38,79.1,Normal
05:28.2,Подгорица,Tekirdağ,None,0,30.5,0,1116.2,8,0,0.13,-1,0.025,0.025,0.353,2.38,15.62,8.38,79.1,Normal
05:29.2,Подгорица,Tekirdağ,None,0,29,0,1059.3,8,0,0.15,-1,0.045,-0.025,0.435,2.38,15.62,8.38,79.1,Normal
05:30.2,Подгорица,Tekirdağ,None,0,27.6,0,1006.3,8,0,0.35,-1,0.187,-0.008,0.597,2.38,15.62,8.38,79.1,Normal
05:31.2,Подгорица,Tekirdağ,None,0,25.2,0,919.6,8,0,0.17,-1,0.022,-0.03,0.477,2.38,15.62,8.38,79.1,Normal
05:32.2,Подгорица,Tekirdağ,None,0,24.9,0,913,8,0,0,-1,0.052,-0.037,-0.202,2.38,15.62,8.38,79.1,Normal
05:33.2,Подгорица,Tekirdağ,None,0,25.8,0,945.5,8,0,0.07,-1,0.092,-0.059,-0.179,2.38,15.62,8.38,79.1,Normal
05:34.2,Подгорица,Tekirdağ,None,0,26.1,0,952.6,8,0,0.2,-1,0.069,-0.035,0.105,2.38,15.62,8.38,79.1,Normal
05:35.2,Подгорица,Tekirdağ,None,0,23.9,0,859.5,8,0,0,-1,0.001,0.098,0.77,2.38,15.62,8.38,79.1,Normal
05:36.2,Подгорица,Tekirdağ,None,0,22.1,0,1034.8,7,0,0.13,-1,0.062,0.077,0.953,2.38,15.63,8.38,79.1,Normal
05:37.2,Подгорица,Tekirdağ,None,0,18.2,0,838.4,7,0,0.39,-1,0.139,0.004,1.742,2.38,15.63,8.38,79.1,Normal
05:38.2,Подгорица,Tekirdağ,None,0,16.2,0,1268.6,5,0,0,-1,0.037,-0.022,0.006,2.38,15.63,8.38,79.1,Normal
05:39.2,Подгорица,Tekirdağ,None,0,16.7,0,1324.3,5,0.23,0,-1,0.106,-0.024,-0.364,2.38,15.63,8.38,79.1,Normal
05:40.2,Подгорица,Tekirdağ,None,0,18.2,0,1447.8,5,0.24,0,0,-0.075,-0.02,-0.477,2.38,15.63,8.38,79.1,Normal
05:41.2,Подгорица,Tekirdağ,None,0,19,0,899.1,7,0.16,0,-1,-0.114,0.04,-0.148,2.38,15.63,8.38,79.1,Normal
05:42.2,Подгорица,Tekirdağ,None,0,20.1,0,957.6,7,0.16,0,-1,-0.006,-0.011,-0.425,2.38,15.63,8.38,79.1,Normal
05:43.2,Подгорица,Tekirdağ,None,0,21.1,0,998.9,7,0,0,-1,0.064,0.053,-0.153,2.38,15.63,8.38,79.1,Normal
05:44.2,Подгорица,Tekirdağ,None,0,21.4,0,1011.9,7,0,0,-1,0.051,-0.027,-0.049,2.38,15.63,8.38,79.1,Normal
05:45.2,Подгорица,Tekirdağ,None,0,22,0,1047.1,7,0.54,0,-1,-0.023,-0.162,-0.355,2.38,15.63,8.38,79.1,Normal
05:46.2,Подгорица,Tekirdağ,None,0,24,0,1148.2,7,0.59,0,-1,0.053,-0.067,-0.729,2.38,15.63,8.38,79.1,Normal
05:47.2,Подгорица,Tekirdağ,None,0,26.2,0,1252,7,0.48,0,0,-0.129,-0.001,-0.508,2.38,15.63,8.38,79.1,Normal
05:48.2,Подгорица,Tekirdağ,None,0,27.6,0,1318.6,7,0.63,0,0,-0.109,-0.008,-0.355,2.38,15.63,8.38,79,Normal
05:49.2,Подгорица,Tekirdağ,None,0,29.1,0,1391,7,0.69,0,1,-0.097,0.01,-0.483,2.38,15.63,8.38,79,Normal
05:50.2,Подгорица,Tekirdağ,None,0,30.2,0,1250.8,7,0.69,0,0,-0.032,0.104,0.037,2.38,15.63,8.38,79,Normal
05:51.2,Подгорица,Tekirdağ,None,0,29.7,0,1093,8,0.69,0,0,-0.015,-0.027,0.026,2.38,15.63,8.38,79,Normal
05:52.2,Подгорица,Tekirdağ,None,0,30.3,0,1117.9,8,0.69,0,0,-0.002,-0.007,-0.234,2.38,15.63,8.38,79,Normal
05:53.2,Подгорица,Tekirdağ,None,0,31.1,0,1148.1,8,0.73,0,1,-0.036,0.007,-0.228,2.38,15.64,8.38,79,Normal
05:54.2,Подгорица,Tekirdağ,None,0,31.9,0,1177,8,0.79,0,1,-0.027,0.02,-0.232,2.38,15.64,8.38,78.9,Normal
05:55.2,Подгорица,Tekirdağ,None,0,32.6,0,1198.4,8,0,0,1,-0.142,-0.012,-0.118,2.38,15.64,8.38,78.9,Normal
05:56.2,Подгорица,Tekirdağ,None,0,31.5,0,1155.7,8,0.56,0,1,-0.031,0.009,0.401,2.38,15.64,8.38,78.9,Normal
05:57.2,Подгорица,Tekirdağ,None,0,30.8,0,1132.4,8,0.7,0,1,-0.017,-0.004,0.126,2.38,15.64,8.38,78.9,Normal
05:58.2,Подгорица,Tekirdağ,None,0,30.1,0,1102.4,8,0,0,1,-0.035,0.02,0.34,2.38,15.64,8.38,78.9,Normal
05:59.2,Подгорица,Tekirdağ,None,0,28.9,0,1055.2,8,0,0,1,-0.023,-0.004,0.338,2.38,15.64,8.38,78.9,Normal
06:00.2,Подгорица,Tekirdağ,None,0,27.8,0,1019.2,8,0,0,1,0.106,-0.004,0.272,2.38,15.64,8.38,78.9,Normal
06:01.2,Подгорица,Tekirdağ,None,0,27,0,990.4,8,0,0,-1,0.189,0.003,0.212,2.38,15.64,8.38,78.9,Normal
06:02.2,Подгорица,Tekirdağ,None,0,26.3,0,965.2,8,0,0,-1,0.275,0.024,0.221,2.38,15.64,8.38,78.9,Normal
06:03.2,Подгорица,Tekirdağ,None,0,25.8,0,944.9,8,0,0,-1,0.297,0.013,0.142,2.38,15.64,8.38,78.9,Normal
06:04.2,Подгорица,Tekirdağ,None,0,25.7,0,944.6,8,0.26,0,-1,-0.104,-0.026,-0.079,2.38,15.64,8.38,78.9,Normal
06:05.2,Подгорица,Tekirdağ,None,0,26.1,50,964,8,0.36,0,-1,-0.157,-0.014,-0.168,2.38,15.64,8.38,78.9,Normal
06:06.2,Подгорица,Tekirdağ,None,0,27,50,974.5,8,1,0,0,-0.122,-0.036,-0.263,2.38,15.64,8.38,78.9,Normal
06:07.2,Подгорица,Tekirdağ,None,0,27,50,1280.6,7,1,0,0,-0.073,-0.015,0.06,2.38,15.64,8.38,78.9,Normal
06:08.2,Подгорица,Tekirdağ,None,0,28.9,50,1382.3,7,1,0,1,-0.184,-0.011,-0.761,2.38,15.64,8.38,78.8,Normal
06:09.2,Подгорица,Tekirdağ,None,0,31.6,50,1497.3,7,0.92,0,1,-0.112,-0.048,-0.678,2.38,15.64,8.38,78.8,Normal
06:10.2,Подгорица,Tekirdağ,None,0,32,50,1174.3,8,0.91,0,1,0.022,0.013,0.028,2.38,15.64,8.38,78.8,Normal
06:11.2,Подгорица,Tekirdağ,None,0,33.1,50,1226.6,8,0.92,0,0,0.025,-0.034,-0.546,2.38,15.64,8.38,78.8,Normal
06:12.2,Подгорица,Tekirdağ,None,0,35.2,50,1302.1,8,0.89,0,0,0.018,0.006,-0.598,2.38,15.64,8.38,78.8,Normal
06:13.2,Подгорица,Tekirdağ,None,0,37.3,70,1379.8,8,0.95,0,0,0.01,0.019,-0.587,2.38,15.65,8.38,78.7,Normal
06:14.2,Подгорица,Tekirdağ,None,0,39.4,70,1455.9,8,0.93,0,-1,0.022,-0.004,-0.594,2.38,15.65,8.38,78.7,Normal
06:15.2,Подгорица,Tekirdağ,None,0,40.7,70,1249,8,0.92,0,-1,0.153,0.1,-0.064,2.38,15.65,8.38,78.7,Normal
06:16.2,Подгорица,Tekirdağ,None,0,40.9,70,1176.9,9,0.93,0,-1,-0.032,-0.08,-0.249,2.38,15.65,8.38,78.7,Normal
06:17.2,Подгорица,Tekirdağ,None,0,42.4,70,1223,9,0.96,0,0,-0.025,0.04,-0.475,2.38,15.65,8.38,78.6,Normal
06:18.2,Подгорица,Tekirdağ,None,0,44.1,70,1270,9,0.93,0,0,-0.03,-0.034,-0.47,2.38,15.65,8.38,78.6,Normal
06:19.2,Подгорица,Tekirdağ,None,0,45.7,70,1316.5,9,0.93,0,-1,0.068,-0.052,-0.462,2.38,15.65,8.38,78.6,Normal
06:20.2,Подгорица,Tekirdağ,None,0,47.4,70,1365.5,9,0.95,0,0,-0.021,0.005,-0.483,2.38,15.65,8.38,78.5,Normal
06:21.2,Подгорица,Tekirdağ,None,0,49.3,70,1418.1,9,0.96,0,1,-0.026,-0.024,-0.511,2.38,15.65,8.38,78.5,Normal
06:22.2,Подгорица,Tekirdağ,None,0,51,70,1468.1,9,0.93,0,0,0.002,0.008,-0.522,2.38,15.66,8.38,78.5,Normal
06:23.2,Подгорица,Tekirdağ,None,0,51.9,70,1150.6,10,0.97,0,1,0,0.091,-0.074,2.38,15.66,8.38,78.5,Normal
06:24.2,Подгорица,Tekirdağ,None,0,52.7,70,1174.8,10,0.97,0,1,-0.025,-0.033,-0.418,2.38,15.66,8.38,78.5,Normal
06:25.2,Подгорица,Tekirdağ,None,0,54.5,70,1214.6,10,0.95,0,0,-0.015,-0.101,-0.524,2.38,15.66,8.38,78.4,Normal
06:26.2,Подгорица,Tekirdağ,None,0,56.3,70,1255.8,10,0.9,0,0,0.021,-0.028,-0.57,2.38,15.66,8.38,78.4,Normal
06:27.2,Подгорица,Tekirdağ,None,0,58.4,70,1301.4,10,0.99,0,1,-0.035,0.048,-0.578,2.38,15.66,8.38,78.4,Normal
06:28.2,Подгорица,Tekirdağ,None,0,60.3,70,1345.4,10,1,0,1,-0.007,0.015,-0.54,2.38,15.66,8.38,78.3,Normal
06:29.2,Подгорица,Tekirdağ,None,0,62.1,70,1384.4,10,0.98,0,0,0.026,-0.033,-0.498,2.38,15.66,8.38,78.3,Normal
06:30.2,Подгорица,Tekirdağ,None,0,63.9,70,1424.6,10,1,0,1,0,0.043,-0.497,2.38,15.66,8.38,78.3,Normal
06:31.2,Подгорица,Tekirdağ,None,0,65.5,70,1459.7,10,0.97,0,0,0.02,0.009,-0.443,2.38,15.66,8.38,78.2,Normal
06:32.2,Подгорица,Tekirdağ,None,0,66.2,70,1185,11,1,0,1,-0.131,0.015,-0.045,2.38,15.67,8.38,78.2,Normal
06:33.2,Подгорица,Tekirdağ,None,0,66.8,70,1200.5,11,0.91,0,0,0.045,-0.035,-0.291,2.38,15.67,8.38,78.2,Normal
06:34.2,Подгорица,Tekirdağ,None,0,67.9,70,1220.6,11,0.93,0,0,0.032,0.019,-0.313,2.38,15.67,8.38,78.2,Normal
06:35.2,Подгорица,Tekirdağ,None,0,69,70,1241.4,11,0.9,0,0,-0.001,-0.041,-0.331,2.38,15.67,8.38,78.2,Normal
06:36.2,Подгорица,Tekirdağ,None,0,70.1,70,1259.6,11,0.9,0,0,-0.004,-0.041,-0.292,2.38,15.67,8.38,78.1,Normal
06:37.2,Подгорица,Tekirdağ,None,0,70.9,70,1269.4,11,0,0,0,0.01,0.159,-0.075,2.38,15.67,8.38,78.1,Normal
06:38.2,Подгорица,Tekirdağ,None,0,70.9,70,1269.5,11,0,0,0,0.006,0.01,0.009,2.38,15.67,8.38,78.1,Normal
06:39.2,Подгорица,Tekirdağ,None,0,71,70,1270.2,11,0,0,1,-0.033,-0.09,-0.03,2.38,15.67,8.38,78.1,Normal
06:40.2,Подгорица,Tekirdağ,None,0,71,70,1270.9,11,0,0,1,-0.012,-0.024,-0.015,2.38,15.68,8.38,78.1,Normal
06:41.2,Подгорица,Tekirdağ,None,0,71.1,70,1272.2,11,0,0,0,-0.024,0.08,-0.019,2.38,15.68,8.38,78.1,Normal
06:42.2,Подгорица,Tekirdağ,None,0,71.2,70,1273.6,11,0,0,1,-0.071,-0.053,-0.028,2.38,15.68,8.38,78.1,Normal
06:43.2,Подгорица,Tekirdağ,None,0,71.2,70,1274.2,11,0,0,1,-0.019,-0.076,-0.035,2.38,15.68,8.38,78.1,Normal
06:44.2,Подгорица,Tekirdağ,None,0,70.4,70,1256.2,11,0,0.2,1,-0.033,-0.02,0.556,2.38,15.68,8.38,78.1,Normal
06:45.2,Подгорица,Tekirdağ,None,0,66.6,60,1185.4,11,0,0.38,1,-0.03,0.16,1.475,2.38,15.68,8.38,78.1,Speeding
06:46.2,Подгорица,Tekirdağ,None,0,63.1,60,1128,11,0,0,0,0.077,0.225,0.56,2.38,15.69,8.38,78.1,Normal
06:47.2,Подгорица,Tekirdağ,None,0,62.5,60,1118.3,11,0,0,0,0.013,0.024,0.09,2.38,15.69,8.38,78.1,Normal
06:48.2,Подгорица,Tekirdağ,None,0,62.2,60,1112.9,11,0,0,0,-0.001,0.012,0.114,2.38,15.69,8.38,78.1,Normal
06:49.2,Подгорица,Tekirdağ,None,0,61.8,60,1106.5,11,0,0,1,-0.075,0.081,0.1,2.38,15.69,8.38,78.1,Normal
06:50.2,Подгорица,Tekirdağ,None,0,61.5,60,1099.6,11,0,0,0,-0.024,-0.034,0.097,2.38,15.69,8.38,78.1,Normal
06:51.2,Подгорица,Tekirdağ,None,0,61.1,60,1092.9,11,0,0,1,-0.02,-0.061,0.105,2.38,15.69,8.38,78.1,Normal
06:52.2,Подгорица,Tekirdağ,None,0,60.7,60,1086.4,11,0,0,0,0.017,-0.012,0.092,2.38,15.69,8.38,78.1,Normal
06:53.2,Подгорица,Tekirdağ,None,0,60.3,60,1079.4,11,0,0,0,0.031,-0.004,0.106,2.38,15.69,8.38,78.1,Normal
06:54.2,Подгорица,Tekirdağ,None,0,60.1,60,1076.4,11,0,0,0,0.009,-0.014,0.042,2.38,15.69,8.38,78.1,Normal
06:55.2,Подгорица,Tekirdağ,None,0,60.1,60,1077.8,11,0,0,0,0.006,-0.028,-0.033,2.38,15.7,8.38,78.1,Normal
06:56.2,Подгорица,Tekirdağ,None,0,60.2,60,1079.5,11,0,0,0,0.018,0.025,-0.023,2.38,15.7,8.38,78.1,Normal
06:57.2,Подгорица,Tekirdağ,None,0,60.3,60,1080.4,11,0,0,0,0.013,0.021,-0.013,2.38,15.7,8.38,78.1,Normal
06:58.2,Подгорица,Tekirdağ,None,0,60.3,60,1080.4,11,0,0,0,-0.003,0.046,-0.001,2.38,15.7,8.38,78.1,Normal
06:59.2,Подгорица,Tekirdağ,None,0,60.3,60,1080.6,11,0,0,0,0,-0.02,-0.001,2.38,15.7,8.38,78.1,Normal
07:00.2,Подгорица,Tekirdağ,None,0,60.3,60,1080.4,11,0,0,0,0.007,0.032,0.003,2.38,15.7,8.38,78.1,Normal
07:01.2,Подгорица,Tekirdağ,None,0,60.3,60,1080.6,11,0,0,0,0.004,0.002,-0.005,2.38,15.7,8.38,78.1,Normal
07:02.2,Подгорица,Tekirdağ,None,0,60.3,60,1080.7,11,0,0,0,0.011,0.011,-0.005,2.38,15.7,8.38,78.1,Normal
07:03.2,Подгорица,Tekirdağ,None,0,60.3,60,1080.6,11,0,0,0,0.003,-0.026,-0.001,2.38,15.7,8.38,78.1,Normal
07:04.2,Подгорица,Tekirdağ,None,0,60.3,60,1080.4,11,0,0,0,-0.006,0.021,0.002,2.38,15.7,8.38,78,Normal
07:05.2,Подгорица,Tekirdağ,None,0,60.3,60,1080.7,11,0,0,1,-0.013,0.042,-0.01,2.39,15.71,8.38,78,Normal
07:06.2,Подгорица,Tekirdağ,None,0,60.3,60,1080.4,11,0,0,1,-0.043,0.004,0.01,2.39,15.71,8.38,78,Normal
07:07.2,Подгорица,Tekirdağ,None,0,60.3,60,1080.7,11,0,0,-1,0.127,0.112,-0.006,2.39,15.71,8.38,78,Normal
07:08.2,Подгорица,Tekirdağ,None,0,60.3,60,1082.9,11,0.65,0,-1,-0.004,0.08,-0.039,2.39,15.71,8.38,78,Normal
07:09.2,Подгорица,Tekirdağ,None,0,60.8,70,1093.1,11,0.75,0,-1,0.011,-0.097,-0.186,2.39,15.71,8.38,78,Normal
07:10.2,Подгорица,Tekirdağ,None,0,61.6,70,1106.3,11,0.56,0,0,0.006,-0.051,-0.19,2.39,15.71,8.38,78,Normal
07:11.2,Подгорица,Tekirdağ,None,0,62.2,70,1115.9,11,0.4,0,0,-0.01,-0.043,-0.142,2.39,15.72,8.38,78,Normal
07:12.2,Подгорица,Tekirdağ,None,0,62.6,70,1123,11,0.47,0,1,-0.003,-0.001,-0.114,2.39,15.72,8.38,77.9,Normal
07:13.2,Подгорица,Tekirdağ,None,0,63,70,1130.5,11,0.5,0,-1,0.066,-0.095,-0.122,2.39,15.72,8.38,77.9,Normal
07:14.2,Подгорица,Tekirdağ,None,0,63.4,70,1140.1,11,0.85,0,0,0.027,0.024,-0.171,2.39,15.72,8.38,77.9,Normal
07:15.2,Подгорица,Tekirdağ,None,0,64.3,70,1155.2,11,0.82,0,-1,0.009,0.018,-0.257,2.39,15.72,8.38,77.9,Normal
07:16.2,Подгорица,Tekirdağ,None,0,65.2,70,1171.4,11,0.81,0,-1,0.088,-0.04,-0.251,2.39,15.72,8.38,77.9,Normal
07:17.2,Подгорица,Tekirdağ,None,0,66,70,1187.2,11,0.78,0,-1,0.006,-0.008,-0.258,2.39,15.72,8.38,77.8,Normal
07:18.2,Подгорица,Tekirdağ,None,0,66.9,70,1202.3,11,0.79,0,0,-0.056,0.032,-0.245,2.39,15.72,8.38,77.8,Normal
07:19.2,Подгорица,Tekirdağ,None,0,67.7,70,1216.9,11,0.76,0,-1,0.045,0.048,-0.223,2.39,15.72,8.38,77.8,Normal
07:20.2,Подгорица,Tekirdağ,None,0,68.4,70,1228.1,11,0.66,0,-1,0.005,0.03,-0.172,2.39,15.73,8.38,77.8,Normal
07:21.2,Подгорица,Tekirdağ,None,0,68.8,70,1236.1,11,0.74,0,-1,0.008,0,-0.105,2.39,15.73,8.38,77.7,Normal
07:22.2,Подгорица,Tekirdağ,None,0,69.2,70,1242,11,0.73,0,-1,-0.004,-0.042,-0.07,2.39,15.73,8.38,77.7,Normal
07:23.2,Подгорица,Tekirdağ,None,0,69.4,70,1246.8,11,0.92,0,0,-0.087,-0.065,-0.071,2.39,15.73,8.38,77.7,Normal
07:24.2,Подгорица,Tekirdağ,None,0,69.6,70,1251,11,0.81,0,0,-0.025,0.043,-0.065,2.39,15.73,8.38,77.7,Normal
07:25.2,Подгорица,Tekirdağ,None,0,69.4,70,1244.6,11,0,0,-1,0.016,-0.117,0.102,2.39,15.73,8.38,77.7,Normal
07:26.2,Подгорица,Tekirdağ,None,0,69.3,70,1244.9,11,0,0,-1,0.059,-0.032,-0.021,2.39,15.73,8.38,77.6,Normal
07:27.2,Подгорица,Tekirdağ,None,0,69.4,70,1247,11,0,0,-1,0.045,-0.026,-0.03,2.39,15.73,8.38,77.6,Normal
07:28.2,Подгорица,Tekirdağ,None,0,69.5,70,1249.1,11,0,0,0,-0.043,-0.081,-0.029,2.39,15.73,8.38,77.6,Normal
07:29.2,Подгорица,Tekirdağ,None,0,69.6,70,1250.7,11,0,0,0,-0.039,0.012,-0.028,2.39,15.74,8.38,77.5,Normal
07:30.2,Подгорица,Tekirdağ,None,0,69.7,70,1251.6,11,0,0,-1,-0.013,-0.021,-0.01,2.39,15.74,8.38,77.5,Normal
07:31.2,Подгорица,Tekirdağ,None,0,69.7,70,1252.2,11,0,0,0,-0.009,-0.04,-0.008,2.39,15.74,8.38,77.5,Normal
07:32.2,Подгорица,Tekirdağ,None,0,69.7,70,1251.8,11,0,0,1,-0.04,0.008,-0.005,2.39,15.74,8.38,77.5,Normal
07:33.2,Подгорица,Tekirdağ,None,0,69.7,70,1251.6,11,0,0,0,0.022,-0.035,-0.008,2.39,15.74,8.38,77.4,Normal
07:34.2,Подгорица,Tekirdağ,None,0,69.7,70,1252.4,11,0,0,0,0.01,-0.014,-0.018,2.39,15.75,8.38,77.4,Normal
07:35.2,Подгорица,Tekirdağ,None,0,69.8,70,1253.1,11,0,0,1,-0.057,0.062,-0.026,2.39,15.75,8.38,77.4,Normal
07:36.2,Подгорица,Tekirdağ,None,0,69.8,70,1253,11,0,0,1,0.006,-0.093,-0.002,2.39,15.75,8.38,77.4,Normal
07:37.2,Подгорица,Tekirdağ,None,0,69.9,70,1253.5,11,0,0,1,-0.042,-0.016,-0.013,2.39,15.75,8.38,77.3,Normal
07:38.2,Подгорица,Tekirdağ,None,0,69.9,70,1252.8,11,0,0,1,-0.012,-0.039,0.005,2.39,15.75,8.38,77.3,Normal
07:39.2,Подгорица,Tekirdağ,None,0,69.8,70,1251.9,11,0,0,1,0.007,-0.052,0.014,2.39,15.75,8.38,77.3,Normal
07:40.2,Подгорица,Tekirdağ,None,0,69.8,70,1251.2,11,0,0,1,-0.059,0.046,0.02,2.39,15.75,8.38,77.3,Normal
07:41.2,Подгорица,Tekirdağ,None,0,69.8,70,1250.4,11,0,0,1,-0.002,-0.028,0.018,2.39,15.75,8.38,77.3,Normal
07:42.2,Подгорица,Tekirdağ,None,0,69.8,70,1250.2,11,0,0,0,0.059,-0.007,0.005,2.39,15.75,8.38,77.3,Normal
07:43.2,Подгорица,Tekirdağ,None,0,69.8,70,1249.4,11,0,0,0,0.024,0.038,0.011,2.39,15.76,8.38,77.3,Normal
07:44.2,Подгорица,Tekirdağ,None,0,69.7,70,1249,11,0,0,1,-0.14,0.101,0.018,2.39,15.76,8.38,77.3,Normal
07:45.2,Подгорица,Tekirdağ,None,0,69.7,70,1248.4,11,0,0,1,0.049,0.02,0.014,2.39,15.76,8.38,77.3,Normal
07:46.2,Подгорица,Tekirdağ,None,0,69.7,70,1248.1,11,0,0,0,0.068,-0.034,0.017,2.39,15.76,8.38,77.3,Normal
07:47.2,Подгорица,Tekirdağ,None,0,69.7,70,1247.9,11,0,0,1,0.057,0.04,0.007,2.39,15.76,8.38,77.2,Normal
07:48.2,Подгорица,Tekirdağ,None,0,69.5,70,1243.4,11,0,0,1,0.051,-0.002,0.091,2.39,15.76,8.38,77.2,Normal
07:49.2,Подгорица,Tekirdağ,None,0,69.1,70,1235.4,11,0,0,1,0.012,0.051,0.171,2.39,15.76,8.38,77.2,Normal
07:50.2,Подгорица,Tekirdağ,None,0,68.5,70,1224.3,11,0,0,1,0.031,0.022,0.19,2.39,15.76,8.38,77.2,Normal
07:51.2,Подгорица,Tekirdağ,None,0,67.8,70,1211.9,11,0,0,0,-0.012,0.032,0.205,2.39,15.77,8.38,77.2,Normal
07:52.2,Подгорица,Tekirdağ,None,0,67,70,1198.7,11,0,0,-1,0.105,-0.006,0.212,2.39,15.77,8.38,77.2,Normal
07:53.2,Подгорица,Tekirdağ,None,0,66.3,70,1186.1,11,0,0,0,-0.027,-0.078,0.206,2.39,15.77,8.38,77.2,Normal
07:54.2,Подгорица,Tekirdağ,None,0,65.6,70,1172.9,11,0,0,0,-0.014,0.013,0.205,2.39,15.77,8.38,77.2,Normal
07:55.2,Подгорица,Tekirdağ,None,0,64.8,70,1159.1,11,0,0,0,-0.031,-0.063,0.227,2.39,15.77,8.38,77.2,Normal
07:56.2,Подгорица,Tekirdağ,None,0,64,70,1145.2,11,0,0,1,-0.04,0.022,0.239,2.39,15.77,8.38,77.2,Normal
07:57.2,Подгорица,Tekirdağ,None,0,63.3,70,1131.7,11,0,0,0,-0.006,0.094,0.212,2.39,15.78,8.38,77.2,Normal
07:58.2,Подгорица,Tekirdağ,None,0,62.5,70,1118.4,11,0,0,0,-0.009,-0.017,0.2,2.39,15.78,8.38,77.2,Normal
07:59.2,Подгорица,Tekirdağ,None,0,61.9,70,1107.4,11,0,0,0,0.024,-0.044,0.166,2.39,15.78,8.38,77.2,Normal
08:00.3,Подгорица,Tekirdağ,None,0,61.4,70,1098.8,11,0,0,0,-0.056,0.024,0.092,2.39,15.78,8.38,77.2,Normal
08:01.2,Подгорица,Tekirdağ,None,0,61.1,70,1094.2,11,0,0,0,-0.03,-0.02,0.06,2.39,15.78,8.38,77.2,Normal
08:02.2,Подгорица,Tekirdağ,None,0,60.9,70,1089.3,11,0,0,0,-0.004,-0.056,0.082,2.39,15.78,8.38,77.2,Normal
08:03.2,Подгорица,Tekirdağ,None,0,60.6,70,1084.6,11,0,0,1,-0.027,-0.064,0.082,2.39,15.78,8.38,77.2,Normal
08:04.2,Подгорица,Tekirdağ,None,0,60.3,70,1078.9,11,0,0,0,0.03,-0.022,0.098,2.39,15.78,8.38,77.2,Normal
08:05.2,Подгорица,Tekirdağ,None,0,59.9,70,1071.5,11,0,0,0,0.022,0.024,0.158,2.39,15.78,8.38,77.2,Normal
08:06.2,Подгорица,Tekirdağ,None,0,58.8,70,1051.2,11,0,0,1,-0.118,-0.018,0.342,2.39,15.78,8.38,77.2,Normal
08:07.2,Подгорица,Tekirdağ,None,0,57.6,70,1029.1,11,0,0,0,0.03,-0.021,0.337,2.39,15.79,8.38,77.2,Normal
08:08.2,Подгорица,Tekirdağ,None,0,56.4,70,1008.5,11,0,0,0,-0.03,0.017,0.336,2.39,15.79,8.38,77.2,Normal
08:09.2,Подгорица,Tekirdağ,None,0,55.3,70,988.2,11,0,0,0,-0.035,0.007,0.31,2.39,15.79,8.38,77.2,Normal
08:10.2,Подгорица,Tekirdağ,None,0,53.9,70,961.5,11,0,0.26,0,0.02,-0.002,0.7,2.39,15.79,8.38,77.2,Normal
08:11.2,Подгорица,Tekirdağ,None,0,49.6,70,1092.5,10,0,0.4,0,0.013,-0.017,1.596,2.39,15.79,8.38,77.2,Normal
08:12.3,Подгорица,Tekirdağ,None,0,43.4,70,954.9,10,0,0.3,1,0.006,-0.057,1.594,2.39,15.79,8.38,77.2,Normal
08:13.2,Подгорица,Tekirdağ,None,0,38.9,70,1111.8,9,0,0,1,-0.006,-0.024,0.947,2.39,15.79,8.38,77.2,Normal
08:14.2,Подгорица,Tekirdağ,None,0,37.6,70,1073.1,9,0,0,1,-0.018,-0.017,0.285,2.4,15.79,8.38,77.2,Normal
08:15.3,Подгорица,Tekirdağ,None,0,36.6,70,1046,9,0,0,1,-0.006,0.008,0.251,2.4,15.79,8.38,77.2,Normal
08:16.3,Подгорица,Tekirdağ,None,0,35.7,50,1021,9,0,0,-1,0.033,-0.014,0.251,2.4,15.79,8.38,77.2,Normal
08:17.2,Подгорица,Tekirdağ,None,0,34.9,50,996.4,9,0,0,-1,0.136,-0.006,0.247,2.4,15.79,8.38,77.2,Normal
08:18.2,Подгорица,Tekirdağ,None,0,33.5,50,953.9,9,0,0.14,-1,0.1,0.031,0.654,2.4,15.79,8.38,77.2,Normal
08:19.2,Подгорица,Tekirdağ,None,0,29.9,50,1015.2,9,0,0,-1,-0.005,0.007,1.088,2.4,15.79,8.38,77.2,Normal
08:20.2,Подгорица,Tekirdağ,None,0,28.4,50,1040,8,0,0,-1,0.021,0.008,0.262,2.4,15.8,8.38,77.2,Normal
08:21.2,Подгорица,Tekirdağ,None,0,27.5,50,1007.2,8,0,0,-1,0.171,-0.007,0.247,2.4,15.8,8.38,77.2,Normal
08:22.3,Подгорица,Tekirdağ,None,0,26.7,50,974.9,8,0,0,-1,0.049,-0.009,0.242,2.4,15.8,8.38,77.2,Normal
08:23.2,Подгорица,Tekirdağ,None,0,26.1,50,956.5,8,0.22,0,-1,-0.033,0.003,0.141,2.4,15.8,8.38,77.2,Normal
08:24.2,Подгорица,Tekirdağ,None,0,26.1,50,962.9,8,0.27,0,1,-0.354,-0.025,-0.111,2.4,15.8,8.38,77.2,Normal
08:25.2,Подгорица,Tekirdağ,None,0,26.6,50,978,8,0.28,0,1,-0.267,0.034,-0.128,2.4,15.8,8.38,77.2,Normal
08:26.2,Подгорица,Tekirdağ,None,0,27.1,50,997.9,8,0.38,0,1,-0.175,0.005,-0.172,2.4,15.8,8.38,77.2,Normal
08:27.3,Подгорица,Tekirdağ,None,0,28.1,50,1039.1,8,0.54,0,1,-0.082,-0.012,-0.348,2.4,15.8,8.38,77.2,Normal
08:28.2,Подгорица,Tekirdağ,None,0,29.3,50,1085.1,8,0.8,0,1,0.076,0.002,-0.37,2.4,15.8,8.38,77.2,Normal
08:29.2,Подгорица,Tekirdağ,None,0,29.9,50,1417,7,1,0,0,0.128,0.023,0.03,2.4,15.8,8.38,77.2,Normal
08:30.2,Подгорица,Tekirdağ,None,0,30.6,50,1464.3,7,1,0,1,0.007,-0.106,-0.568,2.4,15.8,8.38,77.1,Normal
08:31.3,Подгорица,Tekirdağ,None,0,31.9,50,1202.1,8,0.44,0,1,-0.065,0.041,-0.033,2.4,15.8,8.38,77.1,Normal
08:32.3,Подгорица,Tekirdağ,None,0,32.1,50,1186.1,8,0.54,0,1,0.085,-0.058,-0.236,2.4,15.8,8.38,77.1,Normal
08:33.2,Подгорица,Tekirdağ,None,0,33.2,50,1224.7,8,0.54,0,0,0.097,-0.022,-0.333,2.4,15.81,8.38,77.1,Normal
08:34.2,Подгорица,Tekirdağ,None,0,34.3,50,1259.8,8,0,0,1,-0.091,-0.021,-0.216,2.4,15.81,8.38,77.1,Normal
08:35.3,Подгорица,Tekirdağ,None,0,33.7,50,1234.1,8,0,0,1,-0.176,-0.009,0.253,2.4,15.81,8.38,77.1,Normal
08:36.3,Подгорица,Tekirdağ,None,0,33.3,50,1225,8,0.25,0,1,-0.103,-0.015,-0.052,2.4,15.81,8.38,77.1,Normal
08:37.3,Подгорица,Tekirdağ,None,0,33.4,50,1222.2,8,0,0,1,0.048,-0.029,0.06,2.4,15.81,8.38,77.1,Normal
08:38.3,Подгорица,Tekirdağ,None,0,32.5,50,1189.7,8,0,0,0,0.149,0.012,0.273,2.4,15.81,8.38,77.1,Normal
08:39.2,Подгорица,Tekirdağ,None,0,31.5,50,1154.6,8,0,0,-1,0.324,0.012,0.283,2.4,15.81,8.38,77.1,Normal
08:40.2,Подгорица,Tekirdağ,None,0,30.6,50,1117.4,8,0,0,-1,0.426,-0.012,0.271,2.4,15.81,8.38,77.1,Harsh Cornering
08:41.3,Подгорица,Tekirdağ,None,0,29.7,50,1083.7,8,0,0,-1,0.135,0.023,0.246,2.4,15.81,8.38,77.1,Normal
08:42.2,Подгорица,Tekirdağ,None,0,29.3,70,1077.5,8,0.45,0,-1,-0.088,-0.022,-0.032,2.4,15.81,8.38,77.1,Normal
08:43.2,Подгорица,Tekirdağ,None,0,30,70,1105.2,8,0.4,0,-1,-0.049,-0.008,-0.228,2.4,15.81,8.38,77.1,Normal
08:44.2,Подгорица,Tekirdağ,None,0,30.8,70,1134.3,8,0.41,0,0,-0.171,0.003,-0.222,2.4,15.81,8.38,77.1,Normal
08:45.3,Подгорица,Tekirdağ,None,0,31.6,70,1163.3,8,0.36,0,0,-0.11,-0.004,-0.211,2.4,15.81,8.38,77,Normal
08:46.2,Подгорица,Tekirdağ,None,0,32.5,70,1199.4,8,0.74,0,0,-0.071,-0.017,-0.349,2.4,15.81,8.38,77,Normal
08:47.3,Подгорица,Tekirdağ,None,0,34,70,1256.1,8,0.59,0,1,-0.096,-0.003,-0.438,2.4,15.81,8.38,77,Normal
08:48.3,Подгорица,Tekirdağ,None,0,35.5,70,1309.1,8,0.63,0,-1,0.028,-0.002,-0.429,2.4,15.81,8.38,77,Normal
08:49.3,Подгорица,Tekirdağ,None,0,37.1,70,1367.7,8,0.6,0,0,0.009,-0.011,-0.444,2.4,15.81,8.38,77,Normal
08:50.3,Подгорица,Tekirdağ,None,0,38.5,70,1326.2,8,0.6,0,0,0.002,0.048,-0.208,2.4,15.81,8.38,76.9,Normal
08:51.3,Подгорица,Tekirdağ,None,0,38.7,70,1109.3,9,0.59,0,0,0.05,-0.006,-0.041,2.4,15.82,8.38,76.9,Normal
08:52.3,Подгорица,Tekirdağ,None,0,39.7,70,1141.3,9,0.59,0,0,-0.003,-0.008,-0.379,2.4,15.82,8.38,76.9,Normal
08:53.3,Подгорица,Tekirdağ,None,0,41.1,70,1183.6,9,0.59,0,0,-0.004,-0.035,-0.422,2.4,15.82,8.38,76.9,Normal
08:54.3,Подгорица,Tekirdağ,None,0,42.6,70,1226,9,0.65,0,0,-0.034,0.03,-0.443,2.4,15.82,8.38,76.9,Normal
08:55.3,Подгорица,Tekirdağ,None,0,44.2,70,1272.1,9,0.63,0,-1,0,-0.021,-0.461,2.4,15.82,8.38,76.9,Normal
08:56.3,Подгорица,Tekirdağ,None,0,45.8,70,1318.3,9,0.82,0,-1,0.055,-0.015,-0.478,2.4,15.82,8.39,76.8,Normal
08:57.3,Подгорица,Tekirdağ,None,0,47.6,70,1370.6,9,0.84,0,-1,0.104,0.034,-0.533,2.4,15.82,8.39,76.8,Normal
08:58.3,Подгорица,Tekirdağ,None,0,49.6,70,1427.5,9,0.85,0,1,-0.029,-0.017,-0.552,2.4,15.82,8.39,76.8,Normal
08:59.3,Подгорица,Tekirdağ,None,0,51.2,70,1327.6,9,0.81,0,0,-0.001,0.114,-0.238,2.4,15.82,8.39,76.8,Normal
09:00.3,Подгорица,Tekirdağ,None,0,51.6,70,1147.9,10,0.9,0,0,-0.011,-0.015,-0.141,2.4,15.82,8.39,76.8,Normal
09:01.3,Подгорица,Tekirdağ,None,0,52.8,70,1176.5,10,0.8,0,0,0.007,-0.008,-0.391,2.4,15.82,8.39,76.7,Normal
09:02.3,Подгорица,Tekirdağ,None,0,54.1,70,1205.7,10,0.83,0,0,-0.002,-0.006,-0.366,2.4,15.82,8.39,76.7,Normal
09:03.2,Подгорица,Tekirdağ,None,0,55.3,50,1231.1,10,0.76,0,-1,0.035,0.011,-0.305,2.4,15.82,8.39,76.7,Speeding
09:04.3,Подгорица,Tekirdağ,None,0,56.3,50,1254.7,10,0.78,0,-1,0.009,0.015,-0.313,2.4,15.83,8.39,76.7,Speeding
09:05.3,Подгорица,Tekirdağ,None,0,57.4,50,1278.4,10,0.84,0,0,-0.031,0.028,-0.306,2.4,15.83,8.39,76.7,Speeding
09:06.3,Подгорица,Tekirdağ,None,0,56.9,50,1254.4,10,0,0.37,1,-0.078,-0.09,0.705,2.4,15.83,8.39,76.7,Speeding
09:07.3,Подгорица,Tekirdağ,None,0,54.7,50,1211.3,10,0,0,0,0.043,-0.043,0.38,2.4,15.83,8.39,76.7,Normal
09:08.3,Подгорица,Tekirdağ,None,0,53.7,50,1195,10,0.76,0,0,0,-0.009,0.096,2.4,15.83,8.39,76.7,Normal
09:09.3,Подгорица,Tekirdağ,None,0,54.4,70,1212,10,0.73,0,-1,0.039,0.01,-0.298,2.4,15.83,8.39,76.7,Normal
09:10.3,Подгорица,Tekirdağ,None,0,55.5,70,1236.1,10,0.76,0,0,0.011,-0.03,-0.311,2.4,15.83,8.39,76.7,Normal
09:11.3,Подгорица,Tekirdağ,None,0,56.6,70,1258.1,10,0.48,0,0,-0.025,0.069,-0.25,2.4,15.83,8.39,76.7,Normal
09:12.3,Подгорица,Tekirdağ,None,0,57.4,70,1275.8,10,0.52,0,0,-0.009,-0.034,-0.218,2.4,15.83,8.39,76.7,Normal
09:13.3,Подгорица,Tekirdağ,None,0,58.1,70,1292.2,10,0.51,0,-1,0.033,0.004,-0.197,2.4,15.83,8.39,76.7,Normal
09:14.3,Подгорица,Tekirdağ,None,0,58.8,70,1307.4,10,0.66,0,0,-0.011,-0.01,-0.184,2.4,15.83,8.39,76.7,Normal
09:15.3,Подгорица,Tekirdağ,None,0,59.5,70,1323.7,10,0.6,0,0,-0.011,-0.023,-0.225,2.4,15.83,8.39,76.7,Normal
09:16.3,Подгорица,Tekirdağ,None,0,60.3,70,1340.7,10,0.63,0,0,-0.01,0.021,-0.231,2.4,15.83,8.39,76.6,Normal
09:17.3,Подгорица,Tekirdağ,None,0,61,70,1356.4,10,0.56,0,0,0.008,-0.02,-0.2,2.4,15.83,8.39,76.6,Normal
09:18.3,Подгорица,Tekirdağ,None,0,61.8,70,1374.9,10,0.69,0,0,-0.014,0.009,-0.246,2.4,15.83,8.39,76.6,Normal
09:19.3,Подгорица,Tekirdağ,None,0,62.4,70,1189.2,10,0.6,0,1,-0.073,0.108,-0.03,2.4,15.83,8.39,76.6,Normal
09:20.3,Подгорица,Tekirdağ,None,0,62.3,70,1119.3,11,0.69,0,0,0.013,-0.037,-0.039,2.4,15.83,8.39,76.6,Normal
09:21.3,Подгорица,Tekirdağ,None,0,63,70,1131.7,11,0.82,0,0,0.005,-0.029,-0.225,2.4,15.83,8.39,76.6,Normal
09:22.3,Подгорица,Tekirdağ,None,0,63.8,70,1145.7,11,0.76,0,-1,0.005,0.033,-0.232,2.4,15.83,8.39,76.6,Normal
09:23.3,Подгорица,Tekirdağ,None,0,64.5,70,1158.6,11,0.68,0,-1,0.035,0.048,-0.205,2.4,15.83,8.39,76.6,Normal
09:24.3,Подгорица,Tekirdağ,None,0,65.1,70,1169.8,11,0.64,0,1,-0.146,-0.054,-0.161,2.4,15.83,8.39,76.6,Normal
09:25.3,Подгорица,Tekirdağ,None,0,65.8,70,1181.7,11,0.69,0,1,-0.017,0.037,-0.186,2.4,15.83,8.39,76.6,Normal
09:26.3,Подгорица,Tekirdağ,None,0,66.5,70,1195.1,11,0.79,0,1,-0.013,-0.033,-0.232,2.4,15.83,8.39,76.6,Normal
09:27.3,Подгорица,Tekirdağ,None,0,67.5,70,1212.7,11,0.8,0,1,-0.024,-0.043,-0.316,2.4,15.83,8.39,76.6,Normal
09:28.3,Подгорица,Tekirdağ,None,0,68.6,70,1233.9,11,0.8,0,1,-0.043,0.059,-0.351,2.4,15.83,8.39,76.6,Normal
09:29.3,Подгорица,Tekirdağ,None,0,70,70,1257.7,11,0.67,0,0,0.1,0.023,-0.392,2.4,15.83,8.39,76.6,Normal
09:30.3,Подгорица,Tekirdağ,None,0,70.7,70,1266.4,11,0,0,0,0.046,0.073,-0.107,2.4,15.83,8.39,76.6,Normal
09:31.3,Подгорица,Tekirdağ,None,0,71,70,1271.4,11,0,0,1,-0.006,0.024,-0.071,2.4,15.83,8.39,76.6,Normal
09:32.3,Подгорица,Tekirdağ,None,0,71.3,70,990,12,0,0,1,-0.021,-0.004,-0.08,2.4,15.83,8.39,76.6,Normal
09:33.3,Подгорица,Tekirdağ,None,0,71.6,70,995.8,12,0.56,0,1,-0.005,0.011,-0.121,2.4,15.83,8.39,76.6,Normal
09:34.3,Подгорица,Tekirdağ,None,0,72,70,1001.6,12,0.37,0,-1,0.074,-0.118,-0.107,2.4,15.83,8.39,76.6,Normal
09:35.3,Подгорица,Tekirdağ,None,0,72.1,70,1001.3,12,0.44,0,0,0.008,0.011,0.056,2.4,15.83,8.39,76.6,Normal
09:36.3,Подгорица,Tekirdağ,None,0,72.1,70,1002.7,12,0.38,0,0,0.007,-0.052,-0.036,2.4,15.83,8.39,76.6,Normal
09:37.3,Подгорица,Tekirdağ,None,0,72.4,70,1007.4,12,0.73,0,0,0.013,0.01,-0.093,2.4,15.83,8.39,76.6,Normal
09:38.3,Подгорица,Tekirdağ,None,0,72.9,70,1014.5,12,0.61,0,1,-0.007,-0.076,-0.158,2.4,15.83,8.39,76.6,Normal
09:39.3,Подгорица,Tekirdağ,None,0,73.4,70,1020.8,12,0.56,0,1,-0.058,-0.001,-0.132,2.4,15.83,8.39,76.6,Normal
09:40.3,Подгорица,Tekirdağ,None,0,73.7,70,1022.7,12,0,0,0,0.013,0.067,-0.006,2.4,15.83,8.39,76.6,Normal
09:41.3,Подгорица,Tekirdağ,None,0,73.6,70,1021.2,12,0,0,0,0.022,-0.014,0.042,2.4,15.83,8.39,76.6,Normal
09:42.3,Подгорица,Tekirdağ,None,0,73.5,70,1021.3,12,0,0,0,0.02,-0.053,-0.001,2.4,15.84,8.39,76.6,Normal
09:43.3,Подгорица,Tekirdağ,None,0,72.6,70,1003.7,12,0,0.34,0,0.02,0.202,0.887,2.4,15.84,8.39,76.6,Normal
09:44.3,Подгорица,Tekirdağ,None,0,69.3,70,1155.2,12,0,0.45,0,0.01,-0.018,1.058,2.4,15.84,8.39,76.6,Normal
09:45.3,Подгорица,Tekirdağ,None,0,62.8,70,1114.6,11,0,0.54,1,-0.057,-0.013,2.242,2.4,15.84,8.39,76.6,Normal
09:46.3,Подгорица,Tekirdağ,None,0,54.9,50,976.5,11,0,0.39,0,0.056,-0.025,2.091,2.4,15.84,8.39,76.6,Normal
09:47.3,Подгорица,Tekirdağ,None,0,49.1,50,1085.4,10,0,0.4,0,0.017,-0.021,1.636,2.4,15.84,8.39,76.6,Normal
09:48.3,Подгорица,Tekirdağ,None,0,42.8,50,941.4,10,0,0.39,0,0,-0.034,1.755,2.4,15.84,8.39,76.6,Normal
09:49.3,Подгорица,Tekirdağ,None,0,37.5,50,1069.4,9,0,0.23,0,0.01,-0.036,1.334,2.4,15.84,8.39,76.6,Normal
09:50.3,Подгорица,Tekirdağ,None,0,33.5,50,953.9,9,0,0.12,1,-0.011,0.013,1.048,2.4,15.84,8.39,76.6,Normal
09:51.3,Подгорица,Tekirdağ,None,0,30.6,50,1047.5,9,0,0.13,1,-0.002,-0.017,0.745,2.4,15.84,8.39,76.6,Normal
09:52.3,Подгорица,Tekirdağ,None,0,27.8,50,1013.7,8,0,0.22,0,0.012,0.022,0.922,2.4,15.84,8.39,76.6,Normal
09:53.3,Подгорица,Tekirdağ,None,0,23.3,50,846.9,8,0,0.48,0,-0.009,0.008,1.445,2.4,15.84,8.39,76.6,Normal
09:54.3,Подгорица,Tekirdağ,None,0,16.8,50,1001.4,6,0,0.75,0,-0.006,-0.021,2.235,2.4,15.84,8.39,76.6,Normal
09:55.3,Подгорица,Tekirdağ,None,0,7.4,50,884.6,6,0,0.76,0,0.004,-0.047,2.638,2.4,15.84,8.39,76.6,Normal
09:56.3,Подгорица,Tekirdağ,None,0,0,50,550,1,0,0.71,0,0.001,0.114,0.005,2.4,15.84,8.39,76.6,Normal
09:57.3,Подгорица,Tekirdağ,None,0,0,50,550,1,0,0,0,0.002,-0.02,-0.087,2.4,15.84,8.39,76.6,Normal
09:58.3,Подгорица,Tekirdağ,None,0,0,50,550,1,0,0,0,-0.001,0,-0.003,2.4,15.84,8.39,76.6,Normal
09:59.3,Подгорица,Tekirdağ,None,0,0.6,50,743.6,1,0.33,0,0,0.016,0.026,-0.439,2.4,15.84,8.39,76.6,Normal
10:00.3,Подгорица,Tekirdağ,None,0,4.9,50,1140.6,1,0.61,0,0,0.013,-0.073,-1.848,2.4,15.84,8.39,76.6,Normal
10:01.3,Подгорица,Tekirdağ,None,0,8,50,1316.3,1,0.74,0,0,0.003,0.056,-0.105,2.4,15.84,8.39,76.6,Normal
10:02.3,Подгорица,Tekirdağ,None,0,9.1,50,1194,3,0.76,0,0,0.008,-0.064,-1.009,2.4,15.84,8.39,76.6,Normal
10:03.3,Подгорица,Tekirdağ,None,0,13,50,1434.4,3,0.76,0,0,0.024,0.178,-0.446,2.4,15.84,8.39,76.6,Normal
10:04.3,Подгорица,Tekirdağ,None,0,13.4,50,1067.5,5,0.72,0,1,-0.033,0.033,-0.219,2.4,15.84,8.39,76.6,Normal
10:05.3,Подгорица,Tekirdağ,None,0,16.4,50,1321.4,5,0.83,0,0,0.018,-0.02,-1.129,2.4,15.84,8.39,76.6,Normal
10:06.3,Подгорица,Tekirdağ,None,0,19.4,50,1296.5,5,0.84,0,0,0.006,0.094,-0.224,2.4,15.84,8.39,76.6,Normal
10:07.3,Подгорица,Tekirdağ,None,0,19.7,50,941.8,7,0.96,0,0,0.005,-0.004,-0.32,2.4,15.84,8.39,76.6,Normal
10:08.3,Подгорица,Tekirdağ,None,0,22.1,50,1059,7,0.82,0,0,0.006,-0.001,-0.738,2.4,15.84,8.39,76.6,Normal
10:09.3,Подгорица,Tekirdağ,None,0,24.6,50,1181.1,7,0.84,0,0,-0.001,-0.003,-0.745,2.4,15.84,8.39,76.6,Normal
10:10.3,Подгорица,Tekirdağ,None,0,27.3,50,1305.5,7,0.89,0,0,-0.002,0.002,-0.739,2.4,15.84,8.39,76.6,Normal
10:11.3,Подгорица,Tekirdağ,None,0,29.9,50,1432.2,7,0.91,0,0,0.007,-0.007,-0.775,2.4,15.84,8.39,76.6,Normal
10:12.3,Подгорица,Tekirdağ,None,0,31.9,50,1353.3,7,0.89,0,0,-0.039,0.117,-0.216,2.4,15.84,8.39,76.5,Normal
10:13.3,Подгорица,Tekirdağ,None,0,32.1,50,1186.9,8,0.9,0,0,-0.02,-0.008,-0.197,2.4,15.84,8.39,76.5,Normal
10:14.3,Подгорица,Tekirdağ,None,0,33.7,50,1245.1,8,0.77,0,-1,-0.003,-0.002,-0.507,2.4,15.84,8.39,76.5,Normal
10:15.3,Подгорица,Tekirdağ,None,0,35.2,50,1298.2,8,0.57,0,0,0.001,-0.024,-0.375,2.4,15.84,8.39,76.5,Normal
10:16.3,Подгорица,Tekirdağ,None,0,36.5,50,1347.1,8,0.58,0,-1,0.119,0.018,-0.36,2.4,15.84,8.39,76.5,Normal
10:17.3,Подгорица,Tekirdağ,None,0,37.9,50,1398.1,8,0.53,0,1,-0.315,0.01,-0.398,2.4,15.84,8.39,76.5,Normal
10:18.3,Подгорица,Tekirdağ,None,0,38.4,50,1099.6,9,0,0.02,0,0.02,0.017,0,2.4,15.84,8.39,76.5,Normal
10:19.3,Подгорица,Tekirdağ,None,0,36.1,50,1023.4,9,0,0.57,0,0.025,0.037,1.353,2.4,15.84,8.39,76.5,Normal
10:20.3,Подгорица,Tekirdağ,None,0,29.9,50,926.2,9,0,0.56,1,-0.198,-0.036,1.842,2.4,15.84,8.39,76.5,Normal
10:21.3,Подгорица,Tekirdağ,None,0,25.7,50,941.4,8,0.09,0,0,0.026,-0.057,0.415,2.4,15.84,8.39,76.5,Normal
10:22.3,Подгорица,Tekirdağ,None,0,25.8,50,946.1,8,0,0,-1,0.009,-0.048,-0.13,2.4,15.84,8.39,76.5,Normal
10:23.3,Подгорица,Tekirdağ,None,0,25.6,50,936.9,8,0,0,1,-0.03,0.009,0.109,2.4,15.84,8.39,76.5,Normal
10:24.3,Подгорица,Tekirdağ,None,0,19.3,50,569.1,1,0,0.42,0,-0.006,0.012,2.179,2.4,15.84,8.39,76.5,Normal
10:25.3,Подгорица,Tekirdağ,None,0,16.1,50,550,1,0,0,0,-0.011,-0.039,0.252,2.4,15.84,8.39,76.5,Normal
10:26.3,Подгорица,Tekirdağ,None,0,12.1,50,550,1,0,0,0,0.026,0.078,2.481,2.4,15.84,8.39,76.5,Normal
10:27.3,Подгорица,Tekirdağ,None,0,6,50,550,1,0,1,0,0.011,0.069,2.651,2.4,15.84,8.39,76.5,Normal
10:28.3,Подгорица,Tekirdağ,None,0,0,50,568.7,1,0.25,0,1,0.001,-0.202,0.016,2.4,15.84,8.39,76.5,Normal
10:29.3,Подгорица,Tekirdağ,None,0,4,50,1018.6,1,0.9,0,0,-0.01,-0.026,-2.522,2.4,15.84,8.39,76.5,Normal
10:30.3,Подгорица,Tekirdağ,None,0,8.8,50,1399.6,1,0.78,0,-1,-0.017,0.085,-0.231,2.4,15.84,8.39,76.5,Normal
10:31.3,Подгорица,Tekirdağ,None,0,9.8,50,991.6,4,0.76,0,0,0.006,-0.055,-0.793,2.4,15.84,8.39,76.5,Normal
10:32.3,Подгорица,Tekirdağ,None,0,14.3,50,1434.5,4,0.76,0,-1,0.002,-0.021,-1.315,2.4,15.84,8.39,76.5,Normal
10:33.3,Подгорица,Tekirdağ,None,0,16.2,50,985.7,6,0.76,0,0,-0.027,0.042,-0.06,2.4,15.84,8.39,76.5,Normal
10:34.3,Подгорица,Tekirdağ,None,0,17.2,50,1065.8,6,0.85,0,0,-0.008,-0.075,-0.677,2.4,15.84,8.39,76.5,Normal
10:35.3,Подгорица,Tekirdağ,None,0,20.6,50,1279.3,6,1,0,0,-0.002,0.002,-1.037,2.4,15.84,8.39,76.5,Normal
10:36.3,Подгорица,Tekirdağ,None,0,24,50,1485.9,6,0.89,0,0,0,0.006,-0.926,2.4,15.84,8.39,76.5,Normal
10:37.3,Подгорица,Tekirdağ,None,0,25.1,50,1188,7,0.85,0,0,-0.025,0.018,-0.002,2.4,15.84,8.39,76.5,Normal
10:38.3,Подгорица,Tekirdağ,None,0,26.2,50,1256.4,7,0.86,0,0,-0.007,-0.033,-0.657,2.4,15.84,8.39,76.5,Normal
10:39.3,Подгорица,Tekirdağ,None,0,28.9,50,1383.3,7,0.83,0,0,-0.002,-0.002,-0.736,2.4,15.84,8.39,76.5,Normal
10:40.3,Подгорица,Tekirdağ,None,0,31.2,50,1407.1,7,0.8,0,0,-0.056,-0.009,-0.36,2.4,15.84,8.39,76.5,Normal
10:41.3,Подгорица,Tekirdağ,None,0,31.4,70,1154.6,8,0.78,0,0,0.036,0.004,0.011,2.4,15.84,8.39,76.5,Normal
10:42.3,Подгорица,Tekirdağ,None,0,32.7,70,1210.5,8,0.76,0,0,-0.003,-0.022,-0.513,2.4,15.84,8.39,76.5,Normal
10:43.3,Подгорица,Tekirdağ,None,0,34.6,70,1278.1,8,0.73,0,1,-0.034,0.059,-0.499,2.4,15.84,8.39,76.5,Normal
10:44.3,Подгорица,Tekirdağ,None,0,36.4,70,1346.3,8,0.82,0,0,0.015,-0.014,-0.531,2.4,15.84,8.39,76.5,Normal
10:45.3,Подгорица,Tekirdağ,None,0,38.4,70,1418.5,8,0.87,0,0,0.01,-0.013,-0.549,2.4,15.84,8.39,76.5,Normal
10:46.3,Подгорица,Tekirdağ,None,0,40.4,70,1481.2,8,1,0,0,-0.002,-0.012,-0.511,2.4,15.84,8.39,76.5,Normal
10:47.3,Подгорица,Tekirdağ,None,0,40.7,70,1165.2,9,0.95,0,-1,0.016,0.016,0.033,2.4,15.84,8.39,76.5,Normal
10:48.3,Подгорица,Tekirdağ,None,0,41.7,70,1201,9,1,0,0,-0.012,-0.009,-0.45,2.4,15.84,8.39,76.4,Normal
10:49.3,Подгорица,Tekirdağ,None,0,43.3,70,1246.4,9,1,0,0,0,-0.021,-0.487,2.4,15.84,8.39,76.4,Normal
10:50.3,Подгорица,Tekirdağ,None,0,45.1,70,1298.1,9,1,0,0,0.002,-0.012,-0.491,2.4,15.84,8.39,76.4,Normal
10:51.3,Подгорица,Tekirdağ,None,0,46.8,70,1347.9,9,1,0,0,-0.033,0.04,-0.481,2.4,15.84,8.39,76.4,Normal
10:52.3,Подгорица,Tekirdağ,None,0,48.5,70,1396,9,1,0,0,0.001,-0.02,-0.479,2.4,15.84,8.39,76.3,Normal
10:53.3,Подгорица,Tekirdağ,None,0,50.2,70,1445.7,9,1,0,0,0.002,0.016,-0.473,2.4,15.84,8.39,76.3,Normal
10:54.3,Подгорица,Tekirdağ,None,0,51.6,70,1365.4,9,1,0,0,-0.002,0.083,-0.163,2.4,15.85,8.39,76.3,Normal
10:55.3,Подгорица,Tekirdağ,None,0,51.6,70,1148,10,1,0,0,0.02,-0.018,-0.029,2.4,15.85,8.39,76.3,Normal
10:56.3,Подгорица,Tekirdağ,None,0,52.5,70,1170.6,10,1,0,1,-0.032,-0.019,-0.346,2.4,15.85,8.39,76.2,Normal
10:57.3,Подгорица,Tekirdağ,None,0,53.8,70,1199.3,10,1,0,0,0.006,-0.03,-0.361,2.4,15.85,8.39,76.2,Normal
10:58.3,Подгорица,Tekirdağ,None,0,55.1,70,1229,10,1,0,1,-0.06,-0.055,-0.372,2.4,15.85,8.39,76.2,Normal
10:59.3,Подгорица,Tekirdağ,None,0,56.5,70,1259.9,10,1,0,1,0.015,-0.013,-0.407,2.4,15.85,8.39,76.2,Normal
11:00.3,Подгорица,Tekirdağ,None,0,58,70,1293.4,10,1,0,1,0.004,-0.012,-0.444,2.4,15.85,8.39,76.1,Normal
11:01.3,Подгорица,Tekirdağ,None,0,59.7,70,1331.3,10,1,0,1,-0.055,0.103,-0.52,2.4,15.85,8.39,76.1,Normal
11:02.3,Подгорица,Tekirdağ,None,0,61.6,70,1372.7,10,1,0,1,-0.192,0.068,-0.516,2.4,15.85,8.39,76.1,Normal
11:03.3,Подгорица,Tekirdağ,None,0,63.2,70,1407.8,10,1,0,1,0.043,-0.016,-0.433,2.4,15.85,8.39,76,Normal
11:04.3,Подгорица,Tekirdağ,None,0,64.6,70,1439.2,10,1,0,1,0.102,-0.029,-0.381,2.4,15.86,8.39,76,Normal
11:05.3,Подгорица,Tekirdağ,None,0,65.8,70,1450.2,10,1,0,1,0.022,0.002,-0.258,2.4,15.86,8.39,76,Normal
11:06.3,Подгорица,Tekirdağ,None,0,65.7,70,1176.5,11,1,0,1,-0.03,0.046,0.107,2.4,15.86,8.39,76,Normal
11:07.3,Подгорица,Tekirdağ,None,0,65.9,70,1185.6,11,1,0,1,0.068,-0.017,-0.165,2.4,15.86,8.39,75.9,Normal
11:08.3,Подгорица,Tekirdağ,None,0,66.6,70,1196.3,11,1,0,1,0.007,0.007,-0.151,2.4,15.86,8.39,75.9,Normal
11:09.3,Подгорица,Tekirdağ,None,0,67.1,70,1206.3,11,1,0,1,0.038,0.099,-0.157,2.4,15.86,8.39,75.9,Normal
11:10.3,Подгорица,Tekirdağ,None,0,67.6,70,1212.2,11,0.4,0,1,0.141,-0.014,-0.105,2.4,15.87,8.39,75.9,Normal
11:11.3,Подгорица,Tekirdağ,None,0,66.4,60,1186.9,11,0,0,0,0.13,0.027,0.462,2.4,15.87,8.39,75.9,Speeding
11:12.3,Подгорица,Tekirdağ,None,0,65.3,60,1167.5,11,0,0,0,0.028,-0.017,0.274,2.4,15.87,8.39,75.9,Speeding
11:13.3,Подгорица,Tekirdağ,None,0,64.4,60,1152.1,11,0,0,1,-0.001,0.051,0.254,2.4,15.87,8.39,75.9,Normal
11:14.3,Подгорица,Tekirdağ,None,0,63.5,60,1138.9,11,0,0,1,-0.019,0.004,0.19,2.4,15.87,8.39,75.9,Normal
11:15.3,Подгорица,Tekirdağ,None,0,63.4,60,1138.8,11,0,0,0,0.026,-0.063,-0.044,2.4,15.87,8.39,75.8,Normal
11:16.3,Подгорица,Tekirdağ,None,0,63.7,60,1145.5,11,0,0,-1,0.067,0.055,-0.135,2.4,15.87,8.39,75.8,Normal
11:17.3,Подгорица,Tekirdağ,None,0,64.2,60,1153.1,11,0,0,0,-0.021,0.04,-0.136,2.4,15.87,8.39,75.8,Normal
11:18.3,Подгорица,Tekirdağ,None,0,64.6,60,1157.2,11,0,0,0,-0.011,0.03,-0.041,2.4,15.87,8.39,75.8,Normal
11:19.3,Подгорица,Tekirdağ,None,0,64.5,60,1154.5,11,0,0,-1,0.006,0.094,0.075,2.4,15.88,8.39,75.8,Normal
11:20.3,Подгорица,Tekirdağ,None,0,64.3,60,1150.6,11,0,0,-1,0.05,-0.017,0.082,2.4,15.88,8.39,75.8,Normal
11:21.3,Подгорица,Tekirdağ,None,0,64.2,60,1148.9,11,0,0,0,-0.055,0.049,0.055,2.4,15.88,8.39,75.8,Normal
11:22.3,Подгорица,Tekirdağ,None,0,64.1,60,1146.1,11,0,0,1,-0.02,0.005,0.08,2.4,15.88,8.39,75.7,Normal
11:23.3,Подгорица,Tekirdağ,None,0,63.7,60,1139.7,11,0,0,0,-0.003,0.021,0.105,2.4,15.88,8.39,75.7,Normal
11:24.3,Подгорица,Tekirdağ,None,0,63.5,60,1139.3,11,0.78,0,0,-0.014,0.002,-0.031,2.4,15.88,8.39,75.7,Normal
11:25.3,Подгорица,Tekirdağ,None,0,64.1,60,1150.9,11,0.73,0,0,0.027,-0.023,-0.193,2.41,15.89,8.39,75.7,Normal
11:26.3,Подгорица,Tekirdağ,None,0,64.6,80,1159.4,11,0.64,0,-1,0.055,-0.024,-0.099,2.41,15.89,8.39,75.7,Normal
11:27.3,Подгорица,Tekirdağ,None,0,64.7,80,1161.3,11,0.56,0,-1,0.026,-0.026,-0.015,2.41,15.89,8.39,75.7,Normal
11:28.3,Подгорица,Tekirdağ,None,0,64.7,80,1160.8,11,0.65,0,-1,0.002,-0.124,0.013,2.41,15.89,8.39,75.7,Normal
11:29.3,Подгорица,Tekirdağ,None,0,64.7,80,1161.9,11,0.68,0,-1,0.01,-0.06,-0.018,2.41,15.89,8.39,75.6,Normal
11:30.3,Подгорица,Tekirdağ,None,0,64.4,80,1151.4,11,0,0,0,-0.022,0.024,0.219,2.41,15.89,8.39,75.6,Normal
11:31.3,Подгорица,Tekirdağ,None,0,63.5,80,1135.2,11,0,0,-1,0.046,-0.05,0.254,2.41,15.89,8.39,75.6,Normal
11:32.3,Подгорица,Tekirdağ,None,0,62.6,80,1119.7,11,0,0,-1,0.092,0.038,0.182,2.41,15.89,8.39,75.6,Normal
11:33.3,Подгорица,Tekirdağ,None,0,62.2,80,1112.2,11,0,0,-1,-0.001,0.039,0.088,2.41,15.89,8.39,75.6,Normal
11:34.3,Подгорица,Tekirdağ,None,0,61.7,80,1103.6,11,0,0,-1,-0.008,-0.024,0.175,2.41,15.9,8.39,75.6,Normal
11:35.3,Подгорица,Tekirdağ,None,0,60.9,80,1088.4,11,0,0,-1,0.009,0.027,0.278,2.41,15.9,8.39,75.6,Normal
11:36.3,Подгорица,Tekirdağ,None,0,59.9,70,1071,11,0,0,-1,0.003,-0.061,0.286,2.41,15.9,8.39,75.6,Normal
11:37.3,Подгорица,Tekirdağ,None,0,59,70,1054.5,11,0,0,-1,0.085,-0.016,0.236,2.41,15.9,8.39,75.6,Normal
11:38.3,Подгорица,Tekirdağ,None,0,58.4,70,1044,11,0,0,-1,-0.017,0.03,0.125,2.41,15.9,8.39,75.6,Normal
11:39.3,Подгорица,Tekirdağ,None,0,58.2,70,1041.1,11,0,0,-1,-0.076,-0.008,-0.004,2.41,15.9,8.39,75.6,Normal
11:40.3,Подгорица,Tekirdağ,None,0,58.4,70,1045.4,11,0,0,-1,-0.03,0.028,-0.106,2.41,15.9,8.39,75.6,Normal
11:41.3,Подгорица,Tekirdağ,None,0,59,70,1055.7,11,0,0,0,-0.058,-0.002,-0.187,2.41,15.9,8.39,75.6,Normal
11:42.3,Подгорица,Tekirdağ,None,0,59.7,70,1069.5,11,0,0,1,-0.045,0.002,-0.237,2.41,15.9,8.39,75.6,Normal
11:43.3,Подгорица,Tekirdağ,None,0,60.6,70,1085.1,11,0,0,1,-0.029,0.03,-0.265,2.41,15.9,8.39,75.6,Normal
11:44.3,Подгорица,Tekirdağ,None,0,61.5,70,1102.1,11,0,0,1,-0.056,0.008,-0.275,2.41,15.91,8.39,75.6,Normal
11:45.3,Подгорица,Tekirdağ,None,0,62.4,70,1117.8,11,0,0,1,-0.102,-0.041,-0.244,2.41,15.91,8.39,75.6,Normal
11:46.3,Подгорица,Tekirdağ,None,0,63.2,70,1131.4,11,0,0,1,0.027,0.062,-0.201,2.41,15.91,8.39,75.6,Normal
11:47.3,Подгорица,Tekirdağ,None,0,63.8,70,1141.8,11,0,0,1,0,-0.003,-0.171,2.41,15.91,8.39,75.6,Normal
11:48.3,Подгорица,Tekirdağ,None,0,64.4,70,1153.1,11,0,0,1,0.013,-0.114,-0.209,2.41,15.91,8.39,75.6,Normal
11:49.3,Подгорица,Tekirdağ,None,0,65.1,70,1166.2,11,0,0,-1,0.103,0.007,-0.219,2.41,15.91,8.39,75.6,Normal
11:50.3,Подгорица,Tekirdağ,None,0,66,70,1180.9,11,0,0,-1,0.074,0.01,-0.233,2.41,15.92,8.39,75.6,Normal
11:51.3,Подгорица,Tekirdağ,None,0,66.7,70,1195,11,0,0,-1,-0.004,0.025,-0.199,2.41,15.92,8.39,75.6,Normal
11:52.3,Подгорица,Tekirdağ,None,0,67.3,70,1205,11,0,0,-1,0.014,0.064,-0.133,2.41,15.92,8.39,75.6,Normal
11:53.3,Подгорица,Tekirdağ,None,0,67.7,70,1210.7,11,0,0,-1,-0.007,0.116,-0.039,2.41,15.92,8.39,75.6,Normal
11:54.3,Подгорица,Tekirdağ,None,0,67.6,70,1208.8,11,0,0,-1,0.016,0.094,0.071,2.41,15.92,8.39,75.6,Normal
11:55.3,Подгорица,Tekirdağ,None,0,66.9,70,1196.6,11,0,0,-1,-0.002,0.046,0.255,2.41,15.92,8.39,75.6,Normal
11:56.3,Подгорица,Tekirdağ,None,0,66,70,1180,11,0.18,0,-1,-0.086,0.008,0.271,2.41,15.92,8.39,75.6,Normal
11:57.3,Подгорица,Tekirdağ,None,0,65.4,70,1174.4,11,0.83,0,1,-0.087,0.024,0.054,2.41,15.92,8.39,75.6,Normal
11:58.3,Подгорица,Tekirdağ,None,0,65.1,70,1396.1,11,1,0,0,0.008,0,0.199,2.41,15.92,8.39,75.6,Normal
11:59.3,Подгорица,Tekirdağ,None,0,64.4,70,1433.3,10,0.94,0,0,-0.014,-0.06,0.051,2.41,15.93,8.39,75.6,Normal
12:00.3,Подгорица,Tekirdağ,None,0,64.6,70,1438.5,10,1,0,0,-0.006,0.05,-0.087,2.41,15.93,8.39,75.6,Normal
12:01.3,Подгорица,Tekirdağ,None,0,64.9,70,1444.8,10,1,0,1,-0.025,0.003,-0.071,2.41,15.93,8.39,75.5,Normal
12:02.3,Подгорица,Tekirdağ,None,0,65.1,70,1448.4,10,1,0,0,0.026,-0.071,-0.043,2.41,15.93,8.39,75.5,Normal
12:03.3,Подгорица,Tekirdağ,None,0,65.2,70,1450.8,10,1,0,1,-0.034,-0.021,-0.018,2.41,15.93,8.39,75.5,Normal
12:04.3,Подгорица,Tekirdağ,None,0,65.2,70,1450.7,10,1,0,0,0.039,-0.003,0.007,2.41,15.93,8.39,75.4,Normal
12:05.3,Подгорица,Tekirdağ,None,0,65.1,70,1449.3,10,1,0,1,-0.012,-0.024,0.05,2.41,15.93,8.39,75.4,Normal
12:06.3,Подгорица,Tekirdağ,None,0,65,70,1446.4,10,1,0,1,-0.008,-0.018,0.044,2.41,15.93,8.39,75.4,Normal
12:07.3,Подгорица,Tekirdağ,None,0,64.8,70,1442.2,10,1,0,1,-0.003,-0.021,0.063,2.41,15.93,8.39,75.3,Normal
12:08.3,Подгорица,Tekirdağ,None,0,64.6,70,1436.5,10,1,0,1,0.019,-0.013,0.076,2.41,15.94,8.39,75.3,Normal
12:09.3,Подгорица,Tekirdağ,None,0,64.3,70,1430.4,10,1,0,1,0.01,0.008,0.081,2.41,15.94,8.39,75.3,Normal
12:10.3,Подгорица,Tekirdağ,None,0,64,70,1424.2,10,1,0,-1,0.016,0.053,0.074,2.41,15.94,8.39,75.2,Normal
12:11.3,Подгорица,Tekirdağ,None,0,63.8,70,1418.7,10,1,0,-1,0.037,0.018,0.077,2.41,15.94,8.39,75.2,Normal
12:12.3,Подгорица,Tekirdağ,None,0,63.5,70,1412.9,10,1,0,-1,-0.009,0.036,0.077,2.41,15.94,8.39,75.2,Normal
12:13.3,Подгорица,Tekirdağ,None,0,63.3,70,1407.6,10,1,0,0,-0.03,-0.036,0.053,2.41,15.94,8.39,75.1,Normal
12:14.3,Подгорица,Tekirdağ,None,0,63.2,70,1406.5,10,1,0,-1,0.112,0.007,-0.007,2.41,15.95,8.39,75.1,Normal
12:15.3,Подгорица,Tekirdağ,None,0,63.3,70,1409,10,1,0,0,-0.086,0.04,-0.037,2.41,15.95,8.39,75.1,Normal
12:16.3,Подгорица,Tekirdağ,None,0,63.5,90,1413.2,10,1,0,-1,-0.017,0.063,-0.045,2.41,15.95,8.39,75,Normal
12:17.3,Подгорица,Tekirdağ,None,0,63.8,90,1419.9,10,1,0,-1,-0.017,-0.008,-0.085,2.41,15.95,8.39,75,Normal
12:18.3,Подгорица,Tekirdağ,None,0,64.1,90,1426.9,10,1,0,-1,0.013,0.025,-0.105,2.41,15.95,8.39,75,Normal
12:19.3,Подгорица,Tekirdağ,None,0,64.5,90,1434.6,10,1,0,0,-0.043,0.065,-0.083,2.41,15.95,8.39,74.9,Normal
12:20.3,Подгорица,Tekirdağ,None,0,64.7,90,1440.9,10,1,0,0,-0.013,0.081,-0.07,2.41,15.95,8.39,74.9,Normal
12:21.3,Подгорица,Tekirdağ,None,0,64.9,90,1445.2,10,1,0,0,-0.025,-0.085,-0.047,2.41,15.95,8.39,74.9,Normal
12:22.3,Подгорица,Tekirdağ,None,0,65.1,90,1448.9,10,1,0,-1,0.1,-0.03,-0.038,2.41,15.95,8.39,74.8,Normal
12:23.3,Подгорица,Tekirdağ,None,0,65.3,90,1453.2,10,1,0,1,-0.24,-0.026,-0.063,2.41,15.96,8.39,74.8,Normal
12:24.3,Подгорица,Tekirdağ,None,0,65.5,90,1457.8,10,1,0,0,-0.037,-0.07,-0.061,2.41,15.96,8.39,74.8,Normal
12:25.3,Подгорица,Tekirdağ,None,0,65.8,90,1463.2,10,1,0,0,0.008,0.036,-0.075,2.41,15.96,8.39,74.7,Normal
12:26.3,Подгорица,Tekirdağ,None,0,66,90,1468,10,1,0,0,-0.032,0.023,-0.062,2.41,15.96,8.39,74.7,Normal
12:27.3,Подгорица,Tekirdağ,None,0,66.2,90,1472.3,10,1,0,0,-0.007,-0.035,-0.055,2.41,15.96,8.39,74.7,Normal
12:28.3,Подгорица,Tekirdağ,None,0,66.3,90,1475.4,10,1,0,0,-0.015,-0.014,-0.042,2.41,15.96,8.39,74.6,Normal
12:29.3,Подгорица,Tekirdağ,None,0,66.4,90,1476.9,10,1,0,0,0.051,0.022,-0.007,2.41,15.96,8.39,74.6,Normal
12:30.3,Подгорица,Tekirdağ,None,0,66.4,90,1476.6,10,1,0,0,0.005,-0.059,0.022,2.41,15.96,8.39,74.6,Normal
12:31.3,Подгорица,Tekirdağ,None,0,66.2,90,1473.8,10,1,0,1,0.009,0.066,0.041,2.41,15.97,8.39,74.5,Normal
12:32.3,Подгорица,Tekirdağ,None,0,66,90,1467.7,10,1,0,1,-0.068,0.052,0.084,2.41,15.97,8.39,74.5,Normal
12:33.3,Подгорица,Tekirdağ,None,0,65.7,90,1461.7,10,1,0,1,0.039,0.01,0.064,2.41,15.97,8.39,74.4,Normal
12:34.3,Подгорица,Tekirdağ,None,0,65.5,90,1457.2,10,1,0,1,-0.005,0.018,0.043,2.41,15.97,8.39,74.4,Normal
12:35.3,Подгорица,Tekirdağ,None,0,65.3,90,1453.8,10,1,0,0,0.031,-0.006,0.03,2.41,15.97,8.39,74.4,Normal
12:36.3,Подгорица,Tekirdağ,None,0,65.3,90,1452.7,10,1,0,1,0.01,-0.012,0.003,2.41,15.97,8.39,74.3,Normal
12:37.3,Подгорица,Tekirdağ,None,0,65.3,90,1453.2,10,1,0,0,0.022,-0.043,-0.007,2.42,15.98,8.39,74.3,Normal
12:38.3,Подгорица,Tekirdağ,None,0,65.4,90,1455.1,10,1,0,1,-0.015,-0.013,-0.036,2.42,15.98,8.39,74.3,Normal
12:39.3,Подгорица,Tekirdağ,None,0,65.5,90,1458.2,10,1,0,1,0.013,0.006,-0.046,2.42,15.98,8.39,74.2,Normal
12:40.3,Подгорица,Tekirdağ,None,0,65.7,90,1462.2,10,1,0,0,0.069,-0.04,-0.054,2.42,15.98,8.39,74.2,Normal
12:41.3,Подгорица,Tekirdağ,None,0,65.9,90,1467.5,10,1,0,0,0.024,-0.017,-0.077,2.42,15.98,8.39,74.2,Normal
12:42.3,Подгорица,Tekirdağ,None,0,66.2,90,1474.5,10,1,0,0,0.004,0.012,-0.095,2.42,15.98,8.39,74.1,Normal
12:43.3,Подгорица,Tekirdağ,None,0,66.6,90,1482.2,10,0.94,0,0,0.031,-0.041,-0.098,2.42,15.98,8.39,74.1,Normal
12:44.3,Подгорица,Tekirdağ,None,0,67,90,1490.5,10,1,0,1,-0.034,-0.011,-0.12,2.42,15.98,8.39,74.1,Normal
12:45.3,Подгорица,Tekirdağ,None,0,67.4,90,1499.7,10,1,0,1,0.017,-0.09,-0.123,2.42,15.98,8.39,74,Normal
12:46.3,Подгорица,Tekirdağ,None,0,67.4,90,1277.8,10,1,0,1,-0.03,0.001,0.176,2.42,15.99,8.39,74,Normal
12:47.3,Подгорица,Tekirdağ,None,0,66.8,90,1199.5,11,1,0,0,0.039,-0.077,0.051,2.42,15.99,8.39,74,Normal
12:48.3,Подгорица,Tekirdağ,None,0,66.8,90,1199.5,11,1,0,0,0.026,0.076,0.079,2.42,15.99,8.39,74,Normal
12:49.3,Подгорица,Tekirdağ,None,0,67,90,1203.9,11,1,0,0,0.011,-0.118,-0.091,2.42,15.99,8.39,74,Normal
12:50.3,Подгорица,Tekirdağ,None,0,67.3,90,1209.4,11,1,0,0,0.023,0.014,-0.091,2.42,15.99,8.39,73.9,Normal
12:51.3,Подгорица,Tekirdağ,None,0,67.5,90,1213.8,11,1,0,1,0.031,0.046,-0.061,2.42,15.99,8.39,73.9,Normal
12:52.3,Подгорица,Tekirdağ,None,0,67.8,90,1217.6,11,1,0,0,0.011,0.013,-0.056,2.42,15.99,8.39,73.9,Normal
12:53.3,Подгорица,Tekirdağ,None,0,67.9,90,1220.9,11,1,0,0,0.01,0.093,-0.059,2.42,15.99,8.39,73.9,Normal
12:54.3,Подгорица,Tekirdağ,None,0,68.1,90,1224.1,11,1,0,1,-0.034,0.079,-0.057,2.42,15.99,8.39,73.8,Normal
12:55.3,Подгорица,Tekirdağ,None,0,68.3,90,1228.3,11,1,0,1,-0.011,-0.11,-0.069,2.42,16,8.39,73.8,Normal
12:56.3,Подгорица,Tekirdağ,None,0,68.6,90,1232.5,11,1,0,1,-0.043,0.008,-0.069,2.42,16,8.39,73.8,Normal
12:57.3,Подгорица,Tekirdağ,None,0,68.9,90,1238.9,11,1,0,0,0.018,-0.037,-0.104,2.42,16,8.39,73.7,Normal
12:58.3,Подгорица,Tekirdağ,None,0,69.4,90,1246.8,11,1,0,-1,0.025,0.129,-0.145,2.42,16,8.39,73.7,Normal
12:59.3,Подгорица,Tekirdağ,None,0,69.9,90,1255.4,11,1,0,0,0.026,-0.017,-0.132,2.42,16,8.39,73.7,Normal
13:00.3,Подгорица,Tekirdağ,None,0,70.4,90,1265.4,11,1,0,0,0.007,0.01,-0.173,2.42,16.01,8.39,73.6,Normal
13:01.3,Подгорица,Tekirdağ,None,0,71,90,1276.6,11,1,0,0,-0.037,-0.061,-0.179,2.42,16.01,8.39,73.6,Normal
13:02.4,Подгорица,Tekirdağ,None,0,71.7,90,1289.3,11,1,0,0,-0.017,0.021,-0.208,2.42,16.01,8.39,73.6,Normal
13:03.3,Подгорица,Tekirdağ,None,0,72.5,90,1302.6,11,1,0,0,0.028,0.009,-0.221,2.42,16.01,8.39,73.6,Normal
13:04.4,Подгорица,Tekirdağ,None,0,73.3,90,1317.9,11,1,0,0,-0.001,-0.011,-0.256,2.42,16.01,8.39,73.5,Normal
13:05.3,Подгорица,Tekirdağ,None,0,74.2,90,1333.7,11,1,0,0,0.003,-0.05,-0.255,2.42,16.01,8.39,73.5,Normal
13:06.3,Подгорица,Tekirdağ,None,0,75.1,90,1349,11,1,0,0,-0.005,0.013,-0.236,2.42,16.01,8.39,73.5,Normal
13:07.3,Подгорица,Tekirdağ,None,0,75.9,90,1363.6,11,1,0,1,-0.011,-0.012,-0.224,2.42,16.01,8.39,73.4,Normal
13:08.3,Подгорица,Tekirdağ,None,0,76.7,90,1377.6,11,1,0,0,-0.004,0.019,-0.225,2.42,16.02,8.39,73.4,Normal
13:09.4,Подгорица,Tekirdağ,None,0,77.5,90,1392.6,11,1,0,0,0.011,-0.063,-0.237,2.42,16.02,8.39,73.4,Normal
13:10.3,Подгорица,Tekirdağ,None,0,78.3,90,1407.3,11,1,0,0,-0.008,-0.053,-0.252,2.42,16.02,8.39,73.3,Normal
13:11.3,Подгорица,Tekirdağ,None,0,79.3,90,1423.8,11,1,0,0,-0.002,-0.004,-0.275,2.42,16.02,8.4,73.3,Normal
13:12.4,Подгорица,Tekirdağ,None,0,80.3,90,1443,11,1,0,1,-0.006,-0.011,-0.307,2.42,16.02,8.4,73.3,Normal
13:13.3,Подгорица,Tekirdağ,None,0,81.1,90,1253.2,11,1,0,1,-0.009,0.09,-0.086,2.42,16.02,8.4,73.3,Normal
13:14.3,Подгорица,Tekirdağ,None,0,81.3,90,1132.6,12,1,0,1,-0.005,-0.129,-0.158,2.42,16.02,8.4,73.2,Normal
13:15.3,Подгорица,Tekirdağ,None,0,82.3,90,1146.2,12,1,0,0,0.003,-0.168,-0.31,2.42,16.03,8.4,73.2,Normal
13:16.3,Подгорица,Tekirdağ,None,0,83.4,90,1161.8,12,1,0,0,0.004,-0.035,-0.343,2.42,16.03,8.4,73.2,Normal
13:17.3,Подгорица,Tekirdağ,None,0,84.7,90,1179.9,12,1,0,0,-0.003,0.028,-0.365,2.42,16.03,8.4,73.2,Normal
13:18.3,Подгорица,Tekirdağ,None,0,85.9,90,1197.6,12,1,0,1,-0.071,-0.052,-0.387,2.42,16.03,8.4,73.1,Normal
13:19.4,Подгорица,Tekirdağ,None,0,87.3,90,1216.9,12,1,0,0,0.033,0.051,-0.4,2.42,16.03,8.4,73.1,Normal
13:20.4,Подгорица,Tekirdağ,None,0,88.8,90,1237.5,12,1,0,1,-0.01,-0.029,-0.428,2.42,16.04,8.4,73.1,Normal
13:21.4,Подгорица,Tekirdağ,None,0,90.4,90,1259.2,12,1,0,1,-0.037,0.142,-0.464,2.42,16.04,8.4,73,Normal
13:22.3,Подгорица,Tekirdağ,None,0,91.9,90,1280.9,12,1,0,0,0.079,-0.042,-0.439,2.42,16.04,8.4,73,Normal
13:23.3,Подгорица,Tekirdağ,None,0,93.6,90,1303.8,12,1,0,0,0.026,-0.099,-0.488,2.42,16.04,8.4,73,Normal
13:24.3,Подгорица,Tekirdağ,None,0,95.4,90,1328.8,12,1,0,0,-0.026,0.032,-0.504,2.42,16.04,8.4,73,Speeding
13:25.3,Подгорица,Tekirdağ,None,0,97.1,90,1353.1,12,1,0,0,-0.361,-0.632,-0.536,2.42,16.04,8.4,72.9,Speeding
13:26.3,Подгорица,Tekirdağ,None,0,98.9,90,1372.9,12,0,0,0,0.039,0.136,-0.4,2.42,16.05,8.4,72.9,Speeding
13:27.4,Подгорица,Tekirdağ,None,0,95.1,90,2108.9,10,0,0,-1,0.157,-0.414,0.761,2.42,16.05,8.4,72.9,Speeding
13:28.4,Подгорица,Tekirdağ,None,0,95.2,90,1581.3,12,0,0.15,1,-0.009,-0.028,-0.183,2.42,16.05,8.4,72.9,Speeding
13:29.3,Подгорица,Tekirdağ,None,0,91.7,90,1265.9,12,0,0.7,0,-0.026,-0.181,1.796,2.42,16.05,8.4,72.9,Normal
13:30.3,Подгорица,Tekirdağ,None,0,86,90,1188.7,12,0,0.59,-1,0.187,-0.051,1.485,2.42,16.05,8.4,72.9,Normal
13:31.3,Подгорица,Tekirdağ,None,0,82.8,90,1148,12,0,0,0,0.01,-0.199,0.099,2.42,16.05,8.4,72.9,Normal
13:32.4,Подгорица,Tekirdağ,None,0,83.4,90,1156.9,12,0,0,0,0.002,-0.158,-0.236,2.42,16.05,8.4,72.9,Normal
13:33.3,Подгорица,Tekirdağ,None,0,84.2,90,1168.9,12,0,0,0,-0.007,0.072,-0.258,2.42,16.06,8.4,72.9,Normal
13:34.4,Подгорица,Tekirdağ,None,0,85.1,90,1181.2,12,0,0,0,0.004,-0.094,-0.269,2.42,16.06,8.4,72.9,Normal
13:35.3,Подгорица,Tekirdağ,None,0,86,90,1192.9,12,0,0,0,0.023,-0.017,-0.241,2.43,16.06,8.4,72.9,Normal
13:36.3,Подгорица,Tekirdağ,None,0,86.8,90,1204.9,12,0,0,0,0.011,-0.053,-0.253,2.43,16.06,8.4,72.9,Normal
13:37.3,Подгорица,Tekirdağ,None,0,87.7,90,1217.1,12,0,0,0,0.029,-0.083,-0.256,2.43,16.07,8.4,72.9,Normal
13:38.4,Подгорица,Tekirdağ,None,0,88.6,90,1229.6,12,0,0,-1,0.237,0.105,-0.252,2.43,16.07,8.4,72.9,Normal
13:39.3,Подгорица,Tekirdağ,None,0,88.1,90,1218.3,12,0,0.65,1,-0.114,0.161,0.777,2.43,16.07,8.4,72.9,Normal
13:40.3,Подгорица,Tekirdağ,None,0,83.5,70,1153,12,0,0.66,-1,0.046,0.037,1.439,2.43,16.07,8.4,72.9,Speeding
13:41.4,Подгорица,Tekirdağ,None,0,77.3,70,1068.2,12,0,0.49,-1,0.032,-0.021,1.694,2.43,16.07,8.4,72.9,Speeding
13:42.3,Подгорица,Tekirdağ,None,0,73.5,70,1019.3,12,0,0,0,-0.021,-0.191,0.348,2.43,16.07,8.4,72.9,Normal
13:43.3,Подгорица,Tekirdağ,None,0,73.5,70,1019.1,12,0,0,0,0.036,-0.019,-0.066,2.43,16.07,8.4,72.9,Normal
13:44.4,Подгорица,Tekirdağ,None,0,73.8,70,1023.2,12,0,0,0,-0.092,0.013,-0.085,2.43,16.08,8.4,72.9,Normal
13:45.3,Подгорица,Tekirdağ,None,0,74.1,70,1027.2,12,0,0,0,-0.03,-0.009,-0.07,2.43,16.08,8.4,72.9,Normal
13:46.3,Подгорица,Tekirdağ,None,0,74.3,70,1029.5,12,0,0,0,0.013,0.093,-0.002,2.43,16.08,8.4,72.9,Normal
13:47.3,Подгорица,Tekirdağ,None,0,74.1,70,1027.1,12,0,0,0,0.072,0.157,0.083,2.43,16.08,8.4,72.9,Normal
13:48.4,Подгорица,Tekirdağ,None,0,73.5,70,1017.8,12,0,0.21,0,-0.101,-0.566,0.247,2.43,16.08,8.4,72.9,Normal
13:49.3,Подгорица,Tekirdağ,None,0,71.1,70,983.8,12,0,0.23,0,-0.007,0.006,0.859,2.43,16.08,8.4,72.9,Normal
13:50.3,Подгорица,Tekirdağ,None,0,68.4,70,1222.6,11,0,0,0,0.048,0.05,0.577,2.43,16.08,8.4,72.9,Normal
13:51.3,Подгорица,Tekirdağ,None,0,67.5,70,1206.8,11,0,0,0,-0.049,0.024,0.133,2.43,16.08,8.4,72.9,Normal
13:52.4,Подгорица,Tekirdağ,None,0,67,70,1198,11,0,0,0,0.01,-0.034,0.129,2.43,16.09,8.4,72.9,Normal
13:53.4,Подгорица,Tekirdağ,None,0,66.6,70,1190.2,11,0,0,0,-0.004,-0.023,0.152,2.43,16.09,8.4,72.9,Normal
13:54.4,Подгорица,Tekirdağ,None,0,66.1,70,1182.5,11,0,0,0,0.005,0.033,0.123,2.43,16.09,8.4,72.9,Normal
13:55.3,Подгорица,Tekirdağ,None,0,66.1,90,1182.6,11,0,0,0,-0.006,-0.032,-0.116,2.43,16.09,8.4,72.9,Normal
13:56.3,Подгорица,Tekirdağ,None,0,66.8,90,1196.4,11,0,0,0,0.025,-0.219,-0.242,2.43,16.09,8.4,72.9,Normal
13:57.4,Подгорица,Tekirdağ,None,0,68.5,90,1231.7,11,1,0,-1,0.008,0.002,-0.598,2.43,16.09,8.4,72.9,Normal
13:58.3,Подгорица,Tekirdağ,None,0,70.6,90,1270.3,11,0.89,0,-1,0.078,0.021,-0.615,2.43,16.1,8.4,72.8,Normal
13:59.4,Подгорица,Tekirdağ,None,0,72.8,90,1309.6,11,0.79,0,0,-0.084,0.045,-0.622,2.43,16.1,8.4,72.8,Normal
14:00.3,Подгорица,Tekirdağ,None,0,74.9,90,1346.2,11,0.83,0,0,-0.001,0.038,-0.588,2.43,16.1,8.4,72.8,Normal
14:01.3,Подгорица,Tekirdağ,None,0,76.9,90,1383.2,11,0.85,0,-1,0.064,0.033,-0.594,2.43,16.1,8.4,72.8,Normal
14:02.3,Подгорица,Tekirdağ,None,0,79,90,1420.8,11,0.89,0,-1,0.039,-0.049,-0.591,2.43,16.1,8.4,72.7,Normal
14:03.3,Подгорица,Tekirdağ,None,0,80.6,90,1124.3,12,0.84,0,-1,0.003,0.053,-0.316,2.43,16.1,8.4,72.7,Normal
14:04.3,Подгорица,Tekirdağ,None,0,81.8,90,1140.1,12,0.85,0,-1,0.03,-0.055,-0.462,2.43,16.1,8.4,72.7,Normal
14:05.4,Подгорица,Tekirdağ,None,0,83.7,90,1166.4,12,0.91,0,0,-0.026,0.043,-0.536,2.43,16.1,8.4,72.7,Normal
14:06.3,Подгорица,Tekirdağ,None,0,85.6,90,1192.2,12,0.89,0,-1,0.006,-0.12,-0.543,2.43,16.11,8.4,72.6,Normal
14:07.4,Подгорица,Tekirdağ,None,0,87.5,90,1219,12,0.88,0,0,0.001,-0.037,-0.54,2.43,16.11,8.4,72.6,Normal
14:08.4,Подгорица,Tekirdağ,None,0,89.3,90,1244.6,12,0.86,0,-1,0.057,-0.005,-0.554,2.43,16.11,8.4,72.6,Normal
14:09.4,Подгорица,Tekirdağ,None,0,91.3,90,1271.2,12,0.88,0,-1,0.053,0.033,-0.536,2.43,16.11,8.4,72.6,Normal
14:10.4,Подгорица,Tekirdağ,None,0,93.1,90,1297.4,12,0.92,0,1,-0.056,-0.088,-0.552,2.43,16.11,8.4,72.5,Normal
14:11.4,Подгорица,Tekirdağ,None,0,95,90,1322.6,12,0.91,0,1,-0.016,-0.032,-0.551,2.43,16.11,8.4,72.5,Normal
14:12.4,Подгорица,Tekirdağ,None,0,96.5,90,1339.3,12,0,0,-1,0.023,0.082,-0.311,2.43,16.12,8.4,72.5,Speeding
14:13.4,Подгорица,Tekirdağ,None,0,96.2,90,2086.6,10,0,0,1,-0.088,0.024,-0.108,2.43,16.12,8.4,72.5,Speeding
14:14.4,Подгорица,Tekirdağ,None,0,95.9,90,2126.2,10,0,0.14,-1,0.034,0,0.291,2.43,16.12,8.4,72.5,Speeding
14:15.4,Подгорица,Tekirdağ,None,0,94.9,90,2104.2,10,0,0.05,-1,0.039,-0.09,0.201,2.43,16.12,8.4,72.5,Normal
14:16.4,Подгорица,Tekirdağ,None,0,94.6,90,1845.6,10,0,0.04,-1,0.028,-0.157,0.011,2.43,16.13,8.4,72.5,Normal
14:17.4,Подгорица,Tekirdağ,None,0,94.6,90,1312.5,12,0,0,-1,0.019,0.046,-0.017,2.43,16.13,8.4,72.5,Normal
14:18.4,Подгорица,Tekirdağ,None,0,94.7,90,1313.7,12,0,0,-1,-0.009,-0.022,-0.038,2.43,16.13,8.4,72.5,Normal
14:19.4,Подгорица,Tekirdağ,None,0,94.9,90,1315.8,12,0,0,-1,0.007,0.029,-0.058,2.43,16.13,8.4,72.5,Normal
14:20.4,Подгорица,Tekirdağ,None,0,95,90,1317.8,12,0,0,-1,-0.019,-0.033,-0.007,2.43,16.13,8.4,72.5,Speeding
14:21.4,Подгорица,Tekirdağ,None,0,94.8,90,1314.4,12,0,0,-1,-0.061,-0.018,0.058,2.43,16.13,8.4,72.5,Normal
14:22.4,Подгорица,Tekirdağ,None,0,94.7,90,1312.6,12,0,0,-1,-0.053,0.254,0.065,2.43,16.14,8.4,72.5,Normal
14:23.4,Подгорица,Tekirdağ,None,0,94.2,90,1306.4,12,0,0,-1,-0.021,-0.149,0.173,2.43,16.14,8.4,72.5,Normal
14:24.4,Подгорица,Tekirdağ,None,0,93.5,90,1296.5,12,0,0,-1,0.097,0.034,0.179,2.43,16.14,8.4,72.5,Normal
14:25.4,Подгорица,Tekirdağ,None,0,92.9,90,1288.1,12,0,0,-1,-0.031,0.151,0.193,2.43,16.14,8.4,72.5,Normal
14:26.4,Подгорица,Tekirdağ,None,0,92.1,90,1276.8,12,0,0,-1,-0.015,0.067,0.265,2.43,16.15,8.4,72.5,Normal
14:27.4,Подгорица,Tekirdağ,None,0,91,90,1261.8,12,0,0,-1,0.031,-0.113,0.316,2.43,16.15,8.4,72.5,Normal
14:28.4,Подгорица,Tekirdağ,None,0,89.9,90,1245.8,12,0,0,0,-0.059,-0.139,0.342,2.43,16.15,8.4,72.5,Normal
14:29.4,Подгорица,Tekirdağ,None,0,88.9,90,1237.8,12,0,0,0,-0.059,-0.185,0.139,2.43,16.15,8.4,72.5,Normal
14:30.4,Подгорица,Tekirdağ,None,0,88.7,90,1234.7,12,0,0,-1,-0.009,0.048,0.046,2.43,16.15,8.4,72.4,Normal
14:31.4,Подгорица,Tekirdağ,None,0,88.6,90,1233.3,12,0,0,-1,0.159,0.066,0.017,2.44,16.15,8.4,72.4,Normal
14:32.4,Подгорица,Tekirdağ,None,0,88.6,90,1234.2,12,0,0,0,-0.082,-0.019,-0.023,2.44,16.15,8.4,72.4,Normal
14:33.4,Подгорица,Tekirdağ,None,0,88.6,90,1234.1,12,0,0,-1,-0.015,0.063,0.002,2.44,16.16,8.4,72.4,Normal
14:34.4,Подгорица,Tekirdağ,None,0,88.6,90,1232.9,12,0,0,-1,0.081,0.05,0.04,2.44,16.16,8.4,72.3,Normal
14:35.4,Подгорица,Tekirdağ,None,0,88.5,90,1231.6,12,0,0,1,-0.089,-0.17,0.036,2.44,16.16,8.4,72.3,Normal
14:36.4,Подгорица,Tekirdağ,None,0,88.3,90,1228,12,0,0,-1,0.074,0.075,0.068,2.44,16.16,8.4,72.3,Normal
14:37.4,Подгорица,Tekirdağ,None,0,88.1,90,1225.9,12,0,0,0,0.023,-0.036,0.053,2.44,16.16,8.4,72.2,Normal
14:38.4,Подгорица,Tekirdağ,None,0,87.9,90,1222.8,12,0,0,0,0.028,-0.043,0.071,2.44,16.16,8.4,72.2,Normal
14:39.4,Подгорица,Tekirdağ,None,0,87.7,90,1220.5,12,0,0,0,0.01,-0.203,0.052,2.44,16.17,8.4,72.2,Normal
14:40.4,Подгорица,Tekirdağ,None,0,86.8,90,1202.7,12,0,0,0,0.004,0.093,0.343,2.44,16.17,8.4,72.2,Normal
14:41.4,Подгорица,Tekirdağ,None,0,85.8,90,1191.1,12,0.25,0,1,-0.118,-0.033,0.212,2.44,16.17,8.4,72.2,Normal
14:42.4,Подгорица,Tekirdağ,None,0,85,90,1181.5,12,0.49,0,0,0.035,0.002,0.19,2.44,16.17,8.4,72.2,Normal
14:43.4,Подгорица,Tekirdağ,None,0,84.3,90,1172.3,12,0.53,0,0,-0.016,0.119,0.163,2.44,16.17,8.4,72.1,Normal
14:44.4,Подгорица,Tekirdağ,None,0,83.8,90,1166.1,12,0.73,0,1,-0.052,0.005,0.132,2.44,16.18,8.4,72.1,Normal
14:45.4,Подгорица,Tekirdağ,None,0,83.5,90,1161,12,0.7,0,1,0.03,-0.055,0.11,2.44,16.18,8.4,72.1,Normal
14:46.4,Подгорица,Tekirdağ,None,0,83,90,1154.4,12,0.58,0,1,-0.081,0.04,0.144,2.44,16.18,8.4,72.1,Normal
14:47.4,Подгорица,Tekirdağ,None,0,82.5,90,1147.3,12,0.59,0,1,0.02,-0.003,0.153,2.44,16.18,8.4,72.1,Normal
14:48.4,Подгорица,Tekirdağ,None,0,81.9,90,1135,12,0,0,0,0.033,0.028,0.241,2.44,16.18,8.4,72.1,Normal
14:49.4,Подгорица,Tekirdağ,None,0,80.7,90,1118.2,12,0,0,1,-0.03,-0.211,0.357,2.44,16.18,8.4,72.1,Normal
16:49.4,Подгорица,Tekirdağ,None,0,79.4,90,1099.9,12,0,0,0,0.032,-0.006,0.348,2.44,16.18,8.4,72.1,Normal
16:50.4,Подгорица,Tekirdağ,None,0,78.1,90,1082.3,12,0,0,1,-0.019,-0.07,0.34,2.44,16.19,8.4,72.1,Normal
16:51.4,Подгорица,Tekirdağ,None,0,76.9,90,1065.8,12,0,0,1,-0.056,-0.014,0.335,2.44,16.19,8.4,72.1,Normal
16:52.4,Подгорица,Tekirdağ,None,0,75.8,90,1049.9,12,0,0,1,0.024,0.159,0.335,2.44,16.19,8.4,72.1,Normal
16:53.4,Подгорица,Tekirdağ,None,0,74.6,90,1034.1,12,0,0,-1,0.139,-0.005,0.296,2.44,16.19,8.4,72.1,Normal
16:54.4,Подгорица,Tekirdağ,None,0,73.5,90,1019.2,12,0,0,1,0,-0.112,0.298,2.44,16.19,8.4,72.1,Normal
16:55.4,Подгорица,Tekirdağ,None,0,72.7,90,1007.2,12,0,0,1,-0.114,0.029,0.239,2.44,16.19,8.4,72.1,Normal
16:56.4,Подгорица,Tekirdağ,None,0,71.8,90,994.8,12,0,0,1,-0.005,-0.042,0.229,2.44,16.19,8.4,72.1,Normal
16:57.4,Подгорица,Tekirdağ,None,0,70.9,90,967.1,12,0.25,0,1,0.098,-0.044,0.211,2.44,16.19,8.4,72.1,Normal
16:58.4,Подгорица,Tekirdağ,None,0,70.3,90,1259,11,0.76,0,1,0.032,-0.029,0.161,2.44,16.2,8.4,72,Normal
16:59.4,Подгорица,Tekirdağ,None,0,70.4,90,1265.2,11,0.84,0,1,0.012,0,-0.144,2.44,16.2,8.4,72,Normal
17:00.4,Подгорица,Tekirdağ,None,0,71,90,1274.6,11,0.69,0,1,-0.151,0.072,-0.152,2.44,16.2,8.4,72,Normal
17:01.4,Подгорица,Tekirdağ,None,0,71.5,90,1284,11,0.63,0,1,0.033,-0.025,-0.149,2.44,16.2,8.4,72,Normal
17:02.4,Подгорица,Tekirdağ,None,0,72,90,1292,11,0.52,0,0,0.046,0.143,-0.137,2.44,16.2,8.4,72,Normal
17:03.4,Подгорица,Tekirdağ,None,0,72.4,90,1298.8,11,0.53,0,1,-0.035,0.019,-0.132,2.44,16.21,8.4,71.9,Normal
17:04.4,Подгорица,Tekirdağ,None,0,72.8,90,1306.4,11,0.52,0,1,-0.047,-0.002,-0.111,2.44,16.21,8.4,71.9,Normal
17:05.4,Подгорица,Tekirdağ,None,0,73.2,90,1314.1,11,0.54,0,1,0.02,0.074,-0.128,2.44,16.21,8.4,71.9,Normal
17:06.4,Подгорица,Tekirdağ,None,0,73.7,90,1322.4,11,0.53,0,0,0.018,0.012,-0.131,2.44,16.21,8.4,71.9,Normal
17:07.4,Подгорица,Tekirdağ,None,0,74.2,90,1330.9,11,0.54,0,1,-0.012,0.009,-0.128,2.44,16.21,8.4,71.9,Normal
17:08.4,Подгорица,Tekirdağ,None,0,74.6,90,1339,11,0.53,0,0,0.029,0.074,-0.143,2.44,16.21,8.4,71.8,Normal
17:09.4,Подгорица,Tekirdağ,None,0,75.1,90,1348.4,11,0.59,0,0,0.013,0.014,-0.156,2.44,16.21,8.4,71.8,Normal
17:10.4,Подгорица,Tekirdağ,None,0,75.9,90,1362.1,11,0.73,0,1,-0.044,-0.005,-0.23,2.44,16.21,8.4,71.8,Normal
17:11.4,Подгорица,Tekirdağ,None,0,76.8,90,1379,11,0.87,0,0,0.017,-0.02,-0.281,2.44,16.22,8.4,71.8,Normal
17:12.4,Подгорица,Tekirdağ,None,0,77.7,90,1340.5,11,0,0,-1,0.171,0.088,-0.178,2.44,16.22,8.4,71.7,Normal
17:13.4,Подгорица,Tekirdağ,None,0,77.8,90,1079.4,12,0,0,0,-0.015,0.017,0.008,2.44,16.22,8.41,71.7,Normal
17:14.4,Подгорица,Tekirdağ,None,0,77.7,90,1077.4,12,0,0,-1,0.037,-0.002,0.049,2.44,16.22,8.41,71.7,Normal
17:15.4,Подгорица,Tekirdağ,None,0,77.6,90,1075.5,12,0,0,0,-0.018,0.008,0.045,2.44,16.22,8.41,71.7,Normal
17:16.4,Подгорица,Tekirdağ,None,0,77.4,90,1073.3,12,0,0,-1,0.026,-0.077,0.053,2.44,16.22,8.41,71.7,Normal
17:17.4,Подгорица,Tekirdağ,None,0,77.2,90,1071.1,12,0,0,-1,0.08,-0.106,0.043,2.44,16.22,8.41,71.7,Normal
17:18.4,Подгорица,Tekirdağ,None,0,77,90,1068.4,12,0,0,-1,-0.002,-0.042,0.049,2.44,16.22,8.41,71.7,Normal
17:19.4,Подгорица,Tekirdağ,None,0,76.8,90,1064.4,12,0,0,0,-0.025,-0.063,0.087,2.44,16.23,8.41,71.7,Normal
17:20.4,Подгорица,Tekirdağ,None,0,76.5,90,1060.5,12,0,0,0,0.003,0.088,0.101,2.44,16.23,8.41,71.7,Normal
17:21.4,Подгорица,Tekirdağ,None,0,76.1,90,1055.5,12,0,0,-1,0.13,0.037,0.109,2.44,16.23,8.41,71.7,Normal
17:22.4,Подгорица,Tekirdağ,None,0,75.8,90,1050.5,12,0,0,0,-0.031,0.063,0.104,2.44,16.23,8.41,71.7,Normal
17:23.4,Подгорица,Tekirdağ,None,0,75.4,90,1045.3,12,0,0,0,-0.011,0.081,0.11,2.44,16.23,8.41,71.7,Normal
17:24.4,Подгорица,Tekirdağ,None,0,75,90,1039.7,12,0,0,0,0.021,-0.01,0.116,2.44,16.24,8.41,71.7,Normal
17:25.4,Подгорица,Tekirdağ,None,0,74.6,90,1034.6,12,0,0,0,-0.03,0.133,0.095,2.44,16.24,8.41,71.7,Normal
17:26.4,Подгорица,Tekirdağ,None,0,73.4,90,1016.2,12,0,0.26,0,-0.001,0.053,0.695,2.45,16.24,8.41,71.7,Normal
17:27.4,Подгорица,Tekirdağ,None,0,70.5,90,973.9,12,0,0.27,0,-0.022,0.104,0.839,2.45,16.24,8.41,71.7,Normal
17:28.4,Подгорица,Tekirdağ,None,0,66.7,90,1190,11,0,0.25,0,0.027,0.015,1.179,2.45,16.24,8.41,71.7,Normal
17:29.4,Подгорица,Tekirdağ,None,0,63.9,90,1141.5,11,0,0,0,0.013,-0.078,0.447,2.45,16.24,8.41,71.7,Normal
17:30.4,Подгорица,Tekirdağ,None,0,63.1,90,1128.4,11,0,0,0,-0.021,0.017,0.139,2.45,16.24,8.41,71.7,Normal
17:31.4,Подгорица,Tekirdağ,None,0,62.7,90,1121.4,11,0.02,0,0,-0.024,-0.049,0.089,2.45,16.24,8.41,71.7,Normal
17:32.4,Подгорица,Tekirdağ,None,0,62.3,90,1115.2,11,0.03,0,0,0.012,0.022,0.098,2.45,16.25,8.41,71.7,Normal
17:33.4,Подгорица,Tekirdağ,None,0,62,90,1108.6,11,0,0,0,0.166,0.149,0.135,2.45,16.25,8.41,71.7,Normal
17:34.4,Подгорица,Tekirdağ,None,0,61.6,90,1102.6,11,0,0,-1,0.008,0.017,0.104,2.45,16.25,8.41,71.7,Normal
17:35.4,Подгорица,Tekirdağ,None,0,61.3,90,1096.9,11,0,0,-1,0.017,0.005,0.078,2.45,16.25,8.41,71.7,Normal
17:36.4,Подгорица,Tekirdağ,None,0,61.1,90,1092.5,11,0,0,0,-0.041,0.02,0.064,2.45,16.25,8.41,71.7,Normal
17:37.4,Подгорица,Tekirdağ,None,0,60.8,90,1088.7,11,0,0,0,-0.013,0.01,0.062,2.45,16.25,8.41,71.7,Normal
17:38.4,Подгорица,Tekirdağ,None,0,61,90,1094.8,11,0.67,0,-1,0.101,-0.066,-0.136,2.45,16.25,8.41,71.7,Normal
17:39.4,Подгорица,Tekirdağ,None,0,61.8,90,1110.4,11,0.72,0,-1,0.013,0.051,-0.267,2.45,16.25,8.41,71.7,Normal
17:40.4,Подгорица,Tekirdağ,None,0,62.7,90,1112.2,11,1,0,0,-0.04,-0.039,-0.203,2.45,16.25,8.41,71.7,Normal
17:41.4,Подгорица,Tekirdağ,None,0,62.9,90,1397.1,10,1,0,0,-0.026,-0.013,-0.011,2.45,16.25,8.41,71.7,Normal
17:42.5,Подгорица,Tekirdağ,None,0,63.8,90,1421.9,10,0.87,0,-1,0.05,0.043,-0.372,2.45,16.26,8.41,71.6,Normal
17:43.4,Подгорица,Tekirdağ,None,0,65.2,90,1452.1,10,0.91,0,0,-0.018,0.002,-0.375,2.45,16.26,8.41,71.6,Normal
17:44.4,Подгорица,Tekirdağ,None,0,66.1,90,1217.2,10,1,0,0,-0.017,0.074,-0.066,2.45,16.26,8.41,71.6,Normal
17:45.4,Подгорица,Tekirdağ,None,0,66.3,90,1192.4,11,1,0,0,-0.017,-0.071,-0.212,2.45,16.26,8.41,71.6,Normal
17:46.4,Подгорица,Tekirdağ,None,0,67.4,90,1211.8,11,1,0,-1,0.031,0.024,-0.324,2.45,16.26,8.41,71.6,Normal
17:47.4,Подгорица,Tekirdağ,None,0,68.5,90,1231.8,11,1,0,0,0.038,-0.008,-0.315,2.45,16.27,8.41,71.5,Normal
17:48.4,Подгорица,Tekirdağ,None,0,69.7,90,1252.5,11,0.93,0,-1,0.049,0.038,-0.323,2.45,16.27,8.41,71.5,Normal
17:49.4,Подгорица,Tekirdağ,None,0,70.7,90,1271.3,11,0.86,0,-1,0.003,0.008,-0.294,2.45,16.27,8.41,71.5,Normal
17:50.4,Подгорица,Tekirdağ,None,0,71.7,90,1288.8,11,0.84,0,-1,-0.002,-0.017,-0.268,2.45,16.27,8.41,71.4,Normal
17:51.4,Подгорица,Tekirdağ,None,0,72.7,90,1305,11,0.66,0,0,-0.01,0,-0.23,2.45,16.27,8.41,71.4,Normal
17:52.4,Подгорица,Tekirdağ,None,0,73.5,90,1319.6,11,0.76,0,-1,-0.009,-0.069,-0.234,2.45,16.27,8.41,71.4,Normal
17:53.4,Подгорица,Tekirdağ,None,0,74.4,90,1336,11,0.78,0,-1,0.003,-0.008,-0.265,2.45,16.27,8.41,71.4,Normal
17:54.4,Подгорица,Tekirdağ,None,0,75.2,90,1351.4,11,0.75,0,0,-0.019,0.132,-0.248,2.45,16.27,8.41,71.3,Normal
17:55.4,Подгорица,Tekirdağ,None,0,76.1,90,1366.2,11,0.77,0,0,-0.008,0.025,-0.243,2.45,16.28,8.41,71.3,Normal
17:56.4,Подгорица,Tekirdağ,None,0,76.8,90,1299.3,11,0.63,0,0,-0.022,0.254,-0.014,2.45,16.28,8.41,71.3,Normal
17:57.4,Подгорица,Tekirdağ,None,0,76.7,90,1066.4,12,0.52,0,-1,0.05,0.004,0.016,2.45,16.28,8.41,71.3,Normal
17:58.5,Подгорица,Tekirdağ,None,0,77,90,1070.4,12,0.48,0,-1,0.013,-0.033,-0.078,2.45,16.28,8.41,71.3,Normal
17:59.4,Подгорица,Tekirdağ,None,0,77.3,90,1075.4,12,0.49,0,-1,0.006,-0.066,-0.114,2.45,16.28,8.41,71.3,Normal
18:00.5,Подгорица,Tekirdağ,None,0,77.6,90,1079,12,0.38,0,-1,-0.014,0.024,-0.075,2.45,16.28,8.41,71.2,Normal
18:01.4,Подгорица,Tekirdağ,None,0,77.9,90,1082.5,12,0.38,0,-1,0.028,0.01,-0.071,2.45,16.28,8.41,71.2,Normal
18:02.4,Подгорица,Tekirdağ,None,0,78.1,90,1085.2,12,0.39,0,0,0.009,0.166,-0.062,2.45,16.28,8.41,71.2,Normal
18:03.5,Подгорица,Tekirdağ,None,0,78.3,90,1088,12,0.37,0,0,-0.005,-0.001,-0.054,2.45,16.29,8.41,71.2,Normal
18:04.4,Подгорица,Tekirdağ,None,0,78.5,90,1090.2,12,0.37,0,0,-0.05,0.177,-0.044,2.45,16.29,8.41,71.2,Normal
18:05.4,Подгорица,Tekirdağ,None,0,78.6,90,1092.8,12,0.43,0,0,-0.007,-0.012,-0.044,2.45,16.29,8.41,71.2,Normal
18:06.5,Подгорица,Tekirdağ,None,0,78.9,90,1097,12,0.49,0,0,0.011,-0.128,-0.086,2.45,16.29,8.41,71.2,Normal
18:07.4,Подгорица,Tekirdağ,None,0,79.2,90,1101.4,12,0.44,0,0,-0.015,-0.039,-0.1,2.45,16.29,8.41,71.2,Normal
18:08.5,Подгорица,Tekirdağ,None,0,79.5,90,1104.3,12,0.37,0,0,0.027,-0.062,-0.053,2.45,16.3,8.41,71.1,Normal
18:09.4,Подгорица,Tekirdağ,None,0,79.7,90,1107.3,12,0.44,0,0,0.011,-0.165,-0.06,2.45,16.3,8.41,71.1,Normal
18:10.4,Подгорица,Tekirdağ,None,0,79.9,90,1111.8,12,0.52,0,0,0,-0.005,-0.106,2.45,16.3,8.41,71.1,Normal
18:11.4,Подгорица,Tekirdağ,None,0,80.3,90,1117.1,12,0.56,0,0,0.007,0.016,-0.11,2.45,16.3,8.41,71.1,Normal
18:12.4,Подгорица,Tekirdağ,None,0,80.7,90,1123,12,0.66,0,0,0.012,-0.012,-0.125,2.45,16.3,8.41,71.1,Normal
18:13.4,Подгорица,Tekirdağ,None,0,81.2,90,1129.2,12,0.55,0,0,0.015,0.012,-0.134,2.45,16.3,8.41,71.1,Normal
18:14.4,Подгорица,Tekirdağ,None,0,81.5,90,1133.8,12,0.47,0,0,0.019,0,-0.087,2.45,16.3,8.41,71,Normal
18:15.4,Подгорица,Tekirdağ,None,0,81.8,90,1137.9,12,0.47,0,0,0.001,0.077,-0.076,2.45,16.31,8.41,71,Normal
18:16.4,Подгорица,Tekirdağ,None,0,82.2,90,1142.8,12,0.53,0,0,0.003,-0.039,-0.096,2.45,16.31,8.41,71,Normal
18:17.4,Подгорица,Tekirdağ,None,0,82.5,90,1147.3,12,0.51,0,0,-0.018,-0.027,-0.086,2.45,16.31,8.41,71,Normal
18:18.4,Подгорица,Tekirdağ,None,0,82.8,90,1151.4,12,0.48,0,0,-0.013,-0.039,-0.081,2.45,16.31,8.41,71,Normal
18:19.4,Подгорица,Tekirdağ,None,0,83.1,90,1155.3,12,0.46,0,0,-0.016,0.028,-0.092,2.45,16.31,8.41,71,Normal
18:20.4,Подгорица,Tekirdağ,None,0,83.4,90,1159.7,12,0.51,0,1,-0.054,0.022,-0.084,2.45,16.31,8.41,70.9,Normal
18:21.4,Подгорица,Tekirdağ,None,0,83.7,90,1163.4,12,0.43,0,1,-0.033,-0.064,-0.083,2.45,16.31,8.41,70.9,Normal
18:22.5,Подгорица,Tekirdağ,None,0,83.6,90,1158.5,12,0,0,0,0.029,-0.134,0.112,2.45,16.32,8.41,70.9,Normal
18:23.4,Подгорица,Tekirdağ,None,0,83.1,90,1153.7,12,0,0,0,0.015,0.021,0.107,2.45,16.32,8.41,70.9,Normal
18:24.5,Подгорица,Tekirdağ,None,0,82.9,90,1152.4,12,0,0,1,-0.038,0.006,0.03,2.45,16.32,8.41,70.9,Normal
18:25.5,Подгорица,Tekirdağ,None,0,83,90,1153.8,12,0,0,0,0.028,-0.075,-0.033,2.45,16.32,8.41,70.9,Normal
18:26.4,Подгорица,Tekirdağ,None,0,83.1,90,1156.1,12,0,0,1,-0.02,0.08,-0.055,2.45,16.32,8.41,70.9,Normal
18:27.5,Подгорица,Tekirdağ,None,0,83.2,90,1157.5,12,0,0,1,0.001,0.036,-0.017,2.45,16.33,8.41,70.9,Normal
18:28.5,Подгорица,Tekirdağ,None,0,83.3,90,1158.3,12,0,0,0,0.017,0.006,-0.025,2.45,16.33,8.41,70.8,Normal
18:29.4,Подгорица,Tekirdağ,None,0,83.3,90,1158.7,12,0,0,0,0.016,-0.095,0.003,2.46,16.33,8.41,70.8,Normal
18:30.5,Подгорица,Tekirdağ,None,0,83.3,90,1158.7,12,0,0,1,-0.001,-0.03,-0.007,2.46,16.33,8.41,70.8,Normal
18:31.4,Подгорица,Tekirdağ,None,0,83.3,90,1158.4,12,0,0,1,-0.011,0.06,-0.019,2.46,16.33,8.41,70.8,Normal
18:32.5,Подгорица,Tekirdağ,None,0,83.4,90,1159,12,0,0,0,0.042,0.054,-0.015,2.46,16.33,8.41,70.8,Normal
18:33.5,Подгорица,Tekirdağ,None,0,83.4,90,1159,12,0,0,0,0.014,0.013,0.007,2.46,16.33,8.41,70.7,Normal
18:34.4,Подгорица,Tekirdağ,None,0,83.4,90,1160,12,0.82,0,0,0.004,-0.152,-0.006,2.46,16.34,8.41,70.7,Normal
18:35.4,Подгорица,Tekirdağ,None,0,83.6,90,1162.7,12,0.67,0,0,-0.019,-0.008,-0.061,2.46,16.34,8.41,70.7,Normal
18:36.4,Подгорица,Tekirdağ,None,0,83.7,90,1163.4,12,0.34,0,0,-0.009,-0.014,-0.008,2.46,16.34,8.41,70.7,Normal
18:37.4,Подгорица,Tekirdağ,None,0,83.6,90,1162.2,12,0.51,0,1,-0.048,-0.026,0.036,2.46,16.34,8.41,70.7,Normal
18:38.4,Подгорица,Tekirdağ,None,0,83.6,90,1164.3,12,0.88,0,0,0.052,-0.051,-0.038,2.46,16.34,8.41,70.7,Normal
18:39.4,Подгорица,Tekirdağ,None,0,83.9,90,1167.1,12,0.75,0,0,-0.006,0.007,-0.062,2.46,16.34,8.41,70.6,Normal
18:40.4,Подгорица,Tekirdağ,None,0,84,90,1169.4,12,0.86,0,1,0.001,0.041,-0.033,2.46,16.34,8.41,70.6,Normal
18:41.4,Подгорица,Tekirdağ,None,0,84.2,90,1172.9,12,0.97,0,0,-0.039,-0.055,-0.057,2.46,16.35,8.41,70.6,Normal
18:42.4,Подгорица,Tekirdağ,None,0,84.4,90,1174.9,12,0.96,0,1,-0.034,0.011,-0.035,2.46,16.35,8.41,70.6,Normal
18:43.5,Подгорица,Tekirdağ,None,0,84.5,90,1177.3,12,1,0,1,-0.148,-0.044,-0.034,2.46,16.35,8.41,70.5,Normal
18:44.5,Подгорица,Tekirdağ,None,0,84.7,90,1179.3,12,0.99,0,0,0.083,-0.036,-0.044,2.46,16.35,8.41,70.5,Normal
18:45.4,Подгорица,Tekirdağ,None,0,84.7,90,1179.5,12,0.93,0,-1,0.043,-0.016,-0.011,2.46,16.36,8.41,70.5,Normal
18:46.5,Подгорица,Tekirdağ,None,0,84.8,90,1179.6,12,0.86,0,-1,0.078,-0.109,0.008,2.46,16.36,8.41,70.4,Normal
18:47.5,Подгорица,Tekirdağ,None,0,84.7,90,1178.8,12,0.8,0,0,-0.048,-0.063,0.032,2.46,16.36,8.41,70.4,Normal
18:48.4,Подгорица,Tekirdağ,None,0,84.6,90,1177.5,12,0.79,0,-1,-0.006,-0.011,0.031,2.46,16.36,8.41,70.4,Normal
18:49.5,Подгорица,Tekirdağ,None,0,84.6,90,1177.9,12,0.78,0,0,0.013,0.083,-0.032,2.46,16.36,8.41,70.4,Normal
18:50.4,Подгорица,Tekirdağ,None,0,84.9,90,1181,12,0.79,0,0,-0.129,0.057,-0.08,2.46,16.36,8.41,70.3,Normal
18:51.4,Подгорица,Tekirdağ,None,0,85.2,90,1185.9,12,1,0,0,0.022,-0.049,-0.103,2.46,16.36,8.41,70.3,Normal
18:52.5,Подгорица,Tekirdağ,None,0,85.5,90,1191,12,1,0,0,-0.039,-0.001,-0.086,2.46,16.37,8.41,70.3,Normal
18:53.5,Подгорица,Tekirdağ,None,0,85.6,90,1192.2,12,1,0,0,0.001,0.046,-0.01,2.46,16.37,8.41,70.3,Normal
18:54.5,Подгорица,Tekirdağ,None,0,85.7,90,1193.1,12,1,0,-1,0.035,0.087,-0.031,2.46,16.37,8.41,70.2,Normal
18:55.5,Подгорица,Tekirdağ,None,0,85.8,90,1194.9,12,1,0,-1,0.098,0.057,-0.061,2.46,16.37,8.41,70.2,Normal
18:56.5,Подгорица,Tekirdağ,None,0,86.2,90,1200.7,12,1,0,1,-0.032,-0.015,-0.147,2.46,16.38,8.41,70.2,Normal
18:57.5,Подгорица,Tekirdağ,None,0,86.8,90,1208.6,12,0.8,0,0,0.013,0.106,-0.189,2.46,16.38,8.41,70.1,Normal
18:58.5,Подгорица,Tekirdağ,None,0,87.4,90,1217.2,12,0.84,0,0,-0.01,0.029,-0.178,2.46,16.38,8.41,70.1,Normal
18:59.5,Подгорица,Tekirdağ,None,0,88.1,90,1226.5,12,0.93,0,-1,0.018,-0.05,-0.182,2.46,16.38,8.41,70.1,Normal
19:00.5,Подгорица,Tekirdağ,None,0,88.7,90,1234.5,12,0.91,0,-1,-0.004,0.057,-0.166,2.46,16.38,8.41,70.1,Normal
19:01.5,Подгорица,Tekirdağ,None,0,89.2,90,1242.4,12,0.87,0,-1,0.046,0.111,-0.156,2.46,16.38,8.41,70,Normal
19:02.5,Подгорица,Tekirdağ,None,0,89.8,90,1250.1,12,0.87,0,-1,-0.056,0.022,-0.172,2.46,16.38,8.41,70,Normal
19:03.5,Подгорица,Tekirdağ,None,0,90.4,90,1257.7,12,0.89,0,0,-0.056,0.075,-0.163,2.46,16.39,8.41,70,Normal
19:04.5,Подгорица,Tekirdağ,None,0,90.6,90,1260.5,12,0,0,0,-0.017,0.016,-0.071,2.46,16.39,8.41,70,Normal
19:05.5,Подгорица,Tekirdağ,None,0,90.8,90,1261.9,12,0,0,-1,-0.017,-0.041,-0.019,2.46,16.39,8.41,70,Normal
19:06.5,Подгорица,Tekirdağ,None,0,90.8,90,1260.4,12,0,0,0,-0.026,0.079,0.026,2.46,16.39,8.41,69.9,Normal
19:07.5,Подгорица,Tekirdağ,None,0,90.6,90,1258.2,12,0,0,0,-0.004,-0.005,0.062,2.46,16.39,8.41,69.9,Normal
19:08.5,Подгорица,Tekirdağ,None,0,90.5,90,1257.1,12,0,0,0,-0.004,-0.057,0.028,2.46,16.39,8.41,69.9,Normal
19:09.5,Подгорица,Tekirdağ,None,0,90.5,90,1256.9,12,0,0,-1,-0.004,-0.008,-0.015,2.46,16.39,8.41,69.9,Normal
19:10.5,Подгорица,Tekirdağ,None,0,90.5,90,1256.7,12,0,0,0,-0.036,-0.007,-0.018,2.46,16.4,8.41,69.9,Normal
19:11.5,Подгорица,Tekirdağ,None,0,90.6,90,1257.6,12,0,0,-1,-0.014,-0.053,-0.017,2.46,16.4,8.41,69.9,Normal
19:12.5,Подгорица,Tekirdağ,None,0,90.6,90,1257.7,12,0,0,0,-0.016,0.057,-0.002,2.46,16.4,8.41,69.9,Normal
19:13.5,Подгорица,Tekirdağ,None,0,90.6,90,1256.8,12,0,0,0,-0.012,-0.059,0.024,2.46,16.4,8.41,69.9,Normal
19:14.5,Подгорица,Tekirdağ,None,0,90.6,90,1256.4,12,0,0,0,-0.011,0.043,-0.001,2.46,16.41,8.41,69.9,Normal
19:15.5,Подгорица,Tekirdağ,None,0,90.6,90,1256.3,12,0,0,-1,0.077,0.056,-0.017,2.46,16.41,8.41,69.9,Normal
19:16.5,Подгорица,Tekirdağ,None,0,90.6,90,1257.2,12,0,0,0,-0.028,-0.004,-0.025,2.46,16.41,8.41,69.9,Normal
19:17.5,Подгорица,Tekirdağ,None,0,90.7,90,1258.6,12,0,0,0,-0.015,0.003,-0.034,2.46,16.41,8.41,69.9,Normal
19:18.5,Подгорица,Tekirdağ,None,0,90.9,90,1261.3,12,0,0,0,-0.004,-0.156,-0.061,2.46,16.41,8.41,69.9,Normal
19:19.5,Подгорица,Tekirdağ,None,0,91.1,90,1263.2,12,0,0,0,-0.011,-0.118,-0.041,2.46,16.41,8.41,69.9,Normal
19:20.5,Подгорица,Tekirdağ,None,0,91.2,90,1265.4,12,0,0,1,-0.064,-0.123,-0.042,2.47,16.42,8.41,69.9,Normal
19:21.5,Подгорица,Tekirdağ,None,0,91.4,90,1267.5,12,0,0,0,0.064,0.037,-0.023,2.47,16.42,8.41,69.9,Normal
19:22.5,Подгорица,Tekirdağ,None,0,91.4,90,1267.8,12,0,0,-1,0.032,-0.078,0.011,2.47,16.42,8.42,69.9,Normal
19:23.5,Подгорица,Tekirdağ,None,0,91.3,90,1265.6,12,0,0,0,0.003,0.031,0.072,2.47,16.42,8.42,69.9,Normal
19:24.5,Подгорица,Tekirdağ,None,0,91,90,1261.6,12,0,0,-1,0.046,-0.097,0.088,2.47,16.42,8.42,69.9,Normal
19:25.5,Подгорица,Tekirdağ,None,0,90.6,90,1257.8,12,0,0,0,-0.004,0.083,0.08,2.47,16.42,8.42,69.9,Normal
19:26.5,Подгорица,Tekirdağ,None,0,90.4,90,1255.6,12,0,0,1,-0.003,0.231,0.05,2.47,16.42,8.42,69.9,Normal
19:27.5,Подгорица,Tekirdağ,None,0,90.3,90,1254.8,12,0,0,1,0.027,0.147,0.015,2.47,16.43,8.42,69.9,Normal
19:28.5,Подгорица,Tekirdağ,None,0,90.3,90,1255.2,12,0,0,1,0.008,0.022,0,2.47,16.43,8.42,69.8,Normal
19:29.5,Подгорица,Tekirdağ,None,0,90.3,90,1256.3,12,0,0,1,-0.008,-0.083,-0.005,2.47,16.43,8.42,69.8,Normal
19:30.5,Подгорица,Tekirdağ,None,0,90.4,90,1256.9,12,0,0,1,0.012,-0.019,-0.005,2.47,16.43,8.42,69.8,Normal
19:31.5,Подгорица,Tekirdağ,None,0,90.5,90,1257.9,12,0,0,0,0.018,-0.184,-0.015,2.47,16.44,8.42,69.8,Normal
19:32.5,Подгорица,Tekirdağ,None,0,90.6,90,1258.6,12,0,0,0,0.012,-0.035,-0.012,2.47,16.44,8.42,69.8,Normal
19:33.5,Подгорица,Tekirdağ,None,0,90.6,90,1259.2,12,0,0,1,-0.047,0.101,-0.03,2.47,16.44,8.42,69.7,Normal
19:34.5,Подгорица,Tekirdağ,None,0,90.6,90,1259,12,0,0,1,-0.008,0.163,-0.007,2.47,16.44,8.42,69.7,Normal
19:35.5,Подгорица,Tekirdağ,None,0,90.6,90,1258.4,12,0,0,0,0.034,0.112,0.017,2.47,16.44,8.42,69.7,Normal
19:36.5,Подгорица,Tekirdağ,None,0,90.6,90,1257.6,12,0,0,0,0.024,-0.105,0.012,2.47,16.44,8.42,69.7,Normal
19:37.5,Подгорица,Tekirdağ,None,0,90.5,90,1257,12,0,0,0,0.026,-0.125,0.005,2.47,16.45,8.42,69.7,Normal
19:38.5,Подгорица,Tekirdağ,None,0,90.5,90,1256.6,12,0,0,0,0.024,-0.036,0.016,2.47,16.45,8.42,69.7,Normal
19:39.5,Подгорица,Tekirdağ,None,0,90.5,90,1256.5,12,0,0,1,-0.033,0.044,-0.001,2.47,16.45,8.42,69.7,Normal
19:40.5,Подгорица,Tekirdağ,None,0,90.5,90,1256.6,12,0,0,0,0.006,-0.026,0.004,2.47,16.45,8.42,69.7,Normal
19:41.5,Подгорица,Tekirdağ,None,0,90.4,90,1256.5,12,0,0,1,-0.125,-0.179,-0.008,2.47,16.45,8.42,69.6,Normal
19:42.5,Подгорица,Tekirdağ,None,0,90.5,90,1257.1,12,0,0,-1,0.074,-0.006,-0.013,2.47,16.45,8.42,69.6,Normal
19:43.5,Подгорица,Tekirdağ,None,0,90.5,90,1257.1,12,0,0,1,-0.196,0.006,0.011,2.47,16.45,8.42,69.6,Normal
19:44.5,Подгорица,Tekirdağ,None,0,90.5,90,1257.1,12,0,0,1,-0.042,-0.067,-0.004,2.47,16.46,8.42,69.6,Normal
19:45.5,Подгорица,Tekirdağ,None,0,90.5,90,1257,12,0,0,1,-0.029,0.027,0.007,2.47,16.46,8.42,69.6,Normal
19:46.5,Подгорица,Tekirdağ,None,0,90.5,90,1256.8,12,0,0,0,0.082,-0.019,0.005,2.47,16.46,8.42,69.6,Normal
19:47.5,Подгорица,Tekirdağ,None,0,90.5,90,1256.7,12,0,0,0,0.026,-0.039,0.005,2.47,16.46,8.42,69.6,Normal
19:48.5,Подгорица,Tekirdağ,None,0,90.5,90,1256.8,12,0,0,1,0.016,-0.039,0,2.47,16.47,8.42,69.6,Normal
19:49.5,Подгорица,Tekirdağ,None,0,90.5,90,1256.8,12,0,0,1,0,-0.086,0.005,2.47,16.47,8.42,69.5,Normal
19:50.5,Подгорица,Tekirdağ,None,0,90.5,90,1256.7,12,0,0,0,0.025,0.046,0.016,2.47,16.47,8.42,69.5,Normal
19:51.5,Подгорица,Tekirdağ,None,0,90.5,90,1256.5,12,0,0,0,0.027,0.061,-0.001,2.47,16.47,8.42,69.5,Normal
19:52.5,Подгорица,Tekirdağ,None,0,90.5,90,1256.6,12,0,0,0,0.013,-0.106,-0.007,2.47,16.47,8.42,69.5,Normal
19:53.5,Подгорица,Tekirdağ,None,0,90.5,90,1256.6,12,0,0,0,-0.032,0.057,0.01,2.47,16.47,8.42,69.5,Normal
19:54.5,Подгорица,Tekirdağ,None,0,90.5,90,1256.5,12,0,0,0,-0.057,-0.001,-0.007,2.47,16.48,8.42,69.5,Normal
19:55.5,Подгорица,Tekirdağ,None,0,90.5,90,1256.7,12,0,0,1,-0.102,0.017,-0.015,2.47,16.48,8.42,69.5,Normal
19:56.5,Подгорица,Tekirdağ,None,0,90.4,90,1256.5,12,0,0,1,0.027,-0.034,0.001,2.47,16.48,8.42,69.5,Normal
19:57.5,Подгорица,Tekirdağ,None,0,90.4,90,1256.4,12,0,0,0,0.031,-0.08,0.018,2.47,16.48,8.42,69.4,Normal
19:58.5,Подгорица,Tekirdağ,None,0,90.4,90,1256.2,12,0,0,-1,0.03,-0.015,0.016,2.47,16.48,8.42,69.4,Normal
19:59.5,Подгорица,Tekirdağ,None,0,90.4,90,1256,12,0,0,0,0.004,0.024,0.005,2.47,16.48,8.42,69.4,Normal
20:00.5,Подгорица,Tekirdağ,None,0,90.3,90,1256.2,12,0,0,0,-0.003,-0.122,-0.004,2.47,16.48,8.42,69.4,Normal
20:01.5,Подгорица,Tekirdağ,None,0,90.4,90,1256.9,12,0,0,0,0.007,0.016,-0.02,2.47,16.49,8.42,69.4,Normal
20:02.5,Подгорица,Tekirdağ,None,0,90.4,90,1257.5,12,0,0,1,-0.065,0.069,-0.006,2.47,16.49,8.42,69.4,Normal
20:03.5,Подгорица,Tekirdağ,None,0,90.5,90,1258.2,12,0,0,1,0.01,-0.045,-0.014,2.47,16.49,8.42,69.3,Normal
20:04.5,Подгорица,Tekirdağ,None,0,90.6,90,1258.6,12,0,0,1,0.012,-0.085,0.003,2.47,16.49,8.42,69.3,Normal
20:05.5,Подгорица,Tekirdağ,None,0,90.6,90,1258.9,12,0,0,1,-0.041,-0.044,-0.001,2.47,16.5,8.42,69.3,Normal
20:06.5,Подгорица,Tekirdağ,None,0,90.7,90,1259.2,12,0,0,0,0.065,-0.084,-0.001,2.47,16.5,8.42,69.3,Normal
20:07.5,Подгорица,Tekirdağ,None,0,90.7,90,1259.3,12,0,0,-1,0.047,-0.132,-0.015,2.47,16.5,8.42,69.3,Normal
20:08.5,Подгорица,Tekirdağ,None,0,90.5,90,1255.8,12,0,0,-1,0.047,0.132,0.093,2.47,16.5,8.42,69.3,Normal
20:09.5,Подгорица,Tekirdağ,None,0,90.4,90,1255.5,12,0,0,-1,0.009,-0.015,-0.008,2.47,16.5,8.42,69.3,Normal
20:10.5,Подгорица,Tekirdağ,None,0,90.4,90,1256.3,12,0,0,0,0.013,0.099,-0.027,2.47,16.5,8.42,69.3,Normal
20:11.5,Подгорица,Tekirdağ,None,0,90.5,90,1256.9,12,0,0,0,-0.054,0.001,-0.02,2.47,16.5,8.42,69.2,Normal
20:12.5,Подгорица,Tekirdağ,None,0,90.5,90,1256.8,12,0,0,0,0.009,0.054,0.007,2.48,16.51,8.42,69.2,Normal
20:13.5,Подгорица,Tekirdağ,None,0,90.5,90,1257,12,0,0,0,-0.009,-0.091,-0.002,2.48,16.51,8.42,69.2,Normal
20:14.5,Подгорица,Tekirdağ,None,0,90.5,90,1256.6,12,0,0,0,-0.049,-0.139,0.012,2.48,16.51,8.42,69.2,Normal
20:15.5,Подгорица,Tekirdağ,None,0,90.5,90,1256.7,12,0,0,0,-0.008,-0.077,0.016,2.48,16.51,8.42,69.2,Normal
20:16.5,Подгорица,Tekirdağ,None,0,90.5,90,1256.9,12,0,0,0,0.004,-0.025,-0.011,2.48,16.51,8.42,69.2,Normal
20:17.5,Подгорица,Tekirdağ,None,0,90.5,90,1256.8,12,0,0,0,-0.012,-0.033,0.014,2.48,16.51,8.42,69.2,Normal
20:18.5,Подгорица,Tekirdağ,None,0,90.5,90,1256.5,12,0,0,0,0,-0.015,0.018,2.48,16.52,8.42,69.2,Normal
20:19.5,Подгорица,Tekirdağ,None,0,90.5,90,1256.9,12,0,0,0,0.016,-0.306,-0.005,2.48,16.52,8.42,69.1,Normal
20:20.5,Подгорица,Tekirdağ,None,0,90.5,90,1256.7,12,0,0,0,0.003,-0.036,-0.005,2.48,16.52,8.42,69.1,Normal
20:21.5,Подгорица,Tekirdağ,None,0,90.5,90,1257.1,12,0,0,0,-0.047,0.092,-0.015,2.48,16.52,8.42,69.1,Normal
20:22.5,Подгорица,Tekirdağ,None,0,90.5,90,1256.8,12,0,0,-1,0.008,0.098,-0.009,2.48,16.53,8.42,69.1,Normal
20:23.5,Подгорица,Tekirdağ,None,0,90.5,90,1256,12,0,0,0,-0.028,-0.031,0.042,2.48,16.53,8.42,69.1,Normal
20:24.5,Подгорица,Tekirdağ,None,0,90.9,90,1261.5,12,0,0,1,-0.054,-0.049,-0.194,2.48,16.53,8.42,69.1,Normal
20:25.5,Подгорица,Tekirdağ,None,0,91.3,90,1266.9,12,0,0,-1,-0.039,-0.024,0.002,2.48,16.53,8.42,69.1,Normal
20:26.5,Подгорица,Tekirdağ,None,0,91.2,90,1265.4,12,0,0,-1,0.08,0.067,0.031,2.48,16.53,8.42,69.1,Normal
20:27.5,Подгорица,Tekirdağ,None,0,91.2,90,1264.2,12,0,0,-1,-0.035,0.006,0.007,2.48,16.53,8.42,69.1,Normal
20:28.5,Подгорица,Tekirdağ,None,0,91.1,90,1263.9,12,0,0,-1,-0.003,0.109,0.006,2.48,16.53,8.42,69.1,Normal
20:29.5,Подгорица,Tekirdağ,None,0,91.2,90,1264.4,12,0,0,-1,0.013,-0.087,-0.016,2.48,16.54,8.42,69.1,Normal
20:30.5,Подгорица,Tekirdağ,None,0,91.2,90,1265.5,12,0,0,0,-0.081,-0.044,-0.016,2.48,16.54,8.42,69.1,Normal
20:31.5,Подгорица,Tekirdağ,None,0,91.4,90,1267.1,12,0,0,1,-0.101,-0.121,-0.04,2.48,16.54,8.42,69.1,Normal
20:32.5,Подгорица,Tekirdağ,None,0,91.5,90,1269,12,0,0,-1,0.015,-0.04,-0.04,2.48,16.54,8.42,69.1,Normal
20:33.5,Подгорица,Tekirdağ,None,0,91.6,90,1271,12,0,0,-1,0.024,0.011,-0.039,2.48,16.54,8.42,69.1,Normal
20:34.5,Подгорица,Tekirdağ,None,0,91.8,90,1273,12,0,0,0,-0.048,0.058,-0.041,2.48,16.54,8.42,69.1,Normal
20:35.5,Подгорица,Tekirdağ,None,0,91.9,90,1275.1,12,0,0,0,-0.009,0.074,-0.035,2.48,16.55,8.42,69.1,Normal
20:36.5,Подгорица,Tekirdağ,None,0,92.1,90,1277.1,12,0,0,0,0,0.055,-0.031,2.48,16.55,8.42,69.1,Normal
20:37.5,Подгорица,Tekirdağ,None,0,92.2,90,1278.5,12,0,0,0,-0.018,0.005,-0.03,2.48,16.55,8.42,69.1,Normal
20:38.5,Подгорица,Tekirdağ,None,0,92.3,90,1280,12,0,0,-1,0.034,-0.088,-0.037,2.48,16.55,8.42,69.1,Normal
20:39.5,Подгорица,Tekirdağ,None,0,92.3,90,1280.5,12,0,0,-1,0.011,0.155,-0.012,2.48,16.56,8.42,69.1,Normal
20:40.5,Подгорица,Tekirdağ,None,0,92.3,90,1280.7,12,0,0,0,-0.033,-0.135,-0.004,2.48,16.56,8.42,69.1,Normal
20:41.5,Подгорица,Tekirdağ,None,0,92.4,90,1280.8,12,0,0,-1,-0.068,-0.005,-0.002,2.48,16.56,8.42,69.1,Normal
20:42.5,Подгорица,Tekirdağ,None,0,92.3,90,1278.9,12,0,0.3,-1,-0.021,0.114,0.054,2.48,16.56,8.42,69.1,Normal
20:43.5,Подгорица,Tekirdağ,None,0,89.2,90,1235,12,0,0,-1,0.005,-0.079,1.026,2.48,16.56,8.42,69.1,Normal
20:44.5,Подгорица,Tekirdağ,None,0,87.9,90,1217.5,12,0,0,0,-0.039,0.059,0.301,2.48,16.56,8.42,69.1,Normal
20:45.5,Подгорица,Tekirdağ,None,0,86.6,90,1199.5,12,0,0,-1,0.009,-0.013,0.344,2.48,16.56,8.42,69.1,Normal
20:46.5,Подгорица,Tekirdağ,None,0,85.4,90,1183,12,0,0,-1,0.073,0.032,0.345,2.48,16.57,8.42,69.1,Normal
20:47.5,Подгорица,Tekirdağ,None,0,84.1,90,1165.6,12,0,0,-1,-0.027,-0.086,0.349,2.48,16.57,8.42,69.1,Normal
20:48.5,Подгорица,Tekirdağ,None,0,83,90,1149.2,12,0,0,-1,-0.008,-0.043,0.349,2.48,16.57,8.42,69.1,Normal
20:49.5,Подгорица,Tekirdağ,None,0,81.7,90,1132.2,12,0,0,-1,-0.019,0.057,0.366,2.48,16.57,8.42,69.1,Normal
20:50.5,Подгорица,Tekirdağ,None,0,80.5,90,1114.6,12,0,0,-1,0.002,-0.019,0.4,2.48,16.57,8.42,69.1,Normal
20:51.5,Подгорица,Tekirdağ,None,0,79.2,90,1097.3,12,0,0,0,-0.032,-0.124,0.338,2.48,16.57,8.42,69.1,Normal
20:52.5,Подгорица,Tekirdağ,None,0,78.3,90,1084.4,12,0,0,-1,0.002,-0.014,0.256,2.48,16.57,8.42,69.1,Normal
20:53.5,Подгорица,Tekirdağ,None,0,77.4,90,1073.1,12,0,0,-1,0.049,-0.056,0.182,2.48,16.58,8.42,69.1,Normal
20:54.5,Подгорица,Tekirdağ,None,0,76.8,90,1064.2,12,0,0,1,-0.035,-0.144,0.19,2.48,16.58,8.42,69.1,Normal
20:55.5,Подгорица,Tekirdağ,None,0,76.1,90,1055.2,12,0,0,0,0.018,-0.076,0.192,2.48,16.58,8.42,69.1,Normal
20:56.5,Подгорица,Tekirdağ,None,0,75.5,90,1046.2,12,0,0,0,0.006,-0.029,0.175,2.48,16.58,8.42,69.1,Normal
20:57.5,Подгорица,Tekirdağ,None,0,74.9,90,1037.5,12,0,0,0,0.002,-0.033,0.186,2.48,16.58,8.42,69.1,Normal
20:58.5,Подгорица,Tekirdağ,None,0,74.2,90,1028.9,12,0,0,1,-0.134,0.035,0.177,2.48,16.59,8.42,69.1,Normal
20:59.5,Подгорица,Tekirdağ,None,0,73.6,90,1020,12,0,0,0,0.009,0.008,0.171,2.48,16.59,8.42,69.1,Normal
21:00.5,Подгорица,Tekirdağ,None,0,73,90,1011.6,12,0,0,1,-0.026,-0.017,0.175,2.48,16.59,8.42,69.1,Normal
21:01.5,Подгорица,Tekirdağ,None,0,72.4,90,1003,12,0,0,1,0.008,-0.032,0.184,2.48,16.59,8.42,69.1,Normal
21:02.5,Подгорица,Tekirdağ,None,0,71.7,90,994.4,12,0,0,0,0.008,-0.001,0.17,2.48,16.59,8.42,69.1,Normal
21:03.5,Подгорица,Tekirdağ,None,0,71.1,90,985.9,12,0,0,0,0.011,-0.05,0.174,2.48,16.59,8.42,69.1,Normal
21:04.5,Подгорица,Tekirdağ,None,0,70.6,90,1262.4,11,0,0,0,0.057,0.036,0.163,2.48,16.59,8.42,69.1,Normal
21:05.5,Подгорица,Tekirdağ,None,0,70,90,1251.7,11,0,0,0,0.024,-0.002,0.183,2.48,16.59,8.42,69.1,Normal
21:06.5,Подгорица,Tekirdağ,None,0,69.4,90,1240.6,11,0,0,1,-0.023,-0.022,0.17,2.49,16.6,8.42,69.1,Normal
21:07.5,Подгорица,Tekirdağ,None,0,68.7,90,1229.4,11,0,0,0,0.01,-0.14,0.168,2.49,16.6,8.42,69.1,Normal
21:08.5,Подгорица,Tekirdağ,None,0,68.1,90,1217.9,11,0,0,0,-0.009,0.043,0.196,2.49,16.6,8.42,69.1,Normal
21:09.5,Подгорица,Tekirdağ,None,0,67.5,90,1209.8,11,0.33,0,-1,0.057,0.01,0.104,2.49,16.6,8.42,69.1,Normal
21:10.5,Подгорица,Tekirdağ,None,0,67.5,90,1209.7,11,0.27,0,-1,0.018,-0.041,-0.024,2.49,16.6,8.42,69.1,Normal
21:11.5,Подгорица,Tekirdağ,None,0,67.6,90,1210.9,11,0.37,0,-1,0.002,0.062,-0.015,2.49,16.6,8.42,69.1,Normal
21:12.5,Подгорица,Tekirdağ,None,0,67.8,90,1218,11,0.67,0,-1,-0.005,-0.017,-0.13,2.49,16.6,8.42,69,Normal
21:13.5,Подгорица,Tekirdağ,None,0,68.4,80,1229.7,11,0.83,0,-1,0.033,0.067,-0.18,2.49,16.6,8.42,69,Normal
21:14.5,Подгорица,Tekirdağ,None,0,68.7,80,1234.6,11,0.94,0,0,-0.068,0.015,-0.046,2.49,16.61,8.42,69,Normal
21:15.5,Подгорица,Tekirdağ,None,0,68.7,80,1233.8,11,0.9,0,-1,0.031,0.084,0.043,2.49,16.61,8.42,69,Normal
21:16.5,Подгорица,Tekirdağ,None,0,68.4,80,1228.3,11,0.87,0,0,-0.009,-0.047,0.112,2.49,16.61,8.42,68.9,Normal
21:17.5,Подгорица,Tekirdağ,None,0,68,80,1221,11,0.86,0,-1,0.003,-0.042,0.127,2.49,16.61,8.42,68.9,Normal
21:18.5,Подгорица,Tekirdağ,None,0,67.5,80,1212.7,11,0.81,0,-1,0.033,0.052,0.129,2.49,16.61,8.42,68.9,Normal
21:19.5,Подгорица,Tekirdağ,None,0,67.1,80,1204.5,11,0.68,0,-1,0.036,0.091,0.114,2.49,16.61,8.42,68.9,Normal
21:20.5,Подгорица,Tekirdağ,None,0,66.7,80,1198.4,11,0.76,0,-1,0.018,-0.021,0.094,2.49,16.62,8.42,68.8,Normal
21:21.5,Подгорица,Tekirdağ,None,0,66.3,80,1190.5,11,0.73,0,-1,0.015,0.008,0.134,2.49,16.62,8.42,68.8,Normal
21:22.5,Подгорица,Tekirdağ,None,0,65.8,80,1182.2,11,0.79,0,-1,0.007,-0.006,0.131,2.49,16.62,8.42,68.8,Normal
21:23.5,Подгорица,Tekirdağ,None,0,65.5,80,1174.5,11,0.99,0,-1,0.02,0.026,0.061,2.49,16.62,8.43,68.8,Normal
21:24.5,Подгорица,Tekirdağ,None,0,64.6,80,1431.4,10,1,0,-1,-0.063,0.021,0.327,2.49,16.62,8.43,68.8,Normal
21:25.5,Подгорица,Tekirdağ,None,0,64.3,80,1431.4,10,1,0,-1,-0.006,-0.046,-0.107,2.49,16.62,8.43,68.7,Normal
21:26.5,Подгорица,Tekirdağ,None,0,65.1,90,1449.7,10,1,0,-1,0.005,0.071,-0.296,2.49,16.62,8.43,68.7,Normal
21:27.5,Подгорица,Tekirdağ,None,0,65.9,90,1303.8,10,1,0,-1,-0.015,0.09,-0.055,2.49,16.62,8.43,68.7,Normal
21:28.5,Подгорица,Tekirdağ,None,0,65.8,90,1182.6,11,1,0,0,-0.093,-0.037,-0.062,2.49,16.62,8.43,68.7,Normal
21:29.5,Подгорица,Tekirdağ,None,0,66.5,90,1196.6,11,1,0,0,-0.042,-0.033,-0.265,2.49,16.63,8.43,68.6,Normal
21:30.5,Подгорица,Tekirdağ,None,0,67.5,90,1213.6,11,1,0,0,-0.016,0.026,-0.27,2.49,16.63,8.43,68.6,Normal
21:31.5,Подгорица,Tekirdağ,None,0,68.5,90,1231,11,1,0,1,-0.021,-0.014,-0.28,2.49,16.63,8.43,68.6,Normal
21:32.5,Подгорица,Tekirdağ,None,0,69.4,90,1248.1,11,1,0,0,0.024,0.047,-0.272,2.49,16.63,8.43,68.6,Normal
21:33.5,Подгорица,Tekirdağ,None,0,70.4,90,1266.3,11,1,0,0,0.004,-0.073,-0.272,2.49,16.63,8.43,68.5,Normal
21:34.5,Подгорица,Tekirdağ,None,0,71.4,90,1283.1,11,1,0,1,0.005,0.02,-0.272,2.49,16.64,8.43,68.5,Normal
21:35.5,Подгорица,Tekirdağ,None,0,72.3,90,1300.1,11,1,0,0,0.006,0.02,-0.266,2.49,16.64,8.43,68.5,Normal
21:36.5,Подгорица,Tekirdağ,None,0,73.2,90,1315.1,11,0.93,0,0,0.025,0.007,-0.226,2.49,16.64,8.43,68.4,Normal
21:37.5,Подгорица,Tekirdağ,None,0,73.8,90,1326.9,11,1,0,0,0,-0.047,-0.171,2.49,16.64,8.43,68.4,Normal
21:38.5,Подгорица,Tekirdağ,None,0,74.4,90,1337.2,11,0.94,0,0,-0.021,-0.099,-0.138,2.49,16.64,8.43,68.4,Normal
21:39.5,Подгорица,Tekirdağ,None,0,75,90,1346.9,11,0.97,0,0,-0.013,-0.023,-0.146,2.49,16.64,8.43,68.3,Normal
21:40.5,Подгорица,Tekirdağ,None,0,75.6,90,1357.6,11,0.87,0,-1,0.003,0.025,-0.178,2.49,16.64,8.43,68.3,Normal
21:41.5,Подгорица,Tekirdağ,None,0,76.4,90,1372.2,11,0.88,0,-1,0.081,0.001,-0.221,2.49,16.64,8.43,68.3,Normal
21:42.5,Подгорица,Tekirdağ,None,0,77,90,1382.3,11,0.86,0,-1,-0.026,0.05,-0.168,2.49,16.65,8.43,68.3,Normal
21:43.5,Подгорица,Tekirdağ,None,0,77.4,90,1390.3,11,0.84,0,-1,-0.009,0.002,-0.109,2.49,16.65,8.43,68.2,Normal
21:44.5,Подгорица,Tekirdağ,None,0,77.7,90,1395.1,11,0.86,0,-1,0.021,0.076,-0.041,2.49,16.65,8.43,68.2,Normal
21:45.5,Подгорица,Tekirdağ,None,0,77.9,90,1398.6,11,0.86,0,-1,-0.002,0.009,-0.044,2.49,16.65,8.43,68.2,Normal
21:46.5,Подгорица,Tekirdağ,None,0,78,90,1400.4,11,1,0,-1,-0.018,0.032,-0.028,2.49,16.65,8.43,68.1,Normal
21:47.5,Подгорица,Tekirdağ,None,0,78,90,1400.9,11,1,0,-1,0.041,0.026,0.008,2.49,16.65,8.43,68.1,Normal
21:48.5,Подгорица,Tekirdağ,None,0,77.9,90,1399.7,11,1,0,-1,0.012,-0.021,0.03,2.49,16.65,8.43,68.1,Normal
21:49.5,Подгорица,Tekirdağ,None,0,77.8,90,1397.1,11,1,0,-1,0.02,0.066,0.043,2.49,16.65,8.43,68,Normal
21:50.5,Подгорица,Tekirdağ,None,0,77.6,90,1393.4,11,1,0,0,-0.047,0.032,0.075,2.49,16.66,8.43,68,Normal
21:51.5,Подгорица,Tekirdağ,None,0,77.3,90,1388.3,11,1,0,-1,0.07,0.018,0.103,2.49,16.66,8.43,68,Normal
21:52.5,Подгорица,Tekirdağ,None,0,77.1,90,1384.9,11,1,0,-1,0.032,0.035,0.039,2.49,16.66,8.43,67.9,Normal
21:53.5,Подгорица,Tekirdağ,None,0,77.2,90,1386.7,11,1,0,-1,-0.049,0.043,-0.061,2.49,16.66,8.43,67.9,Normal
21:54.5,Подгорица,Tekirdağ,None,0,77.5,90,1391.6,11,1,0,-1,-0.023,-0.024,-0.082,2.49,16.66,8.43,67.9,Normal
21:55.5,Подгорица,Tekirdağ,None,0,77.8,90,1397,11,1,0,-1,0.014,0.122,-0.083,2.49,16.67,8.43,67.8,Normal
21:56.5,Подгорица,Tekirdağ,None,0,78,90,1400.6,11,1,0,-1,0.004,-0.021,-0.037,2.49,16.67,8.43,67.8,Normal
21:57.5,Подгорица,Tekirdağ,None,0,78,90,1400,11,1,0,0,-0.042,-0.014,0.025,2.49,16.67,8.43,67.8,Normal
21:58.5,Подгорица,Tekirdağ,None,0,77.9,90,1398.8,11,1,0,-1,0.007,-0.06,0.025,2.49,16.67,8.43,67.7,Normal
21:59.5,Подгорица,Tekirdağ,None,0,77.8,90,1397,11,1,0,0,-0.008,0.019,0.024,2.49,16.67,8.43,67.7,Normal
22:00.5,Подгорица,Tekirdağ,None,0,77.7,90,1394.9,11,1,0,0,0.004,0.036,0.039,2.49,16.67,8.43,67.7,Normal
22:01.5,Подгорица,Tekirdağ,None,0,77.6,90,1393.2,11,1,0,-1,0.03,-0.064,0.032,2.49,16.67,8.43,67.6,Normal
22:02.5,Подгорица,Tekirdağ,None,0,77.4,90,1390.6,11,1,0,0,-0.038,0.06,0.035,2.49,16.68,8.43,67.6,Normal
22:03.5,Подгорица,Tekirdağ,None,0,77.3,90,1387.8,11,1,0,-1,0.03,-0.031,0.055,2.49,16.68,8.43,67.6,Normal
22:04.5,Подгорица,Tekirdağ,None,0,77.1,90,1384.3,11,1,0,-1,0.007,-0.019,0.052,2.49,16.68,8.43,67.5,Normal
22:05.5,Подгорица,Tekirdağ,None,0,76.9,90,1381.4,11,1,0,0,-0.024,-0.056,0.048,2.49,16.68,8.43,67.5,Normal
22:06.5,Подгорица,Tekirdağ,None,0,76.7,90,1377,11,1,0,0,-0.022,-0.034,0.076,2.49,16.68,8.43,67.5,Normal
22:07.5,Подгорица,Tekirdağ,None,0,76.5,90,1373,11,1,0,0,-0.002,0.109,0.061,2.5,16.68,8.43,67.4,Normal
22:08.5,Подгорица,Tekirdağ,None,0,76.2,90,1368.2,11,1,0,0,0.062,0.069,0.088,2.5,16.68,8.43,67.4,Normal
22:09.5,Подгорица,Tekirdağ,None,0,75.9,90,1363.1,11,1,0,-1,0.074,0.041,0.093,2.5,16.68,8.43,67.4,Normal
22:10.5,Подгорица,Tekirdağ,None,0,75.6,90,1357.6,11,1,0,0,-0.073,-0.002,0.103,2.5,16.69,8.43,67.3,Normal
22:11.5,Подгорица,Tekirdağ,None,0,75.3,90,1351.7,11,1,0,0,-0.025,-0.033,0.105,2.5,16.69,8.43,67.3,Normal
22:12.5,Подгорица,Tekirdağ,None,0,74.9,90,1345.3,11,1,0,0,-0.001,-0.04,0.098,2.5,16.69,8.43,67.3,Normal
22:13.5,Подгорица,Tekirdağ,None,0,74.5,90,1338.4,11,1,0,0,-0.009,-0.026,0.11,2.5,16.69,8.43,67.2,Normal
22:14.5,Подгорица,Tekirdağ,None,0,74.1,90,1331,11,1,0,0,-0.015,-0.003,0.124,2.5,16.69,8.43,67.2,Normal
22:15.5,Подгорица,Tekirdağ,None,0,73.7,90,1323.3,11,1,0,0,0.012,0.043,0.111,2.5,16.7,8.43,67.2,Normal
22:16.5,Подгорица,Tekirdağ,None,0,73.2,90,1314.6,11,1,0,0,0.001,0.085,0.136,2.5,16.7,8.43,67.2,Normal
22:17.5,Подгорица,Tekirdağ,None,0,72.8,90,1307.3,11,1,0,0,-0.005,0.113,0.109,2.5,16.7,8.43,67.1,Normal
22:18.5,Подгорица,Tekirdağ,None,0,72.3,90,1298.8,11,1,0,0,0.004,0.13,0.127,2.5,16.7,8.43,67.1,Normal
22:19.5,Подгорица,Tekirdağ,None,0,71.9,90,1291.5,11,1,0,0,0,0.053,0.116,2.5,16.7,8.43,67.1,Normal
22:20.5,Подгорица,Tekirdağ,None,0,71.5,90,1283.3,11,1,0,0,-0.006,0.015,0.133,2.5,16.7,8.43,67,Normal
22:21.5,Подгорица,Tekirdağ,None,0,71,90,1275.6,11,1,0,0,-0.027,0.03,0.118,2.5,16.7,8.43,67,Normal
22:22.5,Подгорица,Tekirdağ,None,0,70.6,90,1267.8,11,1,0,0,0.004,-0.037,0.127,2.5,16.7,8.43,67,Normal
22:23.5,Подгорица,Tekirdağ,None,0,70.2,90,1260.4,11,1,0,0,0.004,-0.06,0.11,2.5,16.71,8.43,66.9,Normal
22:24.5,Подгорица,Tekirdağ,None,0,69.7,90,1251.2,11,1,0,0,0.054,0.099,0.222,2.5,16.71,8.43,66.9,Normal
22:25.5,Подгорица,Tekirdağ,None,0,69.3,90,1243.7,11,1,0,0,0.007,-0.14,0.134,2.5,16.71,8.43,66.9,Normal
22:26.5,Подгорица,Tekirdağ,None,0,68.8,90,1236.2,11,1,0,0,0.02,0.026,0.114,2.5,16.71,8.43,66.9,Normal
22:27.5,Подгорица,Tekirdağ,None,0,67.5,90,1204,11,0,0.19,0,0.003,0.143,0.816,2.5,16.71,8.43,66.8,Normal
22:28.5,Подгорица,Tekirdağ,None,0,65.2,90,1169.9,11,0.92,0,0,-0.025,-0.103,0.284,2.5,16.71,8.43,66.8,Normal
22:29.5,Подгорица,Tekirdağ,None,0,64.8,90,1163.1,11,0.85,0,0,-0.006,-0.019,0.072,2.5,16.71,8.43,66.8,Normal
22:30.5,Подгорица,Tekirdağ,None,0,64.6,90,1160,11,0.94,0,0,-0.016,0.008,0.042,2.5,16.71,8.43,66.8,Normal
22:31.5,Подгорица,Tekirdağ,None,0,64.2,90,1286.2,11,1,0,0,0.003,0.113,0.255,2.5,16.71,8.43,66.8,Normal
22:32.5,Подгорица,Tekirdağ,None,0,63.1,90,1403.8,10,1,0,1,-0.006,-0.021,0.182,2.5,16.72,8.43,66.8,Normal
22:33.5,Подгорица,Tekirdağ,None,0,63.2,90,1405.9,10,1,0,0,0.011,-0.031,-0.067,2.5,16.72,8.43,66.7,Normal
22:34.5,Подгорица,Tekirdağ,None,0,63.5,90,1412.4,10,1,0,0,0.027,0.006,-0.084,2.5,16.72,8.43,66.7,Normal
22:35.5,Подгорица,Tekirdağ,None,0,63.8,90,1419.8,10,1,0,1,-0.038,0.083,-0.096,2.5,16.72,8.43,66.7,Normal
22:36.5,Подгорица,Tekirdağ,None,0,64.1,90,1426.3,10,1,0,0,0.035,-0.048,-0.076,2.5,16.72,8.43,66.6,Normal
22:37.5,Подгорица,Tekirdağ,None,0,64.3,90,1431.5,10,1,0,1,-0.034,0.079,-0.069,2.5,16.72,8.43,66.6,Normal
22:38.5,Подгорица,Tekirdağ,None,0,64.5,90,1434.7,10,1,0,1,0.002,-0.016,-0.024,2.5,16.73,8.43,66.6,Normal
22:39.6,Подгорица,Tekirdağ,None,0,64.5,90,1435.5,10,1,0,1,-0.116,0,0.007,2.5,16.73,8.43,66.5,Normal
22:40.5,Подгорица,Tekirdağ,None,0,64.4,90,1434.2,10,1,0,1,0.063,0.007,0.027,2.5,16.73,8.43,66.5,Normal
22:41.5,Подгорица,Tekirdağ,None,0,64.3,90,1431.5,10,1,0,1,0.04,-0.055,0.03,2.5,16.73,8.43,66.5,Normal
22:42.5,Подгорица,Tekirdağ,None,0,64.2,90,1429.5,10,1,0,1,0.004,-0.012,0.028,2.5,16.73,8.43,66.4,Normal
22:43.5,Подгорица,Tekirdağ,None,0,64.2,90,1430.1,10,1,0,1,-0.009,0.102,-0.042,2.5,16.73,8.43,66.4,Normal
22:44.5,Подгорица,Tekirdağ,None,0,63.9,90,1414.9,10,0,0,1,0.002,0.035,0.313,2.5,16.73,8.43,66.4,Normal
22:45.5,Подгорица,Tekirdağ,None,0,62.7,90,1392.4,10,0.39,0,1,-0.018,-0.001,0.242,2.5,16.73,8.43,66.4,Normal
22:46.5,Подгорица,Tekirdağ,None,0,62,90,1376.5,10,0.39,0,1,-0.001,-0.014,0.198,2.5,16.73,8.43,66.4,Normal
22:47.5,Подгорица,Tekirdağ,None,0,61.9,90,1374.1,10,0.22,0,-1,0.178,0.02,-0.013,2.5,16.74,8.43,66.4,Normal
22:48.5,Подгорица,Tekirdağ,None,0,62,90,1325.4,10,0.48,0,-1,0.089,0.022,-0.011,2.5,16.74,8.43,66.3,Normal
22:49.5,Подгорица,Tekirdağ,None,0,61.8,90,1108.2,11,0.53,0,-1,-0.032,-0.021,0.064,2.5,16.74,8.43,66.3,Normal
22:50.5,Подгорица,Tekirdağ,None,0,62.1,90,1115.4,11,0.67,0,-1,-0.014,0.018,-0.139,2.5,16.74,8.43,66.3,Normal
22:51.5,Подгорица,Tekirdağ,None,0,62.8,90,1128.1,11,0.84,0,-1,-0.017,-0.06,-0.212,2.5,16.74,8.43,66.3,Normal
22:52.5,Подгорица,Tekirdağ,None,0,63.6,90,1143.8,11,0.9,0,0,-0.052,0.027,-0.258,2.5,16.74,8.43,66.3,Normal
22:53.5,Подгорица,Tekirdağ,None,0,64.5,90,1160,11,0.87,0,1,-0.083,0.059,-0.252,2.5,16.74,8.43,66.3,Normal
22:54.5,Подгорица,Tekirdağ,None,0,65.4,90,1175.9,11,0.87,0,1,-0.109,-0.005,-0.246,2.5,16.74,8.43,66.2,Normal
22:55.5,Подгорица,Tekirdağ,None,0,66.3,90,1191,11,0.8,0,1,0.006,-0.042,-0.229,2.5,16.74,8.43,66.2,Normal
22:56.5,Подгорица,Tekirdağ,None,0,67.1,90,1205.5,11,0.86,0,1,-0.038,-0.057,-0.223,2.5,16.75,8.43,66.2,Normal
22:57.5,Подгорица,Tekirdağ,None,0,67.9,90,1220.6,11,0.85,0,1,-0.054,0.017,-0.233,2.5,16.75,8.43,66.2,Normal
22:58.5,Подгорица,Tekirdağ,None,0,68.7,90,1235.4,11,0.89,0,1,0.004,0.047,-0.246,2.5,16.75,8.43,66.1,Normal
22:59.5,Подгорица,Tekirdağ,None,0,69.5,90,1249.4,11,0.89,0,1,0.006,0.035,-0.212,2.5,16.75,8.43,66.1,Normal
23:00.5,Подгорица,Tekirdağ,None,0,70.3,90,1263.1,11,0.85,0,0,0.236,0.001,-0.215,2.5,16.75,8.43,66.1,Normal
23:01.5,Подгорица,Tekirdağ,None,0,71.1,90,1276.8,11,0.84,0,-1,0.168,-0.01,-0.216,2.5,16.75,8.43,66,Normal
23:02.6,Подгорица,Tekirdağ,None,0,71.3,90,1276.4,11,0,0,-1,0.064,-0.011,0.059,2.5,16.76,8.43,66,Normal
23:03.6,Подгорица,Tekirdağ,None,0,71,90,1269.5,11,0,0,0,-0.029,0.003,0.113,2.5,16.76,8.43,66,Normal
23:04.5,Подгорица,Tekirdağ,None,0,70.6,90,1262.7,11,0,0,-1,0.073,0.006,0.108,2.5,16.76,8.43,66,Normal
23:05.6,Подгорица,Tekirdağ,None,0,69,90,1231.3,11,0,0.24,-1,-0.03,0.037,0.78,2.5,16.76,8.43,66,Normal
23:06.5,Подгорица,Tekirdağ,None,0,66.4,90,1188.4,11,0.18,0,1,-0.028,-0.086,0.412,2.5,16.76,8.43,66,Normal
23:07.6,Подгорица,Tekirdağ,None,0,66.2,90,1187.5,11,0.4,0,0,-0.003,0.031,-0.054,2.5,16.76,8.43,66,Normal
23:08.5,Подгорица,Tekirdağ,None,0,66.6,90,1196.4,11,0.7,0,0,-0.03,-0.038,-0.17,2.5,16.76,8.43,66,Normal
23:09.5,Подгорица,Tekirdağ,None,0,67.3,90,1208.8,11,0.73,0,0,0.026,-0.015,-0.202,2.5,16.76,8.43,66,Normal
23:10.5,Подгорица,Tekirdağ,None,0,68,90,1221.3,11,0.73,0,-1,0.007,-0.072,-0.205,2.5,16.77,8.43,66,Normal
23:11.6,Подгорица,Tekirdağ,None,0,68.8,90,1235.3,11,0.77,0,-1,0.063,-0.017,-0.208,2.5,16.77,8.43,65.9,Normal
23:12.6,Подгорица,Tekirdağ,None,0,69.6,90,1250.2,11,0.87,0,-1,-0.005,0.041,-0.241,2.5,16.77,8.43,65.9,Normal
23:13.5,Подгорица,Tekirdağ,None,0,70.4,90,1265,11,0.86,0,-1,0.029,-0.083,-0.249,2.5,16.77,8.43,65.9,Normal
23:14.6,Подгорица,Tekirdağ,None,0,71.2,90,1280.4,11,0.92,0,1,-0.049,0.002,-0.247,2.5,16.77,8.43,65.8,Normal
23:15.5,Подгорица,Tekirdağ,None,0,72.1,90,1295.4,11,0.94,0,0,0.014,-0.03,-0.257,2.5,16.77,8.43,65.8,Normal
23:16.5,Подгорица,Tekirdağ,None,0,73,90,1311.4,11,0.93,0,0,0.018,-0.046,-0.238,2.51,16.77,8.43,65.8,Normal
23:17.5,Подгорица,Tekirdağ,None,0,73.9,90,1327.3,11,0.92,0,0,-0.005,0.012,-0.248,2.51,16.77,8.43,65.8,Normal
23:18.5,Подгорица,Tekirdağ,None,0,74.7,90,1342.6,11,0.93,0,0,0.001,0.023,-0.253,2.51,16.78,8.43,65.7,Normal
23:19.6,Подгорица,Tekirdağ,None,0,75.6,90,1359.1,11,0.94,0,0,0.013,-0.012,-0.247,2.51,16.78,8.43,65.7,Normal
23:20.5,Подгорица,Tekirdağ,None,0,76.5,90,1375,11,0.95,0,0,0.011,-0.026,-0.253,2.51,16.78,8.43,65.7,Normal
23:21.5,Подгорица,Tekirdağ,None,0,77.4,90,1390.5,11,0.93,0,-1,-0.005,-0.007,-0.242,2.51,16.78,8.43,65.6,Normal
23:22.6,Подгорица,Tekirdağ,None,0,78.3,90,1406.6,11,0.97,0,0,-0.019,-0.013,-0.251,2.51,16.78,8.43,65.6,Normal
23:23.6,Подгорица,Tekirdağ,None,0,79.2,90,1422.7,11,1,0,0,0.028,-0.041,-0.25,2.51,16.79,8.43,65.6,Normal
23:24.6,Подгорица,Tekirdağ,None,0,80.1,90,1438.6,11,1,0,0,0.001,0.034,-0.251,2.51,16.79,8.43,65.5,Normal
23:25.6,Подгорица,Tekirdağ,None,0,80.9,90,1422.3,11,0.97,0,1,-0.013,0.032,-0.16,2.51,16.79,8.43,65.5,Normal
23:26.6,Подгорица,Tekirdağ,None,0,80.8,90,1122.9,12,0.93,0,0,0.019,0.012,0.076,2.51,16.79,8.43,65.5,Normal
23:27.5,Подгорица,Tekirdağ,None,0,81.1,90,1129.6,12,0.96,0,-1,0.041,-0.053,-0.158,2.51,16.79,8.43,65.5,Normal
23:28.6,Подгорица,Tekirdağ,None,0,81.7,90,1138.4,12,1,0,1,-0.04,0.042,-0.179,2.51,16.79,8.43,65.5,Normal
23:29.5,Подгорица,Tekirdağ,None,0,82.4,90,1147.3,12,1,0,1,0.003,0.035,-0.188,2.51,16.79,8.43,65.4,Normal
23:30.5,Подгорица,Tekirdağ,None,0,82.9,90,1150.4,12,0,0,1,-0.04,0.069,-0.06,2.51,16.8,8.43,65.4,Normal
23:31.6,Подгорица,Tekirdağ,None,0,82.5,90,1144,12,0,0,1,-0.124,0.09,0.141,2.51,16.8,8.43,65.4,Normal
23:32.5,Подгорица,Tekirdağ,None,0,82.3,90,1146.4,12,0.88,0,1,0.128,-0.048,-0.071,2.51,16.8,8.43,65.4,Normal
23:33.5,Подгорица,Tekirdağ,None,0,82.7,90,1146.7,12,0.05,0,1,0.005,0.032,0.007,2.51,16.8,8.43,65.4,Normal
23:34.5,Подгорица,Tekirdağ,None,0,82.3,90,1143,12,0.43,0,1,-0.029,-0.017,0.113,2.51,16.8,8.43,65.4,Normal
23:35.5,Подгорица,Tekirdağ,None,0,82.1,90,1142.9,12,0.67,0,1,0.077,0.057,-0.008,2.51,16.8,8.43,65.4,Normal
23:36.5,Подгорица,Tekirdağ,None,0,82.2,90,1143.5,12,0.71,0,1,-0.049,0.107,-0.021,2.51,16.8,8.43,65.3,Normal
23:37.5,Подгорица,Tekirdağ,None,0,82.2,90,1143.7,12,0.72,0,0,0.103,-0.023,0.011,2.51,16.8,8.43,65.3,Normal
23:38.6,Подгорица,Tekirdağ,None,0,82.2,90,1143.9,12,0.73,0,-1,0.138,-0.006,-0.014,2.51,16.81,8.43,65.3,Normal
23:39.6,Подгорица,Tekirdağ,None,0,82.4,90,1143.5,12,0,0,-1,0.013,0.003,-0.061,2.51,16.81,8.43,65.3,Normal
23:40.5,Подгорица,Tekirdağ,None,0,82,90,1137.1,12,0,0,0,-0.026,0.188,0.16,2.51,16.81,8.43,65.3,Normal
23:41.5,Подгорица,Tekirdağ,None,0,81.4,90,1128.3,12,0,0,-1,0.028,0.06,0.17,2.51,16.81,8.43,65.3,Normal
23:42.5,Подгорица,Tekirdağ,None,0,79,90,1213.9,12,0,0.57,0,-0.007,0.462,1.91,2.51,16.82,8.43,65.3,Normal
23:43.6,Подгорица,Tekirdağ,None,0,71.9,70,2051.4,9,0,0,0,-0.015,0.031,1.825,2.51,16.82,8.43,65.3,Normal
23:44.6,Подгорица,Tekirdağ,None,0,69.6,70,1990,9,0,0,0,0.021,-0.028,0.35,2.51,16.82,8.43,65.3,Normal
23:45.5,Подгорица,Tekirdağ,None,0,68.6,70,1961,9,0,0,0,-0.021,-0.053,0.279,2.51,16.82,8.44,65.3,Normal
23:46.6,Подгорица,Tekirdağ,None,0,67.5,70,1931.4,9,0,0.06,0,-0.017,0.035,0.273,2.51,16.82,8.44,65.3,Normal
23:47.6,Подгорица,Tekirdağ,None,0,65.2,70,1861.5,9,0,0.25,0,0.007,0.027,0.903,2.51,16.82,8.44,65.3,Normal
23:48.6,Подгорица,Tekirdağ,None,0,61.6,70,1758.3,9,0,0.24,0,0.003,-0.075,1.02,2.51,16.82,8.44,65.3,Normal
23:49.6,Подгорица,Tekirdağ,None,0,57.7,70,1645.4,9,0,0.2,-1,0.019,0.069,1.15,2.51,16.82,8.44,65.3,Normal
23:50.6,Подгорица,Tekirdağ,None,0,54.1,50,1540.5,9,0,0.23,-1,0.109,0.015,1.116,2.51,16.82,8.44,65.3,Normal
23:51.6,Подгорица,Tekirdağ,None,0,49.7,50,1414.7,9,0,0.33,-1,-0.007,-0.013,1.37,2.51,16.83,8.44,65.3,Normal
23:52.6,Подгорица,Tekirdağ,None,0,44.7,50,1270.8,9,0,0.35,0,-0.086,-0.018,1.406,2.51,16.83,8.44,65.3,Normal
23:53.6,Подгорица,Tekirdağ,None,0,39.7,50,1128.2,9,0,0.32,0,-0.03,-0.015,1.338,2.51,16.83,8.44,65.3,Normal
23:54.6,Подгорица,Tekirdağ,None,0,35.3,50,1002.5,9,0,0.29,0,-0.019,-0.01,1.252,2.51,16.83,8.44,65.3,Normal
23:55.6,Подгорица,Tekirdağ,None,0,31,50,937.6,9,0,0.27,0,-0.002,-0.017,1.079,2.51,16.83,8.44,65.3,Normal
23:56.6,Подгорица,Tekirdağ,None,0,27.8,30,1017.9,8,0,0,0,-0.003,-0.009,0.596,2.51,16.83,8.44,65.3,Normal
23:57.6,Подгорица,Tekirdağ,None,0,26.7,30,976.6,8,0,0,1,-0.145,-0.001,0.262,2.51,16.83,8.44,65.3,Normal
23:58.6,Подгорица,Tekirdağ,None,0,26.1,30,955.2,8,0,0,1,-0.001,0.005,0.144,2.51,16.83,8.44,65.3,Normal
23:59.6,Подгорица,Tekirdağ,None,0,26.3,30,971.6,8,0.73,0,1,-0.005,-0.02,-0.303,2.51,16.83,8.44,65.3,Normal
24:00.6,Подгорица,Tekirdağ,None,0,27.8,30,1028.5,8,0.67,0,1,-0.06,-0.011,-0.473,2.51,16.83,8.44,65.2,Normal
24:01.6,Подгорица,Tekirdağ,None,0,29.4,30,1088.1,8,0.65,0,1,-0.056,0.008,-0.441,2.51,16.83,8.44,65.2,Normal
24:02.6,Подгорица,Tekirdağ,None,0,30.8,30,1130.8,8,0,0,1,-0.023,0.036,-0.161,2.51,16.83,8.44,65.2,Normal
24:03.6,Подгорица,Tekirdağ,None,0,29,30,1057.8,8,0,0.3,1,0.013,0.029,0.988,2.51,16.83,8.44,65.2,Normal
24:04.6,Подгорица,Tekirdağ,None,0,25.2,30,917.5,8,0,0.3,1,0.087,0,1.168,2.51,16.83,8.44,65.2,Normal
24:05.6,Подгорица,Tekirdağ,None,0,21.3,30,1295,6,0,0.3,1,0.039,-0.027,1.004,2.51,16.83,8.44,65.2,Normal
24:06.6,Подгорица,Tekirdağ,None,0,17.1,30,1026.3,6,0,0.31,1,0.011,0.027,1.353,2.51,16.83,8.44,65.2,Normal
24:07.6,Подгорица,Tekirdağ,None,0,12.5,30,854.2,6,0,0.31,1,0.024,0.001,1.211,2.51,16.83,8.44,65.2,Normal
24:08.6,Подгорица,Tekirdağ,None,0,8.7,30,833.7,4,0,0.27,1,0.039,-0.044,1.075,2.51,16.83,8.44,65.2,Normal
24:09.6,Подгорица,Tekirdağ,None,0,5.8,30,1196.6,1,0,0,-1,0.017,-0.015,0.362,2.51,16.83,8.44,65.2,Normal
24:10.6,Подгорица,Tekirdağ,None,0,5,30,1024.1,1,0,0,-1,-0.001,0.005,0.269,2.51,16.83,8.44,65.2,Normal
24:11.6,Подгорица,Tekirdağ,None,0,3.8,30,775.2,1,0,0.15,0,-0.009,-0.026,0.476,2.51,16.83,8.44,65.2,Normal
24:12.6,Подгорица,Tekirdağ,None,0,2,30,491.5,1,0,0.3,0,-0.01,-0.045,0.101,2.51,16.83,8.44,65.2,Normal
24:13.6,Подгорица,Tekirdağ,None,0,0.1,30,550,1,0,0,0,0.043,0.02,0.431,2.51,16.83,8.44,65.2,Normal
24:14.6,Подгорица,Tekirdağ,None,0,0,30,550,1,0,0,0,0.007,0.003,0.001,2.51,16.83,8.44,65.2,Normal
24:15.6,Подгорица,Tekirdağ,None,0,0,30,777.3,1,0.27,0,0,0.002,0.01,-0.006,2.51,16.83,8.44,65.2,Normal
24:16.6,Подгорица,Tekirdağ,None,0,1.1,30,679.9,1,0.09,0,0,0.014,-0.006,-0.364,2.51,16.83,8.44,65.2,Normal
24:17.6,Подгорица,Tekirdağ,None,0,1.8,30,644.1,1,0.08,0,0,0.013,0.014,-0.153,2.51,16.83,8.44,65.2,Normal
24:18.6,Подгорица,Tekirdağ,None,0,2.6,30,618,1,0,0,0,0.012,-0.025,-0.218,2.51,16.83,8.44,65.2,Normal
24:19.6,Подгорица,Tekirdağ,None,0,2.4,30,533.2,1,0,0.14,0,0.014,0.027,0.054,2.51,16.83,8.44,65.2,Normal
24:20.6,Подгорица,Tekirdağ,None,0,2.3,30,524.9,1,0,0.42,0,-0.011,0.001,0.119,2.51,16.83,8.44,65.2,Normal
24:21.6,Подгорица,Tekirdağ,None,0,0,30,786.1,1,0.49,0,0,0.002,-0.095,-0.004,2.51,16.83,8.44,65.2,Normal
24:22.6,Подгорица,Tekirdağ,None,0,4.8,30,1157.7,1,0.81,0,0,-0.01,-0.141,-2.409,2.51,16.83,8.44,65.2,Normal
24:23.6,Подгорица,Tekirdağ,None,0,8.7,30,1128.3,4,0.85,0,0,0.007,0.018,-0.16,2.51,16.83,8.44,65.1,Normal
24:24.6,Подгорица,Tekirdağ,None,0,9.8,30,988,4,0.67,0,0,-0.003,-0.05,-0.846,2.51,16.83,8.44,65.1,Normal
24:25.6,Подгорица,Tekirdağ,None,0,13.8,30,1388.6,4,0.66,0,0,0.001,-0.008,-1.197,2.51,16.83,8.44,65.1,Normal
24:26.6,Подгорица,Tekirdağ,None,0,15.8,30,1026.8,6,0.66,0,-1,0.048,0.037,-0.078,2.51,16.83,8.44,65.1,Normal
24:27.6,Подгорица,Tekirdağ,None,0,16.6,30,1026.5,6,0.65,0,-1,0.022,-0.026,-0.573,2.51,16.84,8.44,65.1,Normal
24:28.6,Подгорица,Tekirdağ,None,0,19.2,30,1191.5,6,0.68,0,-1,0.052,-0.001,-0.793,2.51,16.84,8.44,65.1,Normal
24:29.6,Подгорица,Tekirdağ,None,0,22,30,1360,6,0.67,0,-1,0.03,-0.006,-0.784,2.51,16.84,8.44,65.1,Normal
24:30.6,Подгорица,Tekirdağ,None,0,24,30,1280.5,6,0.68,0,-1,0.023,0.081,-0.174,2.51,16.84,8.44,65,Normal
24:31.6,Подгорица,Tekirdağ,None,0,24.2,30,1152.1,7,0.67,0,-1,0,0.012,-0.178,2.51,16.84,8.44,65,Normal
24:32.6,Подгорица,Tekirdağ,None,0,26,30,1246.1,7,0.7,0,0,-0.045,-0.016,-0.632,2.51,16.84,8.44,65,Normal
24:33.6,Подгорица,Tekirdağ,None,0,28.4,30,1355.7,7,0.7,0,-1,0.001,0.015,-0.648,2.51,16.84,8.44,65,Normal
24:34.6,Подгорица,Tekirdağ,None,0,30.3,30,1357.8,7,0.68,0,-1,-0.032,0.022,-0.296,2.51,16.84,8.44,65,Normal
24:35.6,Подгорица,Tekirdağ,None,0,30.5,30,1122.1,8,0.66,0,0,-0.038,0.013,-0.022,2.51,16.84,8.44,65,Normal
24:36.6,Подгорица,Tekirdağ,None,0,31.7,30,1170.7,8,0.67,0,-1,0.022,-0.02,-0.46,2.51,16.84,8.44,65,Normal
24:37.6,Подгорица,Tekirdağ,None,0,33.3,30,1231.5,8,0.66,0,0,-0.067,0.016,-0.487,2.51,16.84,8.44,64.9,Normal
24:38.6,Подгорица,Tekirdağ,None,0,35.1,0,1295.2,8,0.72,0,1,-0.138,-0.008,-0.481,2.51,16.84,8.44,64.9,Normal
24:39.6,Подгорица,Tekirdağ,None,0,36.7,0,1355.1,8,0.74,0,1,0.032,-0.029,-0.49,2.51,16.84,8.44,64.9,Normal
24:40.6,Подгорица,Tekirdağ,None,0,38.5,0,1420.8,8,0.76,0,1,-0.027,0.018,-0.514,2.51,16.84,8.44,64.9,Normal
24:41.6,Подгорица,Tekirdağ,None,0,39.2,0,1122.5,9,0.77,0,1,0.024,0.007,0.006,2.51,16.85,8.44,64.8,Normal
24:42.6,Подгорица,Tekirdağ,None,0,39.4,0,1130,9,0,0,1,0.048,-0.045,-0.184,2.51,16.85,8.44,64.8,Normal
24:43.6,Подгорица,Tekirdağ,None,0,39.3,0,1124,9,0,0,1,-0.007,0.021,0.096,2.51,16.85,8.44,64.8,Normal
24:44.6,Подгорица,Tekirdağ,None,0,38.9,0,1112.7,9,0,0,1,-0.028,0.001,0.112,2.51,16.85,8.44,64.8,Normal
24:45.6,Подгорица,Tekirdağ,None,0,38.4,0,1097.7,9,0,0,1,0.01,0,0.179,2.51,16.85,8.44,64.8,Normal
24:46.6,Подгорица,Tekirdağ,None,0,37.7,0,1076.8,9,0,0.01,-1,0.099,0,0.215,2.51,16.85,8.44,64.8,Normal
24:47.6,Подгорица,Tekirdağ,None,0,36.5,0,1040.8,9,0,0.25,0,-0.035,0.028,0.539,2.51,16.85,8.44,64.8,Normal
24:48.6,Подгорица,Tekirdağ,None,0,32,0,909.6,9,0,0.42,-1,0.002,-0.003,1.564,2.51,16.85,8.44,64.8,Normal
24:49.6,Подгорица,Tekirdağ,None,0,26.7,0,974,8,0,0.42,-1,0.005,-0.007,1.435,2.51,16.85,8.44,64.8,Normal
24:50.6,Подгорица,Tekirdağ,None,0,21.6,0,1106,8,0,0.42,-1,0.001,-0.019,1.477,2.51,16.85,8.44,64.8,Normal
24:51.6,Подгорица,Tekirdağ,None,0,16.4,0,985.9,6,0,0.1,-1,0.006,0.027,1.588,2.51,16.85,8.44,64.8,Normal
24:52.6,Подгорица,Tekirdağ,None,0,14.2,0,862.7,6,0,0,0,-0.014,-0.014,0.266,2.51,16.85,8.44,64.8,Normal
24:53.6,Подгорица,Tekirdağ,None,0,13.5,0,979.1,6,0,0,1,-0.024,0.012,0.161,2.51,16.85,8.44,64.8,Normal
24:54.6,Подгорица,Tekirdağ,None,0,13.1,0,1274.5,4,0,0,0,0.011,-0.005,0.154,2.51,16.85,8.44,64.8,Normal
24:55.6,Подгорица,Tekirdağ,None,0,12.3,0,1196.3,4,0,0,0,-0.002,0.003,0.235,2.51,16.85,8.44,64.8,Normal
24:56.6,Подгорица,Tekirdağ,None,0,11.5,0,1112,4,0,0.21,0,-0.012,-0.032,0.257,2.51,16.85,8.44,64.8,Normal
24:57.6,Подгорица,Tekirdağ,None,0,8.2,0,793.2,4,0,0,0,0.003,0.001,0.841,2.51,16.85,8.44,64.8,Normal
24:58.6,Подгорица,Tekirdağ,None,0,7.1,0,1150.4,2,0,0,0,0.007,-0.11,0.129,2.51,16.85,8.44,64.8,Normal
24:59.6,Подгорица,Tekirdağ,None,0,6.1,0,968.1,2,0.06,0,0,-0.01,0.782,0.917,2.51,16.85,8.44,64.8,Normal
25:00.6,Подгорица,Tekirdağ,None,0,5.8,0,945.6,2,0.11,0,0,-0.078,-0.268,-0.141,2.51,16.85,8.44,64.8,Normal
25:01.6,Подгорица,Tekirdağ,None,0,7.3,0,1202.2,2,0.25,0,1,0.004,-0.011,-0.525,2.51,16.85,8.44,64.8,Normal
25:02.6,Подгорица,Tekirdağ,None,0,8.6,0,1394.2,2,0.09,0,0,-0.016,0.009,-0.161,2.51,16.85,8.44,64.8,Normal
25:03.6,Подгорица,Tekirdağ,None,0,8.2,0,1309.4,2,0.16,0,-1,-0.012,0.013,0.203,2.51,16.85,8.44,64.8,Normal
25:04.6,Подгорица,Tekirdağ,None,0,8.4,0,1350.4,2,0,0,0,0.007,-0.024,0.042,2.51,16.85,8.44,64.8,Normal
25:05.6,Подгорица,Tekirdağ,None,0,7.6,0,1214.5,2,0,0,0,-0.015,0,0.272,2.51,16.85,8.44,64.8,Normal
25:06.6,Подгорица,Tekirdağ,None,0,6.6,0,1055.6,2,0,0,0,-0.005,0.003,0.267,2.51,16.85,8.44,64.8,Normal
25:07.6,Подгорица,Tekirdağ,None,0,6.5,0,1072.6,2,0.34,0,0,-0.006,-0.24,-0.531,2.51,16.85,8.44,64.8,Normal
25:08.6,Подгорица,Tekirdağ,None,0,7.7,0,1244.6,2,0,0,0,0.007,0.164,-0.015,2.51,16.85,8.44,64.8,Normal
25:09.6,Подгорица,Tekirdağ,None,0,7.7,0,1274.9,2,0.33,0,0,0.007,-0.037,-0.391,2.51,16.85,8.44,64.8,Normal
25:10.6,Подгорица,Tekirdağ,None,0,9.5,0,1358.7,2,0.35,0,0,-0.009,0.094,-0.137,2.51,16.85,8.44,64.8,Normal
25:11.6,Подгорица,Tekirdağ,None,0,9.6,0,947.7,4,0.43,0,1,-0.038,0.103,-0.18,2.51,16.85,8.44,64.8,Normal
25:12.6,Подгорица,Tekirdağ,None,0,12,0,1199.5,4,0.54,0,0,0.001,-0.017,-0.837,2.51,16.85,8.44,64.8,Normal
25:13.6,Подгорица,Tekirdağ,None,0,15.1,0,1470,4,0.52,0,0,-0.005,-0.088,-0.736,2.51,16.85,8.44,64.8,Normal
25:14.6,Подгорица,Tekirdağ,None,0,15.5,0,947.8,6,0.51,0,0,0.003,0.015,0.016,2.51,16.85,8.44,64.8,Normal
25:15.6,Подгорица,Tekirdağ,None,0,16.9,0,1045.7,6,0.65,0,0,0.013,-0.044,-0.666,2.51,16.85,8.44,64.8,Normal
25:16.6,Подгорица,Tekirdağ,None,0,19.3,0,1192.9,6,0.52,0,0,-0.019,0.002,-0.665,2.51,16.85,8.44,64.7,Normal
25:17.6,Подгорица,Tekirdağ,None,0,21.5,0,1326,6,0.5,0,0,0.017,-0.009,-0.587,2.51,16.85,8.44,64.7,Normal
25:18.6,Подгорица,Tekirdağ,None,0,23.4,0,1435.8,6,0.49,0,0,0.049,0.003,-0.515,2.51,16.85,8.44,64.7,Normal
25:19.6,Подгорица,Tekirdağ,None,0,23.7,0,1122.4,7,0.53,0,0,-0.04,-0.003,0.035,2.51,16.86,8.44,64.7,Normal
25:20.6,Подгорица,Tekirdağ,None,0,24.5,0,1170.1,7,0.48,0,0,0.028,-0.005,-0.414,2.51,16.86,8.44,64.7,Normal
25:21.6,Подгорица,Tekirdağ,None,0,25.9,0,1233.7,7,0.42,0,0,0.012,0.016,-0.393,2.51,16.86,8.44,64.7,Normal
25:22.6,Подгорица,Tekirdağ,None,0,27.1,0,1290,7,0.36,0,0,-0.008,0.025,-0.312,2.51,16.86,8.44,64.7,Normal
25:23.6,Подгорица,Tekirdağ,None,0,27.9,0,1318,7,0,0,0,0.035,0.081,0.017,2.51,16.86,8.44,64.7,Normal
25:24.6,Подгорица,Tekirdağ,None,0,27.3,0,1289.2,7,0,0,0,-0.012,-0.002,0.204,2.51,16.86,8.44,64.7,Normal
25:25.6,Подгорица,Tekirdağ,None,0,26.6,0,1254.6,7,0,0,0,-0.012,0.04,0.206,2.51,16.86,8.44,64.7,Normal
25:26.6,Подгорица,Tekirdağ,None,0,25.9,0,1222.2,7,0,0,0,0.001,0.015,0.194,2.52,16.86,8.44,64.7,Normal
25:27.6,Подгорица,Tekirdağ,None,0,25.3,0,1196.6,7,0,0,0,0.016,-0.042,0.152,2.52,16.86,8.44,64.7,Normal
25:28.6,Подгорица,Tekirdağ,None,0,24.8,0,1171.4,7,0,0,1,-0.045,-0.028,0.143,2.52,16.86,8.44,64.7,Normal
25:29.6,Подгорица,Tekirdağ,None,0,24.3,0,1148.3,7,0,0,0,0.01,0.001,0.148,2.52,16.86,8.44,64.7,Normal
25:30.6,Подгорица,Tekirdağ,None,0,23.8,0,1124.6,7,0,0,0,0.017,0.02,0.138,2.52,16.86,8.44,64.7,Normal
25:31.6,Подгорица,Tekirdağ,None,0,23.3,0,1100.6,7,0,0,0,0.012,-0.006,0.138,2.52,16.86,8.44,64.7,Normal
25:32.6,Подгорица,Tekirdağ,None,0,22.8,0,1076.8,7,0,0,1,-0.042,0.005,0.145,2.52,16.86,8.44,64.7,Normal
25:33.6,Подгорица,Tekirdağ,None,0,22.4,0,1058.4,7,0.04,0,1,0,-0.003,0.054,2.52,16.86,8.44,64.7,Normal
25:34.6,Подгорица,Tekirdağ,None,0,22.1,0,1044.6,7,0.02,0,0,0.005,0.007,0.083,2.52,16.86,8.44,64.7,Normal
25:35.6,Подгорица,Tekirdağ,None,0,21.7,0,1023.4,7,0,0,0,0,-0.031,0.145,2.52,16.86,8.44,64.7,Normal
25:36.6,Подгорица,Tekirdağ,None,0,21.2,0,1000.3,7,0,0,-1,0.061,0.003,0.138,2.52,16.86,8.44,64.7,Normal
25:37.6,Подгорица,Tekirdağ,None,0,20.7,0,976.2,7,0,0,1,-0.111,0.01,0.133,2.52,16.86,8.44,64.7,Normal
25:38.6,Подгорица,Tekirdağ,None,0,20.2,0,952.7,7,0,0,0,0.012,-0.004,0.146,2.52,16.86,8.44,64.7,Normal
25:39.6,Подгорица,Tekirdağ,None,0,19.7,0,929.9,7,0,0,1,-0.013,0.001,0.133,2.52,16.86,8.44,64.7,Normal
25:40.6,Подгорица,Tekirdağ,None,0,19.2,0,906,7,0,0,-1,0.11,-0.014,0.145,2.52,16.86,8.44,64.7,Normal
25:41.6,Подгорица,Tekirdağ,None,0,18.7,0,882.6,7,0,0,-1,0.066,0.01,0.135,2.52,16.86,8.44,64.7,Normal
25:42.6,Подгорица,Tekirdağ,None,0,18.2,0,854.9,7,0,0,-1,-0.012,0.004,0.142,2.52,16.86,8.44,64.7,Normal
25:43.6,Подгорица,Tekirdağ,None,0,17.9,0,1410.7,5,0,0,0,-0.031,-0.01,0.055,2.52,16.86,8.44,64.7,Normal
25:44.6,Подгорица,Tekirdağ,None,0,17.4,0,1363.8,5,0,0,0,-0.014,0.02,0.193,2.52,16.86,8.44,64.7,Normal
25:45.6,Подгорица,Tekirdağ,None,0,16.1,0,1258.3,5,0,0.18,0,-0.024,0.024,0.712,2.52,16.86,8.44,64.7,Normal
25:46.6,Подгорица,Tekirdağ,None,0,13.6,0,1061.6,5,0,0,1,-0.025,-0.039,0.403,2.52,16.86,8.44,64.7,Normal
25:47.6,Подгорица,Tekirdağ,None,0,12.7,0,999.5,5,0,0,1,-0.038,-0.008,0.198,2.52,16.86,8.44,64.7,Normal
25:48.6,Подгорица,Tekirdağ,None,0,12.1,0,948.8,5,0,0,-1,0.025,-0.004,0.188,2.52,16.86,8.44,64.7,Normal
25:49.6,Подгорица,Tekirdağ,None,0,11.4,0,896.2,5,0,0,0,0,-0.024,0.183,2.52,16.86,8.44,64.7,Normal
25:50.6,Подгорица,Tekirdağ,None,0,10.8,0,844.5,5,0,0,1,-0.031,0.011,0.18,2.52,16.86,8.44,64.7,Normal
25:51.6,Подгорица,Tekirdağ,None,0,10.1,0,851.9,5,0,0,1,-0.019,0.015,0.163,2.52,16.86,8.44,64.7,Normal
25:52.6,Подгорица,Tekirdağ,None,0,9.8,0,1227.9,3,0,0,0,0.001,-0.003,0.121,2.52,16.86,8.44,64.7,Normal
25:53.6,Подгорица,Tekirdağ,None,0,9.1,0,1132.4,3,0,0,1,0.031,0,0.233,2.52,16.86,8.44,64.7,Normal
25:54.6,Подгорица,Tekirdağ,None,0,8.2,0,1030.7,3,0,0,0,-0.07,0.009,0.231,2.52,16.86,8.44,64.7,Normal
25:55.6,Подгорица,Tekirdağ,None,0,7.4,0,920.8,3,0,0,-1,0.015,-0.005,0.231,2.52,16.86,8.44,64.7,Normal
25:56.6,Подгорица,Tekirdağ,None,0,6.5,0,815,3,0,0,0,-0.003,-0.003,0.231,2.52,16.86,8.44,64.7,Normal
25:57.6,Подгорица,Tekirdağ,None,0,5.8,0,869.5,3,0,0,0,0.001,0.017,0.184,2.52,16.86,8.44,64.7,Normal
25:58.6,Подгорица,Tekirdağ,None,0,5.4,0,1108.9,1,0,0,0,-0.01,-0.031,0.164,2.52,16.86,8.44,64.7,Normal
25:59.6,Подгорица,Tekirdağ,None,0,4.5,0,915.6,1,0,0,0,-0.002,-0.003,0.265,2.52,16.86,8.44,64.7,Normal
26:00.6,Подгорица,Tekirdağ,None,0,3.5,0,720.1,1,0,0,0,0.003,-0.001,0.263,2.52,16.86,8.44,64.7,Normal
26:01.6,Подгорица,Tekirdağ,None,0,2.6,0,547.2,1,0,0,0,0.002,0.018,0.221,2.52,16.86,8.44,64.7,Normal
26:02.6,Подгорица,Tekirdağ,None,0,2.6,0,549.5,1,0,0,0,0.027,-0.009,0,2.52,16.86,8.44,64.7,Normal
26:03.6,Подгорица,Tekirdağ,None,0,2.6,0,548.8,1,0,0,0,0.001,-0.004,0,2.52,16.87,8.44,64.7,Normal
26:04.6,Подгорица,Tekirdağ,None,0,2.6,0,548.9,1,0,0,0,0.002,0,-0.004,2.52,16.87,8.44,64.7,Normal
26:05.6,Подгорица,Tekirdağ,None,0,2.6,0,548.3,1,0,0.03,0,0.012,0,0,2.52,16.87,8.44,64.7,Normal
26:06.6,Подгорица,Tekirdağ,None,0,2.4,0,528,1,0,0.24,0,0.006,-0.019,0.135,2.52,16.87,8.44,64.6,Normal
26:07.6,Подгорица,Tekirdağ,None,0,0,0,550,1,0,0.64,0,-0.009,0.31,1.407,2.52,16.87,8.44,64.6,Normal
26:08.6,Подгорица,Tekirdağ,None,0,0,0,550,1,0,0,0,0,0.003,-0.013,2.52,16.87,8.44,64.6,Normal
26:09.6,Подгорица,Tekirdağ,None,0,0,0,550,1,0,0,0,0,0,0,2.52,16.87,8.44,64.6,Normal
26:10.6,Подгорица,Tekirdağ,None,0,0,0,550,1,0,0,0,0,0,0,2.52,16.87,8.44,64.6,Normal
26:11.6,Подгорица,Tekirdağ,None,0,0,0,550,1,0,0,0,0,-0.001,0,2.52,16.87,8.44,64.6,Normal
26:12.6,Подгорица,Tekirdağ,None,0,0,0,550,1,0,0,0,0,0.002,0,2.52,16.87,8.44,64.6,Normal
26:13.6,Подгорица,Tekirdağ,None,0,0,0,550,1,0,0,0,0,0.001,0,2.52,16.87,8.44,64.6,Normal
26:14.6,Подгорица,Tekirdağ,None,0,0,0,550,1,0,0,0,0.001,0,0,2.52,16.87,8.44,64.6,Normal
26:15.6,Подгорица,Tekirdağ,None,0,0,0,550,1,0,0,0,0,0,0,2.52,16.87,8.44,64.6,Normal
26:16.6,Подгорица,Tekirdağ,None,0,0.2,0,841.4,1,0.46,0,0,0.002,0.133,-0.321,2.52,16.87,8.44,64.6,Normal
26:17.6,Подгорица,Tekirdağ,None,0,5.6,0,1302.4,1,0.65,0,0,0.032,-0.161,-2.148,2.52,16.87,8.44,64.6,Normal
26:18.6,Подгорица,Tekirdağ,None,0,8.3,0,945.3,4,0.6,0,0,0.001,0.006,-0.118,2.52,16.87,8.44,64.6,Normal
26:19.6,Подгорица,Tekirdağ,None,0,9.6,0,963.8,4,0.62,0,0,0.011,-0.059,-0.85,2.52,16.87,8.44,64.6,Normal
26:20.6,Подгорица,Tekirdağ,None,0,13.4,0,1351.3,4,0.8,0,0,0.012,-0.008,-1.261,2.52,16.87,8.44,64.6,Normal
26:21.6,Подгорица,Tekirdağ,None,0,15.9,0,1169.4,6,0.32,0,0,0.035,0.061,-0.112,2.52,16.87,8.44,64.6,Normal
26:22.6,Подгорица,Tekirdağ,None,0,16.2,0,997.3,6,0.35,0,1,-0.005,-0.04,-0.271,2.52,16.87,8.44,64.6,Normal
26:23.6,Подгорица,Tekirdağ,None,0,17.5,0,1078.3,6,0.33,0,0,-0.027,0.005,-0.385,2.52,16.87,8.44,64.6,Normal
26:24.6,Подгорица,Tekirdağ,None,0,18.8,0,1154.9,6,0.32,0,0,0.014,-0.001,-0.332,2.52,16.87,8.44,64.6,Normal
26:25.6,Подгорица,Tekirdağ,None,0,20,0,1227.3,6,0.32,0,0,-0.001,-0.004,-0.325,2.52,16.87,8.44,64.5,Normal
26:26.6,Подгорица,Tekirdağ,None,0,21.1,0,1295.9,6,0.32,0,0,-0.001,-0.003,-0.299,2.52,16.87,8.44,64.5,Normal
26:27.6,Подгорица,Tekirdağ,None,0,22.3,0,1368.5,6,0.32,0,1,0,0.006,-0.301,2.52,16.87,8.44,64.5,Normal
26:28.6,Подгорица,Tekirdağ,None,0,23.4,0,1432.7,6,0.31,0,1,-0.008,-0.003,-0.288,2.52,16.87,8.44,64.5,Normal
26:29.6,Подгорица,Tekirdağ,None,0,23.5,0,1111.8,7,0.29,0,1,-0.011,0,0.062,2.52,16.87,8.44,64.5,Normal
26:30.6,Подгорица,Tekirdağ,None,0,23.8,0,1133,7,0.29,0,1,-0.008,-0.016,-0.198,2.52,16.87,8.44,64.5,Normal
26:31.6,Подгорица,Tekirdağ,None,0,24.2,0,1144.3,7,0,0,0,0.016,0.038,0.065,2.52,16.87,8.44,64.5,Normal
26:32.6,Подгорица,Tekirdağ,None,0,23.7,0,1122.6,7,0,0,0,0.004,-0.017,0.131,2.52,16.87,8.44,64.5,Normal
26:33.6,Подгорица,Tekirdağ,None,0,23.2,0,1097.9,7,0,0,0,0.002,-0.008,0.132,2.52,16.87,8.44,64.5,Normal
26:34.6,Подгорица,Tekirdağ,None,0,22.7,0,1073.6,7,0,0,0,-0.004,-0.004,0.155,2.52,16.87,8.44,64.5,Normal
26:35.6,Подгорица,Tekirdağ,None,0,22.2,0,1049,7,0,0,0,0.007,-0.003,0.135,2.52,16.87,8.44,64.5,Normal
26:36.6,Подгорица,Tekirdağ,None,0,21.7,0,1024.6,7,0,0,0,0.027,0.009,0.14,2.52,16.87,8.44,64.5,Normal
26:37.6,Подгорица,Tekirdağ,None,0,21.2,0,999.9,7,0,0,-1,0.015,-0.017,0.154,2.52,16.87,8.44,64.5,Normal
26:38.6,Подгорица,Tekirdağ,None,0,20.7,0,976,7,0,0,-1,0.024,0.022,0.139,2.52,16.87,8.44,64.5,Normal
26:39.6,Подгорица,Tekirdağ,None,0,20.2,0,952.7,7,0,0,-1,0.018,-0.016,0.146,2.52,16.87,8.44,64.5,Normal
26:40.6,Подгорица,Tekirdağ,None,0,19.7,0,928.5,7,0,0,-1,0.002,0.007,0.138,2.52,16.87,8.44,64.5,Normal
26:41.6,Подгорица,Tekirdağ,None,0,19.1,0,904.8,7,0,0,-1,0.012,-0.003,0.139,2.52,16.87,8.44,64.5,Normal
26:42.6,Подгорица,Tekirdağ,None,0,18.6,0,876.8,7,0,0.02,-1,0.001,0.001,0.197,2.52,16.87,8.44,64.5,Normal
26:43.6,Подгорица,Tekirdağ,None,0,17.4,0,1198,7,0,0.12,0,-0.028,0.014,0.53,2.52,16.87,8.44,64.5,Normal
26:44.6,Подгорица,Tekirdağ,None,0,15.4,0,1199.6,5,0,0.17,1,-0.048,-0.015,0.759,2.52,16.87,8.44,64.5,Normal
26:45.6,Подгорица,Tekirdağ,None,0,12.6,0,984.5,5,0,0.04,0,-0.005,-0.02,0.56,2.52,16.87,8.44,64.5,Normal
26:46.6,Подгорица,Tekirdağ,None,0,11.5,0,903.1,5,0,0,0,0.002,-0.01,0.211,2.52,16.87,8.44,64.5,Normal
26:47.6,Подгорица,Tekirdağ,None,0,10.8,0,849.6,5,0,0,0,-0.003,0.002,0.184,2.52,16.87,8.44,64.5,Normal
26:48.6,Подгорица,Tekirdağ,None,0,10.2,0,777.1,5,0,0,0,0.004,0.002,0.183,2.52,16.87,8.44,64.5,Normal
26:49.6,Подгорица,Tekirdağ,None,0,9.8,0,1235.1,3,0,0,0,-0.012,-0.008,0.088,2.52,16.87,8.44,64.5,Normal
26:50.6,Подгорица,Tekirdağ,None,0,9.1,0,1135.4,3,0,0,0,-0.001,0,0.239,2.52,16.87,8.44,64.5,Normal
26:51.6,Подгорица,Tekirdağ,None,0,9.9,0,1280.4,3,0.57,0,0,-0.012,-0.037,-0.765,2.52,16.87,8.44,64.5,Normal
26:52.6,Подгорица,Tekirdağ,None,0,12.3,0,1289.6,3,0.55,0,0,-0.008,0.089,-0.162,2.52,16.87,8.44,64.5,Normal
26:53.6,Подгорица,Tekirdağ,None,0,12.7,0,1015.5,5,0.54,0,0,0,-0.028,-0.423,2.52,16.87,8.44,64.5,Normal
26:54.6,Подгорица,Tekirdağ,None,0,15.4,0,1233.1,5,0.58,0,0,0.002,-0.023,-0.826,2.52,16.87,8.44,64.5,Normal
26:55.6,Подгорица,Tekirdağ,None,0,18.4,0,1460.5,5,0.63,0,0,-0.007,-0.047,-0.812,2.52,16.87,8.44,64.5,Normal
26:56.6,Подгорица,Tekirdağ,None,0,18.9,0,896,7,0.58,0,0,0.003,0.015,0.017,2.52,16.87,8.44,64.5,Normal
26:57.6,Подгорица,Tekirdağ,None,0,19.8,0,946.8,7,0.48,0,0,-0.001,-0.015,-0.4,2.52,16.87,8.44,64.4,Normal
26:58.6,Подгорица,Tekirdağ,None,0,21.4,0,1021.7,7,0.48,0,0,-0.026,-0.005,-0.444,2.52,16.88,8.44,64.4,Normal
26:59.6,Подгорица,Tekirdağ,None,0,23,0,1096.2,7,0.49,0,0,-0.009,0.001,-0.445,2.52,16.88,8.44,64.4,Normal
27:00.6,Подгорица,Tekirdağ,None,0,24.6,0,1172,7,0.49,0,0,-0.005,0.017,-0.444,2.52,16.88,8.44,64.4,Normal
27:01.6,Подгорица,Tekirdağ,None,0,26.1,0,1238.2,7,0,0,0,0.001,-0.059,-0.308,2.52,16.88,8.44,64.4,Normal
27:02.6,Подгорица,Tekirdağ,None,0,26,0,1228,7,0,0,0,0.011,0.009,0.124,2.52,16.88,8.44,64.4,Normal
27:03.6,Подгорица,Tekirdağ,None,0,25.5,0,1203.9,7,0,0,0,0.005,-0.013,0.144,2.52,16.88,8.44,64.4,Normal
27:04.6,Подгорица,Tekirdağ,None,0,24.9,0,1179.1,7,0,0,0,-0.008,-0.008,0.145,2.52,16.88,8.44,64.4,Normal
27:05.6,Подгорица,Tekirdağ,None,0,24.4,0,1154.3,7,0,0,0,-0.029,-0.001,0.145,2.52,16.88,8.44,64.4,Normal
27:06.6,Подгорица,Tekirdağ,None,0,23.9,0,1129.7,7,0,0,0,0.004,0.009,0.144,2.52,16.88,8.44,64.4,Normal
27:07.6,Подгорица,Tekirdağ,None,0,23.4,0,1105.3,7,0,0,-1,0.022,-0.028,0.142,2.52,16.88,8.44,64.4,Normal
27:08.6,Подгорица,Tekirdağ,None,0,22.9,0,1080.6,7,0,0,-1,0.012,0.011,0.143,2.52,16.88,8.44,64.4,Normal
27:09.6,Подгорица,Tekirdağ,None,0,22.4,0,1056.7,7,0,0,-1,0.003,0.02,0.14,2.52,16.88,8.44,64.4,Normal
27:10.6,Подгорица,Tekirdağ,None,0,21.8,0,1032.7,7,0,0,0,-0.003,0.002,0.142,2.52,16.88,8.44,64.4,Normal
27:11.6,Подгорица,Tekirdağ,None,0,21.3,0,1008.7,7,0,0,1,-0.014,0.001,0.143,2.52,16.88,8.44,64.4,Normal
27:12.6,Подгорица,Tekirdağ,None,0,19.3,0,901,7,0,0.31,1,-0.028,0.047,1.185,2.52,16.88,8.44,64.4,Normal
27:13.6,Подгорица,Tekirdağ,None,0,14.6,0,1137.4,5,0,0.45,0,-0.026,-0.032,1.381,2.52,16.88,8.44,64.4,Normal
27:14.6,Подгорица,Tekirdağ,None,0,9,0,868.6,5,0,0.06,0,-0.002,0.007,1.013,2.52,16.88,8.44,64.4,Normal
27:15.6,Подгорица,Tekirdağ,None,0,7.8,0,1246.1,2,0,0.13,1,-0.025,-0.053,0.251,2.52,16.88,8.44,64.4,Normal
27:16.6,Подгорица,Tekirdağ,None,0,7.3,0,1213.9,2,0.3,0,0,-0.011,-0.044,-0.412,2.52,16.88,8.44,64.4,Normal
27:17.6,Подгорица,Tekirdağ,None,0,9.5,0,1415.6,2,0.43,0,0,-0.004,0,-0.25,2.52,16.88,8.44,64.4,Normal
27:18.6,Подгорица,Tekirdağ,None,0,9.6,0,948.9,4,0.43,0,1,-0.011,0.033,-0.08,2.52,16.88,8.44,64.4,Normal
27:19.6,Подгорица,Tekirdağ,None,0,11.8,0,1172.9,4,0.42,0,1,-0.014,-0.015,-0.72,2.52,16.88,8.44,64.4,Normal
27:20.6,Подгорица,Tekirdağ,None,0,14.3,0,1418.2,4,0.41,0,1,-0.017,0,-0.695,2.52,16.88,8.44,64.3,Normal
27:21.6,Подгорица,Tekirdağ,None,0,15.3,0,933,6,0.39,0,1,-0.006,0.023,-0.002,2.52,16.88,8.44,64.3,Normal
27:22.6,Подгорица,Tekirdağ,None,0,15.7,0,969.9,6,0.41,0,1,-0.01,-0.032,-0.335,2.52,16.88,8.44,64.3,Normal
27:23.6,Подгорица,Tekirdağ,None,0,17.5,0,1083.5,6,0.48,0,0,0.015,-0.006,-0.584,2.52,16.88,8.44,64.3,Normal
27:24.6,Подгорица,Tekirdağ,None,0,19.7,0,1213.7,6,0.51,0,0,0.012,-0.013,-0.596,2.52,17.1,9.89,64.3,Normal
27:25.6,Подгорица,Tekirdağ,None,0,21.7,0,1331.5,6,0,0,0,0.012,-0.035,-0.537,2.52,17.1,9.89,64.3,Normal
27:26.6,Подгорица,Tekirdağ,None,0,21.7,0,1322.4,6,0,0,0,0.026,0.048,0.139,2.52,17.1,9.89,64.3,Normal
27:27.6,Подгорица,Tekirdağ,None,0,21.1,0,1286.6,6,0,0,0,0.011,0.015,0.17,2.52,17.1,9.89,64.3,Normal
27:28.6,Подгорица,Tekirdağ,None,0,20.5,0,1249.3,6,0,0,0,0.002,-0.022,0.168,2.52,17.1,9.89,64.3,Normal
27:29.6,Подгорица,Tekirdağ,None,0,19.9,0,1212.3,6,0,0,0,-0.004,0.004,0.165,2.52,17.1,9.89,64.3,Normal
27:30.6,Подгорица,Tekirdağ,None,0,19.3,0,1175.3,6,0,0,1,-0.039,0.024,0.167,2.52,17.1,9.89,64.3,Normal
27:33.6,Подгорица,Tekirdağ,None,0,19.1,0,1163.4,6,0,0,0,0.005,-0.019,0.167,2.52,17.1,9.89,64.3,Normal
27:34.6,Подгорица,Tekirdağ,None,0,18.5,0,1127.2,6,0,0,1,-0.053,-0.005,0.161,2.52,17.1,9.89,64.3,Normal
27:35.6,Подгорица,Tekirdağ,None,0,17.9,0,1090.6,6,0,0,1,-0.053,0.006,0.164,2.52,17.1,9.89,64.3,Normal
27:36.6,Подгорица,Tekirdağ,None,0,17.3,0,1054.2,6,0,0,1,-0.002,-0.005,0.165,2.52,17.1,9.89,64.3,Normal
27:37.7,Подгорица,Tekirdağ,None,0,16.7,0,1018.2,6,0,0,1,-0.001,-0.004,0.164,2.52,17.1,9.89,64.3,Normal
27:38.6,Подгорица,Tekirdağ,None,0,16.1,0,982.4,6,0,0,1,-0.183,-0.008,0.167,2.52,17.1,9.89,64.3,Normal
27:39.7,Подгорица,Tekirdağ,None,0,15.5,0,945.3,6,0,0,0,0.047,-0.001,0.166,2.52,17.1,9.89,64.3,Normal
27:40.6,Подгорица,Tekirdağ,None,0,15,0,910.4,6,0,0,0,0.034,-0.006,0.165,2.52,17.1,9.89,64.3,Normal
27:41.6,Подгорица,Tekirdağ,None,0,14.4,0,874.3,6,0,0,1,0.023,-0.001,0.165,2.52,17.1,9.89,64.3,Normal
27:42.6,Подгорица,Tekirdağ,None,0,13.8,0,839.4,6,0,0,0,0.023,0.002,0.16,2.52,17.1,9.89,64.3,Normal
27:43.6,Подгорица,Tekirdağ,None,0,13.4,0,1304.4,4,0,0,1,-0.125,-0.003,0.064,2.52,17.1,9.89,64.3,Normal
27:44.6,Подгорица,Tekirdağ,None,0,12.6,0,1212.4,4,0,0.12,1,-0.009,0.003,0.531,2.52,17.1,9.89,64.3,Normal
27:45.6,Подгорица,Tekirdağ,None,0,9.9,0,955,4,0,0,0,0.047,-0.011,0.701,2.52,17.1,9.89,64.3,Normal
27:46.6,Подгорица,Tekirdağ,None,0,8.7,0,844.8,4,0,0,1,-0.002,-0.006,0.227,2.52,17.1,9.89,64.3,Normal
27:47.6,Подгорица,Tekirdağ,None,0,7.9,0,765.8,4,0,0,0,0.02,-0.003,0.21,2.52,17.1,9.89,64.3,Normal
27:48.6,Подгорица,Tekirdağ,None,0,7.5,0,1209.5,2,0,0,-1,0.025,0,0.086,2.52,17.1,9.89,64.3,Normal
27:49.6,Подгорица,Tekirdağ,None,0,6.7,0,1072,2,0,0,0,0.001,0.001,0.261,2.52,17.1,9.89,64.3,Normal
27:50.7,Подгорица,Tekirdağ,None,0,5.7,0,916.6,2,0,0,-1,0.025,0,0.27,2.52,17.1,9.89,64.3,Normal
27:51.6,Подгорица,Tekirdağ,None,0,4.8,0,768.2,2,0,0,-1,0.046,0.002,0.256,2.52,17.1,9.89,64.3,Normal
27:52.7,Подгорица,Tekirdağ,None,0,4.1,0,853.9,1,0,0,-1,0.007,-0.011,0.104,2.52,17.1,9.89,64.3,Normal
27:53.6,Подгорица,Tekirdağ,None,0,3.6,0,741.2,1,0,0,0,-0.002,0.02,0.235,2.52,17.1,9.89,64.3,Normal
27:54.7,Подгорица,Tekirdağ,None,0,3.9,0,838.3,1,0.29,0,0,0.024,-0.005,-0.436,2.52,17.1,9.89,64.3,Normal
27:55.7,Подгорица,Tekirdağ,None,0,5.9,0,1261,1,0.14,0,-1,0.063,-0.047,-0.487,2.52,17.1,9.89,64.3,Normal
27:56.7,Подгорица,Tekirdağ,None,0,6.7,0,1412.3,1,0.21,0,-1,0.003,0.013,-0.186,2.52,17.1,9.89,64.3,Normal
27:57.6,Подгорица,Tekirdağ,None,0,7.2,0,1297.1,1,0.18,0,0,-0.004,0.043,0.036,2.52,17.1,9.89,64.3,Normal
27:58.6,Подгорица,Tekirdağ,None,0,7.2,0,919.5,3,0.15,0,0,-0.04,0.163,-0.185,2.52,17.1,9.89,64.3,Normal
27:59.7,Подгорица,Tekirdağ,None,0,7.4,0,926.7,3,0,0,0,-0.028,0.109,0.186,2.52,17.1,9.89,64.3,Normal
28:00.7,Подгорица,Tekirdağ,None,0,6.6,0,820.3,3,0,0,1,-0.039,-0.043,0.23,2.52,17.1,9.89,64.3,Normal
28:01.6,Подгорица,Tekirdağ,None,0,5.9,0,724.3,3,0,0,1,-0.019,-0.032,0.17,2.52,17.1,9.89,64.3,Normal
28:02.7,Подгорица,Tekirdağ,None,0,5.5,0,1142,1,0,0,1,-0.01,-0.004,0.086,2.52,17.1,9.89,64.3,Normal
28:03.7,Подгорица,Tekirdağ,None,0,4.6,0,949.4,1,0,0,1,-0.015,0.001,0.28,2.52,17.1,9.89,64.3,Normal
28:04.7,Подгорица,Tekirdağ,None,0,3.7,0,747.7,1,0,0,1,-0.008,0,0.254,2.52,17.1,9.89,64.3,Normal
28:05.6,Подгорица,Tekirdağ,None,0,2.8,0,559,1,0,0,0,0.014,-0.001,0.252,2.52,17.1,9.89,64.3,Normal
28:06.6,Подгорица,Tekirdağ,None,0,2.7,0,575.4,1,0.08,0,1,0.036,0.022,-0.095,2.52,17.1,9.89,64.3,Normal
28:07.6,Подгорица,Tekirdağ,None,0,2.9,0,606,1,0,0,1,0.013,0.02,0.082,2.52,17.1,9.89,64.3,Normal
28:08.6,Подгорица,Tekirdağ,None,0,2.7,0,592.5,1,0.35,0,1,0.012,0.025,-0.188,2.52,17.1,9.89,64.3,Normal
28:09.7,Подгорица,Tekirdağ,None,0,5.3,0,1163.9,1,0.36,0,1,-0.035,-0.014,-0.915,2.52,17.1,9.89,64.3,Normal
28:10.7,Подгорица,Tekirdağ,None,0,7.6,0,1356.7,1,0.34,0,1,-0.009,0.074,-0.128,2.52,17.1,9.89,64.3,Normal
28:11.6,Подгорица,Tekirdağ,None,0,7.7,0,981.6,3,0.25,0,0,-0.013,-0.006,-0.221,2.52,17.1,9.89,64.3,Normal
28:12.7,Подгорица,Tekirdağ,None,0,9.1,0,1163.8,3,0.2,0,-1,0.078,0.023,-0.353,2.52,17.1,9.89,64.2,Normal
28:13.7,Подгорица,Tekirdağ,None,0,10.2,0,1300.6,3,0.19,0,-1,0.037,-0.001,-0.294,2.52,17.1,9.89,64.2,Normal
28:14.6,Подгорица,Tekirdağ,None,0,11.2,0,1433.5,3,0.18,0,-1,-0.351,0.437,-0.261,2.52,17.1,9.89,64.2,Normal
28:15.6,Подгорица,Tekirdağ,None,0,11.7,0,1363.2,3,0.16,0,-1,0.036,-0.525,0.02,2.52,17.1,9.89,64.2,Normal
28:16.7,Подгорица,Tekirdağ,None,0,11.6,0,915.9,5,0.17,0,-1,0.014,0.013,-0.03,2.52,17.1,9.89,64.2,Normal
28:17.6,Подгорица,Tekirdağ,None,0,12.1,0,962.6,5,0.17,0,-1,0.017,-0.002,-0.181,2.52,17.1,9.89,64.2,Normal
28:18.6,Подгорица,Tekirdağ,None,0,12.8,0,1015.5,5,0.2,0,-1,0.008,0.001,-0.182,2.52,17.1,9.89,64.2,Normal
28:19.7,Подгорица,Tekirdağ,None,0,13.9,0,1101.8,5,0.23,0,-1,0.009,-0.007,-0.321,2.52,17.1,9.89,64.2,Normal
28:21.7,Подгорица,Tekirdağ,None,0,15.1,0,1193.1,5,0.21,0,-1,-0.088,-0.295,-0.194,2.52,17.1,9.89,64.2,Normal
28:22.7,Подгорица,Tekirdağ,None,0,15.8,0,1254,5,0.21,0,-1,-0.028,0.01,-0.212,2.52,17.1,9.89,64.2,Normal
28:23.6,Подгорица,Tekirdağ,None,0,16.6,0,1310.2,5,0.21,0,-1,-0.01,-0.001,-0.208,2.52,17.1,9.89,64.2,Normal
28:24.7,Подгорица,Tekirdağ,None,0,17.3,0,1367,5,0.21,0,-1,-0.012,-0.011,-0.196,2.52,17.1,9.89,64.2,Normal
28:25.7,Подгорица,Tekirdağ,None,0,17.9,0,1418.1,5,0.17,0,0,-0.016,0.002,-0.166,2.52,17.11,9.89,64.2,Normal
28:26.7,Подгорица,Tekirdağ,None,0,18.2,0,1433.2,5,0.12,0,0,-0.019,0.002,-0.022,2.52,17.11,9.89,64.2,Normal
28:27.7,Подгорица,Tekirdağ,None,0,18.2,0,1434.4,5,0.12,0,0,-0.013,-0.013,-0.005,2.52,17.11,9.89,64.2,Normal
28:28.7,Подгорица,Tekirdağ,None,0,18.3,0,1440.4,5,0.15,0,-1,-0.009,-0.002,-0.044,2.52,17.11,9.89,64.2,Normal
28:29.7,Подгорица,Tekirdağ,None,0,18.2,0,1168.8,5,0.22,0,-1,0,0.007,0.052,2.52,17.11,9.89,64.2,Normal
28:30.7,Подгорица,Tekirdağ,None,0,18.3,0,1123.7,6,0.28,0,-1,0.018,-0.041,-0.175,2.52,17.11,9.89,64.2,Normal
28:31.7,Подгорица,Tekirdağ,None,0,19.3,0,1182.7,6,0.3,0,-1,0.033,0.005,-0.285,2.52,17.11,9.89,64.2,Normal
28:32.7,Подгорица,Tekirdağ,None,0,20.4,0,1255.8,6,0.4,0,-1,-0.004,0.012,-0.368,2.52,17.11,9.89,64.1,Normal
28:33.7,Подгорица,Tekirdağ,None,0,22.1,0,1359,6,0.45,0,-1,-0.011,-0.025,-0.519,2.52,17.11,9.89,64.1,Normal
28:34.7,Подгорица,Tekirdağ,None,0,23.6,0,1377.8,6,0.34,0,0,-0.024,-0.022,-0.193,2.52,17.11,9.89,64.1,Normal
28:35.7,Подгорица,Tekirdağ,None,0,23.6,0,1118.6,7,0.32,0,0,-0.012,0.011,0.029,2.52,17.11,9.89,64.1,Normal
28:36.7,Подгорица,Tekirdağ,None,0,24.2,0,1150.5,7,0.31,0,0,-0.007,0.019,-0.233,2.52,17.11,9.89,64.1,Normal
28:37.7,Подгорица,Tekirdağ,None,0,25.1,0,1191.8,7,0.3,0,0,-0.005,-0.01,-0.231,2.52,17.11,9.89,64.1,Normal
28:38.7,Подгорица,Tekirdağ,None,0,25.8,0,1227.4,7,0.29,0,0,-0.029,0.012,-0.197,2.52,17.11,9.89,64.1,Normal
28:39.7,Подгорица,Tekirdağ,None,0,26.6,0,1262.4,7,0.23,0,0,0.01,0.005,-0.208,2.52,17.11,9.89,64.1,Normal
28:40.7,Подгорица,Tekirdağ,None,0,26.5,0,1252.6,7,0,0,1,-0.014,0.028,0.132,2.52,17.11,9.89,64.1,Normal
28:41.7,Подгорица,Tekirdağ,None,0,26,0,1228.9,7,0,0,0,0.012,-0.01,0.159,2.52,17.11,9.89,64.1,Normal
28:42.7,Подгорица,Tekirdağ,None,0,25.5,0,1204.2,7,0,0,1,-0.052,-0.009,0.141,2.52,17.11,9.89,64.1,Normal
28:43.7,Подгорица,Tekirdağ,None,0,24.9,0,1178.2,7,0,0,0,0.011,-0.007,0.166,2.52,17.11,9.89,64.1,Normal
28:44.7,Подгорица,Tekirdağ,None,0,24.3,0,1145.8,7,0,0,0,0.006,-0.009,0.192,2.52,17.11,9.89,64.1,Normal
28:45.7,Подгорица,Tekirdağ,None,0,23.5,0,1112,7,0,0,1,0.044,0,0.195,2.52,17.11,9.89,64.1,Normal
28:46.7,Подгорица,Tekirdağ,None,0,22.8,0,1079.4,7,0,0,0,0.007,0.001,0.198,2.52,17.11,9.89,64.1,Normal
28:47.7,Подгорица,Tekirdağ,None,0,22.2,0,1046.5,7,0,0,0,0.008,-0.001,0.194,2.52,17.11,9.89,64.1,Normal
28:48.7,Подгорица,Tekirdağ,None,0,21.5,0,1013.2,7,0,0,0,-0.009,0.001,0.188,2.52,17.11,9.89,64.1,Normal
28:49.7,Подгорица,Tekirdağ,None,0,20.8,0,980.7,7,0,0,0,0.011,-0.005,0.196,2.52,17.11,9.89,64.1,Normal
28:50.7,Подгорица,Tekirdağ,None,0,20.1,0,948.4,7,0,0,0,0.006,0.005,0.196,2.52,17.11,9.89,64.1,Normal
28:51.7,Подгорица,Tekirdağ,None,0,19.5,0,921.2,7,0,0,0,0.009,-0.009,0.137,2.52,17.11,9.89,64.1,Normal
28:52.7,Подгорица,Tekirdağ,None,0,19,0,896.8,7,0,0,0,0.004,-0.006,0.148,2.52,17.11,9.89,64.1,Normal
28:53.7,Подгорица,Tekirdağ,None,0,18.5,0,872.9,7,0,0,0,-0.003,-0.001,0.136,2.52,17.11,9.89,64.1,Normal
28:54.7,Подгорица,Tekirdağ,None,0,18,0,1186,7,0,0,0,-0.007,0.001,0.087,2.52,17.11,9.89,64.1,Normal
28:55.7,Подгорица,Tekirdağ,None,0,17.7,0,1393,5,0,0,0,0.003,0.008,0.155,2.52,17.11,9.89,64.1,Normal
28:56.7,Подгорица,Tekirdağ,None,0,17.1,0,1339.6,5,0,0,0,0.028,0.003,0.197,2.52,17.11,9.89,64.1,Normal
28:57.7,Подгорица,Tekirdağ,None,0,16.3,0,1282.4,5,0,0,-1,0.015,-0.001,0.195,2.52,17.11,9.89,64.1,Normal
28:58.7,Подгорица,Tekirdağ,None,0,15.6,0,1227.9,5,0,0,-1,0.038,0,0.197,2.52,17.11,9.89,64.1,Normal
28:59.7,Подгорица,Tekirdağ,None,0,14.9,0,1172.8,5,0,0,-1,0.012,-0.004,0.192,2.52,17.11,9.89,64.1,Normal
29:00.7,Подгорица,Tekirdağ,None,0,14.3,0,1118.6,5,0,0,0,-0.019,0.003,0.192,2.52,17.11,9.89,64.1,Normal
29:01.7,Подгорица,Tekirdağ,None,0,13.6,0,1064.9,5,0,0,0,-0.004,0,0.189,2.52,17.11,9.89,64.1,Normal
29:02.7,Подгорица,Tekirdağ,None,0,12.9,0,1011.5,5,0,0,-1,0.026,-0.002,0.188,2.52,17.11,9.89,64.1,Normal
29:03.7,Подгорица,Tekirdağ,None,0,12.2,0,958.8,5,0,0,1,-0.047,-0.01,0.186,2.52,17.11,9.89,64.1,Normal
29:04.7,Подгорица,Tekirdağ,None,0,9.5,0,734.2,5,0,0.29,0,0.002,0.043,1.273,2.52,17.11,9.89,64.1,Normal
29:05.7,Подгорица,Tekirdağ,None,0,4.9,0,763.2,2,0,0.29,0,0.036,-0.03,1.226,2.52,17.11,9.89,64.1,Normal
29:06.7,Подгорица,Tekirdağ,None,0,1.1,0,460.8,1,0,0,0,-0.007,0.085,0.362,2.52,17.11,9.89,64.1,Normal
29:07.7,Подгорица,Tekirdağ,None,0,1.5,0,550,1,0,0,0,-0.003,0.029,0.009,2.52,17.11,9.89,64.1,Normal
29:08.7,Подгорица,Tekirdağ,None,0,0,0,550,1,0,0.29,0,-0.02,0.123,0.687,2.52,17.11,9.89,64.1,Normal
29:09.7,Подгорица,Tekirdağ,None,0,0,0,550,1,0,0,0,0.001,0,0.016,2.52,17.11,9.89,64.1,Normal
29:10.7,Подгорица,Tekirdağ,None,0,0,0,550,1,0,0,0,0,-0.002,0,2.52,17.11,9.89,64.1,Normal
29:11.7,Подгорица,Tekirdağ,None,0,0,0,550,1,0,0,0,-0.008,0,0,2.52,17.11,9.89,64.1,Normal
29:12.7,Подгорица,Tekirdağ,None,0,0,0,813.6,1,0.49,0,0,-0.014,0,-0.001,2.52,17.11,9.89,64.1,Normal
29:13.7,Подгорица,Tekirdağ,None,0,2.8,0,796.2,1,0.53,0,0,0.01,-0.029,-1.386,2.52,17.11,9.89,64.1,Normal
29:14.7,Подгорица,Tekirdağ,None,0,7.7,0,1464.8,1,0.53,0,0,0.013,0.129,-0.461,2.52,17.11,9.89,64,Normal
29:15.7,Подгорица,Tekirdağ,None,0,8.1,0,1028.3,3,0.45,0,0,0.008,0.096,-0.139,2.52,17.11,9.89,64,Normal
29:16.7,Подгорица,Tekirdağ,None,0,11.2,0,1455.4,3,0.58,0,0,0.003,-0.047,-1.133,2.52,17.11,9.89,64,Normal
29:17.7,Подгорица,Tekirdağ,None,0,12.5,0,981.6,5,0.54,0,1,-0.009,0.009,0.005,2.52,17.11,9.89,64,Normal
29:18.7,Подгорица,Tekirdağ,None,0,13.6,0,1093,5,0.47,0,1,-0.008,-0.055,-0.642,2.52,17.11,9.89,64,Normal
29:19.7,Подгорица,Tekirdağ,None,0,16,0,1272.4,5,0.39,0,1,0.007,-0.001,-0.591,2.52,17.11,9.89,64,Normal
29:20.7,Подгорица,Tekirdağ,None,0,17.9,0,1426.3,5,0.4,0,1,0.005,0,-0.532,2.52,17.11,9.89,64,Normal
29:21.7,Подгорица,Tekirdağ,None,0,18.6,0,1136,6,0.38,0,1,-0.002,0.001,0.016,2.52,17.34,11.41,64,Normal
29:22.7,Подгорица,Tekirdağ,None,0,19,0,1169.5,6,0.37,0,1,-0.002,-0.032,-0.316,2.52,17.34,11.41,64,Normal
29:23.7,Подгорица,Tekirdağ,None,0,20.4,0,1255.6,6,0.34,0,1,-0.002,-0.006,-0.373,2.52,17.34,11.41,63.9,Normal
29:24.7,Подгорица,Tekirdağ,None,0,21.7,0,1330.4,6,0.32,0,1,0,0.026,-0.343,2.52,17.34,11.41,63.9,Normal
29:25.7,Подгорица,Tekirdağ,None,0,22.8,0,1396.9,6,0.27,0,1,0.001,0.007,-0.262,2.52,17.34,11.41,63.9,Normal
29:26.7,Подгорица,Tekirdağ,None,0,23.5,0,1349.8,6,0.27,0,1,0.007,0.026,-0.055,2.52,17.34,11.41,63.9,Normal
29:27.7,Подгорица,Tekirdağ,None,0,23.4,0,1109.5,7,0.27,0,1,-0.006,0.01,0.019,2.52,17.34,11.41,63.9,Normal
29:28.7,Подгорица,Tekirdağ,None,0,23.9,0,1135.3,7,0.26,0,1,-0.006,-0.014,-0.184,2.52,17.34,11.41,63.9,Normal
29:29.7,Подгорица,Tekirdağ,None,0,24.5,0,1164.4,7,0.23,0,1,-0.001,-0.003,-0.168,2.52,17.34,11.41,63.9,Normal
29:30.7,Подгорица,Tekirdağ,None,0,24.8,0,1173.1,7,0,0,0,0.037,0.007,0.041,2.52,17.34,11.41,63.9,Normal
29:31.7,Подгорица,Tekirdağ,None,0,24.4,0,1151.2,7,0,0,0,0.004,0,0.14,2.52,17.34,11.41,63.9,Normal
29:32.7,Подгорица,Tekirdağ,None,0,23.8,0,1127.2,7,0,0,-1,0.034,0.004,0.143,2.52,17.35,11.41,63.9,Normal
29:33.7,Подгорица,Tekirdağ,None,0,23.3,0,1103.1,7,0,0,-1,-0.051,-0.008,0.146,2.52,17.35,11.41,63.9,Normal
29:34.7,Подгорица,Tekirdağ,None,0,22.8,0,1078.9,7,0,0,-1,0.022,-0.019,0.142,2.52,17.35,11.41,63.9,Normal
29:35.7,Подгорица,Tekirdağ,None,0,22.3,0,1054.3,7,0,0,-1,0.008,-0.004,0.143,2.52,17.35,11.41,63.9,Normal
29:36.7,Подгорица,Tekirdağ,None,0,21.8,0,1030,7,0,0,-1,-0.011,0.001,0.143,2.52,17.35,11.41,63.9,Normal
29:37.7,Подгорица,Tekirdağ,None,0,21.3,0,1005.6,7,0,0,0,-0.025,-0.003,0.142,2.52,17.35,11.41,63.9,Normal
29:52.7,Подгорица,Tekirdağ,None,0,0,0,0,0,0,0,0,-0.001,0.002,0,2.52,17.1,9.89,64.3,Normal
29:53.7,Подгорица,Tekirdağ,None,0,0,0,0,0,0,0,0,-0.002,-0.002,0,2.52,17.1,9.89,64.3,Normal
29:54.7,Подгорица,Tekirdağ,None,0,0,0,550,0,0,0,0,0,0.001,0,2.52,17.1,9.89,64.3,Normal
29:55.7,Подгорица,Tekirdağ,None,0,0,0,550,1,0,0,0,-0.001,-0.001,0,2.52,17.1,9.89,64.3,Normal
29:56.7,Подгорица,Tekirdağ,None,0,0.2,0,779.6,1,0.31,0,0,0.004,0.059,-0.31,2.52,17.1,9.89,64.3,Normal
29:57.7,Подгорица,Tekirdağ,None,0,3.3,0,781.7,1,0.46,0,0,-0.021,0.006,-1.331,2.52,17.1,9.89,64.3,Normal
29:58.7,Подгорица,Tekirdağ,None,0,7.3,0,1523.7,1,0.2,0,1,-0.03,-0.057,-0.564,2.52,17.1,9.89,64.3,Normal
29:59.7,Подгорица,Tekirdağ,None,0,7.5,0,943.6,3,0.07,0,1,-0.015,0.02,0.028,2.52,17.1,9.89,64.3,Normal
30:00.7,Подгорица,Tekirdağ,None,0,7.6,0,951.5,3,0.06,0,0,-0.004,0.038,0.03,2.52,17.1,9.89,64.3,Normal
30:01.7,Подгорица,Tekirdağ,None,0,7.7,0,968.7,3,0.1,0,0,-0.018,0.027,-0.117,2.52,17.1,9.89,64.2,Normal
30:02.7,Подгорица,Tekirdağ,None,0,7.9,0,989.5,3,0.06,0,0,0.013,0.021,0.032,2.52,17.1,9.89,64.2,Normal
30:03.7,Подгорица,Tekirdağ,None,0,7.8,0,991.8,3,0.27,0,0,0.007,0.011,-0.05,2.52,17.1,9.89,64.2,Normal
30:04.7,Подгорица,Tekirdağ,None,0,9.4,0,1205.1,3,0.3,0,0,0.004,-0.017,-0.566,2.52,17.1,9.89,64.2,Normal
30:05.7,Подгорица,Tekirdağ,None,0,11.5,0,1467.6,3,0.34,0,1,-0.021,0.006,-0.606,2.52,17.1,9.89,64.2,Normal
30:06.7,Подгорица,Tekirdağ,None,0,12,0,942.8,5,0.29,0,-1,0.009,0.01,0.031,2.52,17.1,9.89,64.2,Normal
30:07.7,Подгорица,Tekirdağ,None,0,12.6,0,999.6,5,0.29,0,-1,0.023,-0.018,-0.363,2.52,17.1,9.89,64.2,Normal
30:08.7,Подгорица,Tekirdağ,None,0,14,0,1112.3,5,0.29,0,-1,0.002,-0.002,-0.411,2.52,17.1,9.89,64.2,Normal
30:09.7,Подгорица,Tekirdağ,None,0,15.4,0,1221.7,5,0.3,0,-1,0.049,-0.002,-0.4,2.52,17.24,10.82,64.2,Normal
30:10.7,Подгорица,Tekirdağ,None,0,17,0,1349,5,0.35,0,-1,0.012,-0.018,-0.483,2.52,17.24,10.82,64.2,Normal
30:11.7,Подгорица,Tekirdağ,None,0,17.4,0,1368.7,5,0,0,-1,-0.002,0.02,0.134,2.52,17.24,10.82,64.2,Normal
30:12.7,Подгорица,Tekirdağ,None,0,16.8,0,1318,5,0.15,0,-1,0.006,0.01,0.175,2.52,17.24,10.82,64.2,Normal
30:13.7,Подгорица,Tekirdağ,None,0,16.7,0,1315.1,5,0,0,-1,0.003,-0.022,0.043,2.52,17.24,10.82,64.2,Normal
30:15.7,Подгорица,Tekirdağ,None,0,16.1,0,1262.2,5,0,0,0,-0.026,-0.004,0.213,2.52,17.24,10.82,64.2,Normal
30:16.7,Подгорица,Tekirdağ,None,0,15.4,0,1207.3,5,0,0,0,-0.015,0.001,0.205,2.52,17.24,10.82,64.2,Normal
30:29.7,Подгорица,Tekirdağ,None,0,0,0,0,0,0,0,0,-0.008,-0.003,-0.001,2.52,17.1,9.89,64.3,Normal
30:30.7,Подгорица,Tekirdağ,None,0,0,0,0,0,0,0,0,0,0.002,0,2.52,17.1,9.89,64.3,Normal
30:31.7,Подгорица,Tekirdağ,None,0,0,0,0,0,0,0,0,0.002,0.013,0.001,2.52,17.1,9.89,64.3,Normal
30:32.7,Подгорица,Tekirdağ,None,0,0,0,550,0,0,0,0,0,0.001,0,2.52,17.1,9.89,64.3,Normal
30:33.7,Подгорица,Tekirdağ,None,0,0,0,550,1,0,0,0,0,-0.002,0,2.52,17.1,9.89,64.3,Normal
30:34.7,Подгорица,Tekirdağ,None,0,0.2,0,782.1,1,0.33,0,1,-0.017,0.105,-0.244,2.52,17.1,9.89,64.3,Normal
30:35.7,Подгорица,Tekirdağ,None,0,2.3,0,707.2,1,0.36,0,0,-0.056,0.015,-0.728,2.52,17.1,9.89,64.3,Normal
30:36.7,Подгорица,Tekirdağ,None,0,6.6,0,1425,1,0.32,0,-1,0.007,0.032,-0.977,2.52,17.1,9.89,64.3,Normal
30:37.7,Подгорица,Tekirdağ,None,0,7.5,0,948,3,0,0,-1,0.09,0.002,0.003,2.52,17.1,9.89,64.3,Normal
30:38.7,Подгорица,Tekirdağ,None,0,7.7,0,971.2,3,0,0,-1,0.01,-0.034,0.108,2.52,17.1,9.89,64.3,Normal
30:39.7,Подгорица,Tekirdağ,None,0,7,0,873.6,3,0,0,0,0.016,-0.009,0.23,2.52,17.1,9.89,64.3,Normal
30:40.7,Подгорица,Tekirdağ,None,0,6.2,0,776.3,3,0,0,0,-0.033,-0.007,0.234,2.52,17.1,9.89,64.3,Normal
30:41.7,Подгорица,Tekirdağ,None,0,5.6,0,1161.8,1,0,0,0,0.005,-0.017,0.091,2.52,17.1,9.89,64.2,Normal
30:42.7,Подгорица,Tekirdağ,None,0,5,0,1020.8,1,0,0,0,-0.003,0.042,0.272,2.52,17.1,9.89,64.2,Normal
30:43.7,Подгорица,Tekirdağ,None,0,4,0,826.7,1,0,0,0,0.005,0,0.254,2.52,17.1,9.89,64.2,Normal
30:44.7,Подгорица,Tekirdağ,None,0,3.1,0,632,1,0,0,0,-0.008,-0.003,0.273,2.52,17.1,9.89,64.2,Normal
30:45.7,Подгорица,Tekirdağ,None,0,3.2,0,714.4,1,0.6,0,0,-0.024,-0.052,-0.647,2.52,17.1,9.89,64.2,Normal
30:46.7,Подгорица,Tekirdağ,None,0,7.6,0,1516.3,1,0.61,0,0,0.005,-0.158,-0.757,2.52,17.1,9.89,64.2,Normal
30:47.7,Подгорица,Tekirdağ,None,0,8.1,0,1024.9,3,0.59,0,0,0.011,0.051,-0.046,2.52,17.1,9.89,64.2,Normal
30:48.7,Подгорица,Tekirdağ,None,0,11.3,0,1467.2,3,0.53,0,0,0.022,-0.013,-1.136,2.52,17.1,9.89,64.2,Normal
30:49.7,Подгорица,Tekirdağ,None,0,12.4,0,973.4,5,0,0,0,-0.012,0.024,0.014,2.52,17.1,9.89,64.2,Normal
30:50.7,Подгорица,Tekirdağ,None,0,12,0,940,5,0.21,0,-1,0.016,0.009,0.155,2.52,17.1,9.89,64.2,Normal
30:51.7,Подгорица,Tekirdağ,None,0,12.6,0,1003.9,5,0.34,0,-1,0.033,-0.014,-0.38,2.52,17.2,10.52,64.2,Normal
30:52.7,Подгорица,Tekirdağ,None,0,14.3,0,1138.5,5,0,0,-1,0.025,-0.014,-0.504,2.52,17.2,10.52,64.2,Normal
30:53.7,Подгорица,Tekirdağ,None,0,14.3,0,1119.6,5,0,0,-1,0.024,0.004,0.165,2.52,17.2,10.52,64.2,Normal
30:54.7,Подгорица,Tekirdağ,None,0,13.6,0,1068,5,0,0,0,-0.016,0.001,0.19,2.52,17.2,10.52,64.2,Normal
30:55.7,Подгорица,Tekirdağ,None,0,12.9,0,1015,5,0,0,0,-0.017,0.003,0.188,2.52,17.2,10.52,64.2,Normal
30:56.7,Подгорица,Tekirdağ,None,0,12.3,0,962.6,5,0,0,0,-0.014,-0.006,0.195,2.52,17.2,10.52,64.2,Normal
30:57.7,Подгорица,Tekirdağ,None,0,11.6,0,911.1,5,0,0,0,-0.005,-0.004,0.181,2.52,17.2,10.52,64.2,Normal
30:58.7,Подгорица,Tekirdağ,None,0,11,0,859.8,5,0,0,0,-0.003,-0.002,0.178,2.52,17.2,10.52,64.2,Normal
30:59.7,Подгорица,Tekirdağ,None,0,10.3,0,807.5,5,0,0,-1,0.002,-0.003,0.196,2.52,17.2,10.52,64.2,Normal
31:00.7,Подгорица,Tekirdağ,None,0,9.9,0,1242,3,0.25,0,-1,0.017,0.001,0.078,2.52,17.2,10.52,64.2,Normal
31:01.7,Подгорица,Tekirdağ,None,0,11.6,0,1497.2,3,0.63,0,-1,0.028,-0.05,-1.016,2.52,17.2,10.52,64.2,Normal
31:02.7,Подгорица,Tekirdağ,None,0,12.4,0,975.8,5,0.63,0,-1,0.011,0.014,0.025,2.52,17.2,10.52,64.2,Normal
31:03.7,Подгорица,Tekirdağ,None,0,14.1,0,1132.1,5,0.65,0,-1,0.05,0.001,-0.854,2.52,17.2,10.52,64.2,Normal
31:04.7,Подгорица,Tekirdağ,None,0,17.5,0,1409,5,0.67,0,-1,0.017,-0.009,-0.982,2.52,17.2,10.52,64.2,Normal
31:05.7,Подгорица,Tekirdağ,None,0,19,0,900.3,7,0.67,0,-1,-0.008,0.037,-0.047,2.52,17.2,10.52,64.2,Normal
31:06.7,Подгорица,Tekirdağ,None,0,19.7,0,941.7,7,0.61,0,-1,-0.005,-0.021,-0.44,2.52,17.2,10.52,64.2,Normal
31:07.7,Подгорица,Tekirdağ,None,0,21.6,0,1031.9,7,0.57,0,-1,-0.009,0,-0.53,2.52,17.2,10.52,64.2,Normal
31:08.7,Подгорица,Tekirdağ,None,0,23.5,0,1122.9,7,0.56,0,-1,-0.007,-0.016,-0.538,2.52,17.2,10.52,64.1,Normal
31:09.7,Подгорица,Tekirdağ,None,0,25.3,0,1208.9,7,0.56,0,-1,-0.007,0.001,-0.507,2.52,17.2,10.52,64.1,Normal
31:10.7,Подгорица,Tekirdağ,None,0,27.1,0,1293.6,7,0.54,0,0,-0.037,-0.01,-0.478,2.52,17.2,10.52,64.1,Normal
31:11.7,Подгорица,Tekirdağ,None,0,28.8,0,1370.3,7,0.47,0,1,-0.03,0.014,-0.427,2.52,17.2,10.52,64.1,Normal
31:12.7,Подгорица,Tekirdağ,None,0,30,0,1363,7,0.47,0,1,-0.028,-0.015,-0.198,2.52,17.2,10.52,64.1,Normal
31:13.7,Подгорица,Tekirdağ,None,0,30.1,0,1105,8,0.48,0,0,-0.002,0.018,0.018,2.52,17.2,10.52,64.1,Normal
31:14.7,Подгорица,Tekirdağ,None,0,30.8,0,1135.3,8,0.29,0,0,-0.007,-0.031,-0.278,2.52,17.2,10.52,64.1,Normal
31:15.7,Подгорица,Tekirdağ,None,0,31.5,0,1159.7,8,0.29,0,0,0.005,-0.009,-0.188,2.52,17.2,10.52,64,Normal
31:16.7,Подгорица,Tekirdağ,None,0,32.1,0,1178.9,8,0.23,0,1,-0.304,0.003,-0.128,2.52,17.2,10.52,64,Normal
31:17.7,Подгорица,Tekirdağ,None,0,32.4,0,1189,8,0.18,0,0,0.039,0.009,-0.071,2.52,17.2,10.52,64,Normal
31:18.7,Подгорица,Tekirdağ,None,0,32.5,0,1191.8,8,0.12,0,-1,0.029,-0.017,-0.008,2.52,17.2,10.52,64,Normal
31:19.7,Подгорица,Tekirdağ,None,0,32.4,0,1189.9,8,0.1,0,-1,0.086,-0.012,0.013,2.52,17.2,10.52,64,Normal
31:20.7,Подгорица,Tekirdağ,None,0,32.3,0,1186.6,8,0.09,0,0,-0.033,-0.004,0.031,2.52,17.2,10.52,64,Normal
31:21.7,Подгорица,Tekirdağ,None,0,32.1,0,1177.9,8,0,0,0,-0.007,0.002,0.101,2.52,17.2,10.52,64,Normal
31:22.7,Подгорица,Tekirdağ,None,0,31.7,0,1162,8,0,0,0,-0.008,-0.01,0.124,2.52,17.2,10.52,64,Normal
31:23.7,Подгорица,Tekirdağ,None,0,31.2,0,1144.7,8,0,0,0,-0.011,0.004,0.119,2.52,17.2,10.52,64,Normal
31:24.7,Подгорица,Tekirdağ,None,0,29.9,0,1092.5,8,0,0.16,1,-0.028,0.02,0.641,2.52,17.2,10.52,64,Normal
31:25.7,Подгорица,Tekirdağ,None,0,26.2,0,951.8,8,0,0.37,0,-0.003,0.041,1.415,2.52,17.2,10.52,64,Normal
31:26.7,Подгорица,Tekirdağ,None,0,21,0,1241.7,8,0,0.25,0,0.01,-0.072,1.315,2.52,17.2,10.52,64,Normal
31:27.7,Подгорица,Tekirdağ,None,0,17.1,0,1033.9,6,0,0,0,-0.009,0.053,1,2.52,17.2,10.52,64,Normal
31:28.7,Подгорица,Tekirdağ,None,0,15.8,0,961.9,6,0,0,0,-0.001,0.005,0.197,2.52,17.2,10.52,64,Normal
31:29.7,Подгорица,Tekirdağ,None,0,15.2,0,924.3,6,0,0,0,-0.011,0.003,0.159,2.52,17.2,10.52,64,Normal
31:30.7,Подгорица,Tekirdağ,None,0,14.6,0,889.6,6,0,0,0,-0.05,-0.012,0.156,2.52,17.21,10.52,64,Normal
31:31.7,Подгорица,Tekirdağ,None,0,13.6,0,819.6,6,0,0.36,0,-0.017,-0.039,0.759,2.52,17.21,10.52,64,Normal
31:32.7,Подгорица,Tekirdağ,None,0,9.9,0,965.4,4,0,0,0,-0.03,-0.033,0.513,2.52,17.21,10.52,64,Normal
31:33.7,Подгорица,Tekirdağ,None,0,9.2,0,683.6,0,0,0,0,-0.013,-0.004,0.097,2.52,17.21,10.52,64,Normal
31:34.7,Подгорица,Tekirdağ,None,0,7.3,0,550,0,0,0.77,0,-0.011,-0.047,1.504,2.52,17.21,10.52,64,Normal
31:35.7,Подгорица,Tekirdağ,None,0,0,0,550,0,0,0,0,0,-0.313,0.108,2.52,17.21,10.52,64,Normal
31:36.7,Подгорица,Tekirdağ,None,0,0,0,550,0,0,0,0,0,-0.005,-0.001,2.52,17.21,10.52,64,Normal
31:37.7,Подгорица,Tekirdağ,None,0,0,0,550,1,0,0,0,0.003,-0.009,0,2.52,17.21,10.52,64,Normal
31:38.7,Подгорица,Tekirdağ,None,0,0,0,550,1,0,0,0,0,0.002,0,2.52,17.21,10.52,64,Normal
31:39.7,Подгорица,Tekirdağ,None,0,0,0,550,1,0,0,0,0.001,0,0,2.52,17.21,10.52,64,Normal
31:40.7,Подгорица,Tekirdağ,None,0,0,0,550,1,0,0,0,-0.002,0.001,0,2.52,17.21,10.52,64,Normal
31:41.7,Подгорица,Tekirdağ,None,0,1.6,0,937.6,1,1,0,0,0.01,0.021,-1.538,2.52,17.21,10.52,64,Normal
31:42.7,Подгорица,Tekirdağ,None,0,8.2,0,1362.1,1,1,0,0,0.035,0.334,-0.562,2.52,17.21,10.52,64,Normal
31:43.7,Подгорица,Tekirdağ,None,0,9.3,0,1223.6,3,1,0,0,-0.03,0.035,-0.951,2.52,17.21,10.52,64,Normal
31:44.7,Подгорица,Tekirdağ,None,0,13.3,0,1390.4,3,1,0,0,-0.001,0.157,-0.336,2.52,17.21,10.52,64,Normal
31:45.7,Подгорица,Tekirdağ,None,0,14.2,0,1143.2,5,1,0,0,0.006,-0.049,-0.745,2.52,17.21,10.52,64,Normal
31:46.7,Подгорица,Tekirdağ,None,0,18.6,0,1497.4,5,1,0,0,0.007,-0.014,-1.317,2.52,17.21,10.52,63.9,Normal
31:47.7,Подгорица,Tekirdağ,None,0,20.2,0,956.7,7,0.97,0,0,-0.002,0.042,-0.034,2.52,17.21,10.52,63.9,Normal
31:48.7,Подгорица,Tekirdağ,None,0,21.3,0,1020.6,7,0.8,0,0,-0.004,-0.01,-0.619,2.52,17.21,10.52,63.9,Normal
31:49.7,Подгорица,Tekirdağ,None,0,23.8,0,1138.2,7,0.71,0,0,0.007,0.021,-0.674,2.52,17.21,10.52,63.9,Normal
31:50.7,Подгорица,Tekirdağ,None,0,25.8,0,1233.3,7,0.51,0,0,0.005,0.006,-0.525,2.52,17.21,10.52,63.9,Normal
31:51.7,Подгорица,Tekirdağ,None,0,27.6,0,1314.5,7,0.52,0,0,-0.005,0,-0.464,2.52,17.21,10.52,63.9,Normal
31:52.7,Подгорица,Tekirdağ,None,0,29.2,0,1392.6,7,0.51,0,0,0.003,0.007,-0.451,2.52,17.21,10.52,63.8,Normal
31:53.7,Подгорица,Tekirdağ,None,0,30.2,0,1171.9,7,0.53,0,0,-0.001,0.033,-0.026,2.52,17.21,10.52,63.8,Normal
31:54.7,Подгорица,Tekirdağ,None,0,30.3,0,1116.7,8,0.51,0,0,0,-0.037,-0.191,2.52,17.21,10.52,63.8,Normal
31:55.7,Подгорица,Tekirdağ,None,0,31.4,0,1156.7,8,0.43,0,0,0.015,0.007,-0.306,2.52,17.21,10.52,63.8,Normal
31:56.7,Подгорица,Tekirdağ,None,0,32.4,0,1194.6,8,0.4,0,0,0.011,-0.02,-0.282,2.52,17.21,10.52,63.8,Normal
31:57.7,Подгорица,Tekirdağ,None,0,32.7,0,1199.7,8,0,0,0,0.016,0.052,0.079,2.52,17.21,10.52,63.8,Normal
31:58.7,Подгорица,Tekirdağ,None,0,32.4,0,1187.8,8,0.01,0,-1,0.017,-0.046,0.083,2.52,17.21,10.52,63.8,Normal
31:59.7,Подгорица,Tekirdağ,None,0,32.1,0,1175,8,0,0,-1,0.013,-0.017,0.117,2.52,17.21,10.52,63.8,Normal
32:00.7,Подгорица,Tekirdağ,None,0,31.6,0,1158.2,8,0,0,-1,0.01,0.023,0.133,2.52,17.21,10.52,63.8,Normal
32:01.7,Подгорица,Tekirdağ,None,0,31.1,0,1141.6,8,0,0,-1,0.086,0.03,0.127,2.52,17.21,10.52,63.8,Normal
32:02.7,Подгорица,Tekirdağ,None,0,30.7,0,1124.6,8,0,0,-1,0.146,-0.013,0.13,2.52,17.22,10.52,63.8,Normal
32:03.7,Подгорица,Tekirdağ,None,0,30.2,0,1107.2,8,0,0,-1,0.078,-0.034,0.131,2.52,17.22,10.52,63.8,Normal
32:04.7,Подгорица,Tekirdağ,None,0,29.8,0,1091.5,8,0.35,0,-1,0.032,0.026,0.123,2.52,17.22,10.52,63.8,Normal
32:05.7,Подгорица,Tekirdağ,None,0,30.2,0,1115.8,8,0.58,0,-1,0.011,-0.011,-0.261,2.52,17.22,10.52,63.8,Normal
32:06.7,Подгорица,Tekirdağ,None,0,31.5,0,1165.8,8,0.57,0,-1,-0.038,0.019,-0.388,2.52,17.22,10.52,63.8,Normal
32:07.7,Подгорица,Tekirdağ,None,0,32.8,0,1206.8,8,0,0,-1,-0.076,-0.017,-0.274,2.52,17.22,10.52,63.8,Normal
32:08.7,Подгорица,Tekirdağ,None,0,32.7,0,1197.2,8,0,0,0,-0.106,0.015,0.126,2.52,17.22,10.52,63.8,Normal
32:09.7,Подгорица,Tekirdağ,None,0,32.2,0,1178.6,8,0,0,1,-0.122,-0.009,0.14,2.52,17.22,10.52,63.8,Normal
32:10.7,Подгорица,Tekirdağ,None,0,31.7,0,1161,8,0,0,1,-0.067,-0.014,0.135,2.52,17.22,10.52,63.8,Normal
32:11.7,Подгорица,Tekirdağ,None,0,31.2,0,1143.2,8,0,0,0,0.02,0.003,0.127,2.52,17.22,10.52,63.8,Normal
32:12.7,Подгорица,Tekirdağ,None,0,30.7,0,1126.9,8,0,0,1,-0.068,-0.035,0.141,2.52,17.22,10.52,63.8,Normal
32:13.7,Подгорица,Tekirdağ,None,0,30.3,0,1110,8,0,0,0,0.006,-0.025,0.123,2.52,17.22,10.52,63.8,Normal
32:14.7,Подгорица,Tekirdağ,None,0,29.8,0,1093.4,8,0,0,0,0.007,-0.007,0.128,2.52,17.22,10.52,63.8,Normal
32:15.7,Подгорица,Tekirdağ,None,0,29.4,0,1076.3,8,0,0,0,-0.008,-0.008,0.118,2.52,17.22,10.52,63.8,Normal
32:16.7,Подгорица,Tekirdağ,None,0,28.9,0,1060.2,8,0,0,1,-0.013,-0.002,0.116,2.52,17.22,10.52,63.8,Normal
32:17.7,Подгорица,Tekirdağ,None,0,29.2,0,1077.8,8,0.35,0,1,-0.038,-0.084,-0.278,2.52,17.22,10.52,63.8,Normal
32:18.7,Подгорица,Tekirdağ,None,0,30.3,0,1120.8,8,0.63,0,1,-0.037,-0.016,-0.367,2.52,17.23,10.52,63.7,Normal
32:19.8,Подгорица,Tekirdağ,None,0,31.6,0,1161.6,8,0.23,0,1,-0.008,0.035,-0.225,2.52,17.23,10.52,63.7,Normal
32:20.7,Подгорица,Tekirdağ,None,0,32.3,0,1189.7,8,0.52,0,1,0.002,-0.024,-0.269,2.52,17.23,10.52,63.7,Normal
32:21.7,Подгорица,Tekirdağ,None,0,33.2,0,1218.1,8,0,0,1,0.007,0.025,-0.089,2.52,17.23,10.52,63.7,Normal
32:22.7,Подгорица,Tekirdağ,None,0,32.9,0,1205.7,8,0,0,1,-0.048,-0.007,0.124,2.52,17.23,10.52,63.7,Normal
32:23.7,Подгорица,Tekirdağ,None,0,32.8,0,1205.6,8,0.29,0,1,-0.009,-0.014,-0.083,2.52,17.23,10.52,63.7,Normal
32:24.7,Подгорица,Tekirdağ,None,0,33.3,0,1224,8,0.29,0,1,-0.006,-0.009,-0.15,2.52,17.23,10.52,63.7,Normal
32:25.8,Подгорица,Tekirdağ,None,0,33.8,0,1244.3,8,0.31,0,1,0.001,0.005,-0.152,2.52,17.23,10.52,63.7,Normal
32:26.7,Подгорица,Tekirdağ,None,0,33.9,0,1242.7,8,0,0,1,0.025,0.031,0.097,2.52,17.23,10.52,63.7,Normal
32:27.7,Подгорица,Tekirdağ,None,0,33.5,0,1226.1,8,0,0,1,0.012,-0.004,0.134,2.52,17.23,10.52,63.7,Normal
32:28.8,Подгорица,Tekirdağ,None,0,33,0,1208.5,8,0,0,1,-0.041,-0.006,0.135,2.52,17.23,10.52,63.7,Normal
32:29.7,Подгорица,Tekirdağ,None,0,32.5,0,1190.8,8,0,0,1,0.049,0.002,0.136,2.52,17.23,10.52,63.7,Normal
32:30.7,Подгорица,Tekirdağ,None,0,32,0,1173.3,8,0,0,1,0.043,0.002,0.128,2.52,17.23,10.52,63.7,Normal
32:31.7,Подгорица,Tekirdağ,None,0,31.5,0,1154.5,8,0,0.06,0,0.035,-0.002,0.137,2.52,17.23,10.52,63.7,Normal
32:32.7,Подгорица,Tekirdağ,None,0,25.7,0,929.2,8,0,0.21,0,0.025,0.096,2.582,2.52,17.23,10.52,63.7,Normal
32:33.7,Подгорица,Tekirdağ,None,0,22.8,0,1392.1,6,0,0,-1,0.013,-0.013,0.197,2.52,17.23,10.52,63.7,Normal
32:34.8,Подгорица,Tekirdağ,None,0,22.3,0,1360,6,0,0,-1,0.007,0.008,0.171,2.52,17.23,10.52,63.7,Normal
32:35.7,Подгорица,Tekirdağ,None,0,20.8,0,1254.1,6,0,0.26,-1,0.011,0.036,0.947,2.52,17.23,10.52,63.7,Normal
32:36.8,Подгорица,Tekirdağ,None,0,16.3,0,981.9,6,0,0.2,-1,-0.011,-0.007,1.153,2.52,17.23,10.52,63.7,Normal
32:37.7,Подгорица,Tekirdağ,None,0,13,0,887.8,6,0,0,-1,-0.027,0.036,0.651,2.52,17.23,10.52,63.7,Normal
32:38.7,Подгорица,Tekirdağ,None,0,12.2,0,1187.6,4,0,0,-1,-0.01,-0.018,0.131,2.52,17.23,10.52,63.7,Normal
32:39.7,Подгорица,Tekirdağ,None,0,10.7,0,996.9,4,0,0.7,0,-0.007,-0.152,1.4,2.52,17.23,10.52,63.7,Normal
32:40.7,Подгорица,Tekirdağ,None,0,2.8,0,582,1,0.4,0,0,-0.006,-0.073,0.996,2.52,17.23,10.52,63.7,Normal
32:41.7,Подгорица,Tekirdağ,None,0,3.1,0,687.1,1,0.48,0,0,0.008,0.022,-0.582,2.52,17.23,10.52,63.7,Normal
32:42.8,Подгорица,Tekirdağ,None,0,7.5,0,1546.3,1,0.61,0,0,-0.011,-0.241,-1.02,2.52,17.23,10.52,63.7,Normal
32:43.7,Подгорица,Tekirdağ,None,0,8.1,0,1021.9,3,0.75,0,0,-0.019,0.026,0.024,2.52,17.23,10.52,63.7,Normal
32:44.7,Подгорица,Tekirdağ,None,0,11.2,0,1449,3,0.53,0,-1,0.05,-0.01,-1.115,2.52,17.23,10.52,63.7,Normal
32:45.7,Подгорица,Tekirdağ,None,0,12.3,0,971.6,5,0.45,0,1,-0.039,0.033,-0.001,2.52,17.23,10.52,63.7,Normal
32:46.7,Подгорица,Tekirdağ,None,0,13.3,0,1068.4,5,0.5,0,1,-0.024,-0.042,-0.593,2.52,17.23,10.52,63.6,Normal
32:47.8,Подгорица,Tekirdağ,None,0,15.9,0,1271.1,5,0.46,0,0,0.01,-0.002,-0.727,2.52,17.23,10.52,63.6,Normal
32:48.8,Подгорица,Tekirdağ,None,0,18.4,0,1453.6,5,0.48,0,1,-0.091,-0.039,-0.604,2.52,17.24,10.52,63.6,Normal
32:49.7,Подгорица,Tekirdağ,None,0,18.7,0,1140.8,6,0.47,0,0,0.015,0.014,0.031,2.52,17.47,12.06,63.6,Normal
32:50.8,Подгорица,Tekirdağ,None,0,19.8,0,1218.2,6,0.45,0,0,0.008,-0.014,-0.49,2.52,17.47,12.06,63.6,Normal
32:51.7,Подгорица,Tekirdağ,None,0,21.5,0,1324.5,6,0.43,0,0,0.011,0.008,-0.497,2.52,17.47,12.06,63.6,Normal
32:52.8,Подгорица,Tekirdağ,None,0,23.3,0,1432,6,0.43,0,0,0.008,-0.013,-0.461,2.52,17.47,12.06,63.6,Normal
32:53.7,Подгорица,Tekirdağ,None,0,23.6,0,1118.7,7,0.44,0,0,0.008,0.011,0.036,2.52,17.47,12.06,63.6,Normal
32:54.8,Подгорица,Tekirdağ,None,0,24.2,0,1153.3,7,0.43,0,-1,0.032,-0.023,-0.33,2.52,17.47,12.06,63.5,Normal
32:55.7,Подгорица,Tekirdağ,None,0,25.5,0,1214.2,7,0.41,0,-1,0.028,-0.004,-0.356,2.52,17.47,12.06,63.5,Normal
32:56.7,Подгорица,Tekirdağ,None,0,26.8,0,1274.3,7,0.4,0,0,-0.006,-0.005,-0.349,2.52,17.47,12.06,63.5,Normal
32:57.8,Подгорица,Tekirdağ,None,0,28,0,1330.4,7,0.33,0,0,-0.011,0.004,-0.316,2.52,17.47,12.06,63.5,Normal
32:58.8,Подгорица,Tekirdağ,None,0,28,0,1324.4,7,0,0,0,0.003,0.005,0.114,2.52,17.47,12.06,63.5,Normal
32:59.7,Подгорица,Tekirdağ,None,0,27.5,0,1301,7,0,0,0,0.007,0.003,0.145,2.52,17.47,12.06,63.5,Normal
33:00.8,Подгорица,Tekirdağ,None,0,27,0,1274.7,7,0,0.11,-1,0.032,-0.009,0.147,2.52,17.47,12.06,63.5,Normal
33:01.8,Подгорица,Tekirdağ,None,0,20.5,0,950.6,7,0,0.36,-1,0.012,-0.097,2.13,2.52,17.47,12.06,63.5,Normal
33:02.7,Подгорица,Tekirdağ,None,0,15.9,0,1212.4,7,0,0.04,-1,0.006,-0.051,0.705,2.52,17.47,12.06,63.5,Normal
33:03.8,Подгорица,Tekirdağ,None,0,13.7,0,1066,5,0,0.21,-1,-0.001,0.04,0.921,2.52,17.47,12.06,63.5,Normal
33:04.8,Подгорица,Tekirdağ,None,0,9.1,0,834.4,5,0,0,0,-0.019,0.026,1.025,2.52,17.47,12.06,63.5,Normal
33:05.7,Подгорица,Tekirdağ,None,0,8.2,0,1342,2,0.37,0,0,0.007,0.039,-0.011,2.52,17.47,12.06,63.5,Normal
33:06.8,Подгорица,Tekirdağ,None,0,9.5,0,1324.4,2,0.47,0,0,-0.004,0.078,-0.085,2.52,17.47,12.06,63.5,Normal
33:07.8,Подгорица,Tekirdağ,None,0,9.6,0,955.5,4,0.38,0,-1,0.037,0,-0.279,2.52,17.47,12.06,63.5,Normal
33:08.8,Подгорица,Tekirdağ,None,0,11.9,0,1181.5,4,0.31,0,-1,0.04,-0.017,-0.675,2.52,17.47,12.06,63.5,Normal
33:09.7,Подгорица,Tekirdağ,None,0,14.5,0,1457,4,0.74,0,-1,0.026,-0.051,-1.068,2.52,17.47,12.06,63.5,Normal
33:10.7,Подгорица,Tekirdağ,None,0,16.1,0,980.3,6,0.56,0,-1,0.002,0.027,-0.026,2.52,17.47,12.06,63.5,Normal
33:11.7,Подгорица,Tekirdağ,None,0,16.5,0,1011.1,6,0.22,0,-1,0.007,-0.012,-0.207,2.52,17.47,12.06,63.5,Normal
33:12.8,Подгорица,Tekirdağ,None,0,16.5,0,1005.3,6,0,0,-1,-0.015,0.011,0.129,2.52,17.47,12.06,63.5,Normal
33:13.8,Подгорица,Tekirdağ,None,0,15.9,0,969.7,6,0,0,0,-0.029,0.002,0.165,2.52,17.47,12.07,63.5,Normal
33:14.7,Подгорица,Tekirdağ,None,0,15.4,0,935.8,6,0,0,0,-0.019,-0.006,0.161,2.52,17.47,12.07,63.5,Normal
33:15.7,Подгорица,Tekirdağ,None,0,14.8,0,899.9,6,0,0,0,-0.015,0,0.163,2.52,17.47,12.07,63.5,Normal
33:16.8,Подгорица,Tekirdağ,None,0,14.2,0,864.2,6,0,0,1,-0.028,-0.002,0.159,2.52,17.47,12.07,63.5,Normal
33:17.7,Подгорица,Tekirdağ,None,0,13.6,0,815.9,6,0,0,1,-0.193,-0.001,0.168,2.52,17.47,12.07,63.5,Normal
33:18.8,Подгорица,Tekirdağ,None,0,13.2,0,1284.1,4,0.13,0,1,-0.231,-0.004,0.122,2.52,17.47,12.07,63.5,Normal
33:19.7,Подгорица,Tekirdağ,None,0,13.6,0,1344.4,4,0.29,0,1,-0.131,-0.021,-0.334,2.52,17.47,12.07,63.5,Normal
33:20.7,Подгорица,Tekirdağ,None,0,14.9,0,1435.4,4,0.29,0,0,0.174,-0.039,-0.224,2.52,17.47,12.07,63.5,Normal
33:21.8,Подгорица,Tekirdağ,None,0,14.8,0,903.3,6,0.29,0,-1,0.227,0.019,0.082,2.52,17.47,12.07,63.5,Normal
33:22.8,Подгорица,Tekirdağ,None,0,15.3,0,939.5,6,0.28,0,-1,0.378,-0.007,-0.215,2.52,17.47,12.07,63.5,Normal
33:23.8,Подгорица,Tekirdağ,None,0,16.1,0,990.5,6,0.28,0,-1,0.078,0.008,-0.244,2.52,17.47,12.07,63.5,Normal
33:24.8,Подгорица,Tekirdağ,None,0,17.1,0,1055.5,6,0.66,0,0,-0.039,0.008,-0.345,2.52,17.47,12.07,63.4,Normal
33:25.8,Подгорица,Tekirdağ,None,0,19.5,0,1210.5,6,0.66,0,0,-0.027,-0.01,-0.776,2.52,17.47,12.07,63.4,Normal
33:26.8,Подгорица,Tekirdağ,None,0,22.2,0,1373.6,6,0.63,0,0,-0.031,0.003,-0.747,2.52,17.47,12.07,63.4,Normal
33:27.8,Подгорица,Tekirdağ,None,0,23.9,0,1207.3,6,0.56,0,0,-0.031,0.044,-0.081,2.52,17.48,12.07,63.4,Normal
33:28.8,Подгорица,Tekirdağ,None,0,24.2,0,1151.5,7,0.52,0,-1,0.003,-0.08,-0.289,2.52,17.48,12.07,63.4,Normal
33:29.8,Подгорица,Tekirdağ,None,0,25.7,0,1226.8,7,0.53,0,-1,0.002,-0.006,-0.474,2.52,17.48,12.07,63.4,Normal
33:30.8,Подгорица,Tekirdağ,None,0,27.4,0,1306.3,7,0.53,0,-1,0,-0.009,-0.477,2.52,17.48,12.07,63.4,Normal
33:31.8,Подгорица,Tekirdağ,None,0,29.1,0,1385.8,7,0.5,0,-1,-0.001,0.011,-0.445,2.52,17.48,12.07,63.3,Normal
33:32.8,Подгорица,Tekirdağ,None,0,30.1,0,1226.5,7,0.4,0,-1,-0.002,0.07,-0.062,2.52,17.48,12.07,63.3,Normal
33:33.8,Подгорица,Tekirdağ,None,0,30.1,0,1107.6,8,0.32,0,-1,-0.005,0.019,-0.049,2.52,17.48,12.07,63.3,Normal
33:34.8,Подгорица,Tekirdağ,None,0,30.7,0,1129.6,8,0.33,0,-1,0.039,-0.022,-0.193,2.52,17.48,12.07,63.3,Normal
33:35.8,Подгорица,Tekirdağ,None,0,31.4,0,1156.5,8,0.34,0,-1,0.017,-0.011,-0.204,2.52,17.48,12.07,63.3,Normal
33:36.8,Подгорица,Tekirdağ,None,0,32.1,0,1182,8,0.38,0,0,-0.067,-0.138,-0.251,2.52,17.48,12.07,63.3,Normal
33:37.8,Подгорица,Tekirdağ,None,0,32.9,0,1213.5,8,0.39,0,1,-0.02,0.025,-0.237,2.52,17.48,12.07,63.3,Normal
33:38.8,Подгорица,Tekirdağ,None,0,33.8,80,1244.1,8,0.42,0,0,-0.009,0.015,-0.275,2.52,17.48,12.07,63.3,Normal
33:39.8,Подгорица,Tekirdağ,None,0,34.8,80,1281.8,8,0.45,0,0,0,-0.005,-0.296,2.52,17.48,12.07,63.3,Normal
33:40.8,Подгорица,Tekirdağ,None,0,35.8,80,1320.9,8,0.47,0,0,0.028,0.011,-0.309,2.52,17.48,12.07,63.2,Normal
33:41.8,Подгорица,Tekirdağ,None,0,36.9,80,1358.9,8,0.42,0,0,0.047,0.007,-0.277,2.52,17.48,12.07,63.2,Normal
33:42.8,Подгорица,Tekirdağ,None,0,37.9,80,1395.2,8,0.42,0,-1,-0.001,0.005,-0.275,2.52,17.48,12.07,63.2,Normal
33:43.8,Подгорица,Tekirdağ,None,0,38.3,80,1124.1,9,0.4,0,0,-0.02,0.077,-0.001,2.52,17.48,12.07,63.2,Normal
33:44.8,Подгорица,Tekirdağ,None,0,38.4,80,1101.1,9,0.41,0,0,0.014,-0.028,-0.122,2.52,17.48,12.07,63.2,Normal
33:45.8,Подгорица,Tekirdağ,None,0,39,80,1118.6,9,0.4,0,0,-0.001,-0.012,-0.18,2.52,17.48,12.07,63.2,Normal
33:46.8,Подгорица,Tekirdağ,None,0,39.7,80,1138.8,9,0.42,0,-1,0.015,0.026,-0.193,2.52,17.48,12.07,63.2,Normal
33:47.8,Подгорица,Tekirdağ,None,0,40.3,80,1158.8,9,0.41,0,-1,0.006,-0.035,-0.203,2.53,17.49,12.07,63.2,Normal
33:48.8,Подгорица,Tekirdağ,None,0,41,80,1178.6,9,0.41,0,-1,0.002,0.013,-0.197,2.53,17.49,12.07,63.1,Normal
33:49.8,Подгорица,Tekirdağ,None,0,41.8,80,1199.6,9,0.45,0,1,-0.025,-0.028,-0.21,2.53,17.49,12.07,63.1,Normal
33:50.8,Подгорица,Tekirdağ,None,0,42.6,80,1222.9,9,0.47,0,1,-0.016,0.04,-0.234,2.53,17.49,12.07,63.1,Normal
33:51.8,Подгорица,Tekirdağ,None,0,43.4,80,1246.8,9,0.47,0,1,-0.023,0.015,-0.224,2.53,17.49,12.07,63.1,Normal
33:52.8,Подгорица,Tekirdağ,None,0,44.3,80,1271.1,9,0.46,0,1,-0.015,-0.017,-0.231,2.53,17.49,12.07,63.1,Normal
33:53.8,Подгорица,Tekirdağ,None,0,45,80,1292.9,9,0.46,0,1,-0.004,0.009,-0.214,2.53,17.49,12.07,63.1,Normal
33:54.8,Подгорица,Tekirdağ,None,0,45.9,80,1316.9,9,0.48,0,1,-0.004,-0.013,-0.238,2.53,17.49,12.07,63,Normal
33:55.8,Подгорица,Tekirdağ,None,0,46.7,80,1340.3,9,0.47,0,1,0.003,0.018,-0.231,2.53,17.49,12.07,63,Normal
33:56.8,Подгорица,Tekirdağ,None,0,47.5,80,1364.3,9,0.51,0,0,0.031,-0.041,-0.222,2.53,17.5,12.07,63,Normal
33:57.8,Подгорица,Tekirdağ,None,0,48.4,80,1389.9,9,0.57,0,0,0.014,-0.003,-0.247,2.53,17.5,12.07,63,Normal
33:58.8,Подгорица,Tekirdağ,None,0,48.6,80,1079.1,10,0.63,0,0,0.008,-0.007,0.041,2.53,17.5,12.07,63,Normal
33:59.8,Подгорица,Tekirdağ,None,0,48.9,80,1088.9,10,0.72,0,0,0,-0.024,-0.206,2.53,17.5,12.07,63,Normal
34:00.8,Подгорица,Tekirdağ,None,0,49.9,80,1111.9,10,0.84,0,1,-0.005,-0.016,-0.302,2.53,17.5,12.07,62.9,Normal
34:01.8,Подгорица,Tekirdağ,None,0,51.1,80,1138.9,10,0.83,0,1,-0.006,-0.041,-0.338,2.53,17.5,12.07,62.9,Normal
34:02.8,Подгорица,Tekirdağ,None,0,52.2,80,1162.1,10,0.64,0,0,0.007,0.03,-0.277,2.53,17.5,12.07,62.9,Normal
34:03.8,Подгорица,Tekirdağ,None,0,53,80,1180.7,10,0.64,0,1,-0.018,0.031,-0.227,2.53,17.5,12.07,62.9,Normal
34:04.8,Подгорица,Tekirdağ,None,0,53.9,80,1199.5,10,0.6,0,0,0.022,-0.001,-0.235,2.53,17.5,12.07,62.9,Normal
34:05.8,Подгорица,Tekirdağ,None,0,54.7,80,1218,10,0.63,0,0,0.009,0.023,-0.234,2.53,17.5,12.07,62.8,Normal
34:06.8,Подгорица,Tekirdağ,None,0,55.6,80,1237.4,10,0.89,0,0,0.002,-0.01,-0.241,2.53,17.5,12.07,62.8,Normal
34:07.8,Подгорица,Tekirdağ,None,0,56.6,80,1261.8,10,0.82,0,0,0.009,0.006,-0.314,2.53,17.51,12.07,62.8,Normal
34:08.8,Подгорица,Tekirdağ,None,0,57.7,80,1286.1,10,0.81,0,0,-0.002,-0.036,-0.303,2.53,17.51,12.07,62.8,Normal
34:09.8,Подгорица,Tekirdağ,None,0,58.9,80,1310.8,10,0.8,0,-1,-0.004,-0.001,-0.304,2.53,17.51,12.07,62.7,Normal
34:10.8,Подгорица,Tekirdağ,None,0,59.9,80,1334,10,0.79,0,-1,0.042,0.003,-0.298,2.53,17.51,12.07,62.7,Normal
34:11.8,Подгорица,Tekirdağ,None,0,61,80,1359,10,0.8,0,-1,0.003,0.046,-0.309,2.53,17.51,12.07,62.7,Normal
34:12.8,Подгорица,Tekirdağ,None,0,62.1,80,1383.3,10,0.8,0,-1,0.021,0.006,-0.319,2.53,17.51,12.07,62.6,Normal
34:13.8,Подгорица,Tekirdağ,None,0,63.3,80,1410.3,10,0.81,0,-1,-0.015,0.019,-0.34,2.53,17.52,12.07,62.6,Normal
34:14.8,Подгорица,Tekirdağ,None,0,64.3,80,1292.7,10,0.81,0,-1,0.056,0.127,-0.109,2.53,17.52,12.07,62.6,Normal
34:15.8,Подгорица,Tekirdağ,None,0,64.3,80,1155.5,11,0.8,0,-1,-0.018,-0.079,-0.078,2.53,17.52,12.07,62.6,Normal
34:16.8,Подгорица,Tekirdağ,None,0,65.2,80,1171.2,11,0.8,0,-1,-0.005,-0.057,-0.273,2.53,17.52,12.07,62.6,Normal
34:17.8,Подгорица,Tekirdağ,None,0,66.3,80,1190.8,11,0.8,0,0,-0.028,0.007,-0.303,2.53,17.52,12.07,62.5,Normal
34:18.8,Подгорица,Tekirdağ,None,0,67.3,80,1209.2,11,0.8,0,-1,-0.005,0.061,-0.284,2.53,17.52,12.07,62.5,Normal
34:19.8,Подгорица,Tekirdağ,None,0,68.3,80,1227.4,11,0.85,0,0,-0.028,0.083,-0.288,2.53,17.52,12.07,62.5,Normal
34:20.8,Подгорица,Tekirdağ,None,0,69.4,80,1246.7,11,0.86,0,0,-0.007,0.119,-0.31,2.53,17.52,12.07,62.5,Normal
34:21.8,Подгорица,Tekirdağ,None,0,70.4,80,1264.9,11,0.82,0,0,0.011,0.009,-0.271,2.53,17.52,12.07,62.4,Normal
34:22.8,Подгорица,Tekirdağ,None,0,71.3,80,1281.6,11,0.79,0,0,0.001,-0.022,-0.261,2.53,17.53,12.07,62.4,Normal
34:23.8,Подгорица,Tekirdağ,None,0,72.2,80,1297.4,11,0.79,0,0,0.011,0.022,-0.247,2.53,17.53,12.07,62.4,Normal
34:24.8,Подгорица,Tekirdağ,None,0,73,80,1308.5,11,0,0,0,0.014,-0.042,-0.202,2.53,17.53,12.07,62.4,Normal
34:25.8,Подгорица,Tekirdağ,None,0,73,70,1305.5,11,0,0,0,0.001,0.005,0.099,2.53,17.53,12.07,62.4,Normal
34:26.8,Подгорица,Tekirdağ,None,0,72.6,70,1298.7,11,0,0,1,-0.025,-0.025,0.1,2.53,17.53,12.07,62.4,Normal
34:27.8,Подгорица,Tekirdağ,None,0,72.1,70,1290.7,11,0,0,0,0.005,0.091,0.116,2.53,17.53,12.07,62.4,Normal
34:28.8,Подгорица,Tekirdağ,None,0,71.7,70,1283.7,11,0,0,0,0.038,0.062,0.118,2.53,17.53,12.07,62.4,Normal
34:29.8,Подгорица,Tekirdağ,None,0,71.3,70,1276.4,11,0,0,0,0.007,0.017,0.123,2.53,17.53,12.07,62.4,Normal
34:30.8,Подгорица,Tekirdağ,None,0,70.9,70,1268.9,11,0,0,1,-0.028,0.093,0.103,2.53,17.54,12.07,62.4,Normal
34:31.8,Подгорица,Tekirdağ,None,0,70.5,70,1261.7,11,0,0,1,-0.017,-0.029,0.121,2.53,17.54,12.07,62.4,Normal
34:32.8,Подгорица,Tekirdağ,None,0,70.1,70,1254.3,11,0,0,1,-0.042,-0.029,0.109,2.53,17.54,12.07,62.4,Normal
34:33.8,Подгорица,Tekirdağ,None,0,69.7,70,1246.3,11,0,0,1,-0.05,0.173,0.121,2.53,17.54,12.07,62.4,Normal
34:34.8,Подгорица,Tekirdağ,None,0,69.2,90,1238.7,11,0,0,1,-0.039,0.034,0.12,2.53,17.54,12.07,62.4,Normal
34:35.8,Подгорица,Tekirdağ,None,0,69,90,1236.4,11,0.35,0,1,0.058,-0.021,0.006,2.53,17.55,12.07,62.3,Normal
34:36.8,Подгорица,Tekirdağ,None,0,68.9,90,1233.5,11,0,0,1,-0.059,0.032,0.064,2.53,17.55,12.07,62.3,Normal
34:37.8,Подгорица,Tekirdağ,None,0,68.8,90,1231,11,0,0,1,0.008,0.014,0.031,2.53,17.55,12.07,62.3,Normal
34:38.8,Подгорица,Tekirdağ,None,0,68.8,90,1232.1,11,0,0,1,0.003,0.025,-0.06,2.53,17.55,12.07,62.3,Normal
34:39.8,Подгорица,Tekirdağ,None,0,69.1,90,1237.3,11,0,0,1,0.008,0.053,-0.122,2.53,17.55,12.07,62.3,Normal
34:40.8,Подгорица,Tekirdağ,None,0,69.7,90,1248.7,11,0.05,0,1,0.016,-0.137,-0.201,2.53,17.55,12.07,62.3,Normal
34:41.8,Подгорица,Tekirdağ,None,0,70.8,90,1270.7,11,0.25,0,1,0.032,0.113,-0.395,2.53,17.55,12.07,62.3,Normal
34:42.8,Подгорица,Tekirdağ,None,0,72.4,90,1299.5,11,0.26,0,1,0.037,-0.02,-0.459,2.53,17.55,12.07,62.3,Normal
34:43.8,Подгорица,Tekirdağ,None,0,74.1,90,1328.7,11,0.12,0,0,0.034,0.02,-0.467,2.53,17.56,12.07,62.3,Normal
34:44.8,Подгорица,Tekirdağ,None,0,75.8,90,1358.4,11,0.02,0,1,-0.025,-0.009,-0.466,2.53,17.56,12.07,62.3,Normal
34:45.8,Подгорица,Tekirdağ,None,0,77.5,90,1076.4,12,0.2,0,1,0.017,-0.057,-0.468,2.53,17.56,12.07,62.3,Normal
34:46.8,Подгорица,Tekirdağ,None,0,79.2,90,1101.7,12,0.32,0,1,-0.005,-0.156,-0.519,2.53,17.56,12.07,62.3,Normal
34:47.8,Подгорица,Tekirdağ,None,0,81.1,90,1127.7,12,0.36,0,0,0.04,-0.15,-0.509,2.53,17.56,12.07,62.3,Normal
34:48.8,Подгорица,Tekirdağ,None,0,82.8,90,1151.5,12,0.35,0,0,0.021,-0.054,-0.446,2.53,17.56,12.07,62.3,Normal
34:49.8,Подгорица,Tekirdağ,None,0,84.2,90,1169.8,12,0.33,0,0,0.033,0.103,-0.342,2.53,17.56,12.07,62.3,Normal
34:50.8,Подгорица,Tekirdağ,None,0,85.5,90,1188.2,12,0.32,0,0,0.028,-0.024,-0.356,2.53,17.57,12.07,62.3,Normal
34:51.8,Подгорица,Tekirdağ,None,0,86.8,90,1206.3,12,0.35,0,0,-0.004,0.185,-0.374,2.53,17.57,12.07,62.3,Normal
34:52.8,Подгорица,Tekirdağ,None,0,88.1,90,1224.2,12,0.33,0,0,0.016,0.012,-0.369,2.53,17.57,12.07,62.2,Normal
34:53.8,Подгорица,Tekirdağ,None,0,89.4,90,1241.9,12,0.34,0,-1,0.008,0.03,-0.357,2.53,17.57,12.07,62.2,Normal
34:54.8,Подгорица,Tekirdağ,None,0,90.7,90,1260.4,12,0.39,0,0,-0.017,0.071,-0.389,2.53,17.57,12.07,62.2,Normal
34:55.8,Подгорица,Tekirdağ,None,0,92,90,1279.5,12,0.46,0,1,0.015,0.078,-0.403,2.53,17.58,12.07,62.2,Normal
34:56.8,Подгорица,Tekirdağ,None,0,93.4,90,1298.7,12,0.4,0,0,0.008,0.08,-0.395,2.53,17.58,12.07,62.2,Normal
34:57.8,Подгорица,Tekirdağ,None,0,94.7,90,1316.7,12,0.37,0,0,0.006,-0.107,-0.375,2.54,17.58,12.07,62.2,Normal
34:58.8,Подгорица,Tekirdağ,None,0,96.1,90,1335.3,12,0.39,0,0,0.023,-0.13,-0.376,2.54,17.58,12.07,62.2,Speeding
34:59.8,Подгорица,Tekirdağ,None,0,97.4,90,1353.6,12,0.38,0,0,0.047,0.089,-0.359,2.54,17.58,12.07,62.1,Speeding
35:00.8,Подгорица,Tekirdağ,None,0,98.4,90,1365.1,12,0,0.12,0,-0.001,-0.066,-0.243,2.54,17.58,12.07,62.1,Speeding
35:01.8,Подгорица,Tekirdağ,None,0,98.1,90,1360.1,12,0,0.13,0,-0.027,0,0.04,2.54,17.59,12.07,62.1,Speeding
35:02.8,Подгорица,Tekirdağ,None,0,97.4,90,1349.9,12,0,0.24,-1,-0.016,0.018,0.346,2.54,17.59,12.07,62.1,Speeding
35:03.8,Подгорица,Tekirdağ,None,0,96,90,1329.6,12,0,0.21,-1,-0.036,-0.151,0.396,2.54,17.59,12.07,62.1,Speeding
35:04.8,Подгорица,Tekirdağ,None,0,94.8,90,1314.3,12,0,0.17,-1,0.022,-0.02,0.264,2.54,17.59,12.07,62.1,Normal
35:05.8,Подгорица,Tekirdağ,None,0,95.1,90,1319.4,12,0,0,-1,0.047,-0.143,-0.316,2.54,17.59,12.07,62.1,Speeding
35:06.8,Подгорица,Tekirdağ,None,0,96.3,90,1337,12,0,0,-1,-0.037,0.018,-0.363,2.54,17.59,12.07,62.1,Speeding
35:07.8,Подгорица,Tekirdağ,None,0,97.6,90,1354.8,12,0,0,-1,-0.003,0.069,-0.333,2.54,17.6,12.07,62.1,Speeding
35:08.8,Подгорица,Tekirdağ,None,0,98.7,90,1369.1,12,0,0,-1,0.039,0.05,-0.266,2.54,17.6,12.07,62.1,Speeding
35:09.8,Подгорица,Tekirdağ,None,0,99.4,90,1379.6,12,0,0,-1,-0.065,-0.034,-0.182,2.54,17.6,12.07,62.1,Speeding
35:10.8,Подгорица,Tekirdağ,None,0,99.9,90,1385.4,12,0,0,1,-0.071,0.011,-0.089,2.54,17.6,12.07,62.1,Speeding
35:11.8,Подгорица,Tekirdağ,None,0,100.2,90,1389.9,12,0,0,1,-0.034,0.083,-0.089,2.54,17.61,12.07,62.1,Speeding
35:12.8,Подгорица,Tekirdağ,None,0,100.3,90,1389.3,12,0,0.36,-1,0.043,-0.085,0.221,2.54,17.61,12.07,62.1,Speeding
35:13.8,Подгорица,Tekirdağ,None,0,97.2,90,1345.1,12,0,0.29,0,-0.022,-0.137,0.864,2.54,17.61,12.07,62.1,Speeding
35:14.8,Подгорица,Tekirdağ,None,0,94.8,90,1313.8,12,0,0.18,1,-0.02,-0.045,0.536,2.54,17.61,12.07,62.1,Normal
35:15.8,Подгорица,Tekirdağ,None,0,93.1,90,1289.7,12,0,0.15,-1,0.061,-0.197,0.406,2.54,17.61,12.07,62.1,Normal
35:16.8,Подгорица,Tekirdağ,None,0,92.5,90,1283,12,0,0,0,0.003,-0.071,-0.045,2.54,17.62,12.07,62.1,Normal
35:17.8,Подгорица,Tekirdağ,None,0,92.8,90,1287,12,0,0,0,0.024,-0.067,-0.071,2.54,17.62,12.07,62.1,Normal
35:18.8,Подгорица,Tekirdağ,None,0,92.4,90,1280.1,12,0,0,0,0.004,-0.143,0.223,2.54,17.62,12.07,62.1,Normal
35:19.8,Подгорица,Tekirdağ,None,0,91.5,90,1267.5,12,0,0,0,-0.024,0.023,0.235,2.54,17.62,12.07,62.1,Normal
35:20.8,Подгорица,Tekirdağ,None,0,90.5,90,1255,12,0,0,0,0.026,-0.237,0.184,2.54,17.62,12.07,62.1,Normal
35:21.8,Подгорица,Tekirdağ,None,0,90.1,90,1249.4,12,0,0,-1,0.003,-0.027,0.102,2.54,17.62,12.07,62.1,Normal
35:22.8,Подгорица,Tekirdağ,None,0,90.1,90,1249.5,12,0,0,-1,0.004,-0.001,-0.019,2.54,17.62,12.07,62.1,Normal
35:23.8,Подгорица,Tekirdağ,None,0,90.2,90,1250.5,12,0,0,-1,0.03,-0.034,-0.02,2.54,17.63,12.07,62.1,Normal
35:24.8,Подгорица,Tekirdağ,None,0,90.2,90,1251.7,12,0,0,-1,0.068,-0.035,-0.037,2.54,17.63,12.07,62.1,Normal
35:25.8,Подгорица,Tekirdağ,None,0,90.3,90,1252.3,12,0,0,-1,0.043,0.078,-0.007,2.54,17.63,12.07,62.1,Normal
35:26.8,Подгорица,Tekirdağ,None,0,90.3,90,1251.8,12,0,0,-1,-0.003,-0.028,0.02,2.54,17.63,12.07,62.1,Normal
35:27.8,Подгорица,Tekirdağ,None,0,90.1,90,1249.9,12,0,0,-1,-0.054,0.018,0.063,2.54,17.64,12.07,62.1,Normal
35:28.8,Подгорица,Tekirdağ,None,0,90.1,90,1249.7,12,0,0,-1,0.01,-0.102,0.017,2.54,17.64,12.07,62.1,Normal
35:29.8,Подгорица,Tekirdağ,None,0,90,90,1249.1,12,0,0,-1,-0.022,-0.031,0.032,2.54,17.64,12.07,62.1,Normal
35:30.8,Подгорица,Tekirdağ,None,0,89.9,90,1248,12,0,0,0,-0.046,0.085,0.04,2.54,17.64,12.07,62.1,Normal
35:31.8,Подгорица,Tekirdağ,None,0,89.8,90,1247.6,12,0,0,0,-0.023,-0.061,0.012,2.54,17.64,12.07,62.1,Normal
35:32.8,Подгорица,Tekirdağ,None,0,89.9,90,1248.5,12,0,0,0,-0.023,0.011,-0.017,2.54,17.64,12.07,62.1,Normal
35:33.8,Подгорица,Tekirdağ,None,0,90,90,1250.1,12,0,0,-1,0.021,-0.101,-0.015,2.54,17.65,12.07,62.1,Normal
35:34.8,Подгорица,Tekirdağ,None,0,90,90,1251,12,0,0,-1,0.003,-0.056,-0.018,2.54,17.65,12.07,62.1,Normal
35:35.8,Подгорица,Tekirdağ,None,0,90.1,90,1251.5,12,0,0,-1,0.019,0.028,-0.01,2.54,17.65,12.07,62.1,Normal
35:36.8,Подгорица,Tekirdağ,None,0,90.1,90,1251.3,12,0,0,-1,0.066,0.051,0.022,2.54,17.65,12.07,62,Normal
35:37.8,Подгорица,Tekirdağ,None,0,90.1,90,1251.5,12,0,0,1,-0.154,-0.21,-0.004,2.54,17.65,12.07,62,Normal
35:38.8,Подгорица,Tekirdağ,None,0,90.1,90,1251.5,12,0,0,-1,0.111,-0.207,0.003,2.54,17.65,12.07,62,Normal
35:39.8,Подгорица,Tekirdağ,None,0,90.1,90,1251.4,12,0,0,0,-0.023,-0.005,-0.001,2.54,17.65,12.07,62,Normal
35:40.8,Подгорица,Tekirdağ,None,0,90.1,90,1251.3,12,0,0,0,-0.016,-0.005,0.005,2.54,17.66,12.07,62,Normal
35:41.8,Подгорица,Tekirdağ,None,0,90.1,90,1251.4,12,0,0,-1,0.012,0.036,0.002,2.54,17.66,12.07,62,Normal
35:42.8,Подгорица,Tekirdağ,None,0,90.1,90,1251.4,12,0,0,0,-0.048,0.102,-0.011,2.54,17.66,12.07,62,Normal
35:43.8,Подгорица,Tekirdağ,None,0,90.1,90,1251.3,12,0,0,0,0.028,0.011,0.003,2.54,17.66,12.07,62,Normal
35:44.8,Подгорица,Tekirdağ,None,0,90.1,90,1251.3,12,0,0,0,0.004,0.032,0,2.55,17.67,12.07,62,Normal
35:45.8,Подгорица,Tekirdağ,None,0,90.1,90,1251.4,12,0,0,0,0.004,-0.043,-0.009,2.55,17.67,12.07,61.9,Normal
35:46.8,Подгорица,Tekirdağ,None,0,90.1,90,1251.1,12,0,0,-1,0.187,-0.044,0.002,2.55,17.67,12.07,61.9,Normal
35:47.8,Подгорица,Tekirdağ,None,0,90.1,90,1251.4,12,0,0,0,-0.042,-0.027,-0.003,2.55,17.67,12.07,61.9,Normal
35:48.8,Подгорица,Tekirdağ,None,0,90.1,90,1251.1,12,0,0,0,0,0.157,0.015,2.55,17.67,12.08,61.9,Normal
35:49.8,Подгорица,Tekirdağ,None,0,90.1,90,1251.6,12,0,0,0,-0.004,-0.053,-0.013,2.55,17.67,12.08,61.9,Normal
35:50.8,Подгорица,Tekirdağ,None,0,90.1,90,1251.3,12,0,0,0,-0.002,0.217,-0.002,2.55,17.68,12.08,61.9,Normal
35:51.8,Подгорица,Tekirdağ,None,0,90.1,90,1251.1,12,0,0,-1,0.088,-0.004,0.007,2.55,17.68,12.08,61.9,Normal
35:52.8,Подгорица,Tekirdağ,None,0,90,90,1250.5,12,0,0,-1,-0.008,-0.042,0.058,2.55,17.68,12.08,61.9,Normal
35:53.8,Подгорица,Tekirdağ,None,0,89.7,90,1247,12,0,0,-1,0.064,0.029,0.121,2.55,17.68,12.08,61.8,Normal
35:54.8,Подгорица,Tekirdağ,None,0,89.3,90,1242.4,12,0,0,-1,-0.094,-0.089,0.124,2.55,17.68,12.08,61.8,Normal
35:55.8,Подгорица,Tekirdağ,None,0,88.7,90,1235.1,12,0,0,-1,-0.019,0.141,0.154,2.55,17.68,12.08,61.8,Normal
35:56.8,Подгорица,Tekirdağ,None,0,88.1,90,1225.7,12,0,0,-1,0.019,-0.069,0.19,2.55,17.69,12.08,61.7,Normal
35:57.8,Подгорица,Tekirdağ,None,0,87.4,90,1216.1,12,0,0,0,-0.024,0.129,0.186,2.55,17.69,12.08,61.7,Normal
35:58.8,Подгорица,Tekirdağ,None,0,86.6,90,1204.5,12,0,0,-1,-0.014,-0.012,0.269,2.55,17.69,12.08,61.7,Normal
35:59.8,Подгорица,Tekirdağ,None,0,85.6,90,1190.6,12,0,0,0,-0.037,-0.12,0.294,2.55,17.69,12.08,61.7,Normal
36:00.8,Подгорица,Tekirdağ,None,0,84.5,90,1176,12,0,0,0,-0.051,-0.021,0.298,2.55,17.69,12.08,61.6,Normal
36:01.8,Подгорица,Tekirdağ,None,0,83.5,90,1162.5,12,0.46,0,0,-0.016,-0.019,0.255,2.55,17.7,12.08,61.6,Normal
36:02.8,Подгорица,Tekirdağ,None,0,82.7,90,1151.2,12,0.81,0,0,0.003,-0.012,0.196,2.55,17.7,12.08,61.6,Normal
36:03.8,Подгорица,Tekirdağ,None,0,82.3,90,1145.4,12,0.96,0,0,-0.027,-0.057,0.086,2.55,17.7,12.08,61.5,Normal
36:04.8,Подгорица,Tekirdağ,None,0,82.2,90,1145.2,12,0.86,0,0,-0.01,-0.085,-0.048,2.55,17.7,12.08,61.5,Normal
36:05.8,Подгорица,Tekirdağ,None,0,82.8,90,1152.7,12,0.84,0,0,-0.015,0.024,-0.215,2.55,17.7,12.08,61.5,Normal
36:06.8,Подгорица,Tekirdağ,None,0,83.8,90,1167.8,12,0.84,0,0,0.002,-0.062,-0.327,2.55,17.7,12.08,61.5,Normal
36:07.8,Подгорица,Tekirdağ,None,0,85.1,90,1185,12,0.81,0,0,-0.013,-0.266,-0.328,2.55,17.7,12.08,61.4,Normal
36:08.8,Подгорица,Tekirdağ,None,0,86.2,90,1201.5,12,0.67,0,0,0.021,0.028,-0.328,2.55,17.71,12.08,61.4,Normal
36:09.8,Подгорица,Tekirdağ,None,0,87.4,90,1217.2,12,0,0,0,0.004,-0.023,-0.333,2.55,17.71,12.08,61.4,Normal
36:10.8,Подгорица,Tekirdağ,None,0,88.5,90,1233.2,12,0,0,-1,0.049,-0.005,-0.319,2.55,17.71,12.08,61.3,Normal
36:11.8,Подгорица,Tekirdağ,None,0,89.6,90,1245.7,12,0,0,1,-0.025,0.087,-0.251,2.55,17.71,12.08,61.3,Normal
36:12.8,Подгорица,Tekirdağ,None,0,90.2,90,1251.4,12,0,0,1,-0.012,0.141,-0.108,2.55,17.71,12.08,61.3,Normal
36:13.8,Подгорица,Tekirdağ,None,0,90.3,90,1253.2,12,0,0,1,-0.111,0.031,-0.045,2.55,17.71,12.08,61.3,Normal
36:14.8,Подгорица,Tekirdağ,None,0,90.4,90,1253.8,12,0,0,-1,0.156,0.003,-0.015,2.55,17.72,12.08,61.3,Normal
36:15.8,Подгорица,Tekirdağ,None,0,90.5,90,1255,12,0,0,1,-0.148,-0.026,-0.02,2.55,17.72,12.08,61.3,Normal
36:16.8,Подгорица,Tekirdağ,None,0,90.5,90,1255.6,12,0,0,1,0.006,0.053,0.009,2.55,17.72,12.08,61.3,Normal
36:17.8,Подгорица,Tekirdağ,None,0,90.6,90,1256.2,12,0,0,1,0.027,-0.106,-0.004,2.55,17.72,12.08,61.3,Normal
36:18.8,Подгорица,Tekirdağ,None,0,90.6,90,1255.9,12,0,0,1,0.03,0.138,0.016,2.55,17.73,12.08,61.3,Normal
36:19.8,Подгорица,Tekirdağ,None,0,90.4,90,1253.9,12,0,0,0,0.021,0.104,0.064,2.55,17.73,12.08,61.3,Normal
36:20.8,Подгорица,Tekirdağ,None,0,90.2,90,1251.3,12,0,0,-1,0.084,-0.01,0.079,2.55,17.73,12.08,61.3,Normal
36:21.8,Подгорица,Tekirdağ,None,0,90,90,1249.3,12,0,0,0,-0.013,-0.117,0.039,2.55,17.73,12.08,61.3,Normal
36:22.8,Подгорица,Tekirdağ,None,0,89.9,90,1249.3,12,0,0,0,-0.037,-0.063,-0.003,2.55,17.73,12.08,61.3,Normal
36:23.8,Подгорица,Tekirdağ,None,0,90,90,1250.2,12,0,0,1,-0.017,0.101,-0.016,2.55,17.73,12.08,61.3,Normal
36:24.8,Подгорица,Tekirdağ,None,0,90.1,90,1251.2,12,0,0,1,-0.002,0.091,-0.019,2.55,17.73,12.08,61.3,Normal
36:25.8,Подгорица,Tekirdağ,None,0,90.1,90,1251.5,12,0,0,0,0.014,0.096,-0.022,2.55,17.74,12.08,61.3,Normal
36:26.8,Подгорица,Tekirdağ,None,0,90.1,90,1251.3,12,0,0,1,-0.009,0.006,0.01,2.55,17.74,12.08,61.2,Normal
36:27.8,Подгорица,Tekirdağ,None,0,90.1,90,1251.3,12,0,0,0,0.033,-0.098,0.013,2.55,17.74,12.08,61.2,Normal
36:28.8,Подгорица,Tekirdağ,None,0,90.1,90,1251.3,12,0,0,1,0.016,-0.077,0.002,2.55,17.74,12.08,61.2,Normal
36:29.8,Подгорица,Tekirdağ,None,0,90.1,90,1251.5,12,0,0,0,0.02,0.049,-0.009,2.55,17.75,12.08,61.2,Normal
36:30.8,Подгорица,Tekirdağ,None,0,90.1,90,1251.1,12,0,0,0,0.016,0.08,0.006,2.55,17.75,12.08,61.2,Normal
36:31.8,Подгорица,Tekirdağ,None,0,90.1,90,1249.4,12,0,0,0,0.013,0.094,0.009,2.55,17.75,12.08,61.2,Normal
36:32.8,Подгорица,Tekirdağ,None,0,89.8,90,1244.8,12,0,0,1,-0.081,-0.032,0.112,2.55,17.75,12.08,61.2,Normal
36:33.8,Подгорица,Tekirdağ,None,0,89.3,90,1237.1,12,0,0,0,0.026,0.108,0.209,2.55,17.75,12.08,61.2,Normal
36:34.8,Подгорица,Tekirdağ,None,0,88.2,90,1222,12,0,0,-1,0.064,0.008,0.344,2.55,17.75,12.08,61.2,Normal
36:35.8,Подгорица,Tekirdağ,None,0,87.1,90,1206.3,12,0,0,1,-0.06,-0.017,0.326,2.56,17.76,12.08,61.2,Normal
36:36.8,Подгорица,Tekirdağ,None,0,85.9,90,1190.4,12,0,0,1,-0.011,-0.023,0.303,2.56,17.76,12.08,61.2,Normal
36:37.8,Подгорица,Tekirdağ,None,0,84.7,90,1174.3,12,0,0,1,-0.051,-0.006,0.319,2.56,17.76,12.08,61.2,Normal
36:38.8,Подгорица,Tekirdağ,None,0,82.8,90,1145.4,12,0,0.25,1,-0.016,0,0.857,2.56,17.76,12.08,61.2,Normal
36:39.8,Подгорица,Tekirdağ,None,0,79.2,90,1094.8,12,0,0.2,0,0.059,-0.224,1.026,2.56,17.76,12.08,61.2,Normal
36:40.8,Подгорица,Tekirdağ,None,0,75.5,90,1043.7,12,0,0.29,0,0.017,0.052,1.061,2.56,17.76,12.08,61.2,Normal
36:41.8,Подгорица,Tekirdağ,None,0,71.9,70,996.3,12,0,0,1,-0.056,-0.125,0.619,2.56,17.76,12.08,61.2,Normal
36:42.8,Подгорица,Tekirdağ,None,0,70.8,70,1069.2,12,0,0,0,0.031,0.003,0.155,2.56,17.77,12.08,61.2,Normal
36:43.8,Подгорица,Tekirdağ,None,0,70.5,70,1260.8,11,0,0,0,0.017,-0.02,0.1,2.56,17.77,12.08,61.2,Normal
36:44.8,Подгорица,Tekirdağ,None,0,70.1,70,1253.5,11,0,0,1,-0.023,-0.001,0.129,2.56,17.77,12.08,61.2,Normal
36:45.8,Подгорица,Tekirdağ,None,0,69.7,70,1246.3,11,0,0,1,-0.007,0.054,0.112,2.56,17.77,12.08,61.2,Normal
36:46.8,Подгорица,Tekirdağ,None,0,69.3,70,1239.2,11,0,0,1,-0.002,0.056,0.109,2.56,17.77,12.08,61.2,Normal
36:47.8,Подгорица,Tekirdağ,None,0,68.8,50,1231.7,11,0,0,1,-0.021,0.052,0.101,2.56,17.77,12.08,61.2,Speeding
36:48.8,Подгорица,Tekirdağ,None,0,68.4,50,1224.6,11,0,0,1,-0.025,0.045,0.101,2.56,17.78,12.08,61.2,Speeding
36:49.8,Подгорица,Tekirdağ,None,0,68,50,1217.2,11,0,0,0,0.049,-0.08,0.114,2.56,17.78,12.08,61.2,Speeding
36:50.8,Подгорица,Tekirdağ,None,0,67.6,50,1209.4,11,0,0.08,1,0.01,-0.035,0.109,2.56,17.78,12.08,61.2,Speeding
36:51.8,Подгорица,Tekirdağ,None,0,65.4,50,1167,11,0,0.35,1,0.01,0.016,1.038,2.56,17.78,12.08,61.2,Speeding
36:52.8,Подгорица,Tekirdağ,None,0,60.8,50,1083.8,11,0,0.42,0,-0.013,0.011,1.356,2.56,17.78,12.08,61.2,Speeding
36:53.8,Подгорица,Tekirdağ,None,0,56.1,90,998.8,11,0,0.41,-1,0.07,0.015,1.352,2.56,17.78,12.08,61.2,Normal
36:54.8,Подгорица,Tekirdağ,None,0,51.3,50,1123.4,11,0,0.39,-1,-0.019,-0.025,1.233,2.56,17.78,12.08,61.2,Normal
36:55.8,Подгорица,Tekirdağ,None,0,47,50,1037.3,10,0,0.25,-1,0.036,-0.075,1.165,2.56,17.78,12.08,61.2,Normal
36:56.8,Подгорица,Tekirdağ,None,0,45.3,50,1004.1,10,0,0,0,-0.017,-0.014,0.166,2.56,17.78,12.08,61.2,Normal
36:57.8,Подгорица,Tekirdağ,None,0,44.9,50,995.3,10,0,0,-1,0.042,-0.001,0.104,2.56,17.78,12.08,61.2,Normal
36:58.8,Подгорица,Tekirdağ,None,0,44.5,50,986.7,10,0,0,0,-0.02,0.025,0.105,2.56,17.78,12.08,61.2,Normal
36:59.8,Подгорица,Tekirdağ,None,0,43.8,30,968.7,10,0,0.19,0,-0.015,0.031,0.457,2.56,17.78,12.08,61.2,Speeding
37:00.8,Подгорица,Tekirdağ,None,0,42.2,30,1065,10,0,0,-1,0.043,-0.002,0.208,2.56,17.78,12.08,61.2,Speeding
37:01.8,Подгорица,Tekirdağ,None,0,41.7,30,1192.1,9,0,0.11,-1,0.105,-0.008,0.147,2.56,17.78,12.08,61.2,Speeding
37:02.8,Подгорица,Tekirdağ,None,0,38.6,30,1095.4,9,0,0.46,0,-0.128,0.09,1.466,2.56,17.78,12.08,61.2,Speeding
37:03.8,Подгорица,Tekirdağ,None,0,33.2,30,947.7,9,0,0,0,-0.05,-0.016,1.16,2.56,17.78,12.08,61.2,Normal
37:04.8,Подгорица,Tekirdağ,None,0,31.9,30,941.3,9,0,0,1,-0.15,-0.024,0.163,2.56,17.78,12.08,61.2,Normal
37:05.9,Подгорица,Tekirdağ,None,0,31.6,30,1159.4,8,0,0,1,-0.085,-0.015,0.087,2.56,17.78,12.08,61.2,Normal
37:06.8,Подгорица,Tekirdağ,None,0,31.2,30,1143.8,8,0,0,1,0.035,0,0.128,2.56,17.78,12.08,61.2,Normal
37:07.9,Подгорица,Tekirdağ,None,0,30.7,30,1126.7,8,0,0,1,0.015,-0.023,0.132,2.56,17.79,12.08,61.2,Normal
37:08.8,Подгорица,Tekirdağ,None,0,30.3,30,1109.5,8,0,0,0,0.042,-0.005,0.13,2.56,17.79,12.08,61.2,Normal
37:09.8,Подгорица,Tekirdağ,None,0,29.8,30,1092.7,8,0,0,-1,0.039,0.063,0.124,2.56,17.79,12.08,61.2,Normal
37:10.8,Подгорица,Tekirdağ,None,0,29.3,30,1075.5,8,0,0,-1,0.023,-0.039,0.113,2.56,17.79,12.08,61.2,Normal
37:11.8,Подгорица,Tekirdağ,None,0,28.9,30,1059,8,0,0,1,-0.023,-0.002,0.114,2.56,17.79,12.08,61.2,Normal
37:12.9,Подгорица,Tekirdağ,None,0,28.4,30,1042,8,0,0,0,0.021,-0.012,0.119,2.56,17.79,12.08,61.2,Normal
37:13.9,Подгорица,Tekirdağ,None,0,27.7,30,1014.8,8,0,0.1,1,-0.002,0.01,0.313,2.56,17.79,12.08,61.2,Normal
37:14.9,Подгорица,Tekirdağ,None,0,25.9,30,945,8,0,0.19,1,0.001,-0.406,0.731,2.56,17.79,12.08,61.2,Normal
37:15.8,Подгорица,Tekirdağ,None,0,22.8,30,1154.8,8,0,0.21,0,0.001,-0.034,0.836,2.56,17.79,12.08,61.2,Normal
37:16.8,Подгорица,Tekirdağ,None,0,19.5,8,1175,6,0,0.29,0,0.005,0.116,1.217,2.56,17.79,12.08,61.2,Speeding
37:17.8,Подгорица,Tekirdağ,None,0,14.5,8,871.3,6,0,0.33,0,0.001,-0.042,1.48,2.56,17.79,12.08,61.2,Speeding
37:18.8,Подгорица,Tekirdağ,None,0,9.4,8,908.2,4,0,0.39,0,0.004,-0.019,1.38,2.56,17.79,12.08,61.2,Normal
37:19.8,Подгорица,Tekirdağ,None,0,4.4,8,907,4,0,0.39,0,-0.005,-0.02,1.426,2.56,17.79,12.08,61.2,Normal
37:20.9,Подгорица,Tekirdağ,None,0,0,8,550,1,0,0.1,0,-0.003,0.11,0.602,2.56,17.79,12.08,61.2,Normal
37:21.8,Подгорица,Tekirdağ,None,0,0,8,550,0,0,0,0,0.001,0.008,-0.114,2.56,17.79,12.08,61.2,Normal
37:22.8,Подгорица,Tekirdağ,None,0,0,8,550,0,0,0,0,-0.003,-0.006,0,2.56,17.79,12.08,61.2,Normal
37:23.8,Подгорица,Tekirdağ,None,0,0,8,550,0,0,0,0,0,-0.001,0,2.56,17.79,12.08,61.2,Normal
37:24.8,Подгорица,Tekirdağ,None,0,0,8,550,1,0,0,0,0,-0.004,0.006,2.56,17.79,12.08,61.2,Normal
37:25.8,Подгорица,Tekirdağ,None,0,0,8,550,1,0,0,0,-0.002,-0.004,0,2.56,17.79,12.08,61.2,Normal
37:26.8,Подгорица,Tekirdağ,None,0,-0.2,8,717.9,1,0.1,0,0,0.001,-0.001,0.051,2.56,17.79,12.08,61.2,Normal
37:27.8,Подгорица,Tekirdağ,None,0,0,8,680.1,1,0.19,0,0,-0.001,0.036,-0.058,2.56,17.79,12.08,61.2,Normal
37:28.8,Подгорица,Tekirdağ,None,0,1.6,8,699.6,1,0.36,0,0,-0.002,-0.008,-0.725,2.56,17.79,12.08,61.2,Normal
37:29.8,Подгорица,Tekirdağ,None,0,5.1,8,1126.6,1,0.31,0,0,0.031,0.067,-0.902,2.56,17.79,12.08,61.2,Normal
37:30.8,Подгорица,Tekirdağ,None,0,7.4,8,1476.4,1,0.21,0,0,-0.007,-0.296,-0.196,2.56,17.79,12.08,61.2,Normal
37:31.8,Подгорица,Tekirdağ,None,0,7.2,8,908.7,3,0.19,0,0,0.034,0.378,0.331,2.56,17.79,12.08,61.2,Normal
37:32.9,Подгорица,Tekirdağ,None,0,8.5,90,1100.8,3,0.32,0,0,-0.003,-0.009,-0.62,2.56,17.79,12.08,61.2,Normal
37:33.9,Подгорица,Tekirdağ,None,0,10.7,90,1370.2,3,0.19,0,1,0.003,0.03,-0.442,2.56,17.79,12.08,61.2,Normal
37:34.8,Подгорица,Tekirdağ,None,0,11.8,90,1380.9,3,0.2,0,1,-0.01,0.219,-0.117,2.56,17.79,12.08,61.2,Normal
37:35.8,Подгорица,Tekirdağ,None,0,12,90,952.5,5,0.18,0,1,-0.024,0.027,-0.104,2.56,17.79,12.08,61.2,Normal
37:36.8,Подгорица,Tekirdağ,None,0,12.6,90,993,5,0,0,1,-0.048,-0.045,-0.049,2.56,17.79,12.08,61.2,Normal
37:37.8,Подгорица,Tekirdağ,None,0,12.1,90,948.2,5,0,0,1,-0.058,-0.008,0.045,2.56,17.79,12.08,61.2,Normal
37:38.8,Подгорица,Tekirdağ,None,0,11.7,90,912.8,5,0,0,1,-0.079,0.002,0.128,2.56,17.79,12.08,61.2,Normal
37:39.8,Подгорица,Tekirdağ,None,0,11.3,90,887.4,5,0,0,1,-0.069,0.001,0.016,2.56,17.79,12.08,61.2,Normal
37:40.8,Подгорица,Tekirdağ,None,0,10.9,90,850.4,5,0,0,1,-0.03,-0.01,0.178,2.56,17.79,12.08,61.2,Normal
37:41.9,Подгорица,Tekirdağ,None,0,10.1,90,885.9,5,0,0,0,0.048,0.007,0.202,2.56,17.79,12.08,61.2,Normal
37:42.9,Подгорица,Tekirdağ,None,0,9.7,90,1218.5,3,0.05,0,0,0.065,-0.001,0.097,2.56,17.79,12.08,61.2,Normal
37:43.8,Подгорица,Tekirdağ,None,0,9.1,90,1134.8,3,0,0,-1,0.234,-0.003,0.216,2.56,17.79,12.08,61.2,Normal
37:44.9,Подгорица,Tekirdağ,None,0,8.2,90,1023.1,3,0.03,0,-1,0.13,0.005,0.235,2.56,17.79,12.08,61.2,Normal
37:45.8,Подгорица,Tekirdağ,None,0,8.2,90,1046.8,3,0.14,0,-1,0.03,-0.017,-0.16,2.56,17.79,12.08,61.2,Normal
37:46.8,Подгорица,Tekirdağ,None,0,8.9,90,1124,3,0.14,0,-1,0.013,0,-0.168,2.56,17.79,12.08,61.2,Normal
37:47.8,Подгорица,Tekirdağ,None,0,9.5,90,1210.6,3,0.19,0,-1,0.052,-0.002,-0.219,2.56,17.79,12.08,61.2,Normal
37:48.8,Подгорица,Tekirdağ,None,0,10.8,90,1378.7,3,0.27,0,-1,0.047,-0.018,-0.446,2.56,17.79,12.08,61.2,Normal
37:49.8,Подгорица,Tekirdağ,None,0,11.8,90,1284.8,3,0.31,0,-1,0.016,0.051,-0.042,2.56,17.79,12.08,61.2,Normal
37:50.8,Подгорица,Tekirdağ,None,0,11.9,90,945.8,5,0.31,0,-1,0.024,-0.005,-0.199,2.56,17.79,12.08,61.2,Normal
37:51.9,Подгорица,Tekirdağ,None,0,13.2,90,1055.7,5,0.31,0,-1,-0.032,0.003,-0.42,2.56,17.79,12.08,61.2,Normal
37:52.8,Подгорица,Tekirdağ,None,0,14.7,90,1176.4,5,0.42,0,1,-0.054,0.009,-0.43,2.56,17.79,12.08,61.2,Normal
37:53.8,Подгорица,Tekirdağ,None,0,17.1,90,1365.3,5,0.49,0,1,-0.078,-0.003,-0.705,2.56,17.79,12.08,61.1,Normal
37:54.9,Подгорица,Tekirdağ,None,0,18.6,90,1243.2,5,0.51,0,1,-0.119,0.05,-0.075,2.56,17.79,12.08,61.1,Normal
37:55.8,Подгорица,Tekirdağ,None,0,18.8,90,1159.8,6,0.56,0,1,-0.083,-0.023,-0.299,2.56,17.79,12.08,61.1,Normal
37:56.8,Подгорица,Tekirdağ,None,0,20.8,90,1285.6,6,0.57,0,1,-0.035,-0.003,-0.614,2.56,17.79,12.08,61.1,Normal
37:57.8,Подгорица,Tekirdağ,None,0,23.2,90,1432.2,6,0.58,0,0,0.016,-0.005,-0.671,2.56,17.79,12.08,61.1,Normal
37:58.8,Подгорица,Tekirdağ,None,0,23.8,90,1125,7,0.53,0,-1,0.054,0.039,0.065,2.56,17.79,12.08,61.1,Normal
37:59.9,Подгорица,Tekirdağ,None,0,24.5,90,1167.7,7,0.56,0,0,0.005,-0.057,-0.403,2.56,17.79,12.08,61.1,Normal
38:00.9,Подгорица,Tekirdağ,None,0,26.1,90,1246.9,7,0.57,0,0,0.003,0,-0.469,2.56,17.79,12.08,61.1,Normal
38:01.9,Подгорица,Tekirdağ,None,0,27.8,90,1328.1,7,0.57,0,0,-0.021,-0.004,-0.475,2.56,17.79,12.08,61.1,Normal
38:02.9,Подгорица,Tekirdağ,None,0,29.4,90,1399.7,7,0.52,0,0,0.007,0.003,-0.406,2.56,17.79,12.08,61.1,Normal
38:03.9,Подгорица,Tekirdağ,None,0,30,90,1126.5,8,0.52,0,-1,0.085,0.034,0.081,2.56,17.79,12.08,61.1,Normal
38:04.8,Подгорица,Tekirdağ,None,0,29.9,90,1103.5,8,0.53,0,0,-0.136,-0.041,-0.155,2.56,17.79,12.08,61.1,Normal
38:05.9,Подгорица,Tekirdağ,None,0,30.9,90,1138.7,8,0.54,0,-1,0.025,-0.009,-0.281,2.56,17.79,12.08,61.1,Normal
38:06.9,Подгорица,Tekirdağ,None,0,32,90,1182.4,8,0.66,0,0,-0.005,-0.011,-0.361,2.56,17.79,12.08,61.1,Normal
38:07.9,Подгорица,Tekirdağ,None,0,33.3,90,1228.5,8,0.63,0,-1,0.082,0.007,-0.349,2.56,17.79,12.08,61.1,Normal
38:08.9,Подгорица,Tekirdağ,None,0,34.5,90,1273.3,8,0.56,0,0,-0.016,0.007,-0.32,2.56,17.79,12.08,61.1,Normal
38:09.9,Подгорица,Tekirdağ,None,0,35.5,90,1310.2,8,0.56,0,0,-0.013,0.001,-0.27,2.56,17.79,12.08,61.1,Normal
38:10.9,Подгорица,Tekirdağ,None,0,36.5,90,1346.1,8,0.58,0,-1,0.006,-0.007,-0.27,2.56,17.79,12.08,61.1,Normal
38:11.9,Подгорица,Tekirdağ,None,0,37.5,90,1381.3,8,0.59,0,0,-0.011,-0.024,-0.265,2.56,17.79,12.08,61.1,Normal
38:12.9,Подгорица,Tekirdağ,None,0,38.4,90,1416.5,8,0.58,0,0,-0.01,0.04,-0.269,2.56,17.79,12.08,61.1,Normal
38:13.9,Подгорица,Tekirdağ,None,0,39.3,90,1448.3,8,0.57,0,0,-0.008,-0.016,-0.238,2.56,17.79,12.08,61.1,Normal
38:14.9,Подгорица,Tekirdağ,None,0,40.1,90,1478.4,8,0.57,0,-1,0.123,0.02,-0.223,2.56,17.79,12.08,61.1,Normal
38:15.9,Подгорица,Tekirdağ,None,0,40.9,90,1508.3,8,0.61,0,0,-0.042,-0.003,-0.223,2.56,17.79,12.08,61.1,Normal
38:16.9,Подгорица,Tekirdağ,None,0,41.8,90,1538.4,8,0.6,0,0,-0.024,-0.001,-0.229,2.56,17.79,12.08,61.1,Normal
38:17.9,Подгорица,Tekirdağ,None,0,42.5,90,1565.6,8,0.59,0,-1,0.061,0.013,-0.204,2.56,17.79,12.08,61.1,Normal
38:18.9,Подгорица,Tekirdağ,None,0,43.2,90,1591.8,8,0.6,0,-1,-0.001,-0.012,-0.193,2.56,17.79,12.08,61.1,Normal
38:19.9,Подгорица,Tekirdağ,None,0,43.9,90,1614.8,8,0.6,0,-1,-0.02,0.019,-0.18,2.56,17.79,12.08,61.1,Normal
38:20.9,Подгорица,Tekirdağ,None,0,44.5,90,1636.8,8,0.6,0,-1,-0.019,-0.024,-0.167,2.56,17.79,12.08,61.1,Normal
38:21.9,Подгорица,Tekirdağ,None,0,45.1,90,1658.8,8,0.65,0,-1,-0.01,0.026,-0.176,2.56,17.79,12.08,61.1,Normal
38:22.9,Подгорица,Tekirdağ,None,0,45.2,90,1412.8,8,0.99,0,-1,-0.007,0.065,0.145,2.56,17.79,12.08,61.1,Normal
38:23.9,Подгорица,Tekirdağ,None,0,44.7,90,1284.3,9,0.66,0,-1,0.022,-0.092,-0.016,2.56,17.79,12.08,61.1,Normal
38:24.9,Подгорица,Tekirdağ,None,0,45.3,90,1304.6,9,1,0,0,-0.021,-0.009,-0.25,2.56,17.79,12.08,61,Normal
38:25.9,Подгорица,Tekirdağ,None,0,46.5,90,1337.5,9,0.97,0,-1,0.013,-0.046,-0.326,2.56,17.79,12.08,61,Normal
38:26.9,Подгорица,Tekirdağ,None,0,47.6,90,1369.1,9,1,0,-1,0.009,0.021,-0.316,2.56,17.79,12.08,61,Normal
38:27.9,Подгорица,Tekirdağ,None,0,48.7,90,1400.8,9,1,0,-1,-0.007,-0.013,-0.304,2.56,17.79,12.08,60.9,Normal
38:28.9,Подгорица,Tekirdağ,None,0,49.8,90,1432.2,9,0.92,0,-1,0.011,0.026,-0.283,2.56,17.79,12.08,60.9,Normal
38:29.9,Подгорица,Tekirdağ,None,0,50.7,90,1458.3,9,0.94,0,-1,-0.033,0.014,-0.261,2.56,17.79,12.08,60.9,Normal
38:30.9,Подгорица,Tekirdağ,None,0,51.6,90,1484.7,9,0.94,0,-1,0.012,-0.026,-0.248,2.56,17.8,12.08,60.8,Normal
38:31.9,Подгорица,Tekirdağ,None,0,52.5,90,1505.6,9,0.94,0,-1,0.027,0.075,-0.238,2.56,17.8,12.08,60.8,Normal
38:32.9,Подгорица,Tekirdağ,None,0,53.3,90,1531.1,9,0.96,0,-1,-0.005,-0.006,-0.221,2.56,17.8,12.08,60.8,Normal
38:33.9,Подгорица,Tekirdağ,None,0,54.1,90,1553.5,9,0.97,0,-1,-0.012,-0.036,-0.245,2.56,17.8,12.08,60.7,Normal
38:34.9,Подгорица,Tekirdağ,None,0,54.9,90,1576.3,9,0.97,0,-1,0.012,-0.002,-0.22,2.56,17.8,12.08,60.7,Normal
38:35.9,Подгорица,Tekirdağ,None,0,55.6,90,1597.6,9,0.98,0,-1,-0.017,0.035,-0.228,2.56,17.8,12.08,60.7,Normal
38:36.9,Подгорица,Tekirdağ,None,0,56.4,90,1619.2,9,0.95,0,-1,-0.04,0.014,-0.209,2.56,17.8,12.08,60.6,Normal
38:37.9,Подгорица,Tekirdağ,None,0,57,90,1638.6,9,0.93,0,-1,-0.013,0.053,-0.182,2.56,17.81,12.08,60.6,Normal
38:38.9,Подгорица,Tekirdağ,None,0,57.7,90,1658,9,0.93,0,-1,-0.001,0.012,-0.196,2.56,17.81,12.08,60.6,Normal
38:39.9,Подгорица,Tekirdağ,None,0,58.4,90,1661.9,9,0.92,0,-1,0.014,-0.013,-0.124,2.56,17.81,12.08,60.5,Normal
38:40.9,Подгорица,Tekirdağ,None,0,57.8,90,1283.6,10,0.92,0,0,-0.112,-0.011,0.21,2.56,17.81,12.08,60.5,Normal
38:41.9,Подгорица,Tekirdağ,None,0,58,90,1291.1,10,0.92,0,0,-0.044,-0.002,-0.163,2.56,17.81,12.08,60.5,Normal
38:42.9,Подгорица,Tekirdağ,None,0,58.7,90,1307.7,10,0.92,0,-1,0.029,0.067,-0.219,2.56,17.81,12.08,60.5,Normal
38:43.9,Подгорица,Tekirdağ,None,0,59.5,90,1325.9,10,0.91,0,-1,0.217,0.042,-0.231,2.56,17.81,12.08,60.5,Normal
38:44.9,Подгорица,Tekirdağ,None,0,60.3,90,1344.1,10,1,0,1,-0.248,0,-0.233,2.56,17.81,12.08,60.4,Normal
38:45.9,Подгорица,Tekirdağ,None,0,61.2,90,1362.5,10,0.93,0,0,0.013,0.004,-0.216,2.56,17.81,12.08,60.4,Normal
38:46.9,Подгорица,Tekirdağ,None,0,62.1,90,1382.9,10,0.95,0,0,-0.001,0.071,-0.269,2.56,17.81,12.08,60.4,Normal
38:47.9,Подгорица,Tekirdağ,None,0,62.9,90,1401.7,10,0.95,0,-1,0.102,0.014,-0.253,2.56,17.82,12.08,60.3,Normal
38:48.9,Подгорица,Tekirdağ,None,0,63.9,90,1422.6,10,0.99,0,-1,-0.001,0.07,-0.276,2.56,17.82,12.08,60.3,Normal
38:49.9,Подгорица,Tekirdağ,None,0,64.9,90,1444.6,10,1,0,0,-0.019,0.075,-0.277,2.56,17.82,12.08,60.3,Normal
38:50.9,Подгорица,Tekirdağ,None,0,65.8,90,1417.1,10,1,0,0,0,0.048,-0.152,2.56,17.82,12.08,60.2,Normal
38:51.9,Подгорица,Tekirdağ,None,0,65.6,90,1177.1,11,1,0,0,-0.058,0.035,0.08,2.56,17.82,12.08,60.2,Normal
38:52.9,Подгорица,Tekirdağ,None,0,66.1,90,1188.8,11,1,0,-1,-0.004,-0.013,-0.242,2.56,17.82,12.08,60.2,Normal
38:53.9,Подгорица,Tekirdağ,None,0,67,90,1205.5,11,1,0,-1,0.019,-0.025,-0.268,2.56,17.82,12.08,60.2,Normal
38:54.9,Подгорица,Tekirdağ,None,0,68,90,1223.1,11,1,0,0,0.01,-0.025,-0.284,2.56,17.82,12.08,60.1,Normal
38:55.9,Подгорица,Tekirdağ,None,0,69.1,90,1242.9,11,1,0,0,-0.009,0.004,-0.31,2.56,17.82,12.08,60.1,Normal
38:56.9,Подгорица,Tekirdağ,None,0,70.2,90,1263,11,1,0,-1,0.003,-0.073,-0.32,2.56,17.83,12.08,60.1,Normal
38:57.9,Подгорица,Tekirdağ,None,0,71.5,90,1285,11,0.96,0,-1,-0.003,-0.031,-0.364,2.56,17.83,12.08,60.1,Normal
38:58.9,Подгорица,Tekirdağ,None,0,72.8,90,1307.9,11,0.97,0,0,-0.033,0.039,-0.38,2.56,17.83,12.08,60,Normal
38:59.9,Подгорица,Tekirdağ,None,0,74.1,90,1332.6,11,0.95,0,0,-0.052,-0.045,-0.385,2.56,17.83,12.08,60,Normal
39:00.9,Подгорица,Tekirdağ,None,0,75.6,90,1358.5,11,0.95,0,1,-0.022,0.022,-0.419,2.56,17.83,12.08,60,Normal
39:01.9,Подгорица,Tekirdağ,None,0,77.2,90,1387.6,11,1,0,0,0.032,-0.098,-0.45,2.56,17.84,12.08,59.9,Normal
39:02.9,Подгорица,Tekirdağ,None,0,78.9,90,1418.4,11,1,0,0,0.008,-0.048,-0.502,2.56,17.84,12.08,59.9,Normal
39:03.9,Подгорица,Tekirdağ,None,0,80.7,90,1450.7,11,1,0,1,-0.006,-0.074,-0.5,2.56,17.84,12.08,59.9,Normal
39:04.9,Подгорица,Tekirdağ,None,0,81.7,90,1133.8,12,1,0,1,0.029,0.115,-0.164,2.56,17.84,12.08,59.9,Normal
39:05.9,Подгорица,Tekirdağ,None,0,82.6,90,1151.6,12,1,0,0,0.03,-0.024,-0.359,2.56,17.84,12.08,59.8,Normal
39:06.9,Подгорица,Tekirdağ,None,0,83.9,90,1169.7,12,1,0,1,0.005,0.009,-0.359,2.57,17.84,12.08,59.8,Normal
39:07.9,Подгорица,Tekirdağ,None,0,85.1,90,1185.5,12,1,0,1,-0.009,0.046,-0.3,2.57,17.84,12.08,59.8,Normal
39:08.9,Подгорица,Tekirdağ,None,0,86,90,1198.4,12,1,0,0,0.031,0.116,-0.24,2.57,17.85,12.08,59.8,Normal
39:09.9,Подгорица,Tekirdağ,None,0,86.7,90,1207.3,12,1,0,0,0.01,0.084,-0.171,2.57,17.85,12.08,59.7,Normal
39:10.9,Подгорица,Tekirdağ,None,0,87.4,90,1216.8,12,1,0,0,-0.015,-0.196,-0.179,2.57,17.85,12.08,59.7,Normal
39:11.9,Подгорица,Tekirdağ,None,0,88,90,1225.7,12,1,0,1,-0.005,0.033,-0.184,2.57,17.85,12.08,59.7,Normal
39:12.9,Подгорица,Tekirdağ,None,0,88.6,90,1234.4,12,1,0,0,0.01,0.028,-0.175,2.57,17.85,12.08,59.6,Normal
39:13.9,Подгорица,Tekirdağ,None,0,89.3,90,1242.8,12,0.98,0,0,-0.035,0.018,-0.17,2.57,17.85,12.08,59.6,Normal
39:14.9,Подгорица,Tekirdağ,None,0,89.9,90,1248.3,12,0,0,0,0.028,-0.051,-0.18,2.57,17.85,12.08,59.6,Normal
39:15.9,Подгорица,Tekirdağ,None,0,89.8,90,1245.9,12,0,0,1,-0.095,0.083,0.085,2.57,17.86,12.08,59.6,Normal
39:16.9,Подгорица,Tekirdağ,None,0,89.6,90,1245,12,0,0,1,0.012,-0.097,-0.003,2.57,17.86,12.08,59.6,Normal
39:17.9,Подгорица,Tekirdağ,None,0,89.7,90,1246.2,12,0,0,1,0.009,0.052,-0.035,2.57,17.86,12.08,59.6,Normal
39:18.9,Подгорица,Tekirdağ,None,0,89.8,90,1247.6,12,0,0,1,-0.003,0.144,-0.032,2.57,17.86,12.08,59.5,Normal
39:19.9,Подгорица,Tekirdağ,None,0,89.9,90,1248.7,12,0,0,1,-0.027,-0.106,-0.019,2.57,17.87,12.08,59.5,Normal
39:20.9,Подгорица,Tekirdağ,None,0,89.9,90,1248.9,12,0,0,1,0.005,-0.171,0.025,2.57,17.87,12.08,59.5,Normal
39:21.9,Подгорица,Tekirdağ,None,0,89.9,90,1248.9,12,0,0,1,0.006,0.009,-0.013,2.57,17.87,12.08,59.5,Normal
39:22.9,Подгорица,Tekirdağ,None,0,89.9,90,1249.2,12,0,0,1,0.004,-0.035,-0.014,2.57,17.87,12.08,59.5,Normal
39:23.9,Подгорица,Tekirdağ,None,0,89.9,90,1249,12,0,0,1,0.002,-0.015,0,2.57,17.87,12.09,59.5,Normal
39:24.9,Подгорица,Tekirdağ,None,0,89.9,90,1248.7,12,0,0,1,-0.023,0.074,0.007,2.57,17.87,12.09,59.5,Normal
39:25.9,Подгорица,Tekirdağ,None,0,89.9,90,1248.7,12,0,0,1,0,-0.009,0.004,2.57,17.88,12.09,59.5,Normal
39:26.9,Подгорица,Tekirdağ,None,0,89.9,90,1249,12,0,0,1,0.005,-0.106,-0.011,2.57,17.88,12.09,59.4,Normal
39:27.9,Подгорица,Tekirdağ,None,0,89.9,90,1248.8,12,0,0,1,-0.039,0.025,0.004,2.57,17.88,12.09,59.4,Normal
39:28.9,Подгорица,Tekirdağ,None,0,89.9,90,1248.7,12,0,0,1,0.021,0.094,0.006,2.57,17.88,12.09,59.4,Normal
39:29.9,Подгорица,Tekirdağ,None,0,89.9,90,1249,12,0,0,1,0.002,0.077,-0.01,2.57,17.88,12.09,59.4,Normal
39:30.9,Подгорица,Tekirdağ,None,0,89.9,90,1248.8,12,0,0,0,0.035,0.152,-0.004,2.57,17.88,12.09,59.4,Normal
39:31.9,Подгорица,Tekirdağ,None,0,89.9,90,1248.5,12,0,0,0,0.015,0.067,-0.008,2.57,17.88,12.09,59.4,Normal
39:32.9,Подгорица,Tekirdağ,None,0,89.9,90,1249,12,0,0,0,0.062,-0.233,-0.03,2.57,17.89,12.09,59.4,Normal
39:33.9,Подгорица,Tekirdağ,None,0,89.9,90,1249.1,12,0,0,0,0.029,0.018,-0.026,2.57,17.89,12.09,59.4,Normal
39:34.9,Подгорица,Tekirdağ,None,0,89.9,90,1248.9,12,0,0,0,0.011,0.067,-0.009,2.57,17.89,12.09,59.3,Normal
39:35.9,Подгорица,Tekirdağ,None,0,89.9,90,1249.3,12,0,0,0,-0.032,-0.011,-0.006,2.57,17.89,12.09,59.3,Normal
39:36.9,Подгорица,Tekirdağ,None,0,89.9,90,1249,12,0,0,0,-0.02,0.062,0.001,2.57,17.9,12.09,59.3,Normal
39:37.9,Подгорица,Tekirdağ,None,0,89.9,90,1248.6,12,0,0,0,-0.015,-0.006,0.028,2.57,17.9,12.09,59.3,Normal
39:38.9,Подгорица,Tekirdağ,None,0,89.8,90,1247.4,12,0,0,1,-0.053,-0.103,0.037,2.57,17.9,12.09,59.3,Normal
39:39.9,Подгорица,Tekirdağ,None,0,89.6,90,1246.4,12,0,0,1,-0.027,-0.03,0.031,2.57,17.9,12.09,59.3,Normal
39:40.9,Подгорица,Tekirdağ,None,0,89.6,90,1246.6,12,0,0,1,-0.001,0.143,-0.012,2.57,17.9,12.09,59.2,Normal
39:41.9,Подгорица,Tekirdağ,None,0,89.6,90,1246.9,12,0,0,-1,0.055,-0.084,-0.009,2.57,17.9,12.09,59.2,Normal
39:42.9,Подгорица,Tekirdağ,None,0,89.7,90,1248.3,12,0,0,1,-0.025,-0.191,-0.022,2.57,17.91,12.09,59.2,Normal
39:43.9,Подгорица,Tekirdağ,None,0,89.8,90,1250.5,12,0,0,0,0.001,0.028,-0.038,2.57,17.91,12.09,59.2,Normal
39:44.9,Подгорица,Tekirdağ,None,0,90.1,90,1253,12,0,0,0,0.007,-0.059,-0.044,2.57,17.91,12.09,59.1,Normal
39:45.9,Подгорица,Tekirdağ,None,0,90.3,90,1254.5,12,0,0,1,-0.024,0.054,-0.07,2.57,17.91,12.09,59.1,Normal
39:46.9,Подгорица,Tekirdağ,None,0,90.4,90,1254.7,12,0,0,1,-0.007,0.034,-0.008,2.57,17.91,12.09,59.1,Normal
39:47.9,Подгорица,Tekirdağ,None,0,90.4,90,1254.6,12,0,0,0,0.009,-0.02,-0.026,2.57,17.91,12.09,59.1,Normal
39:48.9,Подгорица,Tekirdağ,None,0,90.7,90,1258.4,12,0,0,1,0.024,-0.063,-0.149,2.57,17.92,12.09,59.1,Normal
39:49.9,Подгорица,Tekirdağ,None,0,91.4,90,1268.7,12,0,0,0,0.042,-0.08,-0.249,2.57,17.92,12.09,59.1,Normal
39:50.9,Подгорица,Tekirdağ,None,0,92.6,90,1285.2,12,0,0,0,0.025,0.045,-0.336,2.57,17.92,12.09,59.1,Normal
39:51.9,Подгорица,Tekirdağ,None,0,93.6,90,1298.7,12,0,0,1,0.005,0.166,-0.208,2.57,17.92,12.09,59.1,Normal
39:52.9,Подгорица,Tekirdağ,None,0,94.2,90,1306.3,12,0,0,1,-0.05,0.156,-0.156,2.57,17.92,12.09,59.1,Normal
39:53.9,Подгорица,Tekirdağ,None,0,94.5,90,1310.1,12,0,0,0,0.021,0.086,-0.045,2.57,17.93,12.09,59.1,Normal
39:54.9,Подгорица,Tekirdağ,None,0,94.5,90,1310.3,12,0,0,1,-0.017,0.006,0.041,2.57,17.93,12.09,59.1,Normal
39:55.9,Подгорица,Tekirdağ,None,0,94,90,1303.3,12,0,0,1,-0.028,0.033,0.199,2.57,17.93,12.09,59.1,Normal
39:56.9,Подгорица,Tekirdağ,None,0,93,90,1288.1,12,0,0,-1,0.103,0.057,0.341,2.57,17.93,12.09,59.1,Normal
39:57.9,Подгорица,Tekirdağ,None,0,92,90,1276,12,0,0,1,-0.022,-0.005,0.162,2.58,17.93,12.09,59.1,Normal
39:58.9,Подгорица,Tekirdağ,None,0,91.5,90,1269.4,12,0,0,0,-0.016,0.055,0.121,2.58,17.93,12.09,59.1,Normal
39:59.9,Подгорица,Tekirdağ,None,0,91.1,90,1263.4,12,0,0,1,-0.008,0.15,0.137,2.58,17.94,12.09,59.1,Normal
40:00.9,Подгорица,Tekirdağ,None,0,90.6,90,1256.9,12,0,0,-1,0.027,0.064,0.131,2.58,17.94,12.09,59.1,Normal
40:01.9,Подгорица,Tekirdağ,None,0,90.2,90,1252.5,12,0,0,0,0.019,0.034,0.119,2.58,17.94,12.09,59.1,Normal
40:02.9,Подгорица,Tekirdağ,None,0,90.2,90,1254.4,12,0,0,0,0.014,-0.011,-0.059,2.58,17.94,12.09,59.1,Normal
40:03.9,Подгорица,Tekirdağ,None,0,90.4,90,1255.8,12,0,0,0,-0.017,0.072,-0.025,2.58,17.94,12.09,59.1,Normal
40:04.9,Подгорица,Tekirdağ,None,0,90.4,90,1255.8,12,0,0,0,-0.021,0.014,0.004,2.58,17.94,12.09,59.1,Normal
40:05.9,Подгорица,Tekirdağ,None,0,90.4,90,1255.2,12,0,0,0,0.038,-0.056,0,2.58,17.95,12.09,59,Normal
40:06.9,Подгорица,Tekirdağ,None,0,90.4,90,1254.8,12,0,0,1,-0.016,0.026,-0.022,2.58,17.95,12.09,59,Normal
40:07.9,Подгорица,Tekirdağ,None,0,90.4,90,1254.9,12,0,0,1,-0.01,-0.11,0.002,2.58,17.95,12.09,59,Normal
40:08.9,Подгорица,Tekirdağ,None,0,90.4,90,1254.8,12,0,0,0,0.013,0.027,-0.002,2.58,17.95,12.09,59,Normal
40:09.9,Подгорица,Tekirdağ,None,0,90.4,90,1254.4,12,0,0,0,0.008,-0.004,0.014,2.58,17.96,12.09,59,Normal
40:10.9,Подгорица,Tekirdağ,None,0,90.4,90,1254.1,12,0,0,0,0.009,0.037,0.012,2.58,17.96,12.09,59,Normal
40:11.9,Подгорица,Tekirdağ,None,0,90.3,90,1253.8,12,0,0,1,-0.053,0.073,0.008,2.58,17.96,12.09,59,Normal
40:12.9,Подгорица,Tekirdağ,None,0,90.3,90,1253.4,12,0,0,0,0.002,0.128,0,2.58,17.96,12.09,59,Normal
40:13.9,Подгорица,Tekirdağ,None,0,90.3,90,1253.1,12,0,0,1,-0.031,0.092,0.012,2.58,17.96,12.09,59,Normal
40:14.9,Подгорица,Tekirdağ,None,0,90.3,90,1253,12,0,0,1,-0.056,-0.173,0.007,2.58,17.96,12.09,59,Normal
40:15.9,Подгорица,Tekirdağ,None,0,90.2,90,1252.7,12,0,0,1,-0.007,-0.168,0.023,2.58,17.96,12.09,59,Normal
40:16.9,Подгорица,Tekirdağ,None,0,90.2,90,1252.8,12,0,0,0,0.012,-0.093,0.012,2.58,17.97,12.09,59,Normal
40:17.9,Подгорица,Tekirdağ,None,0,90.2,90,1252.7,12,0,0,0,0.004,-0.069,0.007,2.58,17.97,12.09,59,Normal
40:18.9,Подгорица,Tekirdağ,None,0,90.2,90,1252.8,12,0,0,0,-0.001,0.01,0.006,2.58,17.97,12.09,58.9,Normal
40:19.9,Подгорица,Tekirdağ,None,0,90.2,90,1253.6,12,0,0,0,-0.013,0.068,-0.017,2.58,17.97,12.09,58.9,Normal
40:20.9,Подгорица,Tekirdağ,None,0,90.3,90,1254.2,12,0,0,0,-0.025,0.03,-0.015,2.58,17.97,12.09,58.9,Normal
40:21.9,Подгорица,Tekirdağ,None,0,90.3,90,1254.1,12,0,0,1,-0.02,0.05,-0.001,2.58,17.97,12.09,58.9,Normal
40:22.9,Подгорица,Tekirdağ,None,0,90.3,90,1254.2,12,0,0,0,-0.047,-0.041,0.006,2.58,17.98,12.09,58.9,Normal
40:23.9,Подгорица,Tekirdağ,None,0,90.3,90,1254,12,0,0,0,-0.002,0.044,0.018,2.58,17.98,12.09,58.9,Normal
40:24.9,Подгорица,Tekirdağ,None,0,90.3,90,1254.3,12,0,0,1,0.004,0.017,0.016,2.58,17.98,12.09,58.9,Normal
40:25.9,Подгорица,Tekirdağ,None,0,90.3,90,1254.5,12,0,0,0,-0.009,0.072,-0.017,2.58,17.98,12.09,58.8,Normal
40:26.9,Подгорица,Tekirdağ,None,0,90.3,90,1254.2,12,0,0,0,-0.009,0.207,0.002,2.58,17.99,12.09,58.8,Normal
40:27.9,Подгорица,Tekirdağ,None,0,90.3,90,1254.1,12,0,0,-1,0.011,-0.004,0.003,2.58,17.99,12.09,58.8,Normal
40:28.9,Подгорица,Tekirdağ,None,0,90.3,90,1254.2,12,0,0,0,0.02,0.016,0.015,2.58,17.99,12.09,58.8,Normal
40:29.9,Подгорица,Tekirdağ,None,0,90.3,90,1254.2,12,0,0,0,-0.017,0.031,-0.012,2.58,17.99,12.09,58.8,Normal
40:30.9,Подгорица,Tekirdağ,None,0,90.3,90,1254.5,12,0,0,0,-0.001,0.109,-0.021,2.58,17.99,12.09,58.8,Normal
40:31.9,Подгорица,Tekirdağ,None,0,90.3,90,1254,12,0,0,0,0.021,0.022,0.01,2.58,17.99,12.09,58.8,Normal
40:32.9,Подгорица,Tekirdağ,None,0,90.3,90,1254.5,12,0,0,0,-0.021,-0.08,-0.021,2.58,18,12.09,58.8,Normal
40:33.9,Подгорица,Tekirdağ,None,0,90.3,90,1253.9,12,0,0,0,-0.008,0.078,0.015,2.58,18,12.09,58.8,Normal
40:34.9,Подгорица,Tekirdağ,None,0,90.3,90,1254.1,12,0,0,0,0.002,-0.102,0.005,2.58,18,12.09,58.7,Normal
40:35.9,Подгорица,Tekirdağ,None,0,90.3,90,1254.2,12,0,0,-1,0.014,-0.084,0.01,2.58,18,12.09,58.7,Normal
40:36.9,Подгорица,Tekirdağ,None,0,90.3,90,1254.2,12,0,0,0,0.002,-0.038,0.003,2.58,18,12.09,58.7,Normal
40:37.9,Подгорица,Tekirdağ,None,0,90.3,90,1254.2,12,0,0,-1,0.019,-0.018,-0.001,2.58,18.01,12.09,58.7,Normal
40:38.9,Подгорица,Tekirdağ,None,0,90.3,90,1254.2,12,0,0,0,-0.015,0.011,0.002,2.58,18.01,12.09,58.7,Normal
40:39.9,Подгорица,Tekirdağ,None,0,90.3,90,1254.2,12,0,0,-1,-0.019,0.017,0.001,2.58,18.01,12.09,58.7,Normal
40:40.9,Подгорица,Tekirdağ,None,0,90.3,90,1254.1,12,0,0,-1,0.013,-0.004,0.004,2.58,18.01,12.09,58.7,Normal
40:41.9,Подгорица,Tekirdağ,None,0,90.3,90,1254.2,12,0,0,-1,0.014,0.003,0.003,2.58,18.01,12.09,58.7,Normal
40:42.9,Подгорица,Tekirdağ,None,0,90.3,90,1254.2,12,0,0,0,-0.028,0.02,-0.011,2.58,18.01,12.09,58.6,Normal
40:43.9,Подгорица,Tekirdağ,None,0,90.3,90,1254.2,12,0,0,0,0.097,-0.048,0.005,2.58,18.02,12.09,58.6,Normal
40:44.9,Подгорица,Tekirdağ,None,0,90.3,90,1254.3,12,0,0,0,0,-0.006,-0.007,2.58,18.02,12.09,58.6,Normal
40:45.9,Подгорица,Tekirdağ,None,0,90.3,90,1254.1,12,0,0,-1,0.035,-0.005,0.01,2.59,18.02,12.09,58.6,Normal
40:46.9,Подгорица,Tekirdağ,None,0,90.3,90,1254.2,12,0,0,-1,0.016,-0.036,0.016,2.59,18.02,12.09,58.6,Normal
40:47.9,Подгорица,Tekirdağ,None,0,90.3,90,1254.3,12,0,0,-1,-0.002,0.011,0.006,2.59,18.02,12.09,58.6,Normal
40:48.9,Подгорица,Tekirdağ,None,0,90.3,90,1254.3,12,0,0,-1,0.01,-0.023,-0.02,2.59,18.02,12.09,58.6,Normal
40:49.9,Подгорица,Tekirdağ,None,0,90.3,90,1254.2,12,0,0,-1,0.043,-0.193,0.008,2.59,18.03,12.09,58.6,Normal
40:50.9,Подгорица,Tekirdağ,None,0,90.3,90,1254.1,12,0,0,-1,-0.03,-0.044,0.009,2.59,18.03,12.09,58.5,Normal
40:51.9,Подгорица,Tekirdağ,None,0,90.3,90,1254.2,12,0,0,-1,0.066,0.03,0.006,2.59,18.03,12.09,58.5,Normal
40:52.9,Подгорица,Tekirdağ,None,0,90.3,90,1254.2,12,0,0,0,-0.033,0.032,-0.002,2.59,18.03,12.09,58.5,Normal
40:53.9,Подгорица,Tekirdağ,None,0,90.3,90,1254.2,12,0,0,-1,0.014,-0.003,0,2.59,18.03,12.09,58.5,Normal
40:54.9,Подгорица,Tekirdağ,None,0,90.3,90,1254.4,12,0,0,-1,0.024,-0.04,-0.028,2.59,18.04,12.09,58.5,Normal
40:55.9,Подгорица,Tekirdağ,None,0,90.5,90,1256.6,12,0,0,-1,0.001,0.116,-0.098,2.59,18.04,12.09,58.5,Normal
40:56.9,Подгорица,Tekirdağ,None,0,90.9,90,1260.8,12,0,0,0,-0.051,-0.047,-0.11,2.59,18.04,12.09,58.5,Normal
40:57.9,Подгорица,Tekirdağ,None,0,91.3,90,1266.9,12,0,0,0,0.014,-0.054,-0.122,2.59,18.04,12.09,58.5,Normal
40:58.9,Подгорица,Tekirdağ,None,0,91.7,90,1271.8,12,0,0,-1,0.022,0.043,-0.093,2.59,18.04,12.09,58.5,Normal
40:59.9,Подгорица,Tekirdağ,None,0,91.8,90,1273.8,12,0,0,0,-0.014,-0.076,-0.021,2.59,18.04,12.09,58.5,Normal
41:00.9,Подгорица,Tekirdağ,None,0,91.8,90,1274,12,0,0,0,-0.023,0.013,-0.016,2.59,18.05,12.09,58.5,Normal
41:01.9,Подгорица,Tekirdağ,None,0,91.8,90,1273.4,12,0,0,1,0.011,-0.064,0.015,2.59,18.05,12.09,58.5,Normal
41:02.9,Подгорица,Tekirdağ,None,0,91.7,90,1272,12,0,0,-1,0.03,0.083,0.035,2.59,18.05,12.09,58.5,Normal
41:03.9,Подгорица,Tekirdağ,None,0,91.6,90,1270.2,12,0,0,0,-0.004,0.037,0.054,2.59,18.05,12.09,58.5,Normal
41:04.9,Подгорица,Tekirdağ,None,0,91.4,90,1267.7,12,0,0,1,-0.044,-0.069,0.059,2.59,18.05,12.09,58.5,Normal
41:05.9,Подгорица,Tekirdağ,None,0,91.2,90,1264.4,12,0,0,-1,0.094,-0.022,0.085,2.59,18.05,12.09,58.5,Normal
41:06.9,Подгорица,Tekirdağ,None,0,90.9,90,1261.1,12,0,0,0,-0.009,-0.254,0.069,2.59,18.06,12.09,58.5,Normal
41:07.9,Подгорица,Tekirdağ,None,0,90.7,90,1258,12,0,0,1,-0.015,0.18,0.036,2.59,18.06,12.09,58.5,Normal
41:08.9,Подгорица,Tekirdağ,None,0,90.4,90,1253.9,12,0,0,1,0.011,0.083,0.088,2.59,18.06,12.09,58.5,Normal
41:09.9,Подгорица,Tekirdağ,None,0,90.2,90,1253.2,12,0,0,0,0.04,-0.215,0.029,2.59,18.06,12.09,58.5,Normal
41:10.9,Подгорица,Tekirdağ,None,0,90.2,90,1251,12,0,0,0,0.018,0.052,0.023,2.59,18.07,12.09,58.5,Normal
41:11.9,Подгорица,Tekirdağ,None,0,89.7,90,1242.7,12,0,0,1,-0.123,0.171,0.263,2.59,18.07,12.09,58.5,Normal
41:12.9,Подгорица,Tekirdağ,None,0,88.5,90,1226.3,12,0,0,1,-0.037,-0.003,0.326,2.59,18.07,12.09,58.5,Normal
41:13.9,Подгорица,Tekirdağ,None,0,87.3,90,1209.3,12,0,0,1,0.003,-0.083,0.338,2.59,18.07,12.09,58.5,Normal
41:14.9,Подгорица,Tekirdağ,None,0,86,90,1191,12,0,0,1,-0.002,-0.051,0.365,2.59,18.07,12.09,58.5,Normal
41:15.9,Подгорица,Tekirdağ,None,0,84.6,90,1171.4,12,0,0,0,0.025,0.003,0.404,2.59,18.07,12.1,58.5,Normal
41:16.9,Подгорица,Tekirdağ,None,0,83.2,90,1153.4,12,0,0,1,-0.213,0.142,0.33,2.59,18.07,12.1,58.5,Normal
41:17.9,Подгорица,Tekirdağ,None,0,82.3,90,1140.8,12,0,0,0,0.022,0.03,0.257,2.59,18.08,12.1,58.5,Normal
41:18.9,Подгорица,Tekirdağ,None,0,81.4,90,1128,12,0,0,0,-0.001,-0.048,0.257,2.59,18.08,12.1,58.5,Normal
41:19.9,Подгорица,Tekirdağ,None,0,80.3,90,1113.6,12,0,0,0,-0.009,0.038,0.302,2.59,18.08,12.1,58.5,Normal
41:20.9,Подгорица,Tekirdağ,None,0,79.2,90,1097.6,12,0,0,1,-0.003,-0.016,0.339,2.59,18.08,12.1,58.5,Normal
41:21.9,Подгорица,Tekirdağ,None,0,77.9,90,1079.6,12,0,0,1,-0.027,0.008,0.384,2.59,18.08,12.1,58.5,Normal
41:22.9,Подгорица,Tekirdağ,None,0,76.4,90,1059.1,12,0,0,1,-0.045,0.044,0.425,2.59,18.08,12.1,58.5,Normal
41:23.9,Подгорица,Tekirdağ,None,0,74.9,90,1037.6,12,0,0,1,0.02,0.007,0.451,2.59,18.08,12.1,58.5,Normal
41:24.9,Подгорица,Tekirdağ,None,0,73.3,90,1015.9,12,0,0,1,-0.013,-0.018,0.423,2.59,18.09,12.1,58.5,Normal
41:25.9,Подгорица,Tekirdağ,None,0,71.8,90,994.3,12,0,0,0,0.031,-0.095,0.43,2.59,18.09,12.1,58.5,Normal
41:26.9,Подгорица,Tekirdağ,None,0,70.3,90,1173.5,12,0,0,1,-0.092,-0.098,0.406,2.59,18.09,12.1,58.5,Normal
41:27.9,Подгорица,Tekirdağ,None,0,67.6,90,1206.3,11,0,0.16,1,0.035,-0.088,1.064,2.59,18.09,12.1,58.5,Normal
41:28.9,Подгорица,Tekirdağ,None,0,64.2,90,1146.8,11,0,0,0,0.025,-0.047,0.877,2.59,18.09,12.1,58.5,Normal
41:29.9,Подгорица,Tekirdağ,None,0,62.4,90,1115.4,11,0,0,-1,0.21,-0.007,0.398,2.59,18.09,12.1,58.5,Normal
41:30.9,Подгорица,Tekirdağ,None,0,61.1,90,1091.7,11,0,0,-1,0.001,0.031,0.365,2.59,18.1,12.1,58.5,Normal
41:31.9,Подгорица,Tekirdağ,None,0,59.8,90,1069.6,11,0.35,0,-1,-0.01,0.005,0.359,2.59,18.1,12.1,58.5,Normal
41:32.9,Подгорица,Tekirdağ,None,0,59,70,1060.4,11,0.75,0,-1,0.028,-0.089,0.113,2.59,18.1,12.1,58.4,Normal
41:33.9,Подгорица,Tekirdağ,None,0,58.8,70,1056.5,11,0.92,0,-1,-0.004,0.018,0.063,2.59,18.1,12.1,58.4,Normal
41:34.9,Подгорица,Tekirdağ,None,0,58.3,70,1048.5,11,0.87,0,-1,-0.026,-0.005,0.143,2.59,18.1,12.1,58.4,Normal
41:35.9,Подгорица,Tekirdağ,None,0,57.7,70,1036.8,11,0.76,0,-1,-0.007,-0.069,0.197,2.59,18.1,12.1,58.4,Normal
41:36.9,Подгорица,Tekirdağ,None,0,56.7,50,1013.5,11,0,0,-1,-0.019,0.048,0.422,2.59,18.1,12.1,58.4,Speeding
41:37.9,Подгорица,Tekirdağ,None,0,54.8,50,979.8,11,0,0,0,-0.121,-0.046,0.542,2.59,18.1,12.1,58.4,Normal
41:39.0,Подгорица,Tekirdağ,None,0,53,50,1173.7,10,0,0,0,-0.053,0.009,0.468,2.59,18.1,12.1,58.4,Normal
41:39.9,Подгорица,Tekirdağ,None,0,51.9,50,1155.5,10,0,0,1,-0.172,-0.047,0.104,2.59,18.11,12.1,58.3,Normal
41:40.9,Подгорица,Tekirdağ,None,0,51.9,50,1156.6,10,0,0,1,0.082,-0.006,-0.028,2.59,18.11,12.1,58.3,Normal
41:41.9,Подгорица,Tekirdağ,None,0,52.1,50,1160.1,10,0,0,1,0.022,-0.004,-0.05,2.59,18.11,12.1,58.3,Normal
41:42.9,Подгорица,Tekirdağ,None,0,52.3,50,1165.1,10,0,0,0,0.036,-0.019,-0.073,2.59,18.11,12.1,58.3,Normal
41:43.9,Подгорица,Tekirdağ,None,0,52.6,50,1172.8,10,0,0,0,0.017,-0.029,-0.109,2.6,18.11,12.1,58.2,Normal
41:45.0,Подгорица,Tekirdağ,None,0,52.3,50,1158.1,10,0,0,-1,0.125,0.058,0.259,2.6,18.11,12.1,58.2,Normal
41:45.9,Подгорица,Tekirdağ,None,0,51.3,50,1136.5,10,0,0,-1,0.058,0.024,0.255,2.6,18.11,12.1,58.2,Normal
41:46.9,Подгорица,Tekirdağ,None,0,50.5,50,1118.4,10,0,0,-1,0.028,-0.028,0.194,2.6,18.11,12.1,58.2,Normal
41:48.0,Подгорица,Tekirdağ,None,0,49.9,50,1107.3,10,0,0,-1,0.018,0,0.096,2.6,18.11,12.1,58.2,Normal
41:48.9,Подгорица,Tekirdağ,None,0,49.7,50,1102.9,10,0,0,-1,-0.045,0.041,0.018,2.6,18.11,12.1,58.2,Normal
41:49.9,Подгорица,Tekirdağ,None,0,49.8,50,1104.8,10,0,0,-1,0.026,0.005,-0.043,2.6,18.11,12.1,58.2,Normal
41:50.9,Подгорица,Tekirdağ,None,0,50,50,1108.8,10,0,0,-1,0.025,-0.002,-0.056,2.6,18.11,12.1,58.2,Normal
41:51.9,Подгорица,Tekirdağ,None,0,50.2,50,1113.2,10,0,0,0,-0.08,-0.018,-0.053,2.6,18.12,12.1,58.2,Normal
41:52.9,Подгорица,Tekirdağ,None,0,50.5,50,1119,10,0,0,0,-0.027,0.009,-0.09,2.6,18.12,12.1,58.2,Normal
41:53.9,Подгорица,Tekirdağ,None,0,50.5,50,1119.2,10,0,0.15,0,-0.02,0.019,0.192,2.6,18.12,12.1,58.2,Normal
41:54.9,Подгорица,Tekirdağ,None,0,49,50,1083.5,10,0,0.24,-1,0.096,0.039,0.611,2.6,18.12,12.1,58.2,Normal
41:55.9,Подгорица,Tekirdağ,None,0,45.3,50,999.8,10,0,0.34,0,-0.018,-0.03,1.244,2.6,18.12,12.1,58.2,Normal
41:56.9,Подгорица,Tekirdağ,None,0,40.9,50,1019.9,10,0,0.36,-1,0.017,0.032,1.247,2.6,18.12,12.1,58.2,Normal
41:57.9,Подгорица,Tekirdağ,None,0,35.8,30,1017.5,9,0,0.2,-1,-0.008,0.037,1.64,2.6,18.12,12.1,58.2,Speeding
41:58.9,Подгорица,Tekirdağ,None,0,33.3,30,952,9,0,0,0,-0.054,-0.009,0.318,2.6,18.12,12.1,58.2,Normal
41:59.9,Подгорица,Tekirdağ,None,0,32.7,30,936.1,9,0,0,1,-0.086,-0.003,0.124,2.6,18.12,12.1,58.2,Normal
42:00.9,Подгорица,Tekirdağ,None,0,32.3,30,924.5,9,0,0,1,-0.009,-0.019,0.111,2.6,18.12,12.1,58.2,Normal
42:01.9,Подгорица,Tekirdağ,None,0,32,30,1020.3,9,0,0,0,0.002,0,0.086,2.6,18.12,12.1,58.2,Normal
42:02.9,Подгорица,Tekirdağ,None,0,31.7,30,1167,8,0,0,1,-0.123,0.023,0.01,2.6,18.12,12.1,58.2,Normal
42:03.9,Подгорица,Tekirdağ,None,0,32.1,30,1177.5,8,0,0,1,0.01,-0.027,-0.045,2.6,18.12,12.1,58.2,Normal
42:05.0,Подгорица,Tekirdağ,None,0,32,30,1175.6,8,0,0,0,0.024,0.003,0.026,2.6,18.12,12.1,58.2,Normal
42:05.9,Подгорица,Tekirdağ,None,0,32,30,1175.5,8,0,0,1,-0.095,0,-0.002,2.6,18.12,12.1,58.2,Normal
42:06.9,Подгорица,Tekirdağ,None,0,32,90,1176.2,8,0,0,1,0.008,0.007,0,2.6,18.12,12.1,58.2,Normal
42:08.0,Подгорица,Tekirdağ,None,0,32,90,1175.8,8,0,0,0,0.043,-0.012,-0.006,2.6,18.12,12.1,58.2,Normal
42:08.9,Подгорица,Tekirdağ,None,0,32,90,1176.2,8,0,0,1,0.024,0.007,0.01,2.6,18.13,12.1,58.2,Normal
42:10.0,Подгорица,Tekirdağ,None,0,32,90,1175.7,8,0,0,0,0.029,0.03,-0.002,2.6,18.13,12.1,58.2,Normal
42:10.9,Подгорица,Tekirdağ,None,0,32.3,90,1188.4,8,0.51,0,0,0.02,-0.037,-0.186,2.6,18.13,12.1,58.2,Normal
42:11.9,Подгорица,Tekirdağ,None,0,33.4,90,1234,8,0.68,0,0,0.01,0.002,-0.398,2.6,18.13,12.1,58.2,Normal
42:12.9,Подгорица,Tekirdağ,None,0,35.1,90,1295.6,8,0.71,0,-1,0.056,-0.021,-0.49,2.6,18.13,12.1,58.2,Normal
42:14.0,Подгорица,Tekirdağ,None,0,36.7,90,1347.6,8,0.13,0,0,-0.018,0.02,-0.277,2.6,18.13,12.1,58.2,Normal
42:14.9,Подгорица,Tekirdağ,None,0,36.8,90,1351.6,8,0.13,0,-1,0.019,0.007,0.014,2.6,18.13,12.1,58.2,Normal
42:15.9,Подгорица,Tekirdağ,None,0,37,90,1362.2,8,0.59,0,-1,0.004,-0.031,-0.17,2.6,18.13,12.1,58.2,Normal
42:16.9,Подгорица,Tekirdağ,None,0,38.2,90,1410.9,8,0.69,0,-1,0.008,-0.015,-0.433,2.6,18.13,12.1,58.2,Normal
42:18.0,Подгорица,Tekirdağ,None,0,38.7,90,1108.5,9,0.81,0,0,-0.03,0.021,0.039,2.6,18.13,12.1,58.2,Normal
42:19.0,Подгорица,Tekirdağ,None,0,39.1,90,1125.3,9,0.65,0,0,-0.015,-0.034,-0.258,2.6,18.13,12.1,58.2,Normal
42:19.9,Подгорица,Tekirdağ,None,0,40.3,90,1159.8,9,0.69,0,1,-0.029,0.003,-0.367,2.6,18.13,12.1,58.2,Normal
42:21.0,Подгорица,Tekirdağ,None,0,41.6,90,1197,9,0.69,0,1,-0.004,-0.002,-0.356,2.6,18.13,12.1,58.2,Normal
42:21.9,Подгорица,Tekirdağ,None,0,42.9,90,1234.2,9,0.68,0,0,0.009,0.007,-0.367,2.6,18.13,12.1,58.2,Normal
42:22.9,Подгорица,Tekirdağ,None,0,44.2,90,1271.2,9,0.72,0,-1,0.056,-0.011,-0.362,2.6,18.13,12.1,58.2,Normal
42:24.0,Подгорица,Tekirdağ,None,0,45.5,90,1309.9,9,0.72,0,0,-0.015,0.007,-0.371,2.6,18.13,12.1,58.2,Normal
42:25.0,Подгорица,Tekirdağ,None,0,46.9,90,1349,9,0.72,0,0,-0.047,-0.028,-0.379,2.6,18.13,12.1,58.2,Normal
42:25.9,Подгорица,Tekirdağ,None,0,48.3,90,1389.2,9,0.75,0,-1,0.011,0.016,-0.415,2.6,18.13,12.1,58.1,Normal
42:26.9,Подгорица,Tekirdağ,None,0,49.5,90,1232.7,9,0.74,0,-1,0.016,0.102,-0.123,2.6,18.13,12.1,58.1,Normal
42:28.0,Подгорица,Tekirdağ,None,0,49.9,90,1110.5,10,0.8,0,1,-0.084,-0.059,-0.218,2.6,18.13,12.1,58.1,Normal
42:29.0,Подгорица,Tekirdağ,None,0,51.2,90,1141.6,10,0.79,0,0,-0.017,-0.001,-0.445,2.6,18.13,12.1,58.1,Normal
42:30.0,Подгорица,Tekirdağ,None,0,52.9,90,1179.5,10,0.86,0,0,-0.028,-0.003,-0.498,2.6,18.13,12.1,58.1,Normal
42:31.0,Подгорица,Tekirdağ,None,0,54.7,90,1220.4,10,0.96,0,1,-0.013,-0.044,-0.516,2.6,18.13,12.1,58,Normal
42:32.0,Подгорица,Tekirdağ,None,0,56.7,90,1263.9,10,0.93,0,0,0.021,-0.023,-0.544,2.6,18.13,12.1,58,Normal
42:32.9,Подгорица,Tekirdağ,None,0,58.7,90,1307.9,10,0.83,0,-1,0.027,-0.012,-0.557,2.6,18.13,12.1,58,Normal
42:33.9,Подгорица,Tekirdağ,None,0,60.7,90,1352.6,10,0.83,0,-1,0.03,-0.036,-0.571,2.6,18.14,12.1,57.9,Normal
42:34.9,Подгорица,Tekirdağ,None,0,62.8,90,1399.4,10,0.92,0,1,-0.079,-0.052,-0.595,2.6,18.14,12.1,57.9,Normal
42:36.0,Подгорица,Tekirdağ,None,0,64.9,90,1368.8,10,0.8,0,0,-0.011,0.031,-0.442,2.6,18.14,12.1,57.9,Normal
42:37.0,Подгорица,Tekirdağ,None,0,65.9,90,1183.7,11,0.86,0,0,-0.015,0.058,-0.295,2.6,18.14,12.1,57.9,Normal
42:38.0,Подгорица,Tekirdağ,None,0,67.6,90,1216,11,0.87,0,0,-0.004,-0.045,-0.537,2.6,18.14,12.1,57.9,Normal
42:39.0,Подгорица,Tekirdağ,None,0,69.7,90,1253,11,0.84,0,0,-0.005,-0.102,-0.563,2.6,18.14,12.1,57.8,Normal
42:39.9,Подгорица,Tekirdağ,None,0,71.6,90,1287.2,11,0.82,0,0,0.022,-0.084,-0.548,2.6,18.14,12.1,57.8,Normal
42:40.9,Подгорица,Tekirdağ,None,0,73.5,90,1322.3,11,0.82,0,-1,0.118,-0.018,-0.555,2.6,18.14,12.1,57.8,Normal
42:42.0,Подгорица,Tekirdağ,None,0,75.5,90,1357.4,11,0.81,0,-1,0.01,0.102,-0.533,2.6,18.15,12.1,57.7,Normal
42:43.0,Подгорица,Tekirdağ,None,0,77.4,90,1390.2,11,0.81,0,-1,0.023,-0.053,-0.499,2.6,18.15,12.1,57.7,Normal
42:44.0,Подгорица,Tekirdağ,None,0,79.2,90,1413.9,11,0.81,0,-1,0.029,-0.08,-0.491,2.6,18.15,12.1,57.7,Normal
42:45.0,Подгорица,Tekirdağ,None,0,80.3,90,1115.8,12,0.81,0,0,-0.019,0.139,-0.263,2.6,18.15,12.1,57.7,Normal
42:46.0,Подгорица,Tekirdağ,None,0,81.7,90,1137.5,12,0.8,0,-1,0.021,0.055,-0.46,2.6,18.15,12.1,57.7,Normal
42:47.0,Подгорица,Tekirdağ,None,0,83.4,90,1162.1,12,0.76,0,-1,0.037,0.014,-0.51,2.6,18.16,12.1,57.6,Normal
42:48.0,Подгорица,Tekirdağ,None,0,85.2,90,1186.3,12,0.73,0,-1,0.019,0.06,-0.484,2.6,18.16,12.1,57.6,Normal
42:49.0,Подгорица,Tekirdağ,None,0,86.9,90,1206.9,12,0,0,-1,0.03,-0.023,-0.439,2.6,18.16,12.1,57.6,Normal
42:50.0,Подгорица,Tekirdağ,None,0,87.9,90,1221.4,12,0.7,0,-1,0.03,0.072,-0.237,2.6,18.16,12.1,57.6,Normal
42:51.0,Подгорица,Tekirdağ,None,0,89.3,90,1243.4,12,0.95,0,1,-0.123,-0.085,-0.463,2.6,18.16,12.1,57.6,Normal
42:52.0,Подгорица,Tekirdağ,None,0,91,90,1267.7,12,0.89,0,-1,0.035,0.042,-0.527,2.6,18.16,12.1,57.5,Normal
42:53.0,Подгорица,Tekirdağ,None,0,92.6,90,1285.8,12,0,0,-1,0.07,0.086,-0.348,2.6,18.16,12.1,57.5,Normal
42:54.0,Подгорица,Tekirdağ,None,0,93.5,90,1297.1,12,0,0,-1,0.128,-0.05,-0.186,2.6,18.17,12.1,57.5,Normal
42:55.0,Подгорица,Tekirdağ,None,0,93.7,90,1299.9,12,0,0,1,-0.166,0.198,0.02,2.6,18.17,12.1,57.5,Normal
42:56.0,Подгорица,Tekirdağ,None,0,93.3,90,1294,12,0,0,1,-0.032,-0.174,0.107,2.6,18.17,12.1,57.5,Normal
42:57.0,Подгорица,Tekirdağ,None,0,92.8,90,1287.4,12,0,0,0,0.019,-0.365,0.129,2.6,18.17,12.1,57.5,Normal
42:58.0,Подгорица,Tekirdağ,None,0,91.6,90,1268.9,12,0,0,-1,0.057,-0.073,0.462,2.6,18.17,12.1,57.5,Normal
42:59.0,Подгорица,Tekirdağ,None,0,87.5,90,1208.2,12,0,0.09,-1,0.111,0.152,1.831,2.6,18.17,12.1,57.5,Normal
43:00.0,Подгорица,Tekirdağ,None,0,84.4,90,1168.6,12,0,0,-1,0.049,-0.143,0.533,2.6,18.18,12.1,57.5,Normal
43:01.0,Подгорица,Tekirdağ,None,0,81.7,90,1130.8,12,0,0,-1,-0.026,-0.036,0.576,2.6,18.18,12.1,57.5,Normal
43:02.0,Подгорица,Tekirdağ,None,0,80.1,90,1114.1,12,0.77,0,0,-0.108,-0.182,0.243,2.6,18.18,12.1,57.5,Normal
43:03.0,Подгорица,Tekirdağ,None,0,80.3,90,1116.9,12,0.68,0,0,-0.06,0.013,-0.106,2.6,18.18,12.1,57.5,Normal
43:04.0,Подгорица,Tekirdağ,None,0,80.7,90,1121.8,12,0.49,0,0,-0.031,-0.058,-0.096,2.6,18.18,12.1,57.5,Normal
43:05.0,Подгорица,Tekirdağ,None,0,81,90,1126.7,12,0.64,0,1,-0.036,-0.005,-0.093,2.6,18.19,12.1,57.5,Normal
43:06.0,Подгорица,Tekirdağ,None,0,81.4,90,1131.7,12,0.59,0,0,-0.003,0.038,-0.1,2.6,18.19,12.1,57.5,Normal
43:07.0,Подгорица,Tekirdağ,None,0,81.7,90,1136.2,12,0.59,0,0,0.007,0.021,-0.1,2.6,18.19,12.1,57.4,Normal
43:08.0,Подгорица,Tekirdağ,None,0,81.7,90,1133.4,12,0,0,1,-0.178,0.007,0.069,2.6,18.19,12.1,57.4,Normal
43:09.0,Подгорица,Tekirdağ,None,0,81.3,90,1128.5,12,0.33,0,0,-0.101,-0.07,0.123,2.6,18.19,12.1,57.4,Normal
43:10.0,Подгорица,Tekirdağ,None,0,81.2,90,1127.5,12,0.18,0,1,-0.076,-0.464,0.028,2.6,18.19,12.1,57.4,Normal
43:11.0,Подгорица,Tekirdağ,None,0,81,90,1123.4,12,0,0,0,0.032,0.04,0.104,2.6,18.19,12.1,57.4,Normal
43:12.0,Подгорица,Tekirdağ,None,0,80.7,90,1102.2,12,1,0,0,0.008,-0.257,0.072,2.6,18.2,12.1,57.4,Normal
43:13.0,Подгорица,Tekirdağ,None,0,80.4,90,1440.6,11,1,0,0,-0.042,0.119,0.072,2.6,18.2,12.1,57.4,Normal
43:14.0,Подгорица,Tekirdağ,None,0,80.8,90,1449,11,1,0,1,-0.061,-0.077,-0.219,2.61,18.2,12.1,57.4,Normal
43:15.0,Подгорица,Tekirdağ,None,0,80.8,90,1121.3,12,0.8,0,1,-0.064,0.037,0.074,2.61,18.2,12.1,57.4,Normal
43:16.0,Подгорица,Tekirdağ,None,0,81,90,1127.4,12,0.84,0,-1,0.043,0.009,-0.116,2.61,18.2,12.1,57.4,Normal
43:17.0,Подгорица,Tekirdağ,None,0,81.5,90,1135.6,12,0.91,0,-1,0.028,-0.104,-0.166,2.61,18.2,12.1,57.3,Normal
43:18.0,Подгорица,Tekirdağ,None,0,82.1,85,1139,12,0,0,0,0.011,0.028,-0.076,2.61,18.2,12.1,57.3,Normal
43:19.0,Подгорица,Tekirdağ,None,0,81.9,85,1135.1,12,0,0,0,0.018,-0.022,0.109,2.61,18.21,12.1,57.3,Normal
43:20.0,Подгорица,Tekirdağ,None,0,81.4,85,1129.3,12,0,0,-1,0.076,-0.05,0.109,2.61,18.21,12.1,57.3,Normal
43:21.0,Подгорица,Tekirdağ,None,0,81,85,1123.7,12,0,0,-1,-0.083,-0.137,0.121,2.61,18.21,12.1,57.3,Normal
43:22.0,Подгорица,Tekirdağ,None,0,80.6,85,1118,12,0,0,-1,-0.008,-0.026,0.1,2.61,18.21,12.1,57.3,Normal
43:23.0,Подгорица,Tekirdağ,None,0,80.2,85,1112,12,0,0,0,-0.09,-0.054,0.127,2.61,18.22,12.1,57.3,Normal
43:24.0,Подгорица,Tekirdağ,None,0,79.8,85,1106.3,12,0,0,0,-0.026,-0.001,0.107,2.61,18.22,12.1,57.3,Normal
43:25.0,Подгорица,Tekirdağ,None,0,79.4,85,1100.8,12,0,0,1,-0.038,0.022,0.108,2.61,18.22,12.1,57.3,Normal
43:26.0,Подгорица,Tekirdağ,None,0,79,85,1095.2,12,0,0,-1,0.154,0.009,0.113,2.61,18.22,12.1,57.3,Normal
43:27.0,Подгорица,Tekirdağ,None,0,78.6,85,1089.5,12,0,0,1,-0.093,-0.026,0.116,2.61,18.22,12.1,57.3,Normal
43:28.0,Подгорица,Tekirdağ,None,0,78.2,85,1084.2,12,0,0,0,-0.006,0.035,0.107,2.61,18.22,12.1,57.3,Normal
43:29.0,Подгорица,Tekirdağ,None,0,77.8,85,1078.3,12,0,0.07,0,0.001,-0.016,0.115,2.61,18.22,12.1,57.3,Normal
43:30.0,Подгорица,Tekirdağ,None,0,75.9,85,1049.7,12,0,0.25,0,0.002,-0.055,0.802,2.61,18.23,12.1,57.3,Normal
43:31.0,Подгорица,Tekirdağ,None,0,72.9,85,1008.6,12,0,0.14,0,0.01,0.001,0.736,2.61,18.23,12.1,57.3,Normal
43:32.0,Подгорица,Tekirdağ,None,0,71.4,85,989.4,12,0,0,0,-0.009,-0.087,0.29,2.61,18.23,12.1,57.3,Normal
43:33.0,Подгорица,Tekirdağ,None,0,70.4,85,1262.8,11,0,0,1,-0.072,0.007,0.256,2.61,18.23,12.1,57.3,Normal
43:34.0,Подгорица,Tekirdağ,None,0,69.3,85,1235.3,11,0,0.34,1,-0.03,-0.011,0.64,2.61,18.23,12.1,57.3,Normal
43:35.0,Подгорица,Tekirdağ,None,0,64.7,85,1151.3,11,0,0.41,0,0.072,-0.078,1.529,2.61,18.23,12.1,57.3,Normal
43:36.0,Подгорица,Tekirdağ,None,0,58.7,85,1043.9,11,0,0.29,0,0.029,-0.075,1.672,2.61,18.24,12.1,57.3,Normal
43:37.0,Подгорица,Tekirdağ,None,0,53.2,50,986.1,11,0,0.29,-1,0.024,0.116,1.381,2.61,18.24,12.1,57.3,Normal
43:38.0,Подгорица,Tekirdağ,None,0,48.5,50,1068.6,10,0,0.31,1,-0.034,-0.035,1.34,2.61,18.24,12.1,57.3,Normal
43:39.0,Подгорица,Tekirdağ,None,0,43.6,50,960.5,10,0,0.23,0,0.016,-0.022,1.319,2.61,18.24,12.1,57.3,Normal
43:40.0,Подгорица,Tekirdağ,None,0,40.7,50,1161.2,9,0,0,0,0,-0.078,0.475,2.61,18.24,12.1,57.3,Normal
43:41.0,Подгорица,Tekirdağ,None,0,38.6,50,1098.7,9,0,0.22,0,0.008,0.062,0.872,2.61,18.24,12.1,57.3,Normal
43:42.0,Подгорица,Tekirdağ,None,0,36,50,1027.7,9,0,0,-1,0.035,-0.022,0.473,2.61,18.24,12.1,57.3,Normal
43:43.0,Подгорица,Tekirdağ,None,0,34.6,50,987.2,9,0,0,-1,0.12,-0.024,0.385,2.61,18.24,12.1,57.3,Normal
43:44.0,Подгорица,Tekirdağ,None,0,33.2,50,947.2,9,0,0,-1,0.126,-0.008,0.373,2.61,18.24,12.1,57.3,Normal
43:45.0,Подгорица,Tekirdağ,None,0,31.9,50,908.8,9,0,0,-1,-0.022,0.005,0.361,2.61,18.24,12.1,57.3,Normal
43:46.0,Подгорица,Tekirdağ,None,0,30.7,50,1122.9,8,0,0,-1,0.23,-0.044,0.32,2.61,18.24,12.1,57.3,Normal
43:47.0,Подгорица,Tekirdağ,None,0,25.6,50,922.9,8,0,0.43,1,-0.322,-0.014,2.1,2.61,18.24,12.1,57.3,Normal
43:48.0,Подгорица,Tekirdağ,None,0,22.2,50,1353.1,6,0,0,1,-0.474,0.012,0.399,2.61,18.24,12.1,57.3,Normal
43:49.0,Подгорица,Tekirdağ,None,0,21,50,1273.5,6,0,0,1,-0.293,-0.013,0.351,2.61,18.24,12.1,57.3,Normal
43:50.0,Подгорица,Tekirdağ,None,0,19.8,50,1199.4,6,0,0,1,-0.1,0.022,0.333,2.61,18.24,12.1,57.3,Normal
43:51.0,Подгорица,Tekirdağ,None,0,18.6,50,1127.8,6,0,0,1,0.159,0.021,0.342,2.61,18.24,12.1,57.3,Normal
43:52.0,Подгорица,Tekirdağ,None,0,17.4,50,1051.5,6,0,0,1,0.075,0.003,0.359,2.61,18.25,12.1,57.3,Normal
43:53.0,Подгорица,Tekirdağ,None,0,16.1,50,976.7,6,0,0,1,0.085,0.017,0.339,2.61,18.25,12.1,57.3,Normal
43:54.0,Подгорица,Tekirdağ,None,0,14.9,50,905.4,6,0.11,0,-1,0.137,-0.032,0.325,2.61,18.25,12.1,57.3,Normal
43:55.0,Подгорица,Tekirdağ,None,0,15.4,50,957.7,6,0.74,0,-1,0.321,-0.048,-0.537,2.61,18.25,12.1,57.3,Normal
43:56.0,Подгорица,Tekirdağ,None,0,18.3,85,1140.8,6,0.96,0,-1,0.159,-0.036,-0.903,2.61,18.25,12.1,57.3,Normal
43:57.0,Подгорица,Tekirdağ,None,0,21.9,85,1367.1,6,1,0,-1,0.026,-0.01,-1.059,2.61,18.25,12.1,57.2,Normal
43:58.0,Подгорица,Tekirdağ,None,0,25.1,85,1402.8,6,1,0,-1,-0.025,0.111,-0.373,2.61,18.25,12.1,57.2,Normal
43:59.0,Подгорица,Tekirdağ,None,0,25.3,85,935.6,8,1,0,0,-0.137,0.012,-0.12,2.61,18.25,12.1,57.2,Normal
44:00.0,Подгорица,Tekirdağ,None,0,27,85,1002.2,8,1,0,1,-0.275,-0.011,-0.588,2.61,18.25,12.1,57.2,Normal
44:01.0,Подгорица,Tekirdağ,None,0,29.2,85,1084,8,1,0,0,-0.068,-0.013,-0.629,2.61,18.25,12.1,57.2,Normal
44:02.0,Подгорица,Tekirdağ,None,0,31.5,85,1165.3,8,0.93,0,0,0.006,-0.009,-0.607,2.61,18.25,12.1,57.1,Normal
44:03.0,Подгорица,Tekirdağ,None,0,33.8,85,1250.4,8,0.99,0,0,0.003,0.02,-0.636,2.61,18.25,12.1,57.1,Normal
44:04.0,Подгорица,Tekirdağ,None,0,36,85,1332.7,8,1,0,1,-0.058,0.026,-0.638,2.61,18.25,12.1,57.1,Normal
44:05.0,Подгорица,Tekirdağ,None,0,38.3,85,1415.5,8,0.98,0,0,0.019,-0.018,-0.638,2.61,18.25,12.1,57,Normal
44:06.0,Подгорица,Tekirdağ,None,0,40.4,85,1475.8,8,1,0,1,-0.003,0.004,-0.484,2.61,18.25,12.1,57,Normal
44:07.0,Подгорица,Tekirdağ,None,0,40.7,85,1166,9,1,0,0,0.005,-0.021,0.047,2.61,18.25,12.1,57,Normal
44:08.0,Подгорица,Tekirdağ,None,0,41.8,85,1203.5,9,1,0,1,-0.037,0.007,-0.465,2.61,18.25,12.1,57,Normal
44:09.0,Подгорица,Tekirdağ,None,0,43.5,85,1252.6,9,1,0,1,-0.026,0.009,-0.483,2.61,18.25,12.1,56.9,Normal
44:10.0,Подгорица,Tekirdağ,None,0,45.1,85,1299.9,9,1,0,1,-0.001,0.012,-0.455,2.61,18.25,12.1,56.9,Normal
44:11.0,Подгорица,Tekirdağ,None,0,46.7,85,1344.9,9,1,0,-1,0.081,0.013,-0.43,2.61,18.26,12.1,56.9,Normal
44:12.0,Подгорица,Tekirdağ,None,0,48.1,85,1385.3,9,1,0,0,0.025,0.021,-0.39,2.61,18.26,12.1,56.9,Normal
44:13.0,Подгорица,Tekirdağ,None,0,49.5,85,1422.8,9,1,0,0,0.007,-0.043,-0.354,2.61,18.26,12.1,56.8,Normal
44:14.0,Подгорица,Tekirdağ,None,0,50.7,85,1458.8,9,1,0,1,-0.074,-0.055,-0.331,2.61,18.26,12.1,56.8,Normal
44:15.0,Подгорица,Tekirdağ,None,0,51.3,85,1273.8,9,1,0,0,0.228,0.064,0.103,2.61,18.26,12.1,56.8,Normal
44:16.0,Подгорица,Tekirdağ,None,0,50.7,85,1128.4,10,1,0,1,-0.088,-0.035,0.033,2.61,18.26,12.1,56.8,Normal
44:17.0,Подгорица,Tekirdağ,None,0,51.1,85,1138,10,1,0,1,-0.002,0.028,-0.146,2.61,18.26,12.1,56.7,Normal
44:18.0,Подгорица,Tekirdağ,None,0,51.5,85,1148.1,10,1,0,0,0.027,-0.03,-0.114,2.61,18.26,12.1,56.7,Normal
44:19.0,Подгорица,Tekirdağ,None,0,51.9,85,1157,10,1,0,0,0.016,-0.014,-0.104,2.61,18.27,12.1,56.7,Normal
44:20.0,Подгорица,Tekirdağ,None,0,52.2,85,1164,10,1,0,1,-0.027,-0.019,-0.077,2.61,18.27,12.1,56.6,Normal
44:21.0,Подгорица,Tekirdağ,None,0,52.5,85,1170.1,10,1,0,-1,-0.012,-0.016,-0.065,2.61,18.27,12.1,56.6,Normal
44:22.0,Подгорица,Tekirdağ,None,0,52.8,85,1175.4,10,1,0,-1,0.039,0.01,-0.071,2.61,18.27,12.1,56.6,Normal
44:23.0,Подгорица,Tekirdağ,None,0,52.9,85,1178.9,10,1,0,1,-0.002,-0.015,-0.032,2.61,18.27,12.1,56.6,Normal
44:24.0,Подгорица,Tekirdağ,None,0,53,85,1181.3,10,1,0,0,0.025,0.035,-0.026,2.61,18.27,12.1,56.5,Normal
44:25.0,Подгорица,Tekirdağ,None,0,53.1,85,1181.9,10,1,0,0,0.005,0.032,0,2.61,18.27,12.1,56.5,Normal
44:26.0,Подгорица,Tekirdağ,None,0,53.1,85,1181.7,10,1,0,0,0.013,-0.016,0.009,2.61,18.27,12.11,56.5,Normal
44:27.0,Подгорица,Tekirdağ,None,0,53,85,1180.7,10,1,0,0,-0.009,-0.05,0.026,2.61,18.27,12.11,56.4,Normal
44:28.0,Подгорица,Tekirdağ,None,0,52.9,85,1178,10,1,0,0,0,0.009,0.044,2.61,18.27,12.11,56.4,Normal
44:29.0,Подгорица,Tekirdağ,None,0,52.7,85,1173.1,10,1,0,0,-0.004,0.021,0.067,2.61,18.27,12.11,56.4,Normal
44:30.0,Подгорица,Tekirdağ,None,0,52.4,85,1166.9,10,1,0,0,-0.006,-0.016,0.089,2.61,18.28,12.11,56.4,Normal
44:31.0,Подгорица,Tekirdağ,None,0,52,85,1158.9,10,1,0,1,-0.033,-0.015,0.103,2.61,18.28,12.11,56.3,Normal
44:32.0,Подгорица,Tekirdağ,None,0,51.1,85,1348.2,10,1,0,0,-0.007,0.161,0.622,2.61,18.28,12.11,56.3,Normal
44:33.0,Подгорица,Tekirdağ,None,0,49.2,85,1412,9,1,0,0,-0.033,-0.091,0.285,2.61,18.28,12.11,56.3,Normal
44:34.0,Подгорица,Tekirdağ,None,0,49,85,1406.9,9,1,0,-1,0.047,-0.014,0.005,2.61,18.28,12.11,56.3,Normal
44:35.0,Подгорица,Tekirdağ,None,0,49,85,1408,9,1,0,0,-0.005,0.003,-0.01,2.61,18.28,12.11,56.2,Normal
44:36.0,Подгорица,Tekirdağ,None,0,49.1,85,1410,9,1,0,0,0.001,0.013,-0.027,2.61,18.28,12.11,56.2,Normal
44:37.0,Подгорица,Tekirdağ,None,0,49.2,85,1414,9,1,0,-1,0.058,0.013,-0.045,2.61,18.28,12.11,56.2,Normal
44:38.0,Подгорица,Tekirdağ,None,0,49.4,85,1418.9,9,1,0,0,-0.014,-0.009,-0.055,2.61,18.28,12.11,56.1,Normal
44:39.0,Подгорица,Tekirdağ,None,0,49.6,85,1425.1,9,1,0,0,0.05,-0.014,-0.063,2.61,18.28,12.11,56.1,Normal
44:40.0,Подгорица,Tekirdağ,None,0,49.9,85,1433.4,9,1,0,0,-0.015,-0.014,-0.086,2.61,18.28,12.11,56.1,Normal
44:41.0,Подгорица,Tekirdağ,None,0,50.2,85,1442.6,9,1,0,0,0.004,-0.004,-0.098,2.62,18.29,12.11,56,Normal
44:42.0,Подгорица,Tekirdağ,None,0,50.6,85,1453.9,9,1,0,-1,0.033,-0.012,-0.118,2.62,18.29,12.11,56,Normal
44:43.0,Подгорица,Tekirdağ,None,0,51,85,1467,9,1,0,-1,-0.014,0.016,-0.132,2.62,18.29,12.11,56,Normal
44:44.0,Подгорица,Tekirdağ,None,0,51.5,85,1480.8,9,1,0,1,-0.052,-0.02,-0.156,2.62,18.29,12.11,55.9,Normal
44:45.0,Подгорица,Tekirdağ,None,0,52.1,85,1498.1,9,1,0,-1,0.054,-0.038,-0.172,2.62,18.29,12.11,55.9,Normal
44:46.0,Подгорица,Tekirdağ,None,0,52.8,85,1517.3,9,1,0,0,-0.033,0.011,-0.188,2.62,18.29,12.11,55.9,Normal
44:47.0,Подгорица,Tekirdağ,None,0,53.6,85,1539.3,9,1,0,-1,0.013,0.006,-0.233,2.62,18.29,12.11,55.8,Normal
44:48.0,Подгорица,Tekirdağ,None,0,54.4,85,1562.7,9,1,0,0,-0.038,-0.021,-0.254,2.62,18.3,12.11,55.8,Normal
44:49.0,Подгорица,Tekirdağ,None,0,54.5,85,1277.7,10,1,0,-1,0.039,0.084,0.152,2.62,18.3,12.11,55.8,Normal
44:50.0,Подгорица,Tekirdağ,None,0,54.2,85,1208.5,10,1,0,-1,0.059,-0.043,-0.147,2.62,18.3,12.11,55.8,Normal
44:51.0,Подгорица,Tekirdağ,None,0,55.2,85,1229.8,10,1,0,1,-0.014,0.036,-0.305,2.62,18.3,12.11,55.7,Normal
44:52.0,Подгорица,Tekirdağ,None,0,56.4,85,1257.2,10,1,0,-1,0.062,-0.105,-0.358,2.62,18.3,12.11,55.7,Normal
44:53.0,Подгорица,Tekirdağ,None,0,57.7,85,1286.6,10,1,0,0,-0.016,-0.029,-0.375,2.62,18.3,12.11,55.7,Normal
44:54.0,Подгорица,Tekirdağ,None,0,59.1,85,1318.6,10,1,0,-1,0.029,-0.032,-0.405,2.62,18.3,12.11,55.6,Normal
44:55.0,Подгорица,Tekirdağ,None,0,60.6,85,1350.7,10,1,0,0,-0.031,-0.022,-0.394,2.62,18.3,12.11,55.6,Normal
44:56.0,Подгорица,Tekirdağ,None,0,62,85,1381.9,10,1,0,0,-0.011,0.039,-0.391,2.62,18.3,12.11,55.6,Normal
44:57.0,Подгорица,Tekirdağ,None,0,63.3,85,1411.1,10,1,0,0,-0.003,-0.031,-0.376,2.62,18.3,12.11,55.6,Normal
44:58.0,Подгорица,Tekirdağ,None,0,64.6,85,1438.7,10,1,0,0,-0.002,0.016,-0.328,2.62,18.31,12.11,55.5,Normal
44:59.0,Подгорица,Tekirdağ,None,0,65.6,85,1461.8,10,1,0,0,0.004,0.009,-0.272,2.62,18.31,12.11,55.5,Normal
45:00.0,Подгорица,Tekirdağ,None,0,65.5,85,1172.6,11,1,0,0,-0.018,0.021,0.165,2.62,18.31,12.11,55.5,Normal
45:01.0,Подгорица,Tekirdağ,None,0,65.4,85,1175.1,11,1,0,-1,0.068,-0.042,-0.074,2.62,18.31,12.11,55.5,Normal
45:02.0,Подгорица,Tekirdağ,None,0,65.7,85,1181.5,11,1,0,0,-0.02,0.003,-0.101,2.62,18.31,12.11,55.4,Normal
45:03.0,Подгорица,Tekirdağ,None,0,66.1,85,1187.6,11,1,0,-1,0.054,0.035,-0.092,2.62,18.31,12.11,55.4,Normal
45:04.0,Подгорица,Tekirdağ,None,0,66.4,85,1193.9,11,1,0,0,-0.009,0.016,-0.103,2.62,18.31,12.11,55.4,Normal
45:05.0,Подгорица,Tekirdağ,None,0,66.8,85,1201.2,11,1,0,0,-0.054,-0.039,-0.127,2.62,18.31,12.11,55.3,Normal
45:06.0,Подгорица,Tekirdağ,None,0,67.4,85,1210.7,11,1,0,0,-0.01,0.05,-0.159,2.62,18.31,12.11,55.3,Normal
45:07.0,Подгорица,Tekirdağ,None,0,68,85,1223,11,1,0,0,0.023,-0.061,-0.214,2.62,18.32,12.11,55.3,Normal
45:08.0,Подгорица,Tekirdağ,None,0,69,85,1240.3,11,1,0,0,0.016,-0.059,-0.268,2.62,18.32,12.11,55.3,Normal
45:09.0,Подгорица,Tekirdağ,None,0,69.9,85,1257,11,1,0,0,-0.002,-0.052,-0.262,2.62,18.32,12.11,55.2,Normal
45:10.0,Подгорица,Tekirdağ,None,0,70.9,85,1274.3,11,1,0,0,0.003,-0.017,-0.269,2.62,18.32,12.11,55.2,Normal
45:11.0,Подгорица,Tekirdağ,None,0,71.8,85,1290.8,11,1,0,0,0.017,0.388,-0.117,2.62,18.32,12.11,55.2,Normal
45:12.0,Подгорица,Tekirdağ,None,0,72.7,85,1307.2,11,0.74,0,0,-0.022,-0.005,-0.27,2.62,18.33,12.11,55.1,Normal
45:13.0,Подгорица,Tekirdağ,None,0,72.9,85,1304.5,11,0,0,0,-0.023,0.069,0.078,2.62,18.33,12.11,55.1,Normal
45:14.0,Подгорица,Tekirdağ,None,0,72.5,90,1297.1,11,0,0,-1,-0.006,-0.059,0.118,2.62,18.33,12.11,55.1,Normal
45:15.0,Подгорица,Tekirdağ,None,0,72.1,90,1289.4,11,0,0,-1,0.046,-0.017,0.123,2.62,18.33,12.11,55.1,Normal
45:16.0,Подгорица,Tekirdağ,None,0,71.7,90,1283.2,11,0,0,-1,0.024,-0.08,0.02,2.62,18.33,12.11,55.1,Normal
45:17.0,Подгорица,Tekirdağ,None,0,72,90,1290.1,11,0,0,-1,0.067,-0.095,-0.219,2.62,18.33,12.11,55.1,Normal
45:18.0,Подгорица,Tekirdağ,None,0,73.3,90,1313.6,11,0,0,-1,0.06,0.117,-0.462,2.62,18.33,12.11,55.1,Normal
45:19.0,Подгорица,Tekirdağ,None,0,75.3,90,1349,11,0,0,-1,-0.041,-0.058,-0.596,2.62,18.33,12.11,55.1,Normal
45:20.0,Подгорица,Tekirdağ,None,0,77.6,90,1145.3,11,0,0,-1,0.102,-0.23,-0.693,2.62,18.33,12.11,55.1,Normal
45:21.0,Подгорица,Tekirdağ,None,0,79.9,90,1111,12,0.61,0,-1,-0.028,-0.007,-0.596,2.62,18.33,12.11,55.1,Normal
45:22.0,Подгорица,Tekirdağ,None,0,82.3,90,1146.2,12,0.5,0,-1,-0.101,0.046,-0.689,2.62,18.33,12.11,55.1,Normal
45:23.0,Подгорица,Tekirdağ,None,0,84.2,90,1169.5,12,0.23,0,0,-0.055,-0.072,-0.344,2.62,18.33,12.11,55.1,Normal
45:24.0,Подгорица,Tekirdağ,None,0,85,90,1181,12,0.31,0,0,-0.021,-0.008,-0.224,2.62,18.33,12.11,55.1,Normal
45:25.0,Подгорица,Tekirdağ,None,0,85.8,90,1192.5,12,0.29,0,1,-0.014,-0.053,-0.222,2.62,18.33,12.11,55.1,Normal
45:26.0,Подгорица,Tekirdağ,None,0,86.3,90,1197.7,12,0,0,0,0.022,-0.013,-0.102,2.62,18.33,12.11,55.1,Normal
45:27.0,Подгорица,Tekirdağ,None,0,86.7,90,1204.7,12,0.28,0,-1,0.092,0.07,-0.133,2.62,18.33,12.11,55.1,Normal
45:28.0,Подгорица,Tekirdağ,None,0,87.6,90,1217.9,12,0.36,0,-1,0.036,0.112,-0.314,2.62,18.33,12.11,55.1,Normal
45:29.0,Подгорица,Tekirdağ,None,0,88.4,90,1226.2,12,0,0,-1,0.011,-0.003,-0.178,2.62,18.33,12.11,55.1,Normal
45:30.0,Подгорица,Tekirdağ,None,0,89,90,1235,12,0,0,-1,-0.001,-0.008,-0.165,2.62,18.33,12.11,55.1,Normal
45:31.0,Подгорица,Tekirdağ,None,0,89.5,90,1241.2,12,0,0,-1,0.029,-0.028,-0.09,2.62,18.33,12.11,55.1,Normal
45:32.0,Подгорица,Tekirdağ,None,0,89.5,90,1240.9,12,0,0,0,-0.041,-0.008,0.06,2.62,18.33,12.11,55.1,Normal
45:33.0,Подгорица,Tekirdağ,None,0,89.1,90,1234.9,12,0,0,1,-0.029,0.143,0.128,2.62,18.33,12.11,55.1,Normal
45:34.0,Подгорица,Tekirdağ,None,0,88.6,90,1228.9,12,0,0,0,0.015,0.08,0.126,2.62,18.33,12.11,55.1,Normal
45:35.0,Подгорица,Tekirdağ,None,0,88.2,90,1222.9,12,0,0,0,0,-0.04,0.118,2.62,18.33,12.11,55.1,Normal
45:36.0,Подгорица,Tekirdağ,None,0,87.8,90,1217,12,0,0,0,0.006,-0.096,0.111,2.62,18.33,12.11,55.1,Normal
45:37.0,Подгорица,Tekirdağ,None,0,87.3,90,1210.2,12,0,0,1,0.01,0.019,0.12,2.62,18.33,12.11,55.1,Normal
45:38.0,Подгорица,Tekirdağ,None,0,86.8,90,1204.5,12,0,0,1,0.003,0.164,0.098,2.62,18.33,12.11,55.1,Normal
45:39.0,Подгорица,Tekirdağ,None,0,86.2,90,1194.6,12,0,0,1,-0.061,0.028,0.282,2.62,18.34,12.11,55.1,Normal
45:40.0,Подгорица,Tekirdağ,None,0,84.9,90,1176.6,12,0,0,1,0.038,0.039,0.43,2.62,18.34,12.11,55.1,Normal
45:41.0,Подгорица,Tekirdağ,None,0,83.2,90,1152.4,12,0,0,0,0.048,0.023,0.521,2.62,18.34,12.11,55.1,Normal
45:42.0,Подгорица,Tekirdağ,None,0,81.3,90,1125.9,12,0,0,1,-0.066,0.056,0.536,2.62,18.34,12.11,55.1,Normal
45:43.0,Подгорица,Tekirdağ,None,0,79.4,90,1100.1,12,0,0,0,0.052,-0.024,0.489,2.62,18.34,12.11,55.1,Normal
45:44.0,Подгорица,Tekirdağ,None,0,77.9,90,1079,12,0,0,-1,0.042,-0.012,0.406,2.62,18.34,12.11,55.1,Normal
45:45.0,Подгорица,Tekirdağ,None,0,76.6,90,1061,12,0,0,0,-0.017,0.078,0.359,2.62,18.34,12.11,55.1,Normal
45:46.0,Подгорица,Tekirdağ,None,0,75.3,90,1043.5,12,0,0,0,-0.021,-0.075,0.348,2.62,18.34,12.11,55.1,Normal
45:47.0,Подгорица,Tekirdağ,None,0,74,90,1026,12,0,0,0,0.006,0.045,0.35,2.62,18.34,12.11,55.1,Normal
45:48.0,Подгорица,Tekirdağ,None,0,72.7,90,1008.2,12,0,0,0,0.009,-0.044,0.361,2.62,18.34,12.11,55.1,Normal
45:49.0,Подгорица,Tekirdağ,None,0,71.5,90,990.7,12,0,0,0,0.024,0.072,0.361,2.62,18.34,12.11,55.1,Normal
45:50.0,Подгорица,Tekirdağ,None,0,70.2,90,1247.1,12,0,0,0,0.018,0.076,0.335,2.62,18.34,12.11,55.1,Normal
45:51.0,Подгорица,Tekirdağ,None,0,69,90,1234.5,11,0,0,-1,0.047,0.026,0.359,2.62,18.34,12.11,55.1,Normal
45:52.0,Подгорица,Tekirdağ,None,0,67.8,90,1212.1,11,0,0,0,-0.007,-0.024,0.362,2.62,18.34,12.11,55.1,Normal
45:53.0,Подгорица,Tekirdağ,None,0,66.4,90,1186.4,11,0,0,0,0.016,0.005,0.442,2.62,18.34,12.11,55.1,Normal
45:54.0,Подгорица,Tekirdağ,None,0,64.3,90,1148.8,11,0,0,1,-0.022,0.097,0.604,2.62,18.34,12.11,55.1,Normal
45:55.0,Подгорица,Tekirdağ,None,0,62.1,90,1109.3,11,0,0,1,0,-0.064,0.604,2.62,18.34,12.11,55.1,Normal
45:56.0,Подгорица,Tekirdağ,None,0,60.1,90,1073.1,11,0,0,1,-0.081,-0.023,0.546,2.62,18.34,12.11,55.1,Normal
45:57.0,Подгорица,Tekirdağ,None,0,58.2,90,1040,11,0,0,1,0.039,-0.08,0.474,2.62,18.34,12.11,55.1,Normal
45:58.0,Подгорица,Tekirdağ,None,0,56.6,90,1011.1,11,0,0,1,-0.121,0.025,0.421,2.62,18.34,12.11,55.1,Normal
45:59.0,Подгорица,Tekirdağ,None,0,55.2,90,985.8,11,0,0,1,-0.063,-0.018,0.367,2.62,18.34,12.11,55.1,Normal
46:00.0,Подгорица,Tekirdağ,None,0,53.9,90,1066.2,11,0,0,0,0.072,-0.024,0.301,2.62,18.34,12.11,55.1,Normal
46:01.0,Подгорица,Tekirdağ,None,0,53,90,1173.1,10,0,0,1,0.036,0.012,0.254,2.62,18.34,12.11,55.1,Normal
46:02.0,Подгорица,Tekirdağ,None,0,52.1,90,1153.4,10,0,0,1,-0.097,0.014,0.222,2.62,18.34,12.11,55.1,Normal
46:03.0,Подгорица,Tekirdağ,None,0,51.3,90,1135.7,10,0,0,0,0.083,-0.023,0.204,2.62,18.34,12.11,55.1,Normal
46:04.0,Подгорица,Tekirdağ,None,0,50.6,90,1121.2,10,0,0,0,0.035,0.031,0.135,2.62,18.34,12.11,55.1,Normal
46:05.0,Подгорица,Tekirdağ,None,0,50.6,90,1124.2,10,0.58,0,1,-0.028,-0.069,-0.047,2.62,18.34,12.11,55.1,Normal
46:06.0,Подгорица,Tekirdağ,None,0,51.8,90,1154.7,10,1,0,1,0.005,-0.057,-0.479,2.62,18.34,12.11,55.1,Normal
46:07.0,Подгорица,Tekirdağ,None,0,53.8,90,1200.1,10,1,0,0,0.018,-0.033,-0.571,2.62,18.34,12.11,55.1,Normal
46:08.0,Подгорица,Tekirdağ,None,0,55.8,90,1245.6,10,1,0,1,0.001,0.046,-0.58,2.62,18.34,12.11,55.1,Normal
46:09.0,Подгорица,Tekirdağ,None,0,58,90,1292.3,10,1,0,0,0.017,0.004,-0.598,2.62,18.34,12.11,55.1,Normal
46:10.0,Подгорица,Tekirdağ,None,0,60.1,90,1335.4,10,0,0,0,0.008,-0.021,-0.544,2.62,18.34,12.11,55.1,Normal
46:11.0,Подгорица,Tekirdağ,None,0,60.9,90,1351.9,10,0,0,0,-0.032,0.032,-0.153,2.62,18.34,12.11,55.1,Normal
46:12.0,Подгорица,Tekirdağ,None,0,61.4,90,1362.5,10,0,0,0,0.027,-0.168,-0.122,2.62,18.34,12.11,55.1,Normal
46:13.0,Подгорица,Tekirdağ,None,0,61.9,90,1373.9,10,0,0,0,-0.005,-0.004,-0.133,2.62,18.34,12.11,55.1,Normal
46:14.0,Подгорица,Tekirdağ,None,0,62.5,90,1138.7,10,0,0,-1,0.181,0.169,-0.153,2.62,18.34,12.11,55.1,Normal
46:15.0,Подгорица,Tekirdağ,None,0,58.7,90,1044.1,11,0,0.67,0,-0.015,0.098,1.75,2.62,18.34,12.11,55.1,Normal
46:16.0,Подгорица,Tekirdağ,None,0,53.6,50,994.8,11,0,0.25,1,-0.008,-0.083,0.846,2.62,18.34,12.11,55.1,Normal
46:17.0,Подгорица,Tekirdağ,None,0,50.5,50,1112.1,10,0,0.72,0,-0.01,0.016,1.193,2.62,18.34,12.11,55.1,Normal
46:18.0,Подгорица,Tekirdağ,None,0,42.6,50,938.1,10,0,0.8,0,0.017,0.017,2.519,2.62,18.34,12.11,55.1,Hard Braking
46:19.0,Подгорица,Tekirdağ,None,0,34.4,50,978.8,9,0,0.64,-1,0.046,-0.012,2.161,2.62,18.34,12.11,55.1,Normal
46:20.0,Подгорица,Tekirdağ,None,0,28.1,50,1021.1,9,0,0.55,-1,0.595,-0.038,1.538,2.62,18.34,12.11,55.1,Normal
46:21.0,Подгорица,Tekirdağ,None,0,23.1,50,907.3,8,0,0,-1,0.237,0.052,1.371,2.62,18.34,12.11,55.1,Normal
46:22.1,Подгорица,Tekirdağ,None,0,22.3,50,1356.1,6,0,0,-1,0.033,-0.019,-0.017,2.62,18.34,12.11,55.1,Normal
46:23.0,Подгорица,Tekirdağ,None,0,22.2,50,1354.9,6,0.22,0,-1,-0.15,0.017,0.005,2.62,18.34,12.11,55.1,Normal
46:24.0,Подгорица,Tekirdağ,None,0,22.7,50,1387,6,0.18,0,-1,-0.041,-0.001,-0.143,2.62,18.34,12.11,55.1,Normal
46:25.0,Подгорица,Tekirdağ,None,0,22.6,50,1375.7,6,0,0,-1,0.058,0.379,0.02,2.62,18.34,12.11,55.1,Normal
46:26.1,Подгорица,Tekirdağ,None,0,22.8,50,1384.7,6,0,0,-1,-0.254,0.191,0.144,2.62,18.34,12.11,55.1,Normal
46:27.0,Подгорица,Tekirdağ,None,0,21.8,50,1327.6,6,0.14,0,-1,0.023,0.018,0.239,2.62,18.34,12.11,55.1,Normal
46:28.0,Подгорица,Tekirdağ,None,0,22.7,50,1399.7,6,0.47,0,-1,-0.02,-0.049,-0.624,2.62,18.34,12.11,55.1,Normal
46:29.1,Подгорица,Tekirdağ,None,0,23.6,50,1144.9,7,0.41,0,-1,-0.079,0.026,0.104,2.62,18.34,12.11,55.1,Normal
46:30.0,Подгорица,Tekirdağ,None,0,23.4,50,1115.4,7,0.38,0,0,-0.133,-0.032,-0.13,2.62,18.34,12.11,55.1,Normal
46:31.0,Подгорица,Tekirdağ,None,0,24.2,50,1152.7,7,0.36,0,1,-0.11,-0.001,-0.24,2.62,18.34,12.11,55.1,Normal
46:32.0,Подгорица,Tekirdağ,None,0,24.9,50,1184.8,7,0.24,0,1,-0.228,0.012,-0.132,2.62,18.34,12.11,55.1,Normal
46:33.0,Подгорица,Tekirdağ,None,0,25.3,50,1201.4,7,0.17,0,1,-0.007,0.008,-0.078,2.62,18.34,12.11,55.1,Normal
46:35.0,Подгорица,Tekirdağ,None,0,25.1,50,1187.4,7,0.15,0,0,0,0.007,0.125,2.62,18.34,12.11,55.1,Normal
46:36.0,Подгорица,Tekirdağ,None,0,24.9,50,1176.8,7,0,0,0,0.004,0.057,0.095,2.62,18.34,12.11,55.1,Normal
46:37.0,Подгорица,Tekirdağ,None,0,24.4,50,1153.8,7,0,0,0,-0.011,-0.019,0.148,2.62,18.34,12.11,55.1,Normal
46:38.0,Подгорица,Tekirdağ,None,0,23.9,50,1128.9,7,0,0,0,0.014,0,0.147,2.62,18.34,12.11,55.1,Normal
46:39.0,Подгорица,Tekirdağ,None,0,23.4,50,1104.6,7,0,0,0,0.001,0.004,0.143,2.62,18.34,12.11,55.1,Normal
46:40.0,Подгорица,Tekirdağ,None,0,22.9,50,1080.3,7,0,0,0,0.009,0.012,0.143,2.62,18.34,12.11,55.1,Normal
46:41.1,Подгорица,Tekirdağ,None,0,22.3,50,1055.5,7,0,0,0,-0.001,-0.013,0.146,2.62,18.34,12.11,55.1,Normal
46:42.0,Подгорица,Tekirdağ,None,0,21.8,50,1029.4,7,0,0,0,0.023,-0.011,0.233,2.62,18.34,12.11,55.1,Normal
46:43.0,Подгорица,Tekirdağ,None,0,21.3,50,1005,7,0,0,1,-0.11,0.017,0.141,2.62,18.34,12.11,55.1,Normal
46:44.0,Подгорица,Tekirdağ,None,0,20.9,50,991.5,7,0.11,0,0,0.044,-0.013,0.019,2.62,18.34,12.11,55.1,Normal
46:45.0,Подгорица,Tekirdağ,None,0,21.1,50,999,7,0.12,0,0,0.03,0.012,-0.058,2.62,18.34,12.11,55.1,Normal
46:46.0,Подгорица,Tekirdağ,None,0,21.2,50,1004.1,7,0,0,0,0.022,-0.005,-0.028,2.62,18.34,12.11,55.1,Normal
46:47.0,Подгорица,Tekirdağ,None,0,20.9,50,985.8,7,0,0,0,0.014,-0.004,0.13,2.62,18.34,12.11,55.1,Normal
46:48.0,Подгорица,Tekirdağ,None,0,20.3,50,961.3,7,0,0,1,-0.214,0.01,0.144,2.62,18.34,12.11,55.1,Normal
46:49.0,Подгорица,Tekirdağ,None,0,19.8,50,933.8,7,0,0,1,-0.32,-0.01,0.163,2.62,18.34,12.11,55.1,Normal
46:50.1,Подгорица,Tekirdağ,None,0,19.2,50,909.6,7,0.52,0,1,-0.016,0.019,0.122,2.62,18.34,12.11,55.1,Normal
46:51.0,Подгорица,Tekirdağ,None,0,20.4,50,980.8,7,0.7,0,1,-0.057,-0.016,-0.55,2.62,18.34,12.11,55.1,Normal
46:52.0,Подгорица,Tekirdağ,None,0,22.8,50,1100.2,7,0.84,0,1,0.033,-0.028,-0.715,2.62,18.34,12.11,55.1,Normal
46:53.1,Подгорица,Tekirdağ,None,0,25.3,50,1218.3,7,0.8,0,1,0.149,-0.013,-0.687,2.62,18.34,12.11,55.1,Normal
46:54.0,Подгорица,Tekirdağ,None,0,27.6,50,1324.5,7,0.54,0,1,0.053,-0.018,-0.628,2.62,18.34,12.11,55.1,Normal
46:55.1,Подгорица,Tekirdağ,None,0,27.8,50,1313.2,7,0,0,-1,0.194,0.036,0.165,2.62,18.34,12.11,55.1,Normal
46:56.0,Подгорица,Tekirdağ,None,0,27.2,50,1284.4,7,0,0,-1,0.614,-0.014,0.18,2.62,18.34,12.11,55.1,Normal
46:57.0,Подгорица,Tekirdağ,None,0,26.7,50,1260.9,7,0,0,-1,0.252,0.014,0.084,2.62,18.34,12.11,55.1,Normal
46:58.0,Подгорица,Tekirdağ,None,0,26.5,50,1250.3,7,0,0,-1,0.178,0.003,0.046,2.62,18.34,12.11,55.1,Normal
46:59.1,Подгорица,Tekirdağ,None,0,26.3,50,1242.1,7,0,0,-1,-0.308,-0.012,0.054,2.62,18.34,12.11,55.1,Normal
47:00.1,Подгорица,Tekirdağ,None,0,26,50,1226.2,7,0,0,-1,-0.135,0.015,0.12,2.62,18.34,12.11,55.1,Normal
47:01.0,Подгорица,Tekirdağ,None,0,24.3,50,1134.9,7,0,0.34,-1,-0.005,-0.004,0.878,2.62,18.34,12.11,55.1,Normal
47:02.1,Подгорица,Tekirdağ,None,0,19.1,50,886.2,7,0,0.49,-1,-0.083,-0.015,1.674,2.62,18.34,12.11,55.1,Normal
47:03.1,Подгорица,Tekirdağ,None,0,12.4,50,955.6,5,0,0.56,-1,-0.121,-0.009,1.878,2.62,18.34,12.11,55.1,Normal
47:04.1,Подгорица,Tekirdağ,None,0,6.5,50,1047.8,2,0,0,-1,-0.061,-0.049,0.784,2.62,18.34,12.11,55.1,Normal
47:05.1,Подгорица,Tekirdağ,None,0,6.8,50,1162.2,2,0.54,0,-1,0.108,0.001,-0.883,2.62,18.34,12.11,55.1,Normal
47:06.0,Подгорица,Tekirdağ,None,0,9.7,0,1342.5,2,0.39,0,-1,0.002,0.15,-0.202,2.62,18.35,12.11,55.1,Normal
47:07.1,Подгорица,Tekirdağ,None,0,9.9,0,983,4,0.35,0,1,-0.106,0.006,-0.219,2.62,18.35,12.11,55.1,Normal
47:08.1,Подгорица,Tekirdağ,None,0,12,0,1189.6,4,0.41,0,1,-0.017,-0.021,-0.698,2.62,18.35,12.11,55.1,Normal
47:09.1,Подгорица,Tekirdağ,None,0,14.5,0,1434.5,4,0.39,0,0,0.009,0.012,-0.671,2.62,18.35,12.11,55.1,Normal
47:10.0,Подгорица,Tekirdağ,None,0,15.2,0,928.5,6,0,0,1,-0.013,0.015,0.028,2.62,18.35,12.11,55.1,Normal
47:11.1,Подгорица,Tekirdağ,None,0,15.4,0,946.3,6,0.27,0,1,-0.075,-0.016,-0.2,2.62,18.35,12.11,55.1,Normal
47:12.0,Подгорица,Tekirdağ,None,0,16.4,0,1007.6,6,0.32,0,1,-0.096,-0.003,-0.317,2.62,18.35,12.11,55.1,Normal
47:13.1,Подгорица,Tekirdağ,None,0,17.7,0,1090.3,6,0.35,0,1,-0.097,-0.006,-0.405,2.62,18.35,12.11,55.1,Normal
47:14.1,Подгорица,Tekirdağ,None,0,19.2,0,1180.7,6,0.39,0,1,-0.06,-0.006,-0.425,2.62,18.35,12.11,55,Normal
47:15.1,Подгорица,Tekirdağ,None,0,20.9,0,1293.2,6,0.49,0,1,-0.082,-0.003,-0.556,2.62,18.35,12.11,55,Normal
47:16.0,Подгорица,Tekirdağ,None,0,23,0,1419.3,6,0.53,0,1,-0.055,-0.001,-0.598,2.62,18.35,12.11,55,Normal
47:17.0,Подгорица,Tekirdağ,None,0,23.7,0,1121,7,0.5,0,1,0.049,0.018,0.024,2.62,18.35,12.11,55,Normal
47:18.0,Подгорица,Tekirdağ,None,0,24.1,0,1152,7,0.5,0,1,0.049,-0.042,-0.352,2.62,18.35,12.11,55,Normal
47:19.1,Подгорица,Tekirdağ,None,0,24.6,0,1162.4,7,0,0,-1,0.387,0.023,0.107,2.62,18.35,12.11,55,Normal
47:20.1,Подгорица,Tekirdağ,None,0,24,0,1133.3,7,0,0,-1,0.33,-0.002,0.177,2.62,18.35,12.11,55,Normal
47:21.1,Подгорица,Tekirdağ,None,0,23.4,0,1103.9,7,0,0,-1,-0.01,0.002,0.152,2.62,18.35,12.11,55,Normal
47:22.1,Подгорица,Tekirdağ,None,0,22.8,0,1077.8,7,0,0,-1,0.03,-0.003,0.149,2.62,18.35,12.11,55,Normal
47:23.1,Подгорица,Tekirdağ,None,0,22.3,0,1049.8,7,0,0,-1,-0.046,0.003,0.165,2.62,18.35,12.11,55,Normal
47:24.0,Подгорица,Tekirdağ,None,0,21.6,0,1020.8,7,0,0,1,-0.241,0.005,0.198,2.62,18.35,12.11,55,Normal
47:25.0,Подгорица,Tekirdağ,None,0,20.9,0,988.4,7,0,0,1,-0.257,0.001,0.194,2.62,18.35,12.11,55,Normal
47:26.1,Подгорица,Tekirdağ,None,0,20.3,0,957.4,7,0,0,1,-0.146,-0.01,0.168,2.62,18.35,12.11,55,Normal
47:27.0,Подгорица,Tekirdağ,None,0,19.5,0,916.7,7,0,0.32,0,0.238,-0.046,0.459,2.62,18.35,12.11,55,Normal
47:28.1,Подгорица,Tekirdağ,None,0,14.5,0,1129.6,7,0,0.71,0,0.023,-0.033,1.771,2.62,18.35,12.11,55,Normal
47:29.1,Подгорица,Tekirdağ,None,0,6.4,0,763.4,5,0,0.62,0,0.032,-0.009,2.359,2.62,18.35,12.11,55,Normal
47:30.1,Подгорица,Tekirdağ,None,0,0,0,550,1,0,0.22,0,0.001,0.16,-0.026,2.62,18.35,12.11,55,Normal
47:31.1,Подгорица,Tekirdağ,None,0,0,0,550,1,0,0,0,0.003,0.002,0.001,2.62,18.35,12.11,55,Normal
47:32.1,Подгорица,Tekirdağ,None,0,0,0,550,1,0,0,0,0,0,0,2.62,18.35,12.11,55,Normal
47:33.1,Подгорица,Tekirdağ,None,0,0,0,550,1,0,0,0,-0.002,0,0,2.62,18.35,12.11,55,Normal
47:34.1,Подгорица,Tekirdağ,None,0,0,0,550,-1,0,0,0,0,-0.002,0,2.62,18.35,12.11,55,Normal
47:35.1,Подгорица,Tekirdağ,None,0,0,0,823.9,-1,0.51,0,-1,0.014,-0.003,0.004,2.62,18.35,12.11,55,Normal
47:36.1,Подгорица,Tekirdağ,None,0,-0.6,0,540.9,-1,0,0,-1,-0.034,0.012,0.135,2.62,18.35,12.11,55,Normal
47:37.1,Подгорица,Tekirdağ,None,0,-1,0,542.9,-1,0,0,-1,-0.058,-0.001,0.079,2.62,18.35,12.11,55,Normal
47:38.1,Подгорица,Tekirdağ,None,0,-1.2,0,543.7,-1,0,0,-1,-0.049,-0.001,0.024,2.62,18.35,12.11,55,Normal
47:39.1,Подгорица,Tekirdağ,None,0,-1.2,0,543.7,-1,0,0,0,0.019,0,0.019,2.62,18.35,12.11,55,Normal
47:40.1,Подгорица,Tekirdağ,None,0,-1.2,0,543.7,-1,0,0,0,-0.003,0,-0.001,2.62,18.35,12.11,55,Normal
47:41.1,Подгорица,Tekirdağ,None,0,-1.3,0,544.3,-1,0,0,1,0.037,0.001,0.03,2.62,18.35,12.11,55,Normal
47:42.1,Подгорица,Tekirdağ,None,0,-1.4,0,545.2,-1,0,0,1,0.049,-0.001,0.052,2.62,18.35,12.11,55,Normal
47:43.1,Подгорица,Tekirdağ,None,0,-1.6,0,546.1,-1,0,0,1,0.046,0,0.057,2.62,18.35,12.11,55,Normal
47:44.1,Подгорица,Tekirdağ,None,0,-1.8,0,546.8,-1,0,0,1,0.067,0.003,0.037,2.62,18.35,12.11,55,Normal
47:45.1,Подгорица,Tekirdağ,None,0,-1.8,0,547.1,-1,0,0,0,0.014,-0.001,0.011,2.62,18.35,12.11,55,Normal
47:46.1,Подгорица,Tekirdağ,None,0,-1.9,0,547.4,-1,0,0,-1,-0.065,0,0.017,2.62,18.35,12.11,55,Normal
47:47.1,Подгорица,Tekirdağ,None,0,-1.9,0,547.5,-1,0,0,-1,-0.054,0.001,0.005,2.62,18.35,12.11,55,Normal
47:48.1,Подгорица,Tekirdağ,None,0,-1.9,0,547.5,-1,0,0,1,0.065,0.002,0.013,2.62,18.35,12.11,55,Normal
47:49.1,Подгорица,Tekirdağ,None,0,-1.9,0,547.7,-1,0,0,1,0.058,0.004,0.013,2.62,18.35,12.11,55,Normal
47:50.1,Подгорица,Tekirdağ,None,0,-1.9,0,547.6,-1,0,0,1,0.061,0,-0.007,2.62,18.35,12.11,55,Normal
47:51.1,Подгорица,Tekirdağ,None,0,-1.8,0,547.2,-1,0,0,1,0.059,0,-0.021,2.62,18.35,12.11,55,Normal
47:52.1,Подгорица,Tekirdağ,None,0,-1.7,0,546.5,-1,0,0,-1,-0.062,-0.002,-0.019,2.62,18.35,12.11,55,Normal
47:53.1,Подгорица,Tekirdağ,None,0,-1.8,0,787.5,-1,0.36,0,-1,0.009,-0.078,0.209,2.62,18.35,12.11,55,Normal
47:54.1,Подгорица,Tekirdağ,None,0,-2.6,0,552.3,-1,0,0,1,0.069,-0.066,-0.127,2.62,18.35,12.11,55,Normal
47:55.1,Подгорица,Tekirdağ,None,0,-2.2,0,548.5,-1,0,0,-1,-0.076,0.002,-0.064,2.62,18.35,12.11,55,Normal
47:56.1,Подгорица,Tekirdağ,None,0,-2.5,0,766,-1,0,0,-1,0.035,-0.135,0.572,2.62,18.35,12.11,55,Normal
47:57.1,Подгорица,Tekirdağ,None,0,-2.5,0,550.6,-1,0,0,1,0.066,-0.022,-0.196,2.62,18.35,12.11,55,Normal
47:58.1,Подгорица,Tekirdağ,None,0,-2.2,0,548,-1,0,0,1,0.064,0.001,0.007,2.62,18.35,12.11,55,Normal
47:59.1,Подгорица,Tekirdağ,None,0,-2.2,0,536.5,-1,0,0.11,1,0.099,0.003,0.094,2.62,18.35,12.11,55,Normal
48:00.1,Подгорица,Tekirdağ,None,0,-2.4,0,546.8,-1,0,0,1,0.068,-0.014,-0.015,2.62,18.35,12.11,55,Normal
48:01.1,Подгорица,Tekirdağ,None,0,-2.3,0,545.3,-1,0,0,1,0.069,-0.014,-0.006,2.62,18.35,12.11,55,Normal
48:02.1,Подгорица,Tekirdağ,None,0,-2.3,0,545.1,-1,0,0,1,-0.017,0.007,-0.007,2.62,18.35,12.11,55,Normal
48:03.1,Подгорица,Tekirdağ,None,0,-2.3,0,545.2,-1,0,0,1,-0.01,0.001,0.001,2.62,18.35,12.11,55,Normal
48:04.1,Подгорица,Tekirdağ,None,0,-2.4,0,547.2,-1,0,0,-1,-0.121,0.006,0.024,2.62,18.35,12.11,55,Normal
48:05.1,Подгорица,Tekirdağ,None,0,-2.4,0,548.2,-1,0,0,-1,-0.096,0.001,0.008,2.62,18.35,12.11,55,Normal
48:06.1,Подгорица,Tekirdağ,None,0,-2.4,0,548.6,-1,0,0,-1,-0.071,-0.003,-0.003,2.62,18.35,12.11,55,Normal
48:07.1,Подгорица,Tekirdağ,None,0,-2.4,0,549.2,-1,0,0,-1,-0.093,0.002,0.008,2.62,18.35,12.11,55,Normal
48:08.1,Подгорица,Tekirdağ,None,0,-2.4,0,550.8,-1,0,0,-1,-0.085,0.007,0.031,2.62,18.35,12.11,55,Normal
48:09.1,Подгорица,Tekirdağ,None,0,-2.4,0,548.2,-1,0,0,-1,-0.054,0.001,-0.005,2.62,18.35,12.11,55,Normal
48:10.1,Подгорица,Tekirdağ,None,0,-2.4,0,547.7,-1,0,0,0,-0.019,-0.009,-0.005,2.62,18.35,12.11,55,Normal
48:11.1,Подгорица,Tekirdağ,None,0,-2.4,0,548.4,-1,0,0,0,0.001,0,0.003,2.62,18.35,12.11,55,Normal
48:12.1,Подгорица,Tekirdağ,None,0,-1.7,0,550,-1,0,0.43,1,0.183,0.066,-0.853,2.62,18.35,12.11,55,Normal
48:13.1,Подгорица,Tekirdağ,None,0,0,0,550,-1,0,0,1,-0.004,-0.004,-0.002,2.62,18.35,12.11,55,Normal
48:14.1,Подгорица,Tekirdağ,None,0,0,0,550,-1,0,0,1,0.007,0.001,0.002,2.62,18.35,12.11,55,Normal
48:15.1,Подгорица,Tekirdağ,None,0,0,0,550,-1,0,0,1,0,0.001,0,2.62,18.35,12.11,55,Normal
48:16.1,Подгорица,Tekirdağ,None,0,-0.1,0,804.2,-1,0.39,0,1,0.045,-0.061,0.106,2.62,18.35,12.11,55,Normal
48:17.1,Подгорица,Tekirdağ,None,0,-1.3,0,542.9,-1,0,0,-1,0.091,-0.018,0.124,2.62,18.35,12.11,55,Normal
48:18.1,Подгорица,Tekirdağ,None,0,-1.6,0,544.8,-1,0,0,-1,-0.025,0,0.06,2.62,18.35,12.11,55,Normal
48:19.1,Подгорица,Tekirdağ,None,0,-1.8,0,546,-1,0,0,-1,-0.045,0,0.056,2.62,18.35,12.11,55,Normal
48:20.1,Подгорица,Tekirdağ,None,0,-1.9,0,547,-1,0,0,-1,-0.067,-0.001,0.033,2.62,18.35,12.11,55,Normal
48:21.1,Подгорица,Tekirdağ,None,0,-1.7,0,545.1,-1,0,0.76,1,0.049,0.09,-0.447,2.62,18.35,12.11,55,Normal
48:22.1,Подгорица,Tekirdağ,None,0,0,0,550,-1,0,0,1,0.004,0.007,0.006,2.62,18.35,12.11,55,Normal
48:23.1,Подгорица,Tekirdağ,None,0,0,0,550,-1,0,0,1,0,-0.001,0,2.62,18.35,12.11,55,Normal
48:24.1,Подгорица,Tekirdağ,None,0,-0.2,0,861.8,-1,0,0,1,0.271,-0.126,0.38,2.62,18.35,12.11,55,Normal
48:25.1,Подгорица,Tekirdağ,None,0,-2,0,545.9,-1,0,0,1,0.05,-0.034,0.128,2.62,18.35,12.11,55,Normal
48:26.1,Подгорица,Tekirdağ,None,0,-2.9,0,651,-1,0,0,1,-0.056,0.059,-0.022,2.62,18.35,12.11,55,Normal
48:27.1,Подгорица,Tekirdağ,None,0,-2.3,0,543.7,-1,0,0,1,0.026,0.027,0.026,2.62,18.35,12.11,55,Normal
48:28.1,Подгорица,Tekirdağ,None,0,-2.3,0,545.5,-1,0,0,-1,-0.009,0.002,-0.009,2.62,18.35,12.11,55,Normal
48:29.1,Подгорица,Tekirdağ,None,0,-2.4,0,547.7,-1,0,0,-1,-0.111,-0.004,0.004,2.62,18.35,12.11,55,Normal
48:30.1,Подгорица,Tekirdağ,None,0,-2.4,0,548.7,-1,0,0,-1,-0.086,0.002,0.016,2.62,18.35,12.11,55,Normal
48:31.1,Подгорица,Tekirdağ,None,0,-2.4,0,548.8,-1,0,0.08,-1,-0.084,0.001,0.004,2.62,18.35,12.11,55,Normal
48:32.1,Подгорица,Tekirdağ,None,0,-0.1,0,550,-1,0,0,0,-0.004,0.091,0.008,2.62,18.35,12.11,55,Normal
48:33.1,Подгорица,Tekirdağ,None,0,0,0,550,-1,0,0,0,0.001,0.001,0,2.62,18.35,12.11,55,Normal
48:34.1,Подгорица,Tekirdağ,None,0,0,0,550,-1,0,0,0,-0.001,0.001,0,2.62,18.35,12.11,55,Normal
48:35.1,Подгорица,Tekirdağ,None,0,0,0,550,0,0,0,-1,-0.001,0,0,2.62,18.35,12.11,55,Normal
48:36.1,Подгорица,Tekirdağ,None,0,0,0,550,0,0,0,-1,0.001,-0.001,0,2.62,18.35,12.11,55,Normal
48:37.1,Подгорица,Tekirdağ,None,0,0,0,550,0,0,0,0,0,0.001,0,2.62,18.35,12.11,55,Normal
48:38.1,Подгорица,Tekirdağ,None,0,0,0,550,0,0,0,0,0,0.001,0,2.62,18.35,12.11,55,Normal
48:39.1,Подгорица,Tekirdağ,None,0,0,0,550,0,0,0,0,-0.001,0,0,2.62,18.35,12.11,55,Normal
48:40.1,Подгорица,Tekirdağ,None,0,0,0,550,0,0,0,0,0.001,-0.001,0,2.62,18.35,12.11,55,Normal
48:41.1,Подгорица,Tekirdağ,None,0,0,0,550,0,0,0,0,0,-0.001,0,2.62,18.35,12.11,55,Normal
48:42.1,Подгорица,Tekirdağ,None,0,0,0,550,0,0,0,0,0.001,0,0,2.62,18.35,12.11,55,Normal
48:43.1,Подгорица,Tekirdağ,None,0,0,0,550,0,0,0,0,0,-0.001,0,2.62,18.35,12.11,55,Normal
48:44.1,Подгорица,Tekirdağ,None,0,0,0,550,0,0,0,0,-0.001,-0.001,-0.002,2.62,18.35,12.11,55,Normal
